uid	category	xcomet_noisy	xcomet_clean	xcomet_d	kiwi_noisy	kiwi_clean	kiwi_d	nta_noisy	nta_clean	nta_d	src_noisy	hyp_noisy	src_clean	hyp_clean	ref_en
B-HOM-001	HOM	90.75	93.43	2.68	60.87	83.76	22.89	0	0	0	酱紫也行？那我也试试	Would that work? Then I'll try it too.	这样子也行？那我也试试	That's also okay? Then I'll try it too.	this works? then let me try too
B-HOM-002	HOM	88.53	95.23	6.69	58.54	76.47	17.92	0	0	0	你怎么酱紫说话，人家会误会的	How are you talking like that, people will get confused.	你怎么这样子说话，人家会误会的	How could you talk like that, people might get confused.	why do you talk like that, people will misunderstand
B-HOM-003	HOM	96.53	98.00	1.48	81.02	84.27	3.25	0	0	0	各位童鞋注意了，期末考试要来了	Everyone, take notice, the final exam is coming.	各位同学注意了，期末考试要来了	Ladies and gentlemen, take notice, the final exam is coming.	attention classmates, final exams are coming
B-HOM-004	HOM	95.30	98.99	3.69	81.56	83.41	1.85	0	100	100	童鞋们帮我看看这道题怎么做	Kids, help me see how to solve this problem.	同学们帮我看看这道题怎么做	Classmates, help me see how to solve this problem.	classmates help me figure out this problem
B-HOM-005	HOM	97.39	97.01	-0.38	76.50	82.53	6.02	100	100	0	我真的好稀饭这个博主，太搞笑了	I really like this blogger a lot, he's so funny.	我真的好喜欢这个博主，太搞笑了	I really like this blogger, they're so funny.	I really like this creator, too funny
B-HOM-006	HOM	95.64	100.00	4.36	59.90	86.19	26.29	100	100	0	你是不是稀饭我？直说嘛	Do you like me? Just say it.	你是不是喜欢我？直说嘛	Do you like me? Just say it.	do you like me? just say it
B-HOM-007	HOM	83.66	95.89	12.23	54.88	82.67	27.79	100	100	0	今天又是杯具的一天，出门忘带钥匙	Another day of cup tragedy, forgot my keys when leaving home.	今天又是悲剧的一天，出门忘带钥匙	Today is another tragic day, I forgot my keys when leaving home.	another tragic day, forgot my keys going out
B-HOM-008	HOM	90.63	98.23	7.60	54.56	83.64	29.08	0	100	100	人生就是一个杯具接着一个杯具	Life is a series of disasters following one another.	人生就是一个悲剧接着一个悲剧	Life is a tragedy followed by another tragedy.	life is one tragedy after another
B-HOM-009	HOM	84.39	95.08	10.69	59.85	78.44	18.59	0	0	0	游戏过于神金，不确定先从哪里笑起	The game is too godly, unsure where to start laughing.	游戏过于神经，不确定先从哪里笑起	The game is too absurd, unsure where to start laughing.	this game is so unhinged, not sure where to start laughing
B-HOM-010	HOM	80.32	85.93	5.61	74.25	66.52	-7.73	0	100	100	都说我做饭神金，今天就做神金给你们吃	They say I'm a cooking genius, so today I'll serve you a divine dish.	都说我做饭神经，今天就做神经给你们吃	They say I cook with a crazy mind, so today I'll serve you a crazy dish.	y'all say I'm crazy in the kitchen, so today I'm cooking crazy for you
B-HOM-011	HOM	85.05	95.85	10.80	61.23	81.53	20.30	0	0	0	世界上最神金的行为	The most god-like behavior in the world.	世界上最神经的行为	The most neurotic behavior.	the most unhinged behavior in the world
B-HOM-012	HOM	76.45	80.60	4.16	51.89	60.71	8.82	0	0	0	被这离谱的主播笑拥了	Mocked by this absurd streamer.	被这离谱的主播笑晕了	I was so laughed out of my mind by this absurd streamer.	I'm dead from this absurd streamer
B-HOM-013	HOM	77.27	75.26	-2.00	62.98	68.99	6.01	0	0	0	笑拥了！带货主播推荐的迷惑水果太离谱了吧	Laughing! The confusing fruit recommended by the live streamer is really absurd!	笑晕了！带货主播推荐的迷惑水果太离谱了吧	Laughed out of my mind! The confusing fruit recommended by the live streamer is so absurd!	I’m dying laughing! Those weird fruits promoted by live stream sales hosts are ridiculous.
B-HOM-014	HOM	82.94	84.88	1.94	73.79	79.29	5.51	0	0	0	新来的00后程序员写的代码，看到这段注释真的快把我笑拥了	The code written by the new 00s programmer, seeing this comment really made me laugh out loud.	新来的00后程序员写的代码，看到这段注释真的快把我笑晕了	The code written by the new 00s programmer has a comment that really made me laugh so hard I almost fainted.	the new Gen Z programmer's code, seeing this comment almost killed me laughing
B-HOM-016	NEO	74.39	76.87	2.48	62.90	61.37	-1.54	0	0	0	考试没复习直接寄，明年再来	Exam not reviewed, send directly, come back next year.	考试没复习直接完了，明年再来	Exam not reviewed, done, come back next year.	didn't study for the exam, it's over, see you next year
B-HOM-018	HOM	67.21	77.64	10.43	45.77	57.26	11.49	0	0	0	火钳流明，这帖子要火	Fire钳 lumens, this post is going to go viral.	火前留名，这帖子要火	Before it goes viral, this post will be famous.	leaving a name before this blows up, this post is about to go viral
B-HOM-019	HOM	70.78	84.88	14.10	62.14	82.64	20.50	0	0	0	雀食好笑，不骗你	Birds are funny, don't lie to me.	确实好笑，不骗你	It's really funny, I won't lie.	it's genuinely funny, no cap
B-HOM-021	HOM	95.19	96.30	1.11	82.40	84.73	2.32	0	0	0	沃草，这无人机表演太震撼了	Wow, that drone performance was really impressive.	我操，这无人机表演太震撼了	Man, that drone show was really impressive.	holy crap, this drone show is insane
B-HOM-023	HOM	82.39	84.41	2.02	75.33	56.95	-18.38	0	0	0	你想peach呢，哪有这么好的事	Why would you want a peach, what kind of good thing is that?	你想屁吃呢，哪有这么好的事	What are you thinking, there's no such good thing.	you're dreaming, how can something that good happen
B-HOM-024	HOM	92.52	95.67	3.16	75.76	82.88	7.12	100	100	0	别虾扯蛋了，老师说的都是真的吗	Don't talk nonsense, is the teacher's word true?	别瞎扯淡了，老师说的都是真的吗	Stop talking nonsense, is the teacher's word really true?	stop talking BS, is what the teacher said even true
B-HOM-025	HOM	75.85	75.40	-0.45	55.69	63.39	7.70	0	0	0	先报上自己的分数啊搞辣菜	First, report your own score, man.	先报上自己的分数啊搞拉踩	First, report your own score, man.	dropping your score first before throwing shade smh
B-HOM-026	HOM	80.07	93.46	13.39	69.79	74.77	4.98	0	0	0	蚌埠住了，腾讯这泄密处理速度也太快了吧	I stayed in Bengbu, and Tencent's handling of the leak was really fast.	绷不住了，腾讯这泄密处理速度也太快了吧	I can't take it anymore. Tencent's handling of the leak was really fast, wasn't it?	I can't hold it in anymore, Tencent's speed in handling this leak is just too fast
B-HOM-027	HOM	49.70	58.84	9.14	44.76	58.57	13.81	0	0	0	嗷利给，西班牙第一了	Ari gives, first in Spain.	奥利给，西班牙第一了	Oli, first in Spain.	Aigoo Spain took first place let's gooo
B-HOM-028	HOM	66.72	74.22	7.50	46.36	75.37	29.01	0	0	0	这配置针不戳，性价比拉满	This configuration is not worth the effort, but the cost-effectiveness is at its peak.	这配置真不错，性价比拉满	This configuration is really great, with full value for money.	This setup slaps, value for money off the charts
B-HOM-029	HOM	54.44	66.64	12.20	50.95	53.53	2.59	0	0	0	赛里木湖这操作针不戳啊，景区打人还能辞退就完事了？	This operation of Sairem Lake is really not worth the effort. Can they just fire the staff after beating tourists?	赛里木湖这操作真不错啊，景区打人还能辞退就完事了？	What a great operation, the scenic area can just fire people after beating them?	Sarim Lake's handling is just great, beating people at a scenic spot and just firing them is that it?
B-HOM-030	HOM	69.48	94.20	24.72	67.00	78.56	11.56	0	0	0	蚌埠住了，这也太好笑了吧	I stayed in Bengbu, isn't that too funny?	绷不住了，这也太好笑了吧	I can't take it anymore. This is too funny.	bruh I can't hold it in this is too funny lmao
B-HOM-031	HOM	93.57	80.76	-12.81	75.42	72.95	-2.47	100	0	-100	卧槽317万年终奖就这么没了？	Holy shit, did I just lose 3.17 million in year-end bonus?	我操317万年终奖就这么没了？	I lost 3.17 million in year-end bonus?	Wtf, 3.17 million year-end bonus just gone like that?
B-HOM-032	HOM	82.61	94.88	12.27	53.57	82.28	28.72	0	100	100	你就耗子尾汁吧，别折腾了	Just give up and don't bother anymore.	你就好自为之吧，别折腾了	You'd better take care of yourself, stop messing around.	watch yourself bro stop messing around
B-HOM-033	HOM	74.99	84.15	9.16	54.11	62.01	7.90	0	0	0	王虹这波属实深藏blue了，拿完奖还这么低调	Wang Hong really pulled off a deep blue move, winning the award yet remaining so humble.	王虹这波属实深藏不露了，拿完奖还这么低调	Wang Hong really showed her deep hidden talent, winning the award yet remaining so humble.	Wang Hong has truly been hiding her talents, so low-key after winning the award
B-HOM-034	HOM	56.10	95.39	39.29	60.79	74.52	13.73	0	0	0	蚌埠住了这也太搞笑了	It's really funny that we stayed in Bengbu.	绷不住了这也太搞笑了	I can't take it anymore. This is really funny.	can't hold it in anymore this is way too funny fr
B-HOM-035	HOM	77.54	85.55	8.01	50.84	80.94	30.09	0	100	100	看到50亿离婚案的消息我直接蓝瘦香菇	Seeing the news of the 5 billion divorce case, I directly turned blue and felt sad.	看到50亿离婚案的消息我直接难受想哭	Seeing the news of the 500 million divorce case, I felt really upset and wanted to cry.	Seeing the news about the 5 billion divorce case, I'm so sad I could cry
B-HOM-036	HOM	72.63	91.88	19.25	51.60	85.97	34.37	0	0	0	针不戳，这个视频做得真好	It's not poking, this video is really well done.	真不错，这个视频做得真好	Great, this video is really well done.	not bad this video is actually fire
B-HOM-037	HOM	69.37	89.96	20.60	47.42	70.74	23.32	0	0	0	这景区管理duck不必，7个人打一个司机	The scenic area doesn't need a driver for 7 people.	这景区管理大可不必，7个人打一个司机	There's no need for such strict management in this scenic area; seven people share one driver.	This scenic area management is totally unnecessary, 7 people beating one driver
B-HOM-038	HOM	98.94	99.19	0.26	56.99	81.87	24.88	0	0	0	这个颜色灰常好看	This color is very nice.	这个颜色非常好看	This color is very nice.	this color looks really good ngl
B-HOM-039	HOM	68.20	80.48	12.28	58.78	68.98	10.20	0	0	0	腾讯这波操作属于是虾仁猪心了	Tencent's move is really a shrimp heart operation.	腾讯这波操作属于是杀人诛心了	Tencent's move is really a case of killing with a heart of vengeance.	Tencent's move this time is truly adding insult to injury
B-HOM-040	HOM	74.99	90.89	15.90	61.55	60.04	-1.51	0	0	0	有内味了，就是这个感觉	There's something to it, that's the feeling.	有那味了，就是这个感觉	There's that taste, that feeling.	got that vibe this is the feeling
B-HOM-041	HOM	62.50	80.13	17.64	69.69	72.49	2.80	0	0	0	泄密被辞退永不录用，这员工只能耗子喂汁了	Leakage leads to dismissal and permanent exclusion, this employee can only be fed juice like a rat.	泄密被辞退永不录用，这员工只能好自为之了	Leakage leads to dismissal and permanent exclusion, so this employee can only take care of themselves.	Fired for leaking and never to be rehired, this employee better watch out
B-HOM-042	HOM	96.28	95.86	-0.41	74.74	82.21	7.47	0	0	0	这部剧的女主造型好康	The female lead's look is really cute.	这部剧的女主造型好看	The female lead's costume is nice.	the female lead's look in this drama is gorgeous
B-HOM-043	HOM	40.51	58.62	18.11	33.88	40.48	6.60	0	0	0	耗子尾汁，好自为之吧	Eat your heart out, you little rat.	好自为之，好自为之吧	Take care, take care.	Learn your lesson and shape up.
B-HOM-044	HOM	69.22	89.56	20.35	50.39	81.87	31.47	0	0	0	这个操作太虾仁了	This operation is too shrimp-like.	这个操作太吓人了	This operation is too scary.	this play is straight up terrifying
B-HOM-045	HOM	62.06	72.32	10.25	58.68	56.25	-2.42	0	0	0	中国女排这波直接丸辣，美国队不服不行	China's women's volleyball team just went full spicy, the US team can't be upset.	中国女排这波直接完啦，美国队不服不行	China's women's volleyball team just lost it, USA can't be upset.	China's women's volleyball team is done for this time, the US team has to admit defeat
B-HOM-046	HOM	67.71	99.25	31.54	60.52	79.88	19.36	0	100	100	鸭力好大，快要顶不住了	The duck's strength is huge, and it's about to collapse.	压力好大，快要顶不住了	The pressure is too big, I'm about to give up.	the pressure is so high can't hold on anymore
B-HOM-047	HOM	74.90	100.00	25.10	36.98	87.95	50.97	0	100	100	窝五碎！！！	Wu5碎！！！	我五岁！！！	I am five years old!!!	I'm five years old!!!
B-HOM-048	HOM	83.17	77.22	-5.95	65.31	71.74	6.43	0	100	100	赛里木湖这事整得灰常离谱	The Siling Lake incident was extremely bizarre.	赛里木湖这事整得非常离谱	The Siling Lake incident was really messed up.	The Sarim Lake incident is really outrageous
B-HOM-049	HOM	91.78	91.18	-0.59	83.47	84.38	0.91	0	0	0	看完这帖子我直接笑嘻了	After reading this post, I laughed so hard I couldn't stop.	看完这帖子我直接笑死了	After reading this post, I laughed so hard I died.	after reading this post I'm dead lmao
B-HOM-050	HOM	81.06	98.45	17.40	61.75	85.88	24.13	0	100	100	看完这个视频我蕉绿了	I felt green after watching this video.	看完这个视频我焦虑了	I felt anxious after watching this video.	after watching this vid I'm straight up anxious
B-HOM-051	HOM	85.23	97.32	12.09	41.83	81.63	39.80	0	100	100	看完女排比赛我直接鸭梨山大	After watching the women's volleyball match, I was really overwhelmed.	看完女排比赛我直接压力山大	After watching the women's volleyball match, I felt immense pressure.	After watching the women's volleyball match, I'm under enormous pressure
B-HOM-052	HOM	58.59	68.12	9.53	68.84	76.56	7.72	0	0	0	笑鼠了！一会抛梗一会接梗	Laughing mouse! Switching between throwing jokes and catching jokes.	笑死了！一会抛梗一会接梗	Laughed to death! Switching between throwing jokes and responding to jokes.	dying of laughter! one sec they set up the joke next sec they're playing along
B-HOM-053	HOM	75.70	90.30	14.60	53.12	67.22	14.10	100	0	-100	测评娃哈哈高透史莱姆好好康	Evaluation of Wang Xiaohao High Transparency Slime Good Good.	测评娃哈哈高透史莱姆好好看	Evaluating the transparent slime from Wahaha is really interesting.	reviewing Wahaha's crystal clear slime it looks so good
B-HOM-054	HOM	90.60	92.54	1.94	58.59	83.21	24.62	0	0	0	窝巢，这也太厉害了吧	Nest, that's too impressive!	我操，这也太厉害了吧	Man, that's really impressive.	wtf this is too insane bruh
B-HOM-055	HOM	84.60	96.80	12.20	71.36	80.12	8.76	0	0	0	笑的想鼠	Laughing like a mouse.	笑的想死	Laughing to death.	laughing till I die
B-HOM-056	HOM	59.36	81.72	22.36	64.89	71.65	6.76	0	0	0	这里是孙吧忏悔室，一人忏悔一件你觉得最厨神的事	This is Sun's Confession Room, where each person confesses one thing they think is the most chef's thing.	这里是孙吧忏悔室，一人忏悔一件你觉得最畜生的事	This is Sun's confession room, where each person confesses one thing they think is the most beastly.	welcome to Sun Bar confessional drop your most savage moment
B-HOM-057	HOM	85.19	99.56	14.37	75.47	84.67	9.20	0	100	100	关于玉玉症表妹喜欢上我的故事	A story about my cousin with Zylla disease falling in love with me.	关于抑郁症表妹喜欢上我的故事	A story about my depressed cousin falling in love with me.	the story of how my depressed cousin fell for me
B-HOM-058	HOM	81.63	92.15	10.52	72.18	82.33	10.15	0	100	100	这是我女朋友 羡慕吗笑抽们🤣	This is my girlfriend. Are you envious? Laughter and tears.🤣	这是我女朋友 羡慕吗小丑们🤣	This is my girlfriend. Do you envy the clowns? 😂	this is my gf. jealous you clowns? 🤣
B-HOM-059	HOM	67.57	59.79	-7.78	54.08	58.58	4.49	0	0	0	麻辣烫我只认元娘娘，口味多好7	I only recognize Yuan Queen for spicy hot pot, with many flavors.	麻辣烫我只认元娘娘，口味多好吃	I only recognize Yuan Queen for spicy hot pot, how delicious the flavors are.	I only trust Yuan Niangniang for malatang it's so good
B-HOM-060	HOM	73.76	90.83	17.08	56.60	56.01	-0.59	0	0	0	可爱的小香猪变成了温暖的答辩	Cute little pig becomes warm defense.	可爱的小香猪变成了温暖的大便	Cute little piglet turned into warm poop.	a cute little guinea pig turned into warm crap
B-HOM-061	HOM	87.16	75.16	-12.01	71.76	79.62	7.86	0	0	0	我要笑亖了卧槽	I'm about to laugh my ass off.	我要笑死了卧槽	I'm so laughin' my ass off.	I'm gonna die laughing oh shit
B-HOM-062	HOM	78.37	94.79	16.42	61.49	70.52	9.03	0	0	0	时间长了搞亖你	You'll get used to it over time.	时间长了搞死你	You'll die from it over time.	I'll work you to death over time
B-HOM-063	HOM	63.22	34.73	-28.49	49.92	48.98	-0.94	0	0	0	笑亖了家人们谁懂啊	Laughed, guys, who doesn't understand?	笑死了家人们谁懂啊	Laughed my ass off, who could know?	dying of laughter fam who understands
B-HOM-064	HOM	85.47	98.24	12.78	59.92	87.12	27.20	0	0	0	她居然紫砂了	She unexpectedly got a purple sand.	她居然自杀了	She committed suicide.	she actually offed herself
B-HOM-065	HOM	38.66	53.79	15.13	70.30	72.40	2.09	0	100	100	小哥：我真妹骗人！！我真给白衣女鬼送过餐！！你不知道哟！我魂都快没了，那餐是一点都没撒！！没办法，这就是哥的实力！	Bro: I really tricked someone!! I really did deliver a meal to the white ghost woman!! You don't know! My soul is almost gone, but that meal wasn't even touched!! There's no way, this is my brother's power!	小哥：我真没骗人！！我真给白衣女鬼送过餐！！你不知道哟！我魂都快没了，那餐是一点都没撒！！没办法，这就是哥的实力！	Bro: I really didn't lie! I really delivered a meal to the white-clad ghost! You don't know! My soul is almost gone, but that meal wasn't even touched! There's no way around it, this is my brother's strength!	Bro: I seriously didn't lie!! I really delivered food to the girl ghost in white!! You don't know! I nearly lost my soul, not a single drop spilled on that delivery! No choice, this is bro's skill!
B-HOM-066	HOM	59.33	82.95	23.62	43.61	46.41	2.80	0	100	100	博主成功把中二拍成沙子了	The blogger successfully turned mecha into sand.	博主成功把中二拍成傻子了	"The blogger successfully turned the ""otaku"" into a fool."	The blogger successfully made the edgy act look like a fool
B-HOM-067	HOM	73.41	76.22	2.81	63.15	72.46	9.30	0	0	0	肺雾才需要爱情，神都是孤独的	Lungs need love, and gods are all lonely.	废物才需要爱情，神都是孤独的	Waste needs love, gods are all lonely.	Only the weak yearn for love; gods are destined to be alone.
B-HOM-068	HOM	70.58	98.72	28.14	80.21	85.33	5.12	100	100	0	我在学校哭别人鸟都不鸟我	I cry at school, and even the birds don't care about me.	我在学校哭别人理都不理我	I cried at school, but no one paid any attention to me.	I cried at school and nobody even paid attention to me
B-HOM-069	HOM	68.87	84.05	15.17	49.33	52.47	3.14	0	0	0	现场偷挖被抓,夺笋呐!	On-site theft caught, grab the bamboo shoots!	现场偷挖被抓,多损呐!	On-site theft caught, what a loss!	Caught digging secretly on site, so savage!
B-HOM-070	HOM	68.63	81.37	12.74	45.71	73.08	27.37	0	100	100	这个特效针不戛！	This special needle is not cut!	这个特效真不尬！	This effect is really not awkward!	This special effect is really not cringe!
B-HOM-071	HOM	26.73	93.29	66.57	23.92	58.69	34.77	0	100	100	要泥寡,雨女无瓜!	You're not a person, you're a girl!	要你管,与你无关!	It's none of your business!	Mind your own business, it's none of your business!
B-HOM-072	HOM	80.17	98.87	18.70	50.70	81.53	30.83	0	0	0	依托答辩是什么意思	"What does ""依托答辩"" mean?"	一坨大便是什么意思	"What does ""a big pile of excrement"" mean?"	What does 'a pile of shit' mean?
B-HOM-073	HOM	43.88	93.30	49.41	45.87	69.00	23.13	0	0	0	哈哈哈哈哈哈哈夺笋呐	Ha ha ha ha ha ha, I'm going to take the bamboo shoot!	哈哈哈哈哈哈哈多损呐	Ha ha ha ha ha, what a pity!	hahahahaha so mean lol
B-HOM-074	HOM	70.27	92.32	22.05	71.99	80.93	8.94	0	100	100	“雨女无瓜”这么好笑吗是挺好笑的	"Is ""Rain Woman Has No Gourd"" so funny? It's actually quite funny."	“与你无关”这么好笑吗是挺好笑的	"Is ""It's not your concern"" so funny? It's actually quite funny."	Is 'none of your business' really that funny? It is pretty funny
B-HOM-075	HOM	57.79	86.16	28.38	53.84	67.27	13.42	0	100	100	还有给	There is also a gift.	还有gay	There's also gay.	Also got gay vibes
B-HOM-076	HOM	94.39	91.87	-2.52	75.93	76.62	0.69	0	100	100	这显卡价格真是辣鸡，还买什么啊	This graphics card is really a waste of money, what's the point of buying it?	这显卡价格真是垃圾，还买什么啊	This graphics card is a real piece of garbage, what the hell are you buying it for?	This GPU price is really trash, why even buy it
B-HOM-077	HOM	64.86	62.08	-2.78	58.25	61.40	3.14	0	100	100	我丢！上班路上刷到路边广告牌被“风”掀了个角，原来是京东618的整活！这波操作简直泰裤辣！	"Oh my god! I saw a roadside advertisement being blown over by the ""wind"" while commuting to work—it was actually a trick by JD.com for 618! This move is so ridiculous!"	我丢！上班路上刷到路边广告牌被“风”掀了个角，原来是京东618的整活！这波操作简直太酷啦！	"Oh my goodness! I saw a roadside advertisement being ""waved"" by the wind, flipping over an angle. It turned out to be a fun activity for JD.com's 618 event! This move is just so cool!"	No way! On my way to work I saw a roadside billboard get lifted by the 'wind', turns out it was JD 618's stunt! This move is just too cool!
B-HOM-078	HOM	76.00	89.44	13.44	64.49	68.56	4.07	0	100	100	“泰酷辣”大人三周年	"""Thai Hot"" Adult 3rd Anniversary"	“太酷啦”大人三周年	"""Too cool!"" 3rd anniversary of the adult"	Third anniversary of Lord 'So Cool'
B-HOM-079	HOM	78.06	90.14	12.08	50.05	69.48	19.43	0	0	0	前车：不二？	Front car: Not two?	前车：不是？	Front car: Not?	The car in front: Wait, what?
B-HOM-080	HOM	49.72	59.92	10.19	62.47	73.60	11.13	0	100	100	10店睡，身体还以为是午休呢，凌晨又把他们叫醒了	10 stores sleep, the body still thinks it's a midday rest, and then they are called back to wake up at midnight.	10点睡，身体还以为是午休呢，凌晨又把他们叫醒了	Sleeping at 10 o'clock, the body still thought it was a midday nap, and then they were called back to wake up in the early hours.	Going to sleep at 10, my body thought it was nap time, then woke me up at dawn
B-HOM-081	HOM	64.27	98.76	34.49	38.64	66.04	27.40	0	100	100	tree 波Q	tree Q	三杀	Triple kill	Triple kill
B-HOM-082	HOM	46.41	53.03	6.61	50.36	49.00	-1.36	0	0	0	笑死我了粽横天虾至今一直在罚时闯过了零个关卡	I was laughing so hard,粽横天虾 has been penalized for time and has passed zero levels.	笑死我了纵横天下至今一直在罚时闯过了零个关卡	I was laughing so hard that I was sent to the penalty area for the entire game and have passed zero levels.	Dying of laughter, the one who conquers the world has been in timeout, passing zero challenges
B-HOM-083	HOM	76.18	90.90	14.71	43.73	65.77	22.04	0	100	100	怎么达不溜小兵了	How can you not be a small soldier?	怎么打不了小兵了	How can I not be able to attack the enemy soldier?	Why can't I target the minions?
B-HOM-084	HOM	90.94	98.05	7.11	34.60	82.45	47.85	0	100	100	！？雀潮？！	What's the matter?	！？雀巢？！	Nestlé!	!? Nestle!?
B-HOM-085	HOM	97.58	98.81	1.22	79.84	84.07	4.23	0	100	100	此人知识面级广	This person has a broad knowledge.	此人知识面极广	This person has an extremely broad knowledge.	This person's knowledge is extremely broad
B-HOM-086	HOM	92.00	93.78	1.78	80.71	83.45	2.74	0	0	0	蛇：卧槽，怎么又是他	Snake: Man, it's him again.	蛇：我的天，怎么又是他	Snake: My God, it's him again.	Snake: Oh my god, why is it him again
B-HOM-087	HOM	85.93	76.47	-9.47	67.49	74.49	7.00	0	100	100	生物钟:补药呀！我才调整好	Biological clock: Tonics! I've already adjusted!	生物钟:不要呀！我才调整好	Circadian rhythm: No way! I just adjusted it!	Biological clock: No! I just got it adjusted
B-HOM-088	HOM	67.52	91.45	23.92	62.58	80.12	17.53	0	100	100	鸡本功来了，视频就有了。起飞！	Chicken Base Power is here, the video is ready. Take off!	基本功来了，视频就有了。起飞！	Basic skills are here, the video is ready. Take off!	When the basic skills kick in, the video just takes off! Liftoff!
B-HOM-089	HOM	59.97	94.03	34.07	47.19	84.38	37.19	0	0	0	食不食油饼	Should I eat the oil cake?	是不是有病	Are you crazy?	Are you out of your mind?
B-HOM-090	HOM	56.78	99.06	42.28	55.28	83.20	27.92	0	0	0	香精煎鱼食不食	Scented fish stew, eat or not?	想进监狱是不是	Do you want to go to prison?	Do you want to end up in prison?
B-HOM-091	HOM	72.96	88.43	15.47	76.67	76.28	-0.39	0	0	0	立马去郊区浇筑一个刚进混凝土的地下堡垒	Go immediately to the suburbs to pour concrete for an underground fortress that has just arrived.	立马去郊区浇筑一个钢筋混凝土的地下堡垒	Go immediately to the suburbs to pour a reinforced concrete underground fortress.	Head to the suburbs right away and build an underground bunker with rebar concrete
B-HOM-092	HOM	88.84	98.72	9.89	66.01	73.60	7.60	0	100	100	鸡本功扎实	Chicken is solid in its fundamentals.	基本功扎实	Basic skills are solid.	Solid basic skills
B-HOM-093	HOM	88.31	98.48	10.17	42.15	71.39	29.24	0	0	0	蚌不住了	He's stuck.	绷不住了	I can't take it anymore.	Can't hold it in anymore
B-HOM-094	HOM	85.32	86.31	0.99	67.10	76.47	9.36	0	0	0	冷芝士：袜子不是茶包	Cold cheese: Socks are not tea bags.	冷知识：袜子不是茶包	Cold fact: Socks are not tea bags.	Fun fact: socks are not tea bags
B-HOM-095	HOM	72.89	86.23	13.34	59.73	70.57	10.84	0	0	0	就说00这一套真的超级好看的，我可以安心的似了	Just say this 00 set is really super nice, I can safely take it.	就说00这一套真的超级好看的，我可以安心的死了	Just say that this 00 set is really super nice, and I can die peacefully.	This 00 outfit is really super good-looking, I can finally rest in peace
B-NEO-002	NEO	98.18	99.79	1.61	82.47	83.07	0.59	100	100	0	我们不是供人围观的工具人！	We are not tools for people to watch!	我们不是供人围观的工具！	We are not tools for people to watch!	we're not tools for people to watch!
B-NEO-003	NEO	92.30	96.53	4.22	70.78	80.17	9.40	0	0	0	又被割韭菜了，这理财产品全是坑	Once again, I've been taken for a ride; this investment product is a complete scam.	又被宰了，这理财产品全是坑	Once again, I was taken advantage of. This investment product is a complete scam.	I got ripped off again, this wealth management product is full of traps.
B-NEO-004	NEO	65.24	91.57	26.33	66.30	76.33	10.03	0	0	0	品牌联名就是割韭菜，质量差价格高	Brand collaborations are just cutting the grass, low quality and high price.	品牌联名就是坑人，质量差价格高	Brand collaborations are a scam, low quality and high price.	Co-branded products are just a way to rip off customers with poor quality and high prices.
B-NEO-005	NEO	81.02	93.54	12.52	79.99	83.82	3.83	0	0	0	别带节奏了，事情不是你想的那样	Don't follow the rhythm, things aren't as you think.	别煽动舆论了，事情不是你想的那样	Don't incite public opinion, things aren't as you think.	stop stirring things up, it's not what you think
B-NEO-006	NEO	87.62	95.08	7.45	79.61	84.37	4.76	0	0	0	评论区全是在带节奏的，真相没人关心	The comment section is all about setting the tone, and the truth doesn't matter.	评论区全是在煽动舆论的，真相没人关心	The comment section is all about inciting public opinion, and the truth doesn't matter to anyone.	comments section full of people stirring drama, nobody cares about the truth
B-NEO-007	NEO	80.31	91.34	11.03	72.27	74.22	1.95	0	0	0	杠精无处不在，说啥都要反驳	Narcissistic types are everywhere, always ready to challenge anything.	抬杠的人无处不在，说啥都要反驳	People who like to pick fights are everywhere, always ready to challenge anything.	contrarians are everywhere, they rebut everything you say
B-NEO-008	NEO	87.85	95.70	7.85	70.58	81.07	10.48	0	0	0	遇到杠精最好的办法就是不理他	The best way to deal with a stickler is to ignore him.	遇到抬杠的人最好的办法就是不理他	The best way to deal with someone who is always contradicting is to ignore them.	the best way to deal with a contrarian is to ignore them
B-NEO-009	NEO	60.80	79.85	19.05	64.67	65.29	0.62	0	0	0	芭比Q了，半夜点外卖忘备注别敲门	Barbie is out, order takeout late at night and forget to note it, don't knock on the door.	完了，半夜点外卖忘备注别敲门	Done, forgot to note when ordering takeout at night, don't knock.	I'm cooked, ordered delivery at midnight and forgot to leave a note saying don't knock
B-NEO-010	NEO	80.62	97.99	17.38	68.19	81.14	12.95	0	0	0	选择你的躲藏点，被抓到就芭比Q了	Choose your hiding spot, otherwise you'll be a Barbie Q.	选择你的躲藏点，被抓到就完了	Choose your hiding spot, otherwise you'll be caught.	pick your hiding spot, if you get caught you're done for
B-NEO-011	NEO	70.17	94.76	24.59	75.64	81.49	5.85	0	0	0	看到肯德基9.9的那一刻，我的班味瞬间就没了	When I saw KFC's 9.9, my class flavor disappeared instantly.	看到肯德基9.9的那一刻，我的上班疲惫感瞬间就没了	When I saw KFC's 9.9, my fatigue from work disappeared instantly.	the moment I saw KFC 9.9, my work exhaustion instantly vanished
B-NEO-012	NEO	81.41	74.79	-6.62	59.98	63.54	3.56	0	0	0	人一旦染上班味，这辈子就去不掉了	Once someone gets the taste of office life, it's gone for life.	人一旦染上上班的气息，这辈子就去不掉了	Once a person is infected with the atmosphere of going to work, it's gone for life.	once you catch the work vibe, it never leaves you
B-NEO-013	NEO	76.22	71.59	-4.63	65.63	67.91	2.28	100	0	-100	十多块的塔斯汀五件套，横扫我一天班味	A Tastin five-piece for just ten dollars, sweeping away my entire day's work fatigue.	十多块的塔斯汀五件套，横扫我一天上班的疲惫感	A Tastin five-piece for just a few dozen yuan, sweeping away my fatigue for the whole day of work.	a 10-something yuan Tastien 5-piece meal wipes away my whole day of work fatigue
B-NEO-014	NEO	80.28	73.81	-6.47	76.30	75.04	-1.25	0	0	0	净化班味，用了这头像直接演绎出我的精神状态	Clean up the class vibe, using this avatar directly portrays my mental state.	净化上班的疲惫感，用了这头像直接演绎出我的精神状态	Eliminate the fatigue of going to work, using this image directly portrays my mental state.	cleansing away the work fatigue — this avatar perfectly captures my mental state
B-NEO-015	NEO	67.93	72.85	4.92	49.70	71.44	21.74	0	0	0	等等党赢麻了，建议收藏	Wait, the party won, suggest saving it.	等待降价的人赢得非常彻底，建议收藏	People waiting for a price drop win thoroughly and are advised to collect.	the wait-for-a-deal crew won big time, saving this
B-NEO-016	NEO	89.41	88.97	-0.45	50.25	63.93	13.67	100	0	-100	看似输了实际赢麻了	It seems to have lost but actually won big.	看似输了实际赢得非常彻底	It seems to have lost but actually won thoroughly.	looks like they lost but actually won big
B-NEO-017	NEO	84.05	82.71	-1.33	52.68	59.60	6.92	0	0	0	纯爱战神轰然倒地	Pure Love God collapses to the ground.	只支持纯爱的人轰然倒地	Only pure love supporters collapsed suddenly.	the pure love warrior has fallen
B-NEO-018	NEO	94.02	92.65	-1.37	63.20	73.41	10.22	100	0	-100	谨以此片献给每一位纯爱战神	Dedicated to every Pure Love Warrior.	谨以此片献给每一位只支持纯爱的人	Dedicated to every one who only supports pure love.	dedicating this film to every pure love warrior out there
B-NEO-019	NEO	90.28	94.69	4.41	61.25	86.81	25.56	0	100	100	兄弟们我润美国了	Brothers, I've been to the US.	兄弟们我移民美国了	Brothers, I have immigrated to the United States.	bros I emigrated to the US
B-NEO-020	NEO	79.43	93.59	14.16	65.39	82.77	17.38	0	0	0	公司要黄了的5个征兆，当公司开始严抓考勤，你该考虑润了	Five signs that a company is on the verge of collapse: when the company starts strictly enforcing attendance, you should consider it's over.	公司要黄了的5个征兆，当公司开始严抓考勤，你该考虑跑了	Five signs that a company is on the verge of collapse: when the company starts strictly enforcing attendance, you should consider leaving.	5 signs your company is going under, when they start cracking down on attendance, you should consider bouncing
B-NEO-021	NEO	88.04	90.79	2.75	73.33	76.18	2.86	0	0	0	赛博朋克2077，极致嘴臭极致享受	Cyberpunk 2077, Extreme Bad Breath, Extreme Enjoyment	赛博朋克2077，极致骂人极致享受	Cyberpunk 2077: Extreme Rant, Extreme Enjoyment	Cyberpunk 2077, ultimate trash talk ultimate enjoyment
B-NEO-023	NEO	93.78	97.22	3.45	77.88	79.18	1.30	100	0	-100	孙红雷演技炸裂，20万人打出7.5分	Sun Honglei's acting is explosive, with 200,000 people giving it a 7.5 score.	孙红雷演技极其震撼，20万人打出7.5分	Sun Honglei's acting was extremely impressive, with 200,000 people giving it a 7.5 score.	Sun Honglei's acting is absolutely insane, 200k people rated 7.5
B-NEO-024	NEO	88.32	93.86	5.54	69.63	74.21	4.57	100	100	0	赛博诵经让老外陷入疯狂	Cyber chanting drives foreigners crazy.	虚拟诵经让老外陷入疯狂	Virtual chanting has driven foreigners crazy.	cyber chanting is driving foreigners crazy
B-NEO-025	NEO	82.50	85.31	2.81	60.47	75.46	14.99	100	0	-100	国庆宅家的赛博生活	Cyber life staying at home during National Day	国庆宅家的虚拟网络生活	The virtual network life of staying at home during the National Day holiday.	National Day stay-at-home cyber life
B-NEO-026	NEO	56.14	79.77	23.63	62.24	74.02	11.78	0	0	0	高考第一批显眼包出现了，青蛙玩偶花式助阵	"The first batch of ""eye-catchers"" of the Gaokao have appeared, with frog figurines giving fancy support."	高考第一批爱出风头的人出现了，青蛙玩偶花式助阵	The first batch of students who like to show off have appeared, with frog figurines performing fancy tricks to support them.	the first batch of attention-seekers at the college entrance exam showed up, frog mascots cheering in style
B-NEO-027	NEO	70.53	75.31	4.78	61.99	68.88	6.89	0	0	0	电子榨菜输出中，午饭点准时到	Electronic vegetable juice is being output, and the lunchtime person arrives on time.	适合吃饭时看的视频输出中，午饭点准时到	In the video content suitable for watching during meals, it arrives on time for lunch.	my mealtime video is on, right on time for lunch
B-NEO-028	NEO	82.20	84.37	2.18	67.42	80.50	13.08	0	0	0	这个综艺太下饭了，一口气看完	This variety show is too filling; I watched it all in one go.	这个综艺太适合吃饭时看了，一口气看完	This variety show is too suitable to watch while eating; I finished watching it all in one go.	this variety show is perfect meal content, binged the whole thing
B-NEO-029	NEO	70.97	79.89	8.92	65.41	64.94	-0.47	0	0	0	发疯文学必备文案，笑死我了	Manic literature essential script, I died of laughter.	宣泄式文字表达必备文案，笑死我了	Expressive text for venting, hilarious!	must-have lines for unhinged-rant posting, I'm dying laughing
B-NEO-030	NEO	94.07	99.51	5.45	79.51	84.52	5.01	100	100	0	社恐人的噩梦，大型聚会	Social anxiety person's nightmare, large gatherings	社交恐惧症患者的噩梦，大型聚会	Nightmares of people with social phobia, large gatherings	a socially anxious person's worst nightmare, a huge gathering
B-NEO-031	NEO	89.42	94.62	5.20	75.75	83.20	7.45	0	100	100	找不到原剧了，这个当代餐先看	Can't find the original series, so I'll watch this contemporary one first.	找不到原剧了，这个当替代品先看	Can't find the original series, so I'll watch this as a temporary substitute.	can't find the original, using this as a substitute for now
B-NEO-032	NEO	89.94	90.12	0.18	80.36	80.10	-0.26	0	0	0	花2000买nike感觉自己好像大冤种	Spending 2000 on Nike feels like being a big fool.	花2000买nike感觉自己好像大冤大头	Spending 2000 on Nike feels like being a big fool.	spent 2k on nikes feeling like a total sucker
B-NEO-033	NEO	65.46	67.71	2.25	51.23	60.02	8.79	0	0	0	腾讯这波泄密直接破防了，317万说没就没	Tencent's leak directly broke through, 3.17 million said it was gone and it was.	腾讯这波泄密直接崩溃了，317万说没就没	Tencent's leak directly collapsed, 3.17 million said gone, gone.	Tencent's leak move really triggered a breakdown, 3.17 million gone just like that
B-NEO-034	NEO	60.92	90.72	29.80	66.73	71.99	5.26	0	100	100	梅老板今年真可怜，这么强的个人发挥啥没有得到	Master Mei, this year you really are pitiful. Such strong personal performance, nothing has been awarded.	梅西今年真可怜，这么强的个人发挥啥没有得到	Messi really is unlucky this year, with such strong individual performance going unnoticed.	Messi had a rough year insane individual performance but got nothing
B-NEO-035	NEO	42.54	65.14	22.60	51.40	63.01	11.62	0	0	0	吃瓜吃到自己头上了，腾讯泄密员工就是本人	Eating the melon until you've eaten your own head, Tencent's leaking employee is the person themselves.	看热闹看到自己头上了，腾讯泄密员工就是本人	Seeing the spectacle, the employee of Tencent who leaked the information is the person himself.	I was following the drama, only to realize I’m the Tencent staff member who leaked the information
B-NEO-036	NEO	74.31	85.83	11.53	45.85	76.12	30.27	0	0	0	别搁这凡尔赛了，显摆啥呢	Stop being all fancy and show off.	别搁这炫耀了，显摆啥呢	Stop showing off, what's the big deal?	stop humble bragging already what are you flexing
B-NEO-037	NEO	97.98	100.00	2.02	84.05	86.09	2.04	0	0	0	显卡市场太内卷了，价格涨得离谱	The graphics card market is too saturated, with prices rising dramatically.	显卡市场竞争太激烈了，价格涨得离谱	The graphics card market is too competitive, with prices rising dramatically.	The GPU market is hyper-competitive, prices rising outrageously
B-NEO-038	NEO	71.11	76.71	5.60	65.61	62.51	-3.10	0	0	0	这帖子水分太大，灌水灌的	This post is too watered down, it's just filling up with water.	这帖子水分太大，刷帖刷的	This post is too watered down, it's just reposting.	this post is so watered down pure spam
B-NEO-039	NEO	92.07	81.45	-10.62	63.14	70.44	7.30	100	0	-100	打工人看完317万年终奖直接躺平了	Office workers who received a year-end bonus of 3.17 million immediately gave up.	打工人看完317万年终奖直接放弃了	Office worker gives up after watching 3.17 million yuan in annual bonus.	Workers gave up striving after seeing the 3.17 million year-end bonus.
B-NEO-040	NEO	83.95	93.82	9.87	63.45	78.31	14.86	100	100	0	这剧情给我整破防了	This plot broke me down.	这剧情给我整崩溃了	This plot has broken me down.	this plot totally broke me fr fr
B-NEO-041	NEO	83.16	89.97	6.81	80.56	80.84	0.28	0	0	0	这员工凡尔赛式晒年终奖，结果翻车了	This employee tried to show off his annual bonus in a Versailles way, but it backfired.	这员工炫耀式晒年终奖，结果翻车了	This employee boasted about his annual bonus, but ended up in trouble.	This employee flaunted their year-end bonus in a humble-brag way, and it backfired
B-NEO-042	NEO	96.98	98.65	1.68	71.72	81.98	10.26	0	0	0	这手机信号拉胯到离谱	This phone's signal is terrible to the point of being absurd.	这手机信号差到离谱	The phone's signal is terrible.	this phone signal is garbage to an absurd degree
B-NEO-043	NEO	71.20	97.87	26.67	41.43	84.88	43.45	0	0	0	你这个行为真的很下头	You're really being down.	你这个行为真的很扫兴	Your behavior is really disappointing.	your behavior is such a turnoff rn
B-NEO-044	NEO	69.81	75.42	5.62	73.51	74.47	0.96	0	100	100	赛里木湖这事太下头了，景区管理太离谱	This is too bad for the Selimu Lake, the management is really messed up.	赛里木湖这事太让人失望了，景区管理太离谱	The Siling Lake incident was really disappointing, and the park management was really out of control.	The Sarim Lake incident is too disappointing, scenic area management is outrageous
B-NEO-045	NEO	75.05	87.11	12.06	73.17	53.74	-19.43	0	0	0	他这个人好油腻	He's really oily.	他这个人好油滑	He's very slippery.	this guy is so sleazy ick
B-NEO-046	NEO	60.86	95.26	34.40	39.18	75.21	36.03	0	0	0	没绷住破绷了	I broke the tension.	没绷住笑了	I couldn't help but laugh.	couldn't hold it in and totally lost it laughing
B-NEO-047	NEO	76.60	88.91	12.31	68.61	78.98	10.37	0	100	100	中国女排逆转美国，这波操作太上头了	China's women's volleyball team overturned the United States, this move is too intense.	中国女排逆转美国，这波操作太让人激动了	China's women's volleyball team overturned the United States, this move is really exciting.	China women's volleyball reversed against USA, this move is so hype
B-NEO-048	NEO	68.25	80.38	12.14	55.25	64.26	9.01	0	0	0	天天水经验，也不发点有用的帖子	Daily water experience, also post some useful threads.	天天刷经验，也不发点有用的帖子	Day after day grinding experience, but not posting any useful threads.	farming XP every day never posting anything useful
B-NEO-049	NEO	96.31	96.78	0.48	62.11	66.85	4.74	100	0	-100	这主播开挂实锤了，封号吧	This streamer has definitely been cheating, ban them.	这主播作弊实锤了，封号吧	This streamer has definitely cheated, ban them.	this streamer is confirmed cheating, ban them
B-NEO-050	NEO	97.95	85.61	-12.34	80.68	75.64	-5.04	100	100	0	内耗太严重了	Internal conflicts are too severe.	内部消耗太严重了	Internal consumption is too severe.	internal friction is too serious smh
B-NEO-051	NEO	85.31	83.99	-1.32	40.65	61.81	21.16	0	100	100	互联网嘴替实锤	Internet mouthpiece real hit	互联网代言人实锤	Internet spokespersons are exposed.	confirmed internet mouthpiece
B-NEO-052	NEO	38.17	53.49	15.32	40.41	58.96	18.55	0	0	0	无职孝子还在嘴硬洗，服了	No job, still stubbornly denies it, I give up.	无职盲目辩护者还在嘴硬洗，服了	The unemployed blind defender is still stubbornly denying it and is getting fed up.	Mushoku Tensei stans still hard-stanning give up
B-NEO-053	NEO	83.88	96.21	12.33	69.45	76.41	6.96	0	0	0	双持党表示苹果和华为都不够用	The two-party faction said that both Apple and Huawei are not sufficient.	同时用两部手机的人表示苹果和华为都不够用	People who use two phones at the same time say both Apple and Huawei are not enough.	dual-phone gang saying neither Apple nor Huawei is enough
B-NEO-054	NEO	78.75	81.68	2.92	40.42	74.64	34.22	0	0	0	被种草了	I've been tempted.	被推荐心动了	Was recommended and got excited.	got recommended I'm tempted to buy
B-NEO-055	NEO	68.80	93.98	25.18	42.97	64.63	21.66	0	0	0	拔草了不买	Cutting grass doesn't buy.	打消购买念头了不买	Gave up the idea of buying.	nah I'm not buying
B-NEO-056	NEO	90.35	99.95	9.60	56.25	86.40	30.15	0	100	100	他好会整活	He's really good at making things interesting.	他好会搞怪	He's really good at being funny.	he's so good at being funny lol
B-NEO-057	NEO	95.73	99.75	4.02	69.85	83.89	14.04	0	0	0	这个太炸了	This is too intense.	这个太震撼了	This is really shocking.	this is too insane
B-NEO-058	NEO	64.29	36.77	-27.52	47.97	52.20	4.23	0	0	0	景区打人还理直气壮的，真是绝绝子	Tourists who beat people still act proudly, truly amazing.	景区打人还理直气壮的，真是绝了	It's really amazing that the tourist area is still so arrogant about it.	Beating people at a scenic spot and still acting righteous, truly absolutely outrageous
B-NEO-059	NEO	88.08	94.79	6.72	53.36	83.57	30.21	0	0	0	破防了	Broken down.	心理防线崩溃了	The psychological defense broke down.	I'm emotionally broken
B-NEO-060	NEO	90.70	99.95	9.25	59.61	86.23	26.62	0	100	100	这个太上头了	This is too intense.	这个太上瘾了	This is really addictive.	this is too addictive can't stop
B-NEO-061	NEO	76.52	87.60	11.08	79.08	85.43	6.35	0	0	0	他好会营业	He's really good at business.	他好会讨好粉丝	He's really good at flattering fans.	he's so good at playing to his fans
B-NEO-062	NEO	89.66	94.12	4.47	59.34	79.67	20.33	0	0	0	香港🇭🇰打车有这么卷吗？又难？	Is taxi service in Hong Kong that competitive? Is it so difficult?	香港🇭🇰打车竞争有这么激烈吗？又难？	Is the taxi competition in Hong Kong that fierce? Is it so difficult?	is getting a taxi in HK this intense? so hard?
B-NEO-063	NEO	85.33	87.02	1.69	82.23	78.41	-3.82	0	0	0	这帖子纯纯的钓鱼经验，别当真	This post is pure fishing experience, don't take it seriously.	这帖子纯纯的骗经验，别当真	This post is purely for gaining experience, don't take it seriously.	this post is pure bait for engagement don't fall for it
B-NEO-064	NEO	91.17	93.66	2.48	59.12	78.67	19.55	0	0	0	纯纯的牛马人生	A pure life of hard work and toil.	纯纯的打工人人生	A pure worker's life.	pure wage slave life
B-NEO-065	NEO	71.00	98.61	27.61	84.22	81.16	-3.06	0	0	0	是我不够糖吗	Am I not getting enough sugar?	是我不够傻吗	Am I not stupid?	am I not dumb enough? bruh
B-NEO-066	NEO	100.00	100.00	0.00	85.42	86.44	1.02	100	100	0	这何意味啊	What does this mean?	这什么意思啊	What does this mean?	what does this even mean
B-NEO-067	NEO	72.34	74.57	2.22	37.50	37.98	0.48	100	100	0	摆烂了，爱咋咋地	Give up and go with the flow.	放弃了，爱咋咋地	Give up, be it.	I give up whatever happens happens
B-NEO-068	NEO	85.26	85.62	0.35	51.68	66.13	14.45	0	0	0	摆烂一天算了	Give up for the day.	放弃一天算了	Give up for today.	let me rot for a day whatever
B-NEO-069	NEO	89.36	96.17	6.81	38.25	73.60	35.35	0	0	0	内卷太严重了，打工人伤不起	The job market is too competitive, and workers can't afford it.	过度竞争太严重了，打工人伤不起	Excessive competition is too severe, and the working people can't take it.	the rat race is too intense workers can't take it
B-NEO-070	NEO	91.60	92.48	0.87	69.67	76.80	7.13	0	0	0	这波操作属实逆天了	This move is really mind-blowing.	这波操作属实超乎想象了	This move is really beyond expectations.	this play is straight up insane
B-NEO-071	NEO	58.90	76.48	17.58	49.59	73.33	23.74	0	0	0	内卷到头秃，躺平又心慌	Cynical to the point of baldness, lying down is also anxious.	过度竞争到头秃，躺平又心慌	Excessive competition leads to baldness, and lying low causes anxiety.	rat race till you're bald quit competing but still anxious
B-NEO-072	NEO	75.74	95.77	20.03	79.62	76.25	-3.37	0	0	0	不是哥们儿	Not a friend.	不是吧，哥们儿	Man, are you kidding me?	no way bro come on
B-NEO-073	NEO	79.67	74.98	-4.69	82.93	84.47	1.54	100	100	0	说出一个旅游热度很低但实际很夯的城市	Name a city with low tourism but high popularity.	说出一个旅游热度很低但实际很高的城市	Name a city with low tourism but high actual popularity.	name a city that's low-key but actually great
B-NEO-074	NEO	85.62	91.32	5.70	45.49	75.96	30.47	0	0	0	这波操作直接拉胯了	This move completely tanked.	这波操作直接失常了	This move went completely wrong.	this play literally underperformed
B-NEO-075	NEO	62.70	62.68	-0.01	44.49	48.30	3.81	100	0	-100	这操作绝绝子，直接给我整不会了	This operation is absolutely amazing, I'm directly done with it.	这操作绝佳，直接给我整不会了	This operation is excellent, it's directly given me the idea.	this play is amazing left me speechless
B-NEO-076	NEO	61.12	59.60	-1.52	70.05	72.58	2.53	100	0	-100	谁能能理解这种崩溃的心情，辛辛苦苦备考许久，就等着政审上岸，结果栽在了学历断层上	Who could understand the despair of this collapse, having worked hard for a long time to prepare for the exam, waiting for the political review to pass, only to fail because of the academic gap.	谁能能理解这种崩溃的心情，辛辛苦苦备考许久，就等着政审成功，结果栽在了学历断层上	Who could understand the despair of this collapse, having worked hard for a long time to prepare for the exam, waiting for the political review to succeed, only to fail because of the gap in academic credentials.	who understands this despair? prepped for ages waiting to pass the political review only to get rejected by an education gap
B-NEO-077	NEO	74.86	91.41	16.55	70.50	78.96	8.46	0	0	0	为什么留子都不爱和老外谈？	Why doesn't Ruizi like to talk to foreigners?	为什么留学生都不爱和老外谈？	Why don't overseas students like to talk to foreigners?	why don't international students like dating foreigners? real talk
B-NEO-078	NEO	79.03	91.85	12.82	74.03	72.47	-1.56	0	0	0	哈包穿上衣服不习惯了	Ha Bao is not used to wearing clothes.	哈兰德穿上衣服不习惯了	Haland is not used to putting on clothes.	not used to Haaland wearing clothes
B-NEO-079	NEO	72.09	79.28	7.19	59.81	63.46	3.65	0	0	0	洗澡5分钟老公社死一整年	Take a 5-minute shower and your husband will die from social embarrassment for a whole year.	洗澡5分钟老公社会性死亡一整年	Take a 5-minute shower and your husband will die socially for a whole year.	5-min shower and my husband is socially dead for a whole year rip
B-NEO-080	NEO	84.71	82.71	-2.00	41.54	52.75	11.21	100	0	-100	直接破防了家人们	Directly broke down, folks.	直接心态失控了家人们	Directly, I lost my temper, folks.	totally broke down mentally fam
B-NEO-081	NEO	86.97	90.96	3.99	73.53	73.68	0.15	100	100	0	月薪不够5w不能这么活	Your monthly salary is not enough for 50,000, so you can't live like that.	月薪不够5万不能这么活	Your monthly salary is not enough for 50,000, so you can't live like that.	Can't live like this if monthly salary isn't even 50k
B-NEO-082	NEO	56.64	70.75	14.10	44.17	82.83	38.66	0	0	0	爷青回	Yaqing hui	爷的青春回来了	Dad's youth has returned.	Nostalgia hits hard.
B-NEO-083	NEO	56.29	100.00	43.71	43.17	87.51	44.33	0	0	0	难他天？	What's the problem?	难道他真的是天才？	Is he really a genius?	Turns out he's a genius?
B-NEO-084	NEO	71.57	99.12	27.55	70.98	83.09	12.11	0	0	0	基操	Kaijiao	基本操作	Basic operations	Just basic mechanics
B-NEO-085	NEO	81.65	80.32	-1.34	46.88	76.80	29.92	0	0	0	你这肯定是低段位炸鱼罢了	You're definitely just low-level fishing.	你这肯定是低段位欺负水平差的玩家罢了	You're definitely just a low-level player bullying someone with worse skills.	You must be just smurfing in low rank
B-NEO-086	NEO	89.24	89.32	0.08	76.27	78.47	2.20	100	100	0	刘宇宁一周不直播，棚友集体受不了！想念到发疯	Liu Yuning's fans can't take one week without live streaming! They're so missing him they're going crazy.	刘宇宁一周不直播，粉丝集体受不了！想念到发疯	Liu Yuning's fans can't take one week without live streaming! They're so missing him they're going crazy.	Liu Yuning hasn’t streamed for a week, all his fans can’t stand it and miss him terribly.
B-PYA-001	PYA	82.43	95.53	13.10	72.22	74.27	2.06	0	100	100	xql日常太甜了，羡慕死了	XQL's daily life is too sweet, I'm envious to death.	小情侣日常太甜了，羡慕死了	The couple's daily life is too sweet, I'm envious to death.	this couple's daily life is too sweet, I'm so jealous
B-PYA-003	PYA	77.94	85.83	7.89	59.46	65.69	6.23	0	100	100	xql之间的默契真的绝了	The默契 between XQL is really amazing.	小情侣之间的默契真的绝了	The默契 between a young couple is really amazing.	the chemistry between this couple is insane
B-PYA-004	PYA	87.69	96.36	8.66	61.42	73.22	11.81	0	100	100	全网最甜xql非他们莫属	The sweetest xql in the entire network is none other than them.	全网最甜小情侣非他们莫属	The sweetest couple on the entire network is none other than them.	the sweetest couple on the internet has to be them
B-PYA-005	PYA	90.96	95.60	4.64	74.46	82.95	8.49	0	0	0	看到别人去欧洲旅游的照片，xmsl	Seeing photos of others traveling to Europe, xmsl.	看到别人去欧洲旅游的照片，羡慕死了	Seeing photos of others traveling to Europe, I'm envious to death.	Seeing photos of others traveling in Europe makes me so envious.
B-PYA-007	PYA	86.41	92.08	5.67	75.46	75.49	0.04	0	0	0	新剧gkd！等不及了	New play GKD! Can't wait!	新剧搞快点！等不及了	Get the new show out soon! I'm getting impatient.	hurry up with the new drama! can't wait
B-PYA-009	PYA	97.97	98.56	0.59	66.73	78.78	12.05	0	100	100	xgg们推荐一下好用的手机呗	Please recommend some good phones.	小哥哥们推荐一下好用的手机呗	Hey guys, recommend a good phone.	boys recommend some good phones pls
B-PYA-010	PYA	84.51	99.37	14.86	74.60	84.93	10.33	0	100	100	这个xgg好帅，求联系方式	This xgg is cool, please give me your contact information.	这个小哥哥好帅，求联系方式	This guy is really handsome, please give me his contact information.	this guy is so handsome, asking for his contact
B-PYA-011	PYA	93.40	96.62	3.22	78.97	75.68	-3.29	0	100	100	jrm帮我看看这个怎么选	JRM, can you help me figure out how to choose this?	家人们帮我看看这个怎么选	Family, help me figure out how to choose this.	fam help me figure out which one to pick
B-PYA-012	PYA	88.03	94.24	6.21	78.03	75.17	-2.86	0	100	100	jrm今天发生了一件离谱的事	JRM had an absurd thing happen today.	家人们今天发生了一件离谱的事	Family, today happened a crazy thing.	fam something wild happened today
B-PYA-013	PYA	89.05	89.82	0.77	73.41	75.18	1.77	0	0	0	8u们觉得这配置怎么样	How do you think the setup looks?	吧友们觉得这配置怎么样	How do you think the setup looks?	what do you tieba folks think of this setup?
B-PYA-014	PYA	76.59	84.27	7.68	73.84	80.42	6.58	0	0	0	王虹yyds！中国数学家终于拿到菲尔兹奖了	Wang Hong is YYDS! Chinese mathematicians have finally won the Fields Medal.	王虹永远的神！中国数学家终于拿到菲尔兹奖了	Wang Hong is forever a god! Chinese mathematicians have finally won the Fields Medal.	Wang Hong is the GOAT! A Chinese mathematician finally won the Fields Medal
B-PYA-015	PYA	87.44	95.59	8.15	73.95	75.58	1.64	0	0	0	这条rs怎么还没上	Why hasn't this rs been uploaded yet?	这条热搜怎么还没上	Why hasn't this hot topic gone viral yet?	why isn't this trending yet
B-PYA-016	PYA	80.79	76.92	-3.87	70.15	71.10	0.95	0	0	0	xswl，陈哲远在密逃里也太搞笑了吧	XSWL, Chen Zheyuan is too funny in Secret Escape.	笑死我了，陈哲远在密逃里也太搞笑了吧	I was laughing so hard, Chen Zheyuan is so funny in Secret Mission.	Lmao, Chen Zheyuan is just too funny in Great Escape
B-PYA-017	PYA	87.58	96.99	9.41	77.49	80.18	2.68	0	100	100	14个月正是穿lulu的时候	14 months is exactly the time to wear Lulu.	14个月正是穿Lululemon的时候	14 months is exactly the time to wear Lululemon.	14 months is prime Lululemon season
B-PYA-018	PYA	82.38	69.17	-13.21	77.77	68.53	-9.23	0	0	0	dd，中国女排3比2逆转美国太牛了	DD, China's women's volleyball team defeated the US 3-2 in a thrilling comeback.	顶顶，中国女排3比2逆转美国太牛了	Top, the Chinese women's volleyball team was too strong to reverse the Americans 3-2.	Bump, China women's volleyball 3-2 comeback against USA is amazing
B-PYA-019	PYA	88.14	93.40	5.26	78.22	72.45	-5.77	0	0	0	rt，大家帮我看看这手机值不值	RT, everyone, help me check if this phone is worth it.	如图，大家帮我看看这手机值不值	As shown in the figure, everyone help me check if this phone is worth it.	see pic help me check if this phone is worth it
B-PYA-020	PYA	86.92	87.11	0.19	81.31	81.61	0.30	0	100	100	jrs怎么看腾讯这个泄密处理？	What does JRS think about Tencent's handling of the leak?	家人们怎么看腾讯这个泄密处理？	How do the families think about Tencent's leak handling?	Fam, what do you think of Tencent's leak handling?
B-PYA-021	PYA	72.72	66.12	-6.60	57.24	70.95	13.71	0	0	0	srds，赛里木湖打人这事不能就这么算了	The incident of someone beating at Selimi Lake cannot be overlooked.	虽然但是，赛里木湖打人这事不能就这么算了	Although, the incident of someone attacking at Lake Selimu cannot be overlooked.	Be that as it may, the Sarim Lake beating incident can't just be let go like this
B-PYA-022	PYA	87.69	93.07	5.38	52.87	72.69	19.82	0	0	0	白色真是yyds	White is truly YYDS.	白色真是永远的神	White is forever the god.	white is truly the GOAT
B-PYA-023	PYA	82.00	89.83	7.83	73.81	75.47	1.66	0	100	100	u1s1，317万年终奖确实让人眼红	u1s1, a 3.17 million annual bonus is indeed eye-catching.	有一说一，317万年终奖确实让人眼红	Honest to say, the 3.17 million yuan annual bonus really makes one green with envy.	To be honest, a 3.17 million year-end bonus does make people envious
B-PYA-024	PYA	92.04	93.74	1.71	76.82	77.55	0.74	0	100	100	XHS上好多人在讨论	Many people are discussing on XHS.	小红书上好多人在讨论	Many people are discussing on Xiaohongshu.	so many people talking about it on Xiaohongshu
B-PYA-025	PYA	81.36	90.27	8.91	68.04	74.23	6.19	0	100	100	显卡涨价这消息直接让我blx了	The news of the graphics card price increase directly made me blx.	显卡涨价这消息直接让我玻璃心了	The news of the graphics card price increase directly broke my fragile heart.	The GPU price hike news really triggered my fragile heart
B-PYA-026	PYA	74.38	73.57	-0.81	52.98	44.31	-8.66	0	0	0	好好好 好一个kpop拉子(bushi)	Good good good, a great K-pop girl (bushi).	好好好 好一个kpop拉子(不是)	Good good good, a really good K-pop girl (not).	ok ok ok what a kpop lesbian (not)
B-PYA-027	PYA	80.44	56.95	-23.48	67.17	65.00	-2.17	0	0	0	某些景区管理真是yygq，表面道歉背后照样	Some scenic area management is really yygq, apologizing on the surface but still doing the same thing behind the scenes.	某些景区管理真是阴阳怪气，表面道歉背后照样	Some scenic area management is really double-crossing, apologizing on the surface but acting the same behind.	Some scenic area management is really passive-aggressive, apologizing on the surface but same behind the scenes
B-PYA-028	PYA	72.46	77.85	5.39	77.41	67.89	-9.53	0	0	0	nb！这个操作太秀了	NB! That's a cool move.	牛逼！这个操作太秀了	Wow, that's so cool!	Sick move! Absolute W
B-PYA-029	PYA	65.26	72.51	7.26	62.19	69.11	6.92	0	100	100	50亿离婚案的瓜我吃了，dbq我不站队	I took the cake in the 5 billion divorce case, DBQ, I don't take sides.	50亿离婚案的瓜我吃了，对不起我不站队	I've eaten the fruit of the 500 million divorce case, sorry, I don't take sides.	I’ve followed the 5-billion divorce drama, sorry, I’m not taking sides.
B-PYA-030	PYA	94.44	94.67	0.22	68.20	69.74	1.54	100	100	0	这就是尊贵的b站用户🤣🤣🤣	This is the esteemed Bilibili user 😂😂😂	这就是尊贵的B站用户🤣🤣🤣	This is the esteemed Bilibili user 😂😂😂	this is what being a distinguished Bilibili user looks like 🤣🤣🤣
B-PYA-031	PYA	65.70	80.97	15.27	64.58	67.99	3.41	0	0	0	王虹从垫底到菲尔兹奖，这波直接nb	Wang Hong went from the bottom to the Fields Medal, that's a direct nb.	王虹从垫底到菲尔兹奖，这波直接牛逼	Wang Hong went from the bottom to the Fields Medal, that's a direct kickass.	Wang Hong from bottom to Fields Medal, this move is just insane
B-PYA-032	PYA	96.67	99.99	3.32	67.50	80.48	12.97	0	100	100	xjj们推荐一下好用的手机呗	Please recommend some good phones.	小姐姐们推荐一下好用的手机呗	Hey girls, recommend some good phones.	girls recommend some good phones pls
B-PYA-033	PYA	90.05	83.71	-6.34	74.33	68.90	-5.43	0	0	0	bl粉丝太能控评了	BL fans are too good at controlling comments.	白鹿粉丝太能控评了	The White Deer fans are too good at controlling comments.	Bai Lu fans are too good at controlling the comments
B-PYA-034	PYA	77.90	78.96	1.06	63.77	78.63	14.86	0	0	0	会聊天的男生真的yyds	Boys who can chat are really YYDS.	会聊天的男生真的永远的神	A boy who can chat is really a god forever.	guys who can flirt are truly the GOAT
B-PYA-035	PYA	71.56	78.82	7.26	81.58	83.22	1.63	0	0	0	哈哈哈哈哈哈哈笑死，我们00真的老kpop人了	Hahaha, I'm dying of laughter. We 00s really are old Kpop fans.	哈哈哈哈哈哈哈笑死，我们2000年后出生的人真的老kpop人了	Hahaha, I'm laughing so hard. We people born after 2000 really are old K-pop fans.	lmaooo us Gen Z are such veteran kpop fans
B-PYA-036	PYA	79.23	83.57	4.33	62.00	80.41	18.41	0	0	0	减脂党狂喜！番茄鸡蛋燕麦粥yyds	Fat loss fans are overjoyed! Tomato egg oatmeal is yyds!	减脂党狂喜！番茄鸡蛋燕麦粥永远的神	Fat loss fans rejoice! Tomato egg oatmeal is forever the best.	diet crew rejoice! tomato egg oatmeal is the GOAT
B-PYA-037	PYA	92.94	87.28	-5.66	68.21	74.75	6.54	0	0	0	jrs帮我看看这鱼竿行不行	Can you check if this fishing rod works?	家人们帮我看看这鱼竿行不行	Guys, help me check if this fishing rod works.	fam help me check if this fishing rod is any good
B-PYA-038	PYA	85.24	85.54	0.30	64.21	79.58	15.37	0	0	0	一个会调情的男生真的YYDS	A guy who knows how to flirt is really YYDS.	一个会调情的男生真的永远的神	A boy who knows how to flirt is truly a god forever.	a guy who knows how to flirt is truly the GOAT
B-PYA-039	PYA	93.41	100.00	6.59	76.49	70.95	-5.53	0	0	0	bdjw这个怎么用	How to use bdjw?	不懂就问这个怎么用	I don't understand, how do you use this?	asking cuz idk how do I use this
B-PYA-040	PYA	69.42	77.42	8.00	64.75	77.46	12.71	0	100	100	蓝盈莹第一场戏好像就是撞棺紫砂	Lan Yingying's first role seems to be colliding with a purple clay coffin.	蓝盈莹第一场戏好像就是撞棺自杀	Lan Yingying's first role seems to be committing suicide by colliding with a coffin.	Lan Yingying's first scene was literally suicide by coffin smash
B-PYA-041	PYA	73.96	68.59	-5.38	75.37	73.02	-2.35	0	0	0	泰奶+Gelato yyds！！！	Tapioca + Gelato YYDS！！！	泰奶+Gelato 永远的神！！！	Tapioca + Gelato is forever the god!!!	Thai milk tea + Gelato is the GOAT!!!
B-PYA-042	PYA	87.28	90.23	2.95	69.24	65.72	-3.51	0	0	0	yygq什么呢，有话直说不行吗	What's up, YYGQ? Can't you just say what you mean?	阴阳怪气什么呢，有话直说不行吗	Why be sly and mysterious, can't you just say what you mean?	what are you being passive-aggressive about just say it straight
B-PYA-043	PYA	51.15	94.88	43.73	40.20	67.84	27.64	0	0	0	zqsg追星好累	Zqsg is tired of stanning.	真情实感追星好累	Sincere and genuine idol worship is really tiring.	chasing idols with genuine feelings is exhausting
B-PYA-044	PYA	72.92	73.03	0.11	82.46	81.56	-0.90	0	0	0	u1s1，这个视频做得真好	u1s1, this video is really good.	有一说一，这个视频做得真好	Honest to say, this video is really well done.	Fr, this video slaps
B-PYA-045	PYA	68.94	51.77	-17.17	58.65	57.68	-0.97	0	0	0	别再吃麻辣烫！干拌麻辣拌才是yyds	Don't eat hot pot anymore! Dry stir-fried hot pot is the best!	别再吃麻辣烫！干拌麻辣拌才是永远的神	Don't eat hot pot anymore! Dry stir-fried hot pot is the eternal god.	stop eating malatang! dry-mixed mala ban is the GOAT
B-PYA-046	PYA	93.84	92.86	-0.97	56.41	76.17	19.76	0	0	0	这吧里xfxy的，天天吵架	This place is full of conflicts, arguing every day.	这吧里血风血雨的，天天吵架	This place is full of blood and turmoil, with arguments every day.	this forum is so chaotic fighting every day smh
B-PYA-047	PYA	64.11	36.39	-27.72	63.51	60.52	-2.99	0	100	100	srds他还是很有实力的	He still has a lot of strength.	虽然但是他还是很有实力的	Although he was not, he still had a lot of strength.	sthough he still got bars
B-PYA-048	PYA	80.68	77.14	-3.54	56.38	69.66	13.28	0	0	0	xswl 这都能洗？	Can this even be washed?	笑死我了 这都能洗？	Laughed to death, can you even wash that?	lmao you can defend even this?
B-PYA-049	PYA	87.22	100.00	12.78	72.11	84.49	12.39	0	0	0	rwkk这到底是什么鱼	What kind of fish is rwkk?	让我看看这到底是什么鱼	Let me see what kind of fish this is.	lemme see what fish is this
B-PYA-050	PYA	97.58	91.83	-5.75	45.99	58.72	12.73	100	0	-100	dd我一下	Hit me.	滴滴我一下	Tap me once.	hit me up
B-PYA-051	PYA	93.46	94.96	1.50	71.20	46.46	-24.74	0	0	0	tcl，我真的太菜了	TCL, I'm really not good at it.	太菜了，我真的太菜了	I'm really bad at it.	I'm way too noob
B-PYA-052	PYA	73.11	88.18	15.07	51.17	59.01	7.85	0	0	0	夏天就好这一口！！天妇罗冰锅yyds！！	Summer is all about this!! Tempura ice pot is YYDS!!	夏天就好这一口！！天妇罗冰锅永远的神！！	Summer is all about this!! Tempura ice pot is forever the best!!	summer vibes!! tempura ice pot is the GOAT!!
B-PYA-053	PYA	82.24	84.34	2.10	63.69	62.68	-1.00	0	0	0	xswl这弱智吧的帖子太搞笑了	This post from xswl is really funny.	笑死我了这弱智吧的帖子太搞笑了	That stupid post is so funny.	lmao the posts in this dumbass forum are too funny
B-PYA-054	PYA	82.04	50.72	-31.32	58.98	51.48	-7.50	0	0	0	马到成功yyds	Straight to success, YYDS.	马到成功永远的神	Forever the God of Success.	May you succeed effortlessly, it’s top tier!
B-PYA-055	PYA	72.92	75.51	2.60	37.10	67.90	30.80	0	0	0	这操作nb啊，大佬带带我	This operation is so cool, big guy, teach me.	这操作牛逼啊，大佬带带我	This operation is awesome, big guy, show me the way.	this play is sick bro carry me
B-PYA-056	PYA	71.71	74.01	2.30	51.44	52.11	0.67	0	0	0	这个cp太好磕了	This CP is too cute to kiss.	这个配对太好磕了	This pairing is too cute to pair.	this ship is too good fr fr
B-PYA-057	PYA	76.99	74.79	-2.20	54.13	47.17	-6.97	100	0	-100	这俩离不开浓妆美颜强凹ABC	These two can't do without heavy makeup, beautiful features, and forced ABC.	这俩离不开浓妆美颜强凹American Born Chinese	These two can't do without heavy makeup and exaggerated Chinese-American features.	these two can't go without heavy makeup + filters trying to act all ABC
B-PYA-058	PYA	84.94	84.01	-0.94	63.66	50.64	-13.02	0	0	0	kdl，这对CP太甜了	KDL, this CP is too sweet.	磕到了，这对CP太甜了	I bumped into it, this CP is too sweet.	I'm shipping it this CP is too sweet
B-PYA-059	PYA	73.18	75.73	2.55	50.69	64.41	13.72	0	0	0	山航yyds	Canton Airlines yyds	山航永远的神	Canton Airlines' eternal god	Shandong Airlines is the GOAT
B-PYA-060	PYA	78.03	75.70	-2.33	48.17	47.10	-1.07	0	0	0	cpf又在磕了	CPF is back on the grind.	CP粉又在磕了	CP fans are still obsessed.	shippers shipping again
B-PYA-061	PYA	68.23	69.60	1.37	46.15	57.86	11.71	0	0	0	dddd，支持UP主！	dddd, Support the UP主!	顶顶顶顶，支持UP主！	Top top top top, support the main host!	bump bump bump bump support the creator!
B-PYA-062	PYA	84.95	82.06	-2.89	77.12	81.60	4.48	0	0	0	xswl打印机都沦没墨了	The XSWL printer is out of ink.	笑死我了打印机都沦没墨了	I was laughing so hard the printer ran out of ink.	lmao even the printer ran out of ink
B-PYA-063	PYA	87.16	86.45	-0.71	62.71	64.47	1.76	0	100	100	fs们太能打了	FS are too good.	粉丝们太能打了	Fans are too tough.	fans are too cracked
B-PYA-064	PYA	92.12	86.98	-5.14	84.67	75.24	-9.43	0	0	0	ssfd，这个太恐怖了	ssfd, this is too terrifying.	瑟瑟发抖，这个太恐怖了	Shivering, this is too terrifying.	shook this is too scary
B-PYA-065	PYA	61.07	75.35	14.28	59.66	63.53	3.87	0	0	0	bt，时常因为不够bt而觉得跟这个世界格格不入	BT, often feels out of place with the world because it's not enough BT.	变态，时常因为不够变态而觉得跟这个世界格格不入	Odd, often feeling out of place because it's not odd enough.	pervert always feeling out of place cuz I'm not weird enough lol
B-PYA-066	PYA	87.95	95.91	7.97	84.07	76.75	-7.32	0	0	0	这图谁发明的，xswl	Who invented this diagram, xswl?	这图谁发明的，笑死我了	Who came up with this picture, it's so funny.	who invented this image lmao
B-PYA-067	PYA	72.18	71.56	-0.63	68.58	49.18	-19.40	0	0	0	tcl这游戏技术，菜到抠脚	TCL's game tech is so bad it's embarrassing.	太菜了这游戏技术，菜到抠脚	This game's tech is too bad, really bad.	too noob this game skill noob to the extreme
B-PYA-068	PYA	77.20	89.36	12.16	71.86	63.33	-8.52	0	100	100	zqsg追了这么多年，终于更新了	zqsg has been following for so long, finally updated.	真情实感追了这么多年，终于更新了	True feelings have been pursued for so many years, finally updated.	been following with real feelings for years finally an update
B-PYA-069	PYA	77.21	78.27	1.05	76.96	71.14	-5.83	0	0	0	Xswl就说有没有美味大餐吧哈哈哈哈哈哈哈	"Xswl said, ""Is there a delicious meal?"" Hahahaahaha!"	笑死我了就说有没有美味大餐吧哈哈哈哈哈哈哈	Funny, let's see if there's a delicious meal. Ha ha ha ha ha ha ha!	lmao just tell me if there's a feast hahahahaha
B-PYA-070	PYA	97.31	77.24	-20.07	85.78	77.60	-8.18	100	100	0	nsdd，你说得对	You're right, nsdd.	你说得对，你说得对	You're right, you're right.	nsdd you're right
B-PYA-071	PYA	58.66	47.25	-11.41	65.58	73.22	7.65	0	0	0	xswl一人血书求这个短剧拍真人版	Xswl writes a blood letter to request that this short play be adapted into a live-action version.	笑死我了一人血书求这个短剧拍真人版	I was so amused that I wrote a blood letter asking for this short play to be made into a live-action version.	lmao starting a one-person petition for a live-action version
B-PYA-072	PYA	99.38	98.70	-0.68	65.03	85.82	20.79	0	100	100	szd，这个是真的	This is really true.	是真的，这个是真的	It's true, this is true.	it's legit this is the real deal
B-PYA-073	PYA	90.06	53.97	-36.09	66.02	41.45	-24.57	100	100	0	pyq，朋友圈见	pyq, see you on WeChat Moments.	朋友圈，朋友圈见	WeChat Moments, WeChat Moments.	see you in Moments
B-PYA-074	PYA	74.49	92.46	17.98	66.42	80.66	14.24	0	0	0	这个耳朵前后的颜色变化xswl	The color change before and after the ear xswl	这个耳朵前后的颜色变化笑死我了	The color change before and after this ear is so funny.	the color change before and after this ear lmao
B-PYA-075	PYA	94.50	94.65	0.16	84.58	86.78	2.19	100	100	0	dbq，对不起我错了	DBQ, I'm sorry, I was wrong.	对不起，对不起我错了	Sorry, sorry, I'm wrong.	sry sorry I was wrong
B-PYA-076	PYA	95.93	80.32	-15.61	65.62	76.51	10.89	0	0	0	xswl皇帝的新衣	The Emperor's New Clothes	笑死我了皇帝的新衣	I was laughing so hard about the Emperor's New Clothes.	lmao emperor's new clothes
B-PYA-077	PYA	85.61	94.82	9.21	73.34	84.70	11.36	0	0	0	哈哈哈哈哈xswl	Hahaha xswl	哈哈哈哈哈笑死我了	Hahaha, I died of laughter.	hahahahaha lmao
B-PYA-078	PYA	81.25	93.05	11.80	44.06	81.92	37.86	0	0	0	真的栓Q了家人们	Seriously, I give up, folks.	真的受够了家人们	I really can't take it anymore, family.	I've really had enough, guys.
B-PYA-079	PYA	58.02	84.77	26.75	35.06	35.79	0.73	0	0	0	8u🚪什么意思	8u Door	吧友们什么意思	"""Bar friends"" or ""friends in the bar"""	tieba bros what does this mean
B-PYA-080	PYA	75.20	75.06	-0.14	72.60	58.30	-14.30	0	0	0	什么成分？xdm锐评。	What ingredients? xdm's review.	什么成分？兄弟们锐评。	What ingredients? Brothers, critique.	what's their deal? bros rate.
B-PYA-081	PYA	84.70	74.58	-10.11	46.88	49.69	2.81	0	100	100	氪金也能让各家fs满意	Spending money can satisfy all the fs.	氪金也能让各家粉丝满意	Kiting can satisfy the fans of all parties.	spending money can also satisfy every camp's fans
B-PYA-082	PYA	73.36	73.36	0.00	63.97	61.74	-2.23	0	0	0	咱姐硬生生从良子嘴里抠出3w多粉丝	Our sister managed to extract over 30,000 followers from Ryouko's mouth.	咱姐硬生生从良子嘴里抠出3万多粉丝	Our sister forced more than 30,000 followers out of Ryouko's mouth.	Our sis somehow pulled more than thirty thousand followers out of Liangzi.
B-PYA-083	PYA	72.61	76.74	4.13	67.85	58.70	-9.15	0	0	0	她俩要是有cpf这都能当谈过的证据了	If they had CPF, this could serve as evidence of having been talked about.	她俩要是有CP粉这都能当谈过的证据了	If they have CP fans, this could be proof that they've been dated.	if they had shippers this could count as dating proof
B-PYA-084	PYA	86.47	98.98	12.51	78.57	86.70	8.13	0	0	0	塔图姆NB	Tatum NB	塔图姆牛逼	Tatum is awesome.	Tatum is insane.
B-PYA-085	PYA	94.91	82.10	-12.81	67.98	69.70	1.73	0	0	0	想吃肉质Q弹的就买散养老公鸡	Buy a free-range rooster if you want meat that's tender and juicy.	想吃肉质紧实弹牙的就买散养老公鸡	Buy a free-range old rooster if you want meat that's firm and chewy.	if you want bouncy meat buy free-range rooster
B-PYA-086	PYA	96.59	98.37	1.78	70.46	71.43	0.97	0	100	100	yysy，两边都看完了	I've read both sides.	有一说一，两边都看完了	Honest to say, I've watched both sides.	To be honest, I watched both sides
B-MIX-001	MIX	93.37	73.76	-19.61	78.13	69.69	-8.44	100	0	-100	这首歌的hook太洗脑了，循环一天	The song's hook is too catchy, looping all day.	这首歌的记忆点太洗脑了，循环一天	The song's catchiness is too brainwashing, looping all day.	this song's hook is so catchy, been looping all day
B-MIX-002	MIX	95.11	84.50	-10.61	72.56	67.59	-4.97	100	0	-100	短视频前3秒就是hook，抓不住人就划走了	The first three seconds of a short video are the hook; if you can't grab people's attention, they'll swipe away.	短视频前3秒就是吸引人的部分，抓不住人就划走了	The first three seconds of a short video are the part that captures attention; if they don't grab people, they'll just swipe away.	the first 3 seconds of a short video is the hook, lose them and they scroll away
B-MIX-003	MIX	99.11	99.77	0.66	79.99	83.97	3.98	100	100	0	新专辑终于drop了，等了好久	The new album has finally dropped. I've been waiting for a long time.	新专辑终于发布了，等了好久	The new album has finally been released, after waiting for a long time.	the new album finally dropped, been waiting forever
B-MIX-004	MIX	97.48	97.05	-0.44	76.94	82.16	5.22	100	0	-100	这个品牌下周drop新款，必须抢	This brand will drop new styles next week, must grab them.	这个品牌下周推出新款，必须抢	This brand will release a new model next week; you must rush to get it.	this brand is dropping new styles next week, gotta grab them
B-MIX-005	MIX	94.29	94.44	0.14	75.23	80.00	4.77	100	0	-100	这波clutch操作直接翻盘，太牛了	This clutch move turned the game around, really impressive!	这波关键时刻的操作直接翻盘，太牛了	This critical move turned the game around, really impressive!	this clutch play turned the game around, insane
B-MIX-006	MIX	65.23	73.32	8.09	49.21	68.33	19.13	100	0	-100	决赛最后一分钟clutch绝杀	Clutch last minute winner	决赛最后一分钟关键时刻绝杀	The last minute of the final, a game-winning moment.	clutch buzzer-beater in the final minute of the finals
B-MIX-007	MIX	99.12	100.00	0.88	83.72	85.13	1.41	100	100	0	这游戏画质也就mid水平，玩法也一般	The game's graphics are just mid-level, and the gameplay is average.	这游戏画质也就一般水平，玩法也一般	The game's graphics are just average, and the gameplay is also average.	this game's graphics are just mid, gameplay is average too
B-MIX-008	MIX	93.77	78.29	-15.49	68.95	81.39	12.44	100	0	-100	这套穿搭直接slay全场	This outfit slayed the entire room.	这套穿搭直接秒杀全场	This outfit instantly steals the show.	this outfit slays the whole room
B-MIX-009	MIX	82.92	86.87	3.95	50.14	81.05	30.91	100	0	-100	王虹这波演讲直接slay	Wang Hong's speech directly slayed.	王虹这波演讲直接秒杀全场	Wang Hong's speech instantly dominated the entire audience.	Wang Hong's speech just slayed
B-MIX-010	MIX	99.57	92.62	-6.96	86.15	82.93	-3.22	100	100	0	上班就是当NPC，每天重复同样的台词	Going to work is like being an NPC, repeating the same lines every day.	上班就是当非玩家角色，每天重复同样的台词	Working is like being a non-player character, repeating the same lines every day.	going to work is being an NPC, repeating the same lines every day
B-MIX-011	MIX	97.27	91.65	-5.62	84.78	79.32	-5.46	100	0	-100	别当NPC了，做自己生活的主角	Don't be an NPC, be the protagonist of your own life.	别当非玩家角色了，做自己生活的主角	Don't be a non-player character, be the main character of your own life.	stop being an NPC, be the main character of your own life
B-MIX-012	MIX	61.36	94.18	32.82	61.21	78.24	17.03	0	100	100	i人沦为e人玩具，太真实了	i people have become e person's toy, too real.	内向者沦为外向者玩具，太真实了	Introverts become toys for extroverts, too real.	introverts becoming playthings for extroverts, too real
B-MIX-013	MIX	80.10	91.68	11.59	68.97	81.45	12.49	0	100	100	e人累了一周还要爬起来继续嗨	An e-person who's been exhausted for a week still gets up to keep having fun.	外向的人累了一周还要爬起来继续嗨	Extroverts still get up after a week of being tired to keep having fun.	extroverts have been tired all week and still have to get up and keep partying
B-MIX-014	MIX	82.03	74.24	-7.79	67.28	59.20	-8.08	100	0	-100	刻在骨子里的秀粉DNA瞬间苏醒	The innate Xiu fan DNA awakens instantly.	刻在骨子里的秀粉基因瞬间苏醒	The gene of a fan of beauty awakens instantly.	the idol fan DNA embedded in my bones instantly awakened
B-MIX-015	MIX	99.96	95.33	-4.63	84.46	84.60	0.14	100	0	-100	POV：你是最后一个知道消息的人	POV: You're the last person to know the news.	视角：你是最后一个知道消息的人	Perspective: You are the last person to know the news.	POV: you're the last person to find out
B-MIX-016	MIX	99.18	97.76	-1.42	74.32	83.82	9.50	100	0	-100	当地人真的好chill，十一点上班六点下班	The locals are really chill, working from 11 am to 6 pm.	当地人真的好悠闲放松，十一点上班六点下班	The locals are really relaxed and leisurely, starting work at 11 and leaving at 6.	the locals are so chill, starting work at 11 and off at 6
B-MIX-017	MIX	97.10	93.69	-3.41	75.54	85.71	10.17	100	0	-100	这个视频太cringe了，看不下去	This video is too cringe to watch through.	这个视频太尴尬了，看不下去	This video is too awkward; I can't watch it anymore.	this video is too cringe, can't even watch
B-MIX-018	MIX	92.96	97.52	4.55	76.90	85.69	8.79	100	100	0	这个行为好sus，不对劲	This behavior is suspicious, something's wrong.	这个行为好可疑，不对劲	This behavior is very suspicious and odd.	this behavior is so sus, something's off
B-MIX-019	MIX	87.41	92.91	5.50	75.08	84.36	9.27	0	0	0	别flex了，谁不知道你有钱	Stop showing off, who doesn't know you're rich.	别炫耀了，谁不知道你有钱	Stop showing off; who doesn't know you're rich?	stop flexing, everyone knows you're rich
B-MIX-020	MIX	98.98	98.19	-0.79	83.61	82.49	-1.12	100	100	0	这首歌被hype过头了，其实一般	This song is overhyped; it's actually average.	这首歌被炒作过头了，其实一般	This song has been overhyped; it's actually quite ordinary.	this song got way too much hype, it's actually just average
B-MIX-021	MIX	93.58	99.07	5.49	76.92	83.60	6.69	100	100	0	今天又偶遇crush了，太巧了	I met my crush again today, that's too coincidental.	今天又偶遇暗恋对象了，太巧了	I met my crush again today, what a coincidence!	ran into my crush again today, what a coincidence
B-MIX-022	MIX	76.84	95.18	18.34	60.67	83.49	22.82	0	100	100	我ship的CP终于官宣了	My CP's official announcement has been made.	我支持的情侣组合终于官宣了	The couple I support has finally officially announced their relationship.	the ship I've been rooting for finally went official
B-MIX-023	MIX	94.89	94.73	-0.16	80.19	83.57	3.38	100	100	0	作为stan我必须说偶像这次回归太棒了	As Stan, I must say the idol's return was amazing.	作为狂热粉我必须说偶像这次回归太棒了	As a die-hard fan, I must say the idol's return this time is amazing.	as a stan I gotta say the idol's comeback is amazing
B-MIX-024	MIX	97.46	98.11	0.65	81.29	80.98	-0.31	100	100	0	期待偶像的comeback，新专辑什么时候发	Looking forward to the idol's comeback, when will the new album be released?	期待偶像的回归，新专辑什么时候发	Looking forward to the idol's return, when will the new album be released?	looking forward to the idol's comeback, when's the new album dropping
B-MIX-025	MIX	93.39	92.69	-0.70	77.37	78.79	1.42	100	0	-100	这也太离谱了吧我直接emo	This is too absurd. I'm directly emo.	这也太离谱了吧我直接抑郁	This is too absurd; I'm directly depressed.	this is so outrageous I'm literally emo rn
B-MIX-026	MIX	79.58	84.55	4.97	69.67	79.57	9.91	0	0	0	看到317万年终奖我直接emo了	Seeing the 3.17 million annual bonus, I just felt down.	看到317万年终奖我直接情绪低落了	Seeing the 3.17 million annual bonus, I immediately felt down.	Seeing the 3.17 million year-end bonus, I got all emo
B-MIX-027	MIX	76.94	84.77	7.83	55.10	76.27	21.17	0	0	0	掉san了，这个太恐怖了	Dropped, that's too scary.	掉san值了，这个太恐怖了	I dropped my SAN value, this is really terrifying.	lost my sanity this is too scary bruh
B-MIX-028	MIX	82.32	87.79	5.46	71.39	74.07	2.68	100	100	0	王虹这波citywalk直接从北大走到菲尔兹奖	Wang Hong's city walk directly started from Peking University to the Fields Medal.	王虹这波城市漫步直接从北大走到菲尔兹奖	Wang Hong's city walk directly went from Peking University to the Fields Medal.	Wang Hong's citywalk took her all the way from Peking University to the Fields Medal
B-MIX-029	MIX	96.82	86.13	-10.70	70.02	76.79	6.77	100	0	-100	在上海街头随性citywalk	A casual city walk in Shanghai.	在上海街头随性城市漫步	Stroll carelessly through the streets of Shanghai.	casual city walk on Shanghai streets
B-MIX-030	MIX	90.19	90.56	0.37	79.13	78.69	-0.44	100	100	0	中国女排这vibe太强了，3比2逆转太燃	The Chinese women's volleyball team's vibe is too strong, the 3-2 comeback is so exciting.	中国女排这氛围太强了，3比2逆转太燃	The Chinese women's volleyball team's atmosphere was too strong, and the 3-2 comeback was really exciting.	China women's volleyball's vibe is so strong, the 3-2 comeback is so inspiring
B-MIX-031	MIX	94.70	91.75	-2.95	73.84	74.76	0.92	100	0	-100	这番属于ACGN圈的经典之作了	This is a classic work in the ACGN circle.	这番属于动漫游文圈的经典之作了	This is a classic work in the anime, manga, and game circles.	this anime is a classic in the ACGN circle
B-MIX-032	MIX	89.28	92.27	2.98	72.21	66.84	-5.37	0	0	0	50亿离婚案这drama程度堪比韩剧	This 5000 million divorce case is as dramatic as a Korean drama.	50亿离婚案这戏剧性程度堪比韩剧	This divorce case is as dramatic as a Korean drama.	The drama level of the 5 billion divorce case rivals a Korean drama
B-MIX-033	MIX	96.55	95.88	-0.67	68.80	77.20	8.40	100	0	-100	今日OOTD分享	Today's OOTD share	今日穿搭分享	Today's outfit sharing	today's OOTD drop
B-MIX-034	MIX	62.76	87.48	24.71	63.44	72.91	9.47	100	100	0	赛里木湖这波操作太low了，景区管理丢人	This operation of Sairem Lake is too low, the scenic area management is disgraceful.	赛里木湖这波操作太低级了，景区管理丢人	This operation of Sairem Lake is too low-level, and the scenic area management is disgraceful.	Sarim Lake's move this time is too low-class, scenic area management is embarrassing
B-MIX-035	MIX	99.12	99.89	0.77	82.84	82.10	-0.74	100	0	-100	OMG这也太好看了	OMG This is too beautiful.	我的天这也太好看了	My god, this is too beautiful.	OMG this looks so good
B-MIX-036	MIX	87.68	88.47	0.79	54.32	62.69	8.37	0	0	0	腾讯这波泄密事件直接social death了	Tencent's leak incident directly caused social death.	腾讯这波泄密事件直接社会性死亡了	Tencent's leak incident caused a social death.	Tencent's leak incident this time resulted in total social suicide
B-MIX-037	MIX	96.51	94.52	-1.99	83.60	81.59	-2.02	100	0	-100	这游戏全DLC都买了，花了好几百	I've bought all the DLCs for this game and spent hundreds of dollars.	这游戏全可下载内容都买了，花了好几百	I've bought all the downloadable content for this game and spent hundreds of dollars.	bought all the DLC spent several hundred
B-MIX-038	MIX	83.35	84.04	0.68	66.45	73.65	7.19	0	0	0	显卡涨价涨成这样，简直是price离谱	Graphics card prices have risen to such an extent that it's really price gouging.	显卡涨价涨成这样，简直是价格离谱	Graphics card prices have risen to such an extent that it's really price-gouging.	GPU prices going up this much, the price is just outrageous
B-MIX-039	MIX	99.12	81.98	-17.14	80.37	84.23	3.86	100	0	-100	这个GMV变高了	This GMV has increased.	这个商品交易总额变高了	The total value of this commodity trade has increased.	this GMV went up
B-MIX-040	MIX	95.97	93.46	-2.51	75.15	74.17	-0.98	0	0	0	过度分享这件事真的太trigger了，边界感很重要	Sharing too much really triggers people, and boundaries are important.	过度分享这件事真的太触发了，边界感很重要	Sharing too much really triggers me, and boundaries are important.	Oversharing is really triggering. Boundaries matter.
B-MIX-041	MIX	95.05	95.94	0.89	81.84	79.06	-2.78	100	100	0	这个meme太火了	This meme is too popular.	这个梗太火了	This meme is too popular.	this meme is too fire lol
B-MIX-042	MIX	91.86	92.31	0.45	74.36	73.55	-0.82	100	100	0	陈哲远在密逃里的reaction太搞笑了	"Chen Zheyuan's reaction in ""Mystery Escape"" is too funny."	陈哲远在密逃里的反应太搞笑了	"Chen Zheyuan's reaction in ""Mystery Escape"" is too funny."	Chen Zheyuan's reaction in the escape room show is too funny
B-MIX-043	MIX	95.84	81.00	-14.84	71.37	76.42	5.05	100	0	-100	用来换做成AGI的概率	The probability of being converted into AGI	用来换做成通用人工智能的概率	The probability of being converted into a general artificial intelligence.	probability of achieving AGI
B-MIX-044	MIX	87.77	88.30	0.53	76.19	80.27	4.09	0	0	0	50亿离婚案这个level太高了，普通人理解不了	This 50 billion divorce case is way beyond ordinary people's understanding.	50亿离婚案这个级别太高了，普通人理解不了	This 500 million divorce case is too high for ordinary people to understand.	The level of the 5 billion divorce case is too high, ordinary people can't understand
B-MIX-045	MIX	88.30	92.25	3.94	68.79	69.02	0.24	100	0	-100	cosplay得很好，很像	cosplay well, very similar	角色扮演得很好，很像	He played the role very well, very much like	cosplay done right looks so similar
B-MIX-046	MIX	97.29	96.89	-0.40	81.68	81.84	0.15	100	100	0	这个app一到发售就崩	This app crashes right when it's released.	这个应用一到发售就崩	This app crashes right from the moment it's released.	this app crashes every launch
B-MIX-047	MIX	96.25	98.84	2.59	74.77	85.42	10.65	0	0	0	这个角色太OP了	This character is too OP.	这个角色太强了	This character is too strong.	this character is way too overpowered
B-MIX-048	MIX	80.36	77.10	-3.25	74.30	76.02	1.72	100	100	0	lpl历史上有像清算48同样力度的清算吗？	Has there ever been a liquidation of the same intensity as the 48 in the history of LPL?	LPL历史上有像清算48同样力度的清算吗？	Has there ever been a liquidation of the same magnitude as the 48 in the history of LPL?	has there ever been a reckoning as hard as '48' in LPL history?
B-MIX-049	MIX	89.14	84.42	-4.72	84.03	72.59	-11.44	0	0	0	加个buff，变得更强	Add a buff, become stronger.	加个增益，变得更强	Add a gain, become stronger.	add a power-up get stronger ez
B-MIX-050	MIX	100.00	98.24	-1.76	85.25	83.42	-1.83	100	0	-100	这个logo设计得好	This logo is designed well.	这个品牌标识设计得好	This brand identity design is good.	this logo is well designed
B-MIX-051	MIX	83.52	89.39	5.88	58.76	81.91	23.14	100	0	-100	被nerf了，变弱了	Nerfed, weakened.	被削弱了，变弱了	have been weakened, have become weaker	got nerfed got weaker smh
B-MIX-052	MIX	97.02	97.37	0.35	82.73	83.69	0.96	0	0	0	我刚才去打apex了	I just went to play Apex.	我刚才去打Apex了	I just went to play Apex.	just went to play Apex
B-MIX-053	MIX	97.22	99.96	2.75	81.80	84.01	2.20	100	100	0	GDP十强省份变了	Top 10 Provinces by GDP Have Changed	国内生产总值十强省份变了	The top ten provinces by GDP have changed.	GDP top 10 provinces changed
B-MIX-054	MIX	90.70	87.12	-3.58	56.36	84.38	28.02	0	0	0	GG了，完了	GGed, it's over.	完了，完了	Done, done.	It's game over, we're done for.
B-MIX-055	MIX	86.50	79.39	-7.11	53.01	52.06	-0.96	0	0	0	就是在cp里吃瓜	Just watching the drama in the CP.	就是在搭档组合里吃瓜	Just watching the match as part of the doubles team.	just watching the drama in the ship
B-MIX-056	MIX	75.64	98.02	22.38	74.83	61.95	-12.88	0	100	100	图样森破，你太天真了	The drawing is broken, you're too naive.	Too young too simple，你太天真了	Too young, too simple. You're too naive.	too young too simple you're too naive
B-MIX-057	MIX	99.28	98.87	-0.41	85.34	83.37	-1.97	100	0	-100	这个AI太厉害了	This AI is too powerful.	这个人工智能太厉害了	This artificial intelligence is too powerful.	this AI is way too OP fr
B-MIX-058	MIX	75.58	28.96	-46.62	39.66	39.83	0.17	100	0	-100	carry全场，带飞	carry the whole field, carry the team	带飞全场，带飞	Take the game to the finish line, take the game.	carrying the whole squad what a carry
B-MIX-059	MIX	98.78	96.32	-2.46	84.07	83.64	-0.44	100	0	-100	她学的是泰语又不是IT	She studied Thai, not IT.	她学的是泰语又不是信息技术	She studied Thai, not information technology.	she studies Thai not IT
B-MIX-060	MIX	96.01	94.31	-1.70	79.83	73.04	-6.79	100	0	-100	VIP通道真快	VIP channel is really fast.	贵宾通道真快	Priority lane is really fast.	VIP lane is so fast
B-MIX-061	MIX	92.64	74.61	-18.04	63.59	57.01	-6.59	100	0	-100	solo一下，单挑	Solo, one-on-one.	单挑一下，单挑	One-on-one, one-on-one.	solo it 1v1 me bro
B-MIX-062	MIX	98.58	100.00	1.42	80.95	84.47	3.52	0	0	0	这个PK谁赢了	Who won the PK?	这个对决谁赢了	Who won the match?	who won this duel
B-MIX-063	MIX	54.22	45.66	-8.56	57.00	57.80	0.81	100	0	-100	因凡蒂诺和FIFA演都不演了，这是纯把梅西世界杯金球奖给抢劫了	Because both Inter Miami and FIFA have pulled out, this is purely stealing the World Cup Golden Ball from Messi.	因凡蒂诺和国际足联演都不演了，这是纯把梅西世界杯金球奖给抢劫了	Because both Interpol and the International Football Association have stopped performing, this is purely stealing the World Cup Golden Ball from Messi.	Infantino and FIFA aren't even hiding it anymore straight up robbed Messi of the World Cup Golden Ball
B-MIX-064	MIX	97.48	97.81	0.33	85.12	84.40	-0.72	100	100	0	做个SPA放松一下	Take a spa break to relax.	做个水疗放松一下	Relax with a spa treatment.	getting a spa to relax
B-MIX-065	MIX	94.83	86.09	-8.74	82.02	49.02	-33.00	100	0	-100	这个DJ太嗨了	This DJ is too wild.	这个唱片骑师太嗨了	This record player is too hot.	this DJ is too lit
B-MIX-066	MIX	81.37	83.32	1.95	62.78	62.99	0.21	0	0	0	Rush E 朗朗PK街头钢琴家	Rush E vs. the Street Pianist	Rush E 朗朗对决街头钢琴家	Rush E vs. the Street Pianist	Rush E Lang Lang versus street pianist
B-MIX-067	MIX	79.73	71.55	-8.19	74.90	67.50	-7.41	0	100	100	这动漫OP太好听了，循环播放	This anime OP is too catchy, looping playback.	这动漫片头曲太好听了，循环播放	This anime opening theme song is too good, looping it.	this anime opening slaps on loop
B-MIX-068	MIX	97.44	96.77	-0.67	83.82	83.91	0.09	100	0	-100	买个iPad记笔记	Buy an iPad to take notes.	买个平板电脑记笔记	Buy a tablet computer to take notes.	getting an iPad for notes
B-MIX-069	MIX	79.19	84.97	5.77	66.06	66.85	0.79	0	100	100	抖音的bgm怎么突然变得那么难听了到处都是想问问你敢不敢还有那天我经过一片花园	Why did the BGM on Douyin suddenly become so bad? It's everywhere. I wonder if you dare. There was a day when I passed through a garden.	抖音的背景音乐怎么突然变得那么难听了到处都是想问问你敢不敢还有那天我经过一片花园	Why did the background music on Douyin suddenly become so bad? It's everywhere. I wonder if you dare. There was a day when I passed through a garden.	why has Douyin's background music gotten so bad everywhere it's either 'I Want to Ask If You Dare' or 'That Day I Passed a Garden'
B-MIX-070	MIX	96.91	97.80	0.90	80.60	78.51	-2.09	0	0	0	这个PPT做得好	This PPT is done well.	这个演示文稿做得好	This presentation is done well.	this PowerPoint is well made
B-MIX-071	MIX	59.18	77.13	17.95	38.55	69.60	31.05	0	0	0	法法这期ooc了吧	Is this OOC?	法法这期脱离扮演角色了吧	Fafa, are you going to step out of your role this time?	Fafa was so out of character this episode bruh
B-MIX-072	MIX	85.96	88.34	2.38	77.00	79.99	2.99	0	100	100	3.5h通关	3.5h通关	3.5小时通关	3.5 hours to clear	beat the game in 3.5 hours
B-MIX-073	MIX	87.47	90.25	2.78	58.61	60.10	1.49	0	0	0	这个ins风好看	This ins style is nice.	这个网红风好看	This trendy look is nice.	this Instagram aesthetic looks good
B-MIX-074	MIX	78.57	92.01	13.44	51.35	81.80	30.45	0	0	0	我的文化水平belike	My educational level is probably.	我的文化水平就像这样	My cultural level is like this.	my education level be like lmao
B-MIX-075	MIX	91.22	98.74	7.52	75.08	81.17	6.09	100	100	0	来杯matcha	Have a matcha.	来杯抹茶	A cup of matcha.	a cup of matcha
B-MIX-076	MIX	97.72	99.61	1.88	76.58	84.01	7.43	0	0	0	店员花一秒钟get到你的意思了	The clerk got the meaning in a second.	店员花一秒钟理解到你的意思了	The clerk understood your meaning in a second.	the clerk took one second to get your meaning
B-MIX-077	MIX	99.94	95.92	-4.02	83.89	79.64	-4.25	100	0	-100	这个vlog拍得好	This vlog is well shot.	这个视频博客拍得好	This video blog is well shot.	this vlog is well shot
B-MIX-078	MIX	90.06	86.61	-3.45	62.21	76.02	13.81	0	0	0	学习上problem不能发作	Study problems cannot occur.	学习上问题不能发作	Learning problems cannot occur.	can't let the issue flare up during studying
B-MIX-079	MIX	71.83	67.66	-4.16	67.37	68.14	0.78	0	0	0	好久没有笑的这么开心了，必须收藏起来emo了再看	I've been so happy laughing for a long time, I must save it to watch again when I'm in a down mood.	好久没有笑的这么开心了，必须收藏起来抑郁了再看	I've been so happy laughing for a long time, I must save it to watch again when I'm depressed.	haven't laughed this hard in ages saving it to watch when I'm feeling down fr
B-MIX-080	MIX	92.71	86.98	-5.74	80.62	75.05	-5.57	100	100	0	cult导演后悔道剧组没有你	The director of the cult film regretted that the cast didn't include you.	邪典导演后悔道剧组没有你	The cult director regretted that the crew didn't have you.	cult director regrets not having you on set
B-MIX-081	MIX	55.63	58.50	2.86	58.68	63.64	4.96	0	0	0	从技术舞美上讲是挺牛，但从意识上讲buff快叠满了	Technically it's pretty cool, but in terms of awareness, the buffs are about to stack up.	从技术舞美上讲是挺牛，但从意识上讲增益快叠满了	Technically it's quite impressive, but in terms of awareness, the gains have stacked up too much.	technically the stage design is pretty sick but ideologically the power-ups are almost fully stacked
B-MIX-082	MIX	69.21	71.60	2.38	72.33	77.59	5.26	100	100	0	上了初中就开始恶化了，甚至游戏也会拖一会儿再启动，作业拖到ddl就算是期末周也学不进去	It started getting worse in middle school, even games would lag and take a while to start, and even if you procrastinate on homework until the deadline, you can't study during the final week.	上了初中就开始恶化了，甚至游戏也会拖一会儿再启动，作业拖到截止日期就算是期末周也学不进去	It started getting worse in middle school, even games would take a while to start, and even during final week, you couldn't study for homework until the deadline.	middle school hit different even games I delay homework till deadline even in finals week can't focus smh
B-MIX-083	MIX	89.88	95.25	5.37	65.59	76.03	10.43	0	100	100	ddl就在眼前了还在摆烂	DDL is right around the corner, and you're still slacking off.	截止日期就在眼前了还在摆烂	The deadline is right around the corner, and you're still slacking off.	deadline is right there and you're still slacking
B-MIX-084	MIX	99.78	78.96	-20.82	80.54	78.52	-2.02	100	0	-100	asmr助眠真的有用吗	Does ASMR help with sleep?	自发性知觉经络反应助眠真的有用吗	Is the spontaneous perception of meridians helpful for sleep?	does ASMR for sleep actually work
B-MIX-085	MIX	93.42	91.88	-1.54	70.42	67.71	-2.70	100	100	0	超mean老奶一般是英语老师	Super mean old lady is usually an English teacher.	超刻薄老奶一般是英语老师	A harsh old lady is usually an English teacher.	Super mean old ladies are usually English teachers
B-MIX-086	MIX	86.95	95.46	8.50	62.43	79.26	16.83	0	0	0	绝对音感的正确用法belike	The correct usage of absolute pitch is like.	绝对音感的正确用法是这样	The correct way to use absolute pitch is like this.	The correct usage of absolute pitch be like
B-HOM-096	HOM	92.50	88.08	-4.42	62.85	74.27	11.41	100	100	0	孩好像真的很困了，但是一直被麻麻薅过来薅过去配合拍视频	The kid seems really tired, but keeps being pulled around by mom to cooperate with filming.	孩好像真的很困了，但是一直被妈妈薅过来薅过去配合拍视频	The kid seems really tired, but is constantly being pulled over and over by the mom to cooperate with filming videos.	the kid really seems sleepy, but keeps getting dragged back and forth by mom to pose for the video
B-HOM-097	HOM	61.83	85.45	23.62	50.68	72.62	21.94	0	0	0	哈哈哈哈哈，不好意思哈哈哈哈哈没崩住	Ha ha ha ha ha, sorry ha ha ha ha ha didn't break.	哈哈哈哈哈，不好意思哈哈哈哈哈没绷住	Ha ha ha ha ha, sorry ha ha ha ha ha, I couldn't hold it in.	hahaha, sorry hahaha I couldn't hold it together
B-HOM-098	HOM	97.72	97.56	-0.16	81.37	80.17	-1.20	0	0	0	淦，忘记原版了，有谁能补一下？	Oh, I forgot the original version. Can someone help me out?	干，忘记原版了，有谁能补一下？	Darn, I forgot the original. Can someone help me out?	damn, I forgot the original, can anyone fill it in?
B-HOM-099	HOM	70.11	54.78	-15.32	59.12	52.52	-6.60	0	0	0	你们要是给我炮儿玩似了我看什么啊	If you treat me like a toy, what am I going to do?	你们要是给我炮儿玩死了我看什么啊	What would I do if you all killed me with your guns?	if you guys play my Pao'er to death, what am I supposed to watch?
B-PYA-087	PYA	81.22	90.41	9.19	68.49	76.47	7.99	0	0	0	快别TM说了，抓紧睡半个钟头，不然去早餐店要迟到了	Don't TM talk, grab a half-hour sleep, otherwise you'll be late for breakfast.	快别他妈说了，抓紧睡半个钟头，不然去早餐店要迟到了	Shut up, grab a half-hour's sleep, otherwise you'll be late for breakfast.	stop freaking talking and grab half an hour of sleep, or you'll be late for the breakfast shop
B-NEO-087	NEO	96.99	94.27	-2.72	84.92	83.99	-0.93	0	0	0	某种意义上来看他也是个神人	In a certain sense, he is also a divine being.	某种意义上来看他也是个行为离谱的人	In a certain sense, he is also a person with erratic behavior.	in a certain sense he's also an absolute character
B-NEO-088	NEO	71.79	75.47	3.68	65.57	60.90	-4.67	0	100	100	我都不知道出新图了，作业自己跑我脸上了	I didn't even know new pictures were coming out, and the homework has run onto my face.	我都不知道出新图了，攻略自己跑我脸上了	I didn't even know new pictures were coming out, the guide is going to run over my face.	I didn't even know a new stage was out, and the guide just ran right into my face
B-NEO-089	NEO	83.10	95.85	12.75	79.80	80.91	1.11	0	0	0	无论从哪个层面来看，都是吊炸了	No matter from which level you look, it's absolutely amazing.	无论从哪个层面来看，都是厉害极了	No matter which level you look at, it's absolutely amazing.	no matter how you look at it, it's insanely awesome
B-NEO-090	NEO	74.10	95.52	21.42	64.85	79.93	15.08	0	0	0	应该是的，不然怎么会气到把国粹给说出来了	It should be, otherwise how could it anger someone to bring up the national treasure?	应该是的，不然怎么会气到把脏话给说出来了	It should be, otherwise how would he get so angry and say such rude words?	must be, otherwise how would he get so angry that the swear words came out
B-NEO-091	NEO	63.31	80.39	17.09	62.73	74.56	11.83	0	0	0	说个冷知识，来俊臣的父亲名叫来操，是个挺生草的名字	Here's a cold fact: Liu Chucheng's father was named Liu Cao, which is a rather common Chinese name.	说个冷知识，来俊臣的父亲名叫来操，是个挺搞笑的名字	Here's a cold fact: Liu Chucheng's father was named Liu Cao, which is a pretty funny name.	fun fact: Lai Junchen's father was named Lai Cao, which is a pretty hilarious name
B-NEO-092	NEO	77.87	84.14	6.27	67.44	76.15	8.71	0	0	0	他不是好了，而是知道自己要凉了	He isn't better, but he knows he's about to die.	他不是好了，而是知道自己要完蛋了	He isn't better; he knows he's going to die.	he's not better, he just knows he's done for
B-NEO-093	NEO	81.52	78.46	-3.05	54.02	57.28	3.26	0	0	0	置顶评论官方链接是淘宝就知道成分了	The official link for pinned comments is known to Taobao.	置顶评论官方链接是淘宝就知道背景了	The official link for pinned comments is known because it's Taobao.	the pinned official link is Taobao, that alone tells you what they're really about
B-NEO-094	NEO	78.89	90.94	12.05	56.89	77.83	20.93	0	0	0	逆天。。我现在开车老走错路	Reverse the world. I often take the wrong roads when driving.	离谱。。我现在开车老走错路	Crazy. I keep taking the wrong roads while driving.	wild… I keep taking wrong turns when driving now
B-MIX-087	MIX	65.20	48.90	-16.30	46.50	45.15	-1.35	100	0	-100	发现没火的作者belike	Found the author without fire, belike.	发现没火的作者就是这样	Find the author who hasn't found fire.	discovering an underrated creator be like
B-MIX-088	MIX	86.82	75.05	-11.77	70.56	71.05	0.49	0	100	100	第一次尝试做这么长的动画 感觉k帧速度有所提升绝宝二周年快乐!	First time trying to make such a long animation, the K-frame speed has improved. Happy 2nd anniversary!	第一次尝试做这么长的动画 感觉打关键帧速度有所提升绝宝二周年快乐!	First time trying to make such a long animation, the keyframe speed feels improved. Happy 2nd anniversary, Absolute!	first time making such a long animation, my keyframing speed has improved — happy 2nd anniversary Juebao!
B-MIX-089	MIX	85.10	84.59	-0.51	68.65	73.52	4.87	100	100	0	或许它真的是福利最好的fps	Perhaps it's really the best fps in terms of welfare.	或许它真的是福利最好的第一人称射击游戏	Perhaps it is truly the best first-person shooter with the best welfare.	maybe it really is the FPS with the best freebies
B-MIX-090	MIX	91.08	93.99	2.91	72.34	71.67	-0.67	0	100	100	杨博文四代唯一C位队长	Yang Bowen, the sole captain in four generations.	杨博文四代唯一中心位队长	Yang Bowen, the only center position captain in four generations.	Yang Bowen, Gen 4's only center-position captain
B-HOM-100	NEO	55.10	50.91	-4.19	65.17	75.94	10.77	100	100	0	明显，队友大概率寄了，和上司有关，但扳机似乎记忆出现问题，咬死队友还活着，变相保护了上司，所以被上司放了	Clearly, the teammate is likely dead, related to the superior, but the trigger seems to have memory issues, insisting the teammate is still alive, indirectly protecting the superior, so he was let go by the superior.	明显，队友大概率死了，和上司有关，但扳机似乎记忆出现问题，咬死队友还活着，变相保护了上司，所以被上司放了	Clearly, the teammate is likely dead, related to the superior, but the trigger seems to have memory issues, biting the teammate who is still alive, indirectly protecting the superior, so he was let go.	clearly the teammate is most likely dead and the boss is involved, but Trigger's memory seems broken — she insists the teammate is alive, which indirectly shielded the boss, so the boss let her go
B-HOM-101	HOM	54.01	62.63	8.62	70.38	76.41	6.03	0	100	100	怪兽：我已经破坏掉了你所有能获取光的办法，看你还怎么变身 迪迦：你钱包的钱还有多少？ 怪兽：全花光了 迪迦：恰！	Monster: I've destroyed all the ways you can get light. See how you can transform now, Oodas. Oodas: How much money do you have left? Monster: All of it. Oodas: Hey!	怪兽：我已经破坏掉了你所有能获取光的办法，看你还怎么变身 迪迦：你钱包的钱还有多少？ 怪兽：全花光了 迪迦：吃！	Monster: I've destroyed all the ways you can get light. See how you can transform now. Gosei: How much money do you have left? Monster: All of it. Gosei: Eat!	Monster: I've destroyed every way you could gather light, let's see you transform now. Tiga: How much money is left in your wallet? Monster: All spent. Tiga: Nom!
B-HOM-102	HOM	54.72	67.56	12.84	68.33	74.44	6.12	0	100	100	人定不了天，一切的一切还是按照历史轨迹走，我记得是三段历史走向，猪脚心累了	Man cannot decide the heavens; everything is still following the historical trajectory. I remember it was three historical directions. The pork foot is tired.	人定不了天，一切的一切还是按照历史轨迹走，我记得是三段历史走向，主角心累了	Man cannot decide the heavens; everything everything still follows the historical trajectory. I remember it was three historical directions, and the protagonist is tired.	man can't defy heaven, everything still follows the track of history — I remember there were three historical branches, and the protagonist is exhausted
B-HOM-103	HOM	80.39	86.24	5.85	68.01	67.79	-0.22	0	0	0	笑成猪头最好笑是因为！！！我本来就觉得很好笑哈哈哈，看到这个蚌不住了！！！	The funniest part is that it's so funny because!!! I already thought it was funny haha, seeing this makes me burst out laughing!!!	笑成猪头最好笑是因为！！！我本来就觉得很好笑哈哈哈，看到这个绷不住了！！！	The funniest part is that it's so funny because!!! I already found it hilarious haha, seeing this I can't hold back anymore!!!	the pig-head laugh is the funniest because!!! I already found it hilarious hahaha, and seeing this I just lost it!!!
B-HOM-104	HOM	82.76	84.10	1.34	78.23	75.11	-3.12	0	100	100	真旅行青蛙！  去哪了 会给麻麻带明信片回来  真好	Real travel frog! Where are you going? Will you bring a postcard back for Mama? It's so nice.	真旅行青蛙！  去哪了 会给妈妈带明信片回来  真好	Real travel frog! Where are you going? Bringing a postcard back for mom is really nice.	a real Travel Frog! wherever it goes, it brings postcards back for mom — so sweet
B-HOM-105	HOM	83.51	83.06	-0.45	75.08	77.66	2.58	100	100	0	兄dei，这么好的猪 你舍得一次性吃完吗（于谦声）	Bro, such a good pig, would you be willing to eat it all at once? (Yuan Qian's voice)	兄弟，这么好的猪 你舍得一次性吃完吗（于谦声）	Brother, would you be willing to eat this good pig all at once? (Yuan Qian's voice)	bro, such a fine pig — could you really bear to eat it all in one go? (in Yu Qian's voice)
B-HOM-106	NEO	47.28	54.14	6.87	74.03	67.34	-6.69	0	100	100	这高达味怎么这么重啊，真的是百合拯救了萝卜？	How can this taste be so strong? Is it really the lily that saved the radish?	这高达味怎么这么重啊，真的是百合拯救了机器人？	How can this Gao taste so strong? Is it really the lily that saved the robot?	why does this feel so much like Gundam — did yuri really save the mecha genre?
B-HOM-107	HOM	94.46	94.19	-0.27	77.21	74.33	-2.87	0	0	0	淦，为什么要让我凌晨刷到，睡不着觉了()	Oh, why did I have to see it at midnight? I can't sleep anymore.	干，为什么要让我凌晨刷到，睡不着觉了()	Darn, why did I have to see it at midnight, now I can't sleep.	damn, why did I have to scroll onto this in the middle of the night, now I can't sleep ()
B-HOM-108	HOM	95.63	96.00	0.37	81.80	85.30	3.50	0	100	100	免责声明，此为系统自动播放，与我无瓜	Disclaimer: This is an automatic playback, and I have no involvement in it.	免责声明，此为系统自动播放，与我无关	Disclaimer: This is an automatic playback, and I have nothing to do with it.	disclaimer: this was autoplayed by the system, nothing to do with me
B-HOM-109	HOM	82.80	85.43	2.62	56.98	61.07	4.10	100	100	0	又第一了 带领兄弟萌再冲一次～～～～	Once again, leading the brotherly cuties to another surge! 😄	又第一了 带领兄弟们再冲一次～～～～	Once again, leading the brothers for another go! 😄	number one again — leading the bros for one more charge~~~~
B-HOM-110	HOM	42.96	89.52	46.57	43.01	61.97	18.95	0	100	100	预计会火，火钳刘明	Expected to go viral, Liu Ming the Fire钳.	预计会火，火前留名	Expected to go viral, leave your name before it goes viral.	this is going to blow up, leaving my name here before it does
B-HOM-111	HOM	39.95	57.50	17.55	53.75	51.59	-2.16	0	0	0	扳机歪了，前来还怨	The trigger is crooked, coming to blame.	扳机歪了，前来还愿	The trigger is out of alignment, coming to make offerings.	my pull for Trigger went off-banner — here to repay my vow
B-HOM-112	HOM	83.71	95.99	12.28	60.91	82.68	21.78	0	0	0	梅森：这我可太熟辣！	Mason: This is way too spicy!	梅森：这我可太熟啦！	Mason: I'm too familiar with this!	Mason: now this I know all too well!
B-HOM-114	HOM	92.80	94.32	1.52	78.70	81.15	2.45	0	0	0	我不行了我笑得要噶了	I can't take it anymore, I'm laughing so hard I'm about to burst.	我不行了我笑得要挂了	I can't take it anymore; I'm about to burst into laughter.	I can't take it, I'm about to die laughing
B-HOM-115	HOM	92.81	86.31	-6.50	65.54	73.16	7.62	0	0	0	活到老学到老,似了也要学习	Live and learn until you die, even when you seem to have learned enough.	活到老学到老,死了也要学习	Live to learn, learn even after death.	live and learn — keep studying even when you're dead
B-HOM-116	HOM	68.48	80.79	12.32	53.93	60.19	6.26	0	0	0	太好辣，是拐杖星人，我们没救了	Too spicy, it's a stick person, we're doomed.	太好啦，是拐杖星人，我们没救了	Great, it's a cane person, we're doomed.	oh great, it's the crutch alien, we're doomed
B-HOM-117	HOM	67.98	67.33	-0.65	56.58	50.45	-6.12	0	0	0	老八胃大，无需多盐	The old eight stomachs are big, no need for extra salt.	老八胃大，无需多言	The Eight Great Stomachs are large, no need to say more.	Laoba has a big stomach — no more words needed
B-HOM-118	HOM	95.31	97.32	2.01	55.25	84.44	29.19	0	0	0	雾草这幕太美了	The scene is too beautiful.	卧槽这幕太美了	Man, this scene is so beautiful.	holy crap this scene is gorgeous
B-HOM-119	NEO	88.44	99.76	11.31	61.01	84.64	23.63	0	100	100	欧内该，我什么都愿意做	Ou ne, I would do anything.	拜托了，我什么都愿意做	Please, I'll do anything.	please, I'll do anything
B-HOM-120	HOM	88.40	88.58	0.18	47.67	49.74	2.07	100	100	0	果然混元是个妹纸	Indeed, Humin is a girl.	果然混元是个妹子	Indeed, Humin is a girl.	so Hunyuan really is a girl after all
B-HOM-121	HOM	68.53	79.42	10.89	72.87	53.47	-19.41	0	0	0	年轻人不讲武德！耗子尾汁	Young people don't have morals! Rat's tail juice.	年轻人不讲武德！好自为之	Young people don't know honor! Take care!	young people have no martial virtue! you'd better behave yourselves
B-HOM-122	HOM	67.96	76.41	8.45	56.30	63.05	6.75	0	0	0	官方踏马自黑，这下别人黑不了了	Officially admitting mistakes, now others can't criticize them anymore.	官方他妈自黑，这下别人黑不了了	The official is self-criticizing, so others can't criticize anymore.	the officials are freaking roasting themselves, now nobody else can roast them
B-HOM-123	HOM	92.14	95.05	2.91	62.59	74.64	12.04	0	0	0	这俩老男人的沙雕人生	This pair of old men's silly life.	这俩老男人的傻屌人生	These two old men's stupid lives.	the goofball life of these two old guys
B-HOM-124	HOM	76.13	92.96	16.83	67.22	74.17	6.95	0	100	100	被天使蚊过的嗓子	A sore throat from being bitten by a angel mosquito.	被天使吻过的嗓子	The throat kissed by an angel	a voice kissed by an angel
B-HOM-125	HOM	97.85	98.64	0.79	62.75	79.20	16.45	100	100	0	上一个视频就是不讲内个	The last video just doesn't talk about that.	上一个视频就是不讲那个	The last video just doesn't talk about that.	the last video just wouldn't talk about that
B-HOM-127	HOM	75.66	93.94	18.28	38.17	61.29	23.12	0	100	100	可以四了这游戏	Can four this game.	可以死了这游戏	You can die in this game.	this game can just die already
B-HOM-128	HOM	90.08	82.97	-7.11	48.36	74.75	26.39	100	100	0	全体欣赏阴乐	Appreciate the dark music.	全体欣赏音乐	Appreciate the music as a whole.	everyone, enjoy the music
B-HOM-129	HOM	47.60	34.08	-13.51	39.57	36.31	-3.26	0	0	0	锁呐区甲亢哥	Thyroid patients in the Lock neighborhood.	唢呐区甲亢哥	The sound of the horsehead fiddle in the area of hyperthyroidism.	suona-section Speed
B-HOM-130	HOM	88.61	97.78	9.17	81.50	82.84	1.35	0	0	0	哎你怎么似了	Hey, how are you?	哎你怎么死了	Hey, how did you die?	hey, how come you died
B-HOM-131	HOM	73.14	90.46	17.33	64.77	78.44	13.67	0	100	100	密码的，很久没笑得这么无语了	The password, I've never laughed so helplessly before.	妈的，很久没笑得这么无语了	Damn, I've never laughed so stupidly for so long.	damn, it's been ages since I laughed this speechlessly
B-PYA-088	PYA	90.49	93.88	3.40	75.03	76.66	1.63	0	0	0	不是，我TM哪来的教材，你在逗我呢	No, I TM don't have any textbooks, are you kidding me?	不是，我他妈哪来的教材，你在逗我呢	No, I don't have any textbooks, you're joking, right?	wait, where the hell would I get a textbook, are you kidding me
B-PYA-089	PYA	94.94	98.94	4.00	80.97	82.92	1.95	0	100	100	md，这军方也这么乱，难怪市民们这么乐观，哈哈	MD, the military is also so chaotic, so it's no wonder the citizens are so optimistic, haha.	妈的，这军方也这么乱，难怪市民们这么乐观，哈哈	Damn, the military is also so chaotic, that's why the citizens are so optimistic, haha.	damn, even the military is this chaotic, no wonder the citizens are so optimistic, haha
B-PYA-090	PYA	89.84	92.43	2.59	73.30	77.52	4.21	0	0	0	wc我想要高斯裤子的链接，真的好帅	I want the link for Gaussian pants, they are really cool.	卧槽我想要高斯裤子的链接，真的好帅	Holy cow, I want the link to Gauss pants, they are really cool.	whoa I want the link to Gauss's pants, they look so cool
B-PYA-091	PYA	89.42	86.82	-2.60	50.43	75.33	24.90	100	0	-100	WC，这都能被发现啊	What could be discovered like this?	卧槽，这都能被发现啊	Man, this could even be discovered.	whoa, even this got noticed
B-PYA-092	PYA	97.25	99.94	2.69	84.25	84.30	0.04	0	0	0	woc太萌了	Woc is too cute.	卧槽太萌了	Man, that's too cute.	omg so cute
B-PYA-093	PYA	72.98	74.99	2.01	52.99	65.58	12.59	0	100	100	dbq小啵有点像触电了	DBQ Xiao Bo is a bit like getting shocked.	对不起小啵有点像触电了	Sorry, Xiao Bo, I feel like I've been shocked.	sorry but Xiaobo kind of looks electrocuted
B-PYA-094	PYA	89.30	96.90	7.59	80.13	83.40	3.27	0	0	0	无线能源是基于无线水的原理吗？(bushi)	Is wireless energy based on the principle of wireless water? (bushi)	无线能源是基于无线水的原理吗？(不是)	Is wireless energy based on the principle of wireless water? (No)	is wireless energy based on the principle of wireless water? (jk)
B-PYA-095	PYA	93.08	93.48	0.40	80.18	69.89	-10.29	0	0	0	光明，赐予我力量（bushi）	Light, grant me strength (bushi).	光明，赐予我力量（不是）	Light, grant me strength (not).	light, grant me power (jk)
B-PYA-096	PYA	93.19	97.13	3.94	79.34	80.53	1.19	0	0	0	这么说我才发现字幕不是视频自带的hhhh	So I realized the subtitles aren't built into the video hhhhh	这么说我才发现字幕不是视频自带的哈哈哈哈	So I realized the subtitles aren't built into the video, haha!	now that you mention it, I just realized the subtitles aren't part of the video hahaha
B-PYA-097	PYA	80.90	85.23	4.33	70.56	73.66	3.10	0	100	100	完了疑似吉米被吓疯了hh	It seems Jimmy went crazy, hh.	完了疑似吉米被吓疯了哈哈	It seems Jimmy went crazy, haha.	uh oh, Jimmy seems scared out of his mind haha
B-PYA-098	PYA	91.30	91.20	-0.11	80.69	78.01	-2.68	0	100	100	看清楚材质吧，pdd很多都是聚酯纤维，你问客服没几个敢说是纯棉的	Look at the material carefully, most PDD items are polyester, and when you ask the customer service, few dare to say they are pure cotton.	看清楚材质吧，拼多多很多都是聚酯纤维，你问客服没几个敢说是纯棉的	Look at the material carefully, many on Pinduoduo are polyester, and when you ask the customer service, few dare to say they are pure cotton.	check the fabric carefully — a lot of stuff on Pinduoduo is polyester, and few customer-service reps dare claim it's pure cotton
B-PYA-099	PYA	53.92	65.54	11.62	57.52	61.06	3.54	0	100	100	27W收藏4W点赞服了不提醒还不知道........	27W collections, 4W likes, I'm fed up, no reminder, still don't know...	27万收藏4万点赞服了不提醒还不知道........	2.7 million collections, 400 thousand likes, I give up, no reminder, still don't know...	270k saves and 40k likes, unbelievable — I wouldn't even have known without the reminder……
B-PYA-100	PYA	74.70	89.62	14.93	66.54	78.70	12.15	0	100	100	20w收藏3w点赞	20w collected, 3w likes	20万收藏3万点赞	2 million collections, 30 thousand likes	200k saves, 30k likes
B-PYA-101	PYA	70.87	83.13	12.26	71.12	75.79	4.67	0	0	0	啊？60w围攻45w的城，对方还以骑兵为主？？！	Ah? Attacking a city with 60w against 45w, and the opponent is mainly cavalry??!	啊？60万围攻45万的城，对方还以骑兵为主？？！	Ah? Attacking a city with 600,000 troops against 450,000, and the enemy is mainly cavalry?!!	what? 600k besieging a city of 450k, and the enemy is mostly cavalry??!
B-PYA-102	PYA	83.19	79.86	-3.33	70.77	66.47	-4.29	0	0	0	“义人，就是ta，欺负我。”	"""The righteous one, that is he, bullied me."""	“义人，就是他，欺负我。”	"""The righteous one, he, persecuted me."""	Righteous one, it was them — they bullied me.
B-PYA-103	PYA	42.98	95.39	52.40	41.00	62.47	21.47	0	100	100	好装好假好ex	Good fake good ex.	好装好假好恶心	It's really fake and gross.	so pretentious, so fake, so gross
B-PYA-104	PYA	63.88	86.83	22.94	45.07	45.49	0.42	0	100	100	死yxh滚远点	Die yxh, get out!	死营销号滚远点	Dead marketing accounts, get lost.	damn clickbait accounts, get lost
B-PYA-106	PYA	65.28	75.31	10.03	64.63	62.14	-2.49	0	0	0	牛啊，我怎么幻听出歌词了(bushi)	Cow, how did I hear the lyrics? (bushi)	牛啊，我怎么幻听出歌词了(不是)	Cow, how did I hear the lyrics? (Not that)	impressive — why am I hallucinating lyrics out of this (jk)
B-PYA-107	PYA	79.20	92.83	13.63	70.28	74.67	4.39	0	0	0	心灵感应原版就是致敬火花hhh	Telepathy Original is a tribute to Spark hhh.	心灵感应原版就是致敬火花哈哈哈	Telepathy Original is a tribute to Spark, haha!	the original Telepathy really is a homage to Spark hahaha
B-PYA-108	PYA	84.34	83.09	-1.25	72.76	65.30	-7.47	0	0	0	woc瞬间高清修补版	Woc Instant High-Definition Repair Version	卧槽瞬间高清修补版	Holy cow, instant high-definition repair version.	whoa, instantly the HD restored version
B-NEO-096	NEO	87.19	86.42	-0.77	79.48	81.06	1.58	0	0	0	泪目，我一直不知道自己想做什么，感觉选择的大都错了，已经索性不想选择了...糟糕啊...	Teary eyes, I've never known what I want to do. I feel like most of my choices were wrong. I've given up trying to choose... Oh no...	眼泛泪光，我一直不知道自己想做什么，感觉选择的大都错了，已经索性不想选择了...糟糕啊...	My eyes are glistening with tears. I have never known what I want to do. I feel like most of my choices have been wrong. I've given up on choosing... Oh no...	tearing up — I've never known what I want to do, feels like most of my choices were wrong, and now I've simply stopped choosing… this is bad…
B-NEO-097	NEO	86.82	76.14	-10.68	80.85	76.40	-4.45	0	0	0	10后，上一次看是三年前了，但是也泪目了	After 10 years, the last time I saw it was three years ago, but it still moved me to tears.	10后，上一次看是三年前了，但是也落泪了	After ten years, the last time I saw him was three years ago, but I still cried.	born after 2010 — last watched this three years ago, but it still made me tear up
B-NEO-098	NEO	75.55	80.40	4.85	73.88	76.66	2.78	0	0	0	虽然整个乐队前期像拼好队一样，但是结局随着独角兽的回归写的还是不错的	Although the entire band seemed well-rehearsed at first, the ending, written with the return of the unicorn, was still quite good.	虽然整个乐队前期像拼凑起来的队伍一样，但是结局随着独角兽的回归写的还是不错的	Although the entire band initially seemed like a put-together team, the ending written with the return of the unicorn was still quite good.	even though the band felt like a thrown-together group-buy squad early on, the ending with the unicorn's return was written pretty well
B-NEO-099	NEO	66.57	62.90	-3.67	64.37	63.45	-0.92	0	0	0	“苏新皓你好的太突出”这句话的含金量还在上升	"The value of the sentence ""Su Xinhao you good too prominent"" is still rising."	“苏新皓你好的太突出”这句话的价值还在提升	"The value of the sentence ""Su Xinhao you good too prominent"" is still rising."	"the line ""Su Xinhao, your hello is too striking"" keeps proving truer and truer"
B-NEO-100	NEO	92.88	85.79	-7.09	74.93	71.22	-3.71	0	0	0	扎格列斯之手的含金量还在上升！	The value of Zagreus's hand is still rising!	扎格列斯之手的价值还在提升！	The value of Zargles' hand is still rising!	the Hand of Zagreus keeps proving its worth!
B-NEO-101	NEO	79.65	64.50	-15.15	53.29	67.74	14.46	0	0	0	红温了，把打野怪爆的装备给炸了，你好歹拿一些吧	He's angry, he blew up the gear he got from killing monsters, you should at least take some.	气急了，把打野怪爆的装备给炸了，你好歹拿一些吧	Furious, he blew up the gear he got from killing monsters, you at least take some of it.	he's fuming — blew up the gear dropped from jungle monsters, at least take some of it, man
B-NEO-102	NEO	77.88	75.96	-1.92	66.09	66.16	0.07	0	0	0	反派看到了硬控他的回忆……	The antagonist saw his hard control memories...	反派看到了完全控制住他的回忆……	The antagonist saw his memories of complete control over him...	the villain saw the memories that completely transfixed him……
B-NEO-103	NEO	93.13	91.60	-1.54	77.40	72.60	-4.80	0	0	0	我还以为是9.9元拼好饭呢	I thought it was 9.9 yuan for a combo meal.	我还以为是9.9元拼单买的饭呢	I thought it was a meal bought with a 9.9 yuan group purchase.	I thought it was a 9.9-yuan group-buy meal deal
B-NEO-104	NEO	59.57	67.83	8.26	57.25	56.12	-1.13	0	0	0	向佐药水哥梦幻联动！	"Zhang Zhong's ""Drug Water Brother"" fantasy collaboration!"	向佐药水哥跨界合作！	Zhang Zhong's herbal medicine brother crosses over for collaboration!	Xiang Zuo and Yaoshui-ge, a dream crossover!
B-NEO-105	NEO	71.82	70.92	-0.90	46.27	42.49	-3.79	0	0	0	电子榨菜配跳跳糖	Electronic vegetable and jumping candy	下饭视频配跳跳糖	Eating video with jingjing sugar	comfort-viewing video paired with popping candy
B-NEO-106	NEO	88.42	97.15	8.73	67.53	82.92	15.39	100	0	-100	这声音绝绝子	This sound is absolutely amazing.	这声音好极了	This sound is great.	this voice is simply divine
B-NEO-107	NEO	81.10	83.37	2.26	69.48	75.82	6.34	0	0	0	假师傅让拜，真师傅反而不让拜，难绷了	Fake masters let you bow, but true masters don't, that's really confusing.	假师傅让拜，真师傅反而不让拜，让人无语了	Fake masters let you bow, but real masters don't, which is really confusing.	the fake master lets you bow to him, but the real master won't — I can't even
B-NEO-108	NEO	98.02	98.39	0.37	73.06	80.66	7.60	0	0	0	一想到一睁眼就有倒计时就难绷	The thought of a countdown when you open your eyes is hard to bear.	一想到一睁眼就有倒计时就受不了	The thought of a countdown when I open my eyes is unbearable.	the thought of waking up to a countdown every day just breaks me
B-MIX-092	MIX	93.90	85.13	-8.77	72.98	64.99	-7.99	100	100	0	完全不给队友上buff的机会	No chance for teammates to get buffs.	完全不给队友上增益的机会	No opportunities to give teammates buffs.	gives teammates zero chance to apply buffs
B-MIX-093	MIX	36.57	56.03	19.46	37.65	42.66	5.01	100	100	0	不会侵蚀后全是boss吧	Will the rest be bosses?	不会侵蚀后全是头目吧	Will the entire afterpart be composed of bosses?	don't tell me everything after the corruption is a boss
B-MIX-094	MIX	96.92	84.63	-12.30	75.61	66.23	-9.38	100	0	-100	顾客：心平气和.jpg	Customer: Calm and composed.jpg	顾客：心平气和的表情包	Customer: Calm expression pack	customer: calm-and-composed.jpg
B-MIX-095	MIX	90.56	94.89	4.33	78.23	78.96	0.72	100	100	0	海皇cpu高速运转中……	Sea King CPU is running at high speed...	海皇大脑高速运转中……	Sea Emperor's brain is working at high speed...	the Sea Emperor's CPU is running at full speed……
B-MIX-096	MIX	73.32	73.90	0.57	56.91	68.64	11.73	100	0	-100	可以无限卡bug，站起来再躺下去，站起来再躺下去。	You can get stuck in a bug, stand up and lie down again, stand up and lie down again.	可以无限卡漏洞，站起来再躺下去，站起来再躺下去。	You can get stuck in the loophole, stand up and lie down again, stand up and lie down again.	you can exploit the bug endlessly — stand up, lie back down, stand up, lie back down.
B-MIX-097	MIX	53.57	53.20	-0.37	48.86	52.46	3.61	0	0	0	在扳机的视频里刷什么悠真真的很ky好吧	What's the point of watching the trigger's video if you're just looking for Yuzhen? That's really ky.	在扳机的视频里刷什么悠真真的很不会看气氛好吧	What's the point of watching the trigger's video if you can't even get the vibe of Yuzhen?	spamming Harumasa comments on a Trigger video is honestly so tone-deaf, okay
B-MIX-098	MIX	89.26	85.10	-4.17	56.61	79.83	23.21	100	0	-100	别什么过场都搞qte，破坏连贯	Don't add QTEs for everything, it breaks the flow.	别什么过场都搞快速反应事件，破坏连贯	Don't turn every scene into a rapid response event, which disrupts the continuity.	stop putting QTEs in every cutscene, it ruins the flow
B-MIX-099	MIX	84.44	75.99	-8.45	67.18	54.67	-12.51	100	0	-100	不是哥们，怎么pv就删了。	Not a friend, why was the PV deleted.	不是哥们，怎么宣传片就删了。	It's not a friend, why was the promotional video deleted.	wait bro, why did the PV get deleted.
B-MIX-100	MIX	91.07	98.90	7.82	80.20	81.75	1.55	100	100	0	要是做出这样的mod，那就有意思了	If you make such a mod, that would be interesting.	要是做出这样的模组，那就有意思了	If such a mod is made, that would be interesting.	if someone made a mod like this, that would be fun
B-MIX-101	MIX	93.74	92.45	-1.30	66.62	74.54	7.92	100	0	-100	omg！这是谁家的小孩这么有出息啊啊啊啊啊	OMG! What a talented kid! Wow!	我的天！这是谁家的小孩这么有出息啊啊啊啊啊	My God! What a talented kid! Oh oh oh oh!	omg! whose kid is this, so talented ahhhh
B-MIX-102	MIX	97.29	97.38	0.09	76.89	76.93	0.04	100	100	0	很多老外不知道田一鸣叫什么，就叫他super idol	Many foreigners don't know what Tian Yiming's name is, so they call him Super Idol.	很多老外不知道田一鸣叫什么，就叫他超级偶像	Many foreigners don't know what Tian Yiming's name is, so they call him Super Idol.	many foreigners don't know Tian Yiming's name, so they just call him super idol
B-MIX-103	MIX	73.36	81.82	8.46	59.88	74.16	14.28	0	0	0	知名up主老番茄视频内容不慎跌回五年前的水平	Famous UP主 Lao Tomato's video content accidentally dropped back to its level from five years ago.	知名视频作者老番茄视频内容不慎跌回五年前的水平	Renowned video creator Lao Tomato's video content accidentally dropped back to its level from five years ago.	famous uploader LaoFanQie's video content has accidentally slipped back to its level five years ago
B-MIX-104	MIX	95.17	94.20	-0.97	80.79	62.90	-17.89	100	100	0	我打个csgo心跳都能160	I can get a 160 heart rate playing CS:GO.	我打个反恐精英心跳都能160	I can have a heart rate of 160 just playing Counter-Strike.	my heart rate hits 160 just playing CS:GO
B-MIX-105	MIX	99.66	99.54	-0.12	56.00	88.04	32.03	100	100	0	回答我，鸟为什么会飞？ Look at my eye, tell me why!	Answer me, why do birds fly? Look at my eye, tell me why!	回答我，鸟为什么会飞？ 看着我的眼睛，告诉我为什么！	Answer me, why do birds fly? Look at my eyes and tell me why!	answer me, why can birds fly? Look at my eye, tell me why!
B-MIX-106	MIX	95.34	85.25	-10.09	81.43	68.00	-13.44	100	100	0	这里应该说的是welcome to shaolin 吧	"This should be ""Welcome to Shaolin""."	这里应该说的是欢迎来到少林 吧	This should be welcoming to Shaolin.	what he should have said here is welcome to Shaolin, right
B-MIX-107	MIX	85.06	91.99	6.92	49.31	64.25	14.94	100	100	0	这BGM给我干天津去了	This BGM went to Tianjin.	这背景音乐给我干天津去了	This background music sent me to Tianjin.	this BGM just teleported me straight to Tianjin
B-MIX-108	MIX	58.66	58.91	0.25	57.57	59.85	2.28	100	100	0	小八和啵哝就像是妈妈带了个teenager出来我服了。	Xiao Ba and Bo Nong are like their mom brought a teenager out, I give up.	小八和啵哝就像是妈妈带了个青少年出来我服了。	Xiao Ba and Bo Nong are like Mom bringing out a teenager, I give up.	Xiaoba and Bonong are just like a mom taking a teenager out, I can't with them.
B-MIX-109	MIX	93.43	92.23	-1.19	78.84	76.84	-2.01	100	100	0	其实我不仅是rapper，我还是DJ，香蜜湖你听见了吗	In fact, I'm not just a rapper, I'm also a DJ, Xiangmi Lake, did you hear that?	其实我不仅是说唱歌手，我还是打碟师，香蜜湖你听见了吗	In fact, I'm not just a rapper, I'm also a DJ, Xiangmi Lake, did you hear that?	actually I'm not just a rapper, I'm also a DJ — Xiangmi Lake, can you hear me
B-MIX-110	MIX	66.61	58.44	-8.17	67.56	59.23	-8.33	100	0	-100	我家小逻怎么成敌方boss单位了？还有精英干员长颈鹿	How did my little Luo become an enemy boss unit? And the elite crew giraffe.	我家小逻怎么成敌方头目单位了？还有精英干员长颈鹿	How did my little Luo become an enemy unit leader? And the elite dryad giraffe.	how did my Xiaoluo become an enemy boss unit? and there's an elite operator giraffe too
B-MIX-111	MIX	68.67	75.91	7.24	45.74	62.52	16.78	100	0	-100	看得ptsd犯了	Looking at PTSD.	看得创伤后应激障碍犯了	Has developed post-traumatic stress disorder.	watching this triggered my PTSD
B-MIX-112	MIX	93.45	79.73	-13.72	78.23	60.79	-17.45	100	0	-100	我独自拯救一切Pro max	I save everything alone Pro Max	我独自拯救一切加强版	I alone save the enhanced version.	I Alone Save Everything, Pro Max edition
B-MIX-113	MIX	94.05	92.49	-1.56	66.19	68.24	2.05	100	100	0	那是债主催债了bro	That's the creditor collecting the debt, bro.	那是债主催债了兄弟	That's the creditor collecting the debt, brother.	that's the creditor coming to collect, bro
B-MIX-114	MIX	66.91	84.71	17.80	69.73	77.63	7.90	0	100	100	姐！邀请宋雨琦上节目！E人很适合！章昊也是！	Sister! Invite Song Yiqi to the show! E-type is very suitable! Zhang Hao is also!	姐！邀请宋雨琦上节目！外向的人很适合！章昊也是！	Sister! Invite Song Yiqi to the show! Extroverts are very suitable! Zhang Hao is too!	sis! invite Song Yuqi onto the show! extroverts are perfect for it! Zhang Hao too!
B-MIX-115	MIX	81.89	85.18	3.29	77.85	79.37	1.52	0	100	100	好阳光啊，这一定是相互救赎的少女乐队故事吧www	What a nice sunny day, this must be the story of a girl band that saves each other. www	好阳光啊，这一定是相互救赎的少女乐队故事吧哈哈哈	What a nice sunny day, this must be the story of a girl band that saves each other. Haha!	so wholesome — this must be a girls-band story of mutual redemption lol
B-MIX-116	MIX	86.70	83.73	-2.97	79.70	84.23	4.54	0	0	0	小时候我没有cp这个概念，一直认为这俩只是朋友	When I was young, I didn't have the concept of CP, and I always thought they were just friends.	小时候我没有情侣配对这个概念，一直认为这俩只是朋友	When I was young, I didn't have the concept of a romantic partner, always thinking that the two of them were just friends.	as a kid I had no concept of shipping — I always thought these two were just friends
B-MIX-117	MIX	75.71	93.66	17.95	79.75	80.90	1.14	100	0	-100	妹妹在cos商鞅吗	Is the sister cosplaying King Yangzi?	妹妹在扮演商鞅吗	Is the sister playing Shang Yang?	is the girl cosplaying Shang Yang
B-MIX-118	MIX	96.33	89.58	-6.74	77.99	63.58	-14.41	100	0	-100	哎呀，蚊子得了MVP！	Oh no, the mosquito got MVP!	哎呀，蚊子得了全场最佳！	Oh no, the mosquito got the best of everyone!	oops, the mosquito got the MVP!
B-MIX-119	MIX	92.30	93.28	0.98	80.83	81.41	0.58	100	100	0	这都ai配音了，字幕当然也是ai啊	All of this is AI voiceover, of course the subtitles are also AI.	这都人工智能配音了，字幕当然也是人工智能啊	All of this is AI voiceover, of course the subtitles are also AI.	the voiceover is already AI, so of course the subtitles are AI too
B-MIX-120	MIX	79.69	79.95	0.25	81.80	77.61	-4.19	0	0	0	谁还没看我都会伤心的OK？	Who hasn't seen me will be sad, right?	谁还没看我都会伤心的好吗？	Who hasn't seen me will be sad, right?	if anyone hasn't watched this yet I'll be sad, OK?
B-MIX-121	MIX	85.22	72.60	-12.61	47.67	48.80	1.14	100	100	0	少看一天b站都剪不出来	Watch one day less on Bilibili and you can't edit it.	少看一天哔哩哔哩都剪不出来	Watch one day less on Bilibili and you can't cut it.	skip even one day of Bilibili and you couldn't edit this
B-MIX-122	MIX	99.02	100.00	0.98	82.93	83.31	0.39	100	100	0	只是一个道歉，but这个道歉的代价实在太高	It's just an apology, but the cost of this apology is really too high.	只是一个道歉，但是这个道歉的代价实在太高	It's just an apology, but the cost of this apology is really high.	it's just an apology, but the price of this apology is way too high
B-MIX-123	MIX	93.16	90.27	-2.90	71.18	81.49	10.31	100	0	-100	记者会？不，个人show time	Press conference? No, personal show time.	记者会？不，个人表演时间	Press conference? No, personal performance time.	a press conference? no, it's personal show time
B-MIX-124	MIX	90.88	90.07	-0.81	68.45	80.00	11.55	100	0	-100	这一场演得不好，应该喊cut重来	This performance was bad; we should call cut and start over.	这一场演得不好，应该喊停重来	This performance was bad; it should have been stopped and restarted.	this scene was badly acted, someone should call cut and redo it
B-MIX-125	MIX	96.79	95.99	-0.79	81.94	82.23	0.29	100	100	0	喝水这part我真的笑了	I really laughed at that part about drinking water.	喝水这部分我真的笑了	I really laughed about the part of drinking water.	the water-drinking part genuinely made me laugh
B-MIX-126	MIX	97.01	95.51	-1.49	78.27	78.85	0.58	100	100	0	中式恐怖，真的next level	Chinese horror, really next level.	中式恐怖，真的更上一层楼	Chinese horror has really taken it to the next level.	Chinese-style horror, truly next level
B-MIX-127	MIX	99.03	97.45	-1.58	83.93	83.14	-0.79	100	0	-100	他们都在好奇那个npc是谁扮的	They were all curious about who played that NPC.	他们都在好奇那个非玩家角色是谁扮的	They were all curious about who was playing the non-player character.	they're all wondering who played that NPC
B-MIX-128	MIX	83.48	94.76	11.28	76.42	70.07	-6.35	0	100	100	os好想看张桂源也来一期	OS wants to see Zhang Guiyuan do an episode too.	内心独白好想看张桂源也来一期	Inner monologue: I really want to see a special episode featuring Zhang Guiyuan.	inner monologue: I really want to see Zhang Guiyuan do an episode too
B-MIX-129	MIX	90.63	93.96	3.33	73.42	70.97	-2.44	100	0	-100	我已经走在了country road 上了	I have already been walking on the country road.	我已经走在了乡间小路 上了	I have already been walking along the country path.	I'm already walking on the country road
B-MIX-130	MIX	84.32	93.97	9.64	56.29	73.55	17.26	0	0	0	从来没有get到他颜值	I've never gotten his looks.	从来没有领略到他颜值	Never experienced his good looks.	I've never gotten the appeal of his looks
B-MIX-131	MIX	94.53	94.65	0.12	57.04	66.60	9.56	100	100	0	看哪一只eye啊sir	Look at that eye, sir.	看哪一只眼啊长官	Look at that eye, sir.	looking at which eye, sir
B-MIX-132	MIX	99.37	99.23	-0.14	37.10	81.96	44.85	100	100	0	天磊：what can I say	Tianlei: What can I say?	天磊：我能说什么	Tianlei: What can I say?	Tianlei: what can I say
B-MIX-133	MIX	88.44	92.39	3.95	74.56	80.98	6.42	100	100	0	唉，我去，真的有比利诶。该不会是暗示sp比利吧	Oh, wow, there really is a Billy. Maybe it's implying sp Billy?	唉，我去，真的有比利诶。该不会是暗示特殊版比利吧	Oh, wow, there really is a Billy. Maybe it's implying the special edition Billy?	whoa, there really is a Billy — could this be hinting at an SP Billy
B-MIX-134	MIX	87.30	87.87	0.56	65.37	74.38	9.02	100	100	0	摊主，我也是你们play中的一环吗	Vendor, am I also part of your play?	摊主，我也是你们角色扮演中的一环吗	Vendor, am I also part of your role-play?	stall owner, am I also part of your roleplay
B-MIX-135	MIX	95.07	91.43	-3.64	45.12	80.34	35.22	100	100	0	抽me,please抽me	Draw me, please.	抽我,请抽我	Hit me, please hit me.	draw me, please draw me
B-MIX-136	MIX	97.21	95.65	-1.56	71.65	81.65	9.99	100	0	-100	boss已进入二阶段	The boss has entered the second stage.	头目已进入二阶段	The leader has entered the second stage.	the boss has entered phase two
B-MIX-137	MIX	86.03	78.89	-7.15	68.30	68.46	0.16	100	0	-100	这里是以为他要长期练，mcn没沟通好	Here is because he wants to train long-term, the MCN didn't communicate well.	这里是以为他要长期练，传媒公司没沟通好	Here is because he wants to train long-term, the media company didn't communicate well.	here they thought he'd be training long-term — the MCN agency didn't communicate properly
B-MIX-138	MIX	62.33	56.39	-5.95	66.18	81.18	14.99	0	0	0	加拉赫上线一年了还在c	Galah has been online for a year and is still C.	加拉赫上线一年了还在当主力	Galah has been on the team for a year and is still playing as a starter.	Gallagher has been out for a year and is still carrying
B-MIX-139	MIX	86.55	80.96	-5.59	63.73	75.91	12.19	100	0	-100	直伤+超击破+dot伤害	Direct damage + Overkill + DOT damage	直伤+超击破+持续伤害	Direct damage + Super Break + Continuous damage	direct damage + super break + DoT damage
B-HOM-133	PYA	86.69	91.26	4.58	60.85	66.85	5.99	100	100	0	兄dei  成佛吧   修仙太难了	Bro, let's become Buddhas. Practicing cultivation is too hard.	兄弟  成佛吧   修仙太难了	Brother, attain enlightenment. Practicing immortality is too difficult.	bro, just become a buddha — cultivating immortality is too hard
B-HOM-134	HOM	59.37	76.62	17.25	63.50	80.10	16.61	0	0	0	我真怕药水一拳给向左打晕过去	I really fear the potion will knock him unconscious with a left punch.	我真怕药水一拳给向佐打晕过去	I really fear the potion will knock Xiang Zhao unconscious with one punch.	I'm really afraid Yaoshui will knock Xiang Zuo out with one punch
B-HOM-135	HOM	78.72	78.96	0.24	73.40	71.01	-2.40	100	100	0	甲亢哥：我还能再看亿遍	Hyperthyroid Brother: I can watch it another hundred million times.	甲亢哥：我还能再看一亿遍	Hyperthyroid Brother: I can still watch it a hundred million times.	Jiakang Bro: I could watch this a hundred million more times
B-NEO-109	NEO	86.96	85.23	-1.73	63.98	59.03	-4.94	0	0	0	逆天，吴国给日本朝贡都来了	Unbelievable, Wu State even sent envoys to Japan for tribute.	离谱，吴国给日本朝贡都来了	Absurd, Wu State paid tribute to Japan.	outrageous — now we've even got the Wu kingdom paying tribute to Japan
B-NEO-110	NEO	83.62	81.17	-2.45	70.73	71.53	0.80	0	100	100	泪目了，米哈游你坏事做尽	Teary eyes, Mihoyo, you've done everything wrong.	感动落泪了，米哈游你坏事做尽	Moved to tears, Mihoyo, you've done everything wrong.	I teared up — miHoYo, you've done every evil deed there is
B-NEO-111	NEO	85.31	91.30	5.99	68.90	81.35	12.45	100	0	-100	双非大学生，还没进厂。光看这个社会环境已经感觉自己燃尽了	Second-tier university students, haven't even started working. Just looking at this social environment, I already feel like I'm burned out.	非重点大学的大学生，还没进厂。光看这个社会环境已经感觉自己精疲力竭了	Students from non-key universities haven't even started working yet. Just looking at the social environment already makes me feel exhausted.	a non-elite-university student who hasn't even started working yet — just looking at this social environment I already feel burned out
B-NEO-112	NEO	80.87	77.96	-2.91	69.66	69.41	-0.25	0	0	0	看勇哥直播，各种神人	Watch Yong Ge's live stream, various god-like people.	看勇哥直播，各种行为离谱的人	Watch Yong Ge's live stream, people with all sorts of absurd behaviors.	watching Brother Yong's streams, you see all kinds of absolute characters
B-NEO-113	NEO	55.41	85.49	30.08	69.96	80.70	10.74	100	0	-100	太真实了，想到的那句话发现他可能听不懂于是在后面加点补丁	Too real, the sentence I thought of, realizing he might not understand, so I added some patches at the end.	太真实了，想到的那句话发现他可能听不懂于是在后面加点补充说明	It's so real that after thinking of that sentence, I realized he might not understand it, so I added some additional explanations at the end.	so true — you think of a comeback, realize he might not get it, and then tack some patches onto it
B-NEO-114	NEO	87.75	85.29	-2.46	68.99	80.08	11.09	0	0	0	为什么能匹到这么多神人	Why can you match so many gods?	为什么能匹配到这么多行为离谱的人	Why can so many behaviorally inappropriate people be matched?	how do I keep getting matched with so many absolute characters
B-NEO-115	NEO	79.72	78.93	-0.79	58.11	76.46	18.35	0	0	0	所以男主在嘎掉的威胁下领悟了？	So the male lead realizes after the threat?	所以男主在死掉的威胁下领悟了？	So the male lead realizes under the threat of death?	so the male lead had his awakening under the threat of getting offed?
B-MIX-140	MIX	90.70	77.91	-12.79	65.38	57.71	-7.67	100	0	-100	这个zzz不会要给他出个动画吧？	Will they make an animation for this zzz?	这个绝区零不会要给他出个动画吧？	Will they make an anime for this Zero Zone?	don't tell me ZZZ is going to make an anime for him?
B-MIX-141	MIX	94.62	95.14	0.52	75.18	77.31	2.13	100	100	0	怎么说呢 很怀疑up主的精神状态	How to put it, I'm really suspicious of the uploader's mental state.	怎么说呢 很怀疑视频作者的精神状态	How to put it, I'm really suspicious of the video creator's mental state.	how do I put it — I seriously question this uploader's state of mind
B-MIX-143	MIX	89.23	95.29	6.06	52.64	77.72	25.08	0	100	100	他和背后的 n pc 格格不入	He is out of place with the n pc behind him.	他和背后的 非玩家角色 格格不入	He doesn't fit in with the non-player characters behind him.	he's completely out of place next to the NPC behind him
B-MIX-145	NEO	84.52	61.72	-22.80	74.61	74.81	0.19	0	0	0	甲亢哥：我DNA动了	Hyperthyroid Brother: My DNA has changed.	甲亢哥：我本能被唤醒了	Hyperthyroid Guy: I was instinctively awakened.	Jiakang Bro: my DNA just moved
B-MIX-146	MIX	93.73	93.34	-0.39	62.29	64.98	2.69	100	0	-100	bro以为自己在演致命ID	"Bro thinks he's in the movie ""Identity""."	这哥们以为自己在演致命ID	"This guy thinks he's in the movie ""Identity""."	bro thinks he's starring in Identity
B-MIX-147	MIX	94.21	94.27	0.05	70.77	71.68	0.91	100	0	-100	干嘛突然cos班主任	Why did you suddenly cosplay as the homeroom teacher?	干嘛突然扮演班主任	Why suddenly play the role of a homeroom teacher?	why are you suddenly cosplaying as the homeroom teacher
B-MIX-148	MIX	91.77	86.22	-5.55	55.89	69.63	13.74	100	0	-100	神作，没见过的mad种类呢	Masterpiece, I've never seen such a kind of mad.	神作，没见过的混剪视频种类呢	Masterpiece, I've never seen such a mixed-cut video before.	a masterpiece — a kind of MAD I've never seen before
B-PYA-109	PYA	82.45	87.18	4.73	53.52	56.59	3.07	0	100	100	拍了拍博士的石棺盖子hhhhh	Patted the doctor's sarcophagus lid hhhhhh	拍了拍博士的石棺盖子哈哈哈哈哈	Patted the doctor's sarcophagus lid haha haha haha	gave the Doctor's stone coffin lid a little pat hahaha
B-PYA-110	PYA	87.99	96.44	8.45	71.11	84.50	13.40	0	100	100	万恶的zi ben jia	The wicked Zibenjia.	万恶的资本家	The wicked capitalist	the evil capitalists
B-PYA-111	PYA	69.78	61.88	-7.90	67.64	60.57	-7.06	0	0	0	就说问啥听不到，nnd只带了一个耳机	Just because you can't hear what's being asked, nnd only brought one earphone.	就说问啥听不到，奶奶的只带了一个耳机	Just because you ask, you can't hear it. Grandma only brought one earphone.	no wonder he said he couldn't hear anything — damn it, he only brought one earbud
