uid	category	xcomet_noisy	xcomet_clean	xcomet_d	kiwi_noisy	kiwi_clean	kiwi_d	nta_noisy	nta_clean	nta_d	src_noisy	hyp_noisy	src_clean	hyp_clean	ref_en
B-HOM-001	HOM	95.01	90.46	-4.56	55.46	83.93	28.47	0	0	0	酱紫也行？那我也试试	Okay, I'll try that.	这样子也行？那我也试试	Okay? Let me try it.	this works? then let me try too
B-HOM-002	HOM	85.92	93.86	7.95	43.88	74.76	30.88	0	0	0	你怎么酱紫说话，人家会误会的	How do you say that?	你怎么这样子说话，人家会误会的	How do you talk like that?	why do you talk like that, people will misunderstand
B-HOM-003	HOM	94.66	94.77	0.11	80.47	81.83	1.35	0	0	0	各位童鞋注意了，期末考试要来了	Attention, students, the semester exam is coming.	各位同学注意了，期末考试要来了	Attention, students, the semester exam is coming.	attention classmates, final exams are coming
B-HOM-004	HOM	87.95	89.14	1.19	61.81	66.31	4.51	0	0	0	童鞋们帮我看看这道题怎么做	Please help me with this problem.	同学们帮我看看这道题怎么做	Please help me with this problem.	classmates help me figure out this problem
B-HOM-005	HOM	97.92	100.00	2.08	75.05	86.62	11.56	100	100	0	我真的好稀饭这个博主，太搞笑了	I really like this blogger, he's so funny.	我真的好喜欢这个博主，太搞笑了	I really like this blogger, he's so funny.	I really like this creator, too funny
B-HOM-006	HOM	95.64	100.00	4.36	59.90	86.19	26.29	100	100	0	你是不是稀饭我？直说嘛	Do you like me? Just say it.	你是不是喜欢我？直说嘛	Do you like me? Just say it.	do you like me? just say it
B-HOM-007	HOM	81.71	95.02	13.31	61.88	78.96	17.09	0	100	100	今天又是杯具的一天，出门忘带钥匙	Today is another day of glasses, and I forgot to bring my keys out.	今天又是悲剧的一天，出门忘带钥匙	Today is another tragic day, I forgot to bring my keys out.	another tragic day, forgot my keys going out
B-HOM-008	HOM	75.02	99.73	24.72	74.36	82.42	8.06	0	100	100	人生就是一个杯具接着一个杯具	Life is a bucket after a bucket.	人生就是一个悲剧接着一个悲剧	Life is a tragedy after another.	life is one tragedy after another
B-HOM-009	HOM	95.37	90.63	-4.74	64.54	80.47	15.93	0	0	0	游戏过于神金，不确定先从哪里笑起	The game is too funny, I don't know where to start laughing.	游戏过于神经，不确定先从哪里笑起	The game is too nerve-wracking, I don't know where to start laughing.	this game is so unhinged, not sure where to start laughing
B-HOM-010	HOM	72.80	57.81	-14.98	56.37	48.28	-8.09	0	0	0	都说我做饭神金，今天就做神金给你们吃	You say I'm a cooking genius, today I'll make you a genius.	都说我做饭神经，今天就做神经给你们吃	You all say I'm a cook, today I'll cook you a chicken.	y'all say I'm crazy in the kitchen, so today I'm cooking crazy for you
B-HOM-011	HOM	82.32	88.96	6.63	48.23	78.52	30.28	0	0	0	世界上最神金的行为	The most brilliant thing in the world.	世界上最神经的行为	The most nerve-wracking thing in the world.	the most unhinged behavior in the world
B-HOM-012	HOM	75.30	71.42	-3.88	63.29	72.90	9.61	0	0	0	被这离谱的主播笑拥了	I was laughed at by this stupid host.	被这离谱的主播笑晕了	I'm laughing out loud at this stupid host.	I'm dead from this absurd streamer
B-HOM-013	HOM	51.12	74.85	23.74	47.53	62.77	15.24	0	0	0	笑拥了！带货主播推荐的迷惑水果太离谱了吧	笑拥了!带货主播推荐的迷惑水果太离谱了吧	笑晕了！带货主播推荐的迷惑水果太离谱了吧	笑死了!带货主播推荐的迷惑水果太离谱了吧	I’m dying laughing! Those weird fruits promoted by live stream sales hosts are ridiculous.
B-HOM-014	HOM	75.54	76.32	0.78	70.50	73.67	3.17	0	0	0	新来的00后程序员写的代码，看到这段注释真的快把我笑拥了	When I saw this comment from a new 00's programmer, I was almost laughing out loud.	新来的00后程序员写的代码，看到这段注释真的快把我笑晕了	When I saw this comment from a new 00's programmer, I was laughing so hard I couldn't stop laughing.	the new Gen Z programmer's code, seeing this comment almost killed me laughing
B-HOM-016	NEO	71.04	80.05	9.01	47.21	52.34	5.13	0	0	0	考试没复习直接寄，明年再来	考试没复习直接寄,明年再来	考试没复习直接完了，明年再来	考试没复习直接结束,明年再来	didn't study for the exam, it's over, see you next year
B-HOM-018	HOM	45.62	62.52	16.90	31.15	34.58	3.42	0	0	0	火钳流明，这帖子要火	火钳流明,这帖子要火	火前留名，这帖子要火	火前留名,这帖子要火	leaving a name before this blows up, this post is about to go viral
B-HOM-019	HOM	72.65	98.74	26.09	47.51	84.67	37.16	0	0	0	雀食好笑，不骗你	雀食好笑,不骗你	确实好笑，不骗你	It's really funny, I promise.	it's genuinely funny, no cap
B-HOM-021	HOM	97.14	98.03	0.89	82.37	85.00	2.63	0	0	0	沃草，这无人机表演太震撼了	Wow, this drone show was really impressive.	我操，这无人机表演太震撼了	Wow, that drone show was really incredible.	holy crap, this drone show is insane
B-HOM-023	HOM	65.34	66.71	1.38	68.38	58.22	-10.16	0	0	0	你想peach呢，哪有这么好的事	You want peach, where is such a good thing?	你想屁吃呢，哪有这么好的事	You want to piss, where is this good thing?	you're dreaming, how can something that good happen
B-HOM-024	HOM	86.62	72.70	-13.92	50.96	64.89	13.92	0	0	0	别虾扯蛋了，老师说的都是真的吗	别胡说,老师说的都是真的。	别瞎扯淡了，老师说的都是真的吗	Don't lie, everything you say is true.	stop talking BS, is what the teacher said even true
B-HOM-025	HOM	44.15	48.08	3.93	43.94	44.05	0.11	0	0	0	先报上自己的分数啊搞辣菜	先报上自己的分数啊搞辣菜	先报上自己的分数啊搞拉踩	你先报上自己的分数啊,踩踩。	dropping your score first before throwing shade smh
B-HOM-026	HOM	51.81	79.57	27.76	49.92	65.09	15.17	0	0	0	蚌埠住了，腾讯这泄密处理速度也太快了吧	蚌埠住了,腾讯这泄密处理速度也太快了吧	绷不住了，腾讯这泄密处理速度也太快了吧	I'm exhausted, the speed of Tmall's data breach processing is too fast.	I can't hold it in anymore, Tencent's speed in handling this leak is just too fast
B-HOM-027	HOM	78.53	79.10	0.58	75.26	73.89	-1.37	0	0	0	嗷利给，西班牙第一了	Okay, Spain is first.	奥利给，西班牙第一了	Okay, Spain is first.	Aigoo Spain took first place let's gooo
B-HOM-028	HOM	68.68	83.07	14.39	44.35	71.40	27.05	0	0	0	这配置针不戳，性价比拉满	This set is very good value for money.	这配置真不错，性价比拉满	This is a great set up, great value.	This setup slaps, value for money off the charts
B-HOM-029	HOM	30.13	37.15	7.01	35.46	43.91	8.45	0	0	0	赛里木湖这操作针不戳啊，景区打人还能辞退就完事了？	这操作针不戳啊,景区打人还能辞退就完事了?	赛里木湖这操作真不错啊，景区打人还能辞退就完事了？	这操作真不错啊,景区打人还能辞退就完事了?	Sarim Lake's handling is just great, beating people at a scenic spot and just firing them is that it?
B-HOM-030	HOM	35.69	94.62	58.94	41.26	80.21	38.95	0	100	100	蚌埠住了，这也太好笑了吧	蚌埠住,这真是太好了吧!	绷不住了，这也太好笑了吧	I can't hold it, this is too funny.	bruh I can't hold it in this is too funny lmao
B-HOM-031	HOM	81.20	83.55	2.35	56.94	64.76	7.82	0	0	0	卧槽317万年终奖就这么没了？	Wow, 317 million dollars?	我操317万年终奖就这么没了？	Is my 317 million winnings gone?	Wtf, 3.17 million year-end bonus just gone like that?
B-HOM-032	HOM	35.22	83.97	48.75	30.36	62.16	31.80	0	0	0	你就耗子尾汁吧，别折腾了	You're going to have to pay for it.	你就好自为之吧，别折腾了	You're okay, don't bother me.	watch yourself bro stop messing around
B-HOM-033	HOM	79.53	78.12	-1.41	56.17	55.58	-0.58	0	0	0	王虹这波属实深藏blue了，拿完奖还这么低调	王虹这个波真是深藏不露,拿完奖还这么低调。	王虹这波属实深藏不露了，拿完奖还这么低调	王虹这个波真的是深藏不露了,拿完奖还这么低调。	Wang Hong has truly been hiding her talents, so low-key after winning the award
B-HOM-034	HOM	75.35	95.11	19.75	47.80	76.70	28.91	0	0	0	蚌埠住了这也太搞笑了	I'm laughing at this.	绷不住了这也太搞笑了	I can't stand it, this is too funny.	can't hold it in anymore this is way too funny fr
B-HOM-035	HOM	74.34	83.15	8.81	51.63	69.61	17.98	0	0	0	看到50亿离婚案的消息我直接蓝瘦香菇	When I saw the news of the divorce of $50 million, I was immediately stunned.	看到50亿离婚案的消息我直接难受想哭	I was shocked to see the news of the divorce of $50 million.	Seeing the news about the 5 billion divorce case, I'm so sad I could cry
B-HOM-036	HOM	56.25	91.20	34.94	45.12	82.50	37.38	0	0	0	针不戳，这个视频做得真好	没有一点点的刺痛,这个视频做得很好。	真不错，这个视频做得真好	Very good, this video is really good.	not bad this video is actually fire
B-HOM-037	HOM	63.04	91.51	28.47	53.16	68.17	15.01	0	0	0	这景区管理duck不必，7个人打一个司机	The park management duck does not need, 7 people to hit a driver.	这景区管理大可不必，7个人打一个司机	This park management is not necessary, 7 people beat a driver.	This scenic area management is totally unnecessary, 7 people beating one driver
B-HOM-038	HOM	98.98	99.53	0.55	57.40	83.90	26.50	100	0	-100	这个颜色灰常好看	This color is really nice.	这个颜色非常好看	This color looks great.	this color looks really good ngl
B-HOM-039	HOM	75.07	91.18	16.11	46.01	71.14	25.14	0	0	0	腾讯这波操作属于是虾仁猪心了	This move by Alibaba is a very shallow one.	腾讯这波操作属于是杀人诛心了	This move by Tencent is a murder of innocents.	Tencent's move this time is truly adding insult to injury
B-HOM-040	HOM	83.84	84.65	0.80	56.53	61.84	5.31	0	0	0	有内味了，就是这个感觉	It's got a flavor, that's the feeling.	有那味了，就是这个感觉	It has that smell, that's the feeling.	got that vibe this is the feeling
B-HOM-041	HOM	63.02	71.22	8.20	46.89	50.56	3.67	0	0	0	泄密被辞退永不录用，这员工只能耗子喂汁了	泄密被辞退永不录用,这员工只能耗子喂汁了。	泄密被辞退永不录用，这员工只能好自为之了	泄密被辞退永不录用,这员工只能好自为之了。	Fired for leaking and never to be rehired, this employee better watch out
B-HOM-042	HOM	98.15	95.89	-2.26	75.49	80.75	5.27	0	0	0	这部剧的女主造型好康	The actress in this show is very pretty.	这部剧的女主造型好看	The actress in this show is pretty.	the female lead's look in this drama is gorgeous
B-HOM-043	HOM	36.53	68.62	32.10	32.05	36.72	4.66	0	0	0	耗子尾汁，好自为之吧	你自己做吧,不要再问我了。	好自为之，好自为之吧	好自为之,好自为之吧!	Learn your lesson and shape up.
B-HOM-044	HOM	84.82	89.56	4.74	50.35	81.87	31.51	0	0	0	这个操作太虾仁了	This is a very stupid operation.	这个操作太吓人了	This operation is too scary.	this play is straight up terrifying
B-HOM-045	HOM	68.30	68.94	0.64	65.99	59.78	-6.21	0	100	100	中国女排这波直接丸辣，美国队不服不行	China Women's Team's strike was absolutely sharp, the American team was unable to resist.	中国女排这波直接完啦，美国队不服不行	China Women's Volleyball team is finished, the US team is not satisfied.	China's women's volleyball team is done for this time, the US team has to admit defeat
B-HOM-046	HOM	75.59	99.16	23.57	69.14	81.10	11.96	0	100	100	鸭力好大，快要顶不住了	The chicken is so strong that it's almost impossible to resist.	压力好大，快要顶不住了	The pressure is too high, I'm about to give up.	the pressure is so high can't hold on anymore
B-HOM-047	HOM	82.73	100.00	17.27	28.08	87.99	59.91	0	100	100	窝五碎！！！	你好!	我五岁！！！	I'm five years old!!!	I'm five years old!!!
B-HOM-048	HOM	79.08	74.92	-4.16	66.16	69.66	3.50	100	100	0	赛里木湖这事整得灰常离谱	The entire thing about the Lake Sarika is very strange.	赛里木湖这事整得非常离谱	The whole thing about the lake is very out of order.	The Sarim Lake incident is really outrageous
B-HOM-049	HOM	91.76	91.13	-0.62	83.66	84.98	1.33	0	0	0	看完这帖子我直接笑嘻了	After reading this post, I laughed out loud.	看完这帖子我直接笑死了	I laughed out loud when I read this post.	after reading this post I'm dead lmao
B-HOM-050	HOM	85.38	97.24	11.86	63.76	85.87	22.11	0	100	100	看完这个视频我蕉绿了	After watching this video, I turned green.	看完这个视频我焦虑了	After watching this video, I got anxious.	after watching this vid I'm straight up anxious
B-HOM-051	HOM	52.07	92.71	40.63	58.47	80.73	22.25	0	0	0	看完女排比赛我直接鸭梨山大	After watching the women's team game, I went straight to the Yakitori Sushi Bar.	看完女排比赛我直接压力山大	After watching the women's team game, I felt very stressed.	After watching the women's volleyball match, I'm under enormous pressure
B-HOM-052	HOM	52.92	57.32	4.40	42.35	67.62	25.28	0	0	0	笑鼠了！一会抛梗一会接梗	笑鼠了!一会抛梗一会接梗	笑死了！一会抛梗一会接梗	I laughed so hard! One joke, the next.	dying of laughter! one sec they set up the joke next sec they're playing along
B-HOM-053	HOM	67.30	72.02	4.72	55.16	63.73	8.57	100	0	-100	测评娃哈哈高透史莱姆好好康	Review of Wahoo Go-Through Slime Good Health	测评娃哈哈高透史莱姆好好看	评测娃哈哈高透史莱姆好好看	reviewing Wahaha's crystal clear slime it looks so good
B-HOM-054	HOM	80.70	92.51	11.82	50.60	83.54	32.94	0	0	0	窝巢，这也太厉害了吧	窝巢,这真是太棒了吧!	我操，这也太厉害了吧	Wow, that's really cool.	wtf this is too insane bruh
B-HOM-055	HOM	71.80	97.40	25.59	62.61	84.93	22.32	0	100	100	笑的想鼠	laughing mouse	笑的想死	I laughed so hard I could die.	laughing till I die
B-HOM-056	HOM	86.20	72.02	-14.18	58.07	66.47	8.40	0	0	0	这里是孙吧忏悔室，一人忏悔一件你觉得最厨神的事	Here is the confessional room, one person confesses one of the most wicked things they have done.	这里是孙吧忏悔室，一人忏悔一件你觉得最畜生的事	Here is the confessional room, one person confesses one of the most fucking things they have done.	welcome to Sun Bar confessional drop your most savage moment
B-HOM-057	HOM	93.40	88.39	-5.01	60.51	68.02	7.51	0	0	0	关于玉玉症表妹喜欢上我的故事	About my cousin's love for me	关于抑郁症表妹喜欢上我的故事	About my aunt's love for me	the story of how my depressed cousin fell for me
B-HOM-058	HOM	92.14	94.45	2.31	70.26	76.49	6.24	0	0	0	这是我女朋友 羡慕吗笑抽们🤣	This is my girlfriend, are you jealous?	这是我女朋友 羡慕吗小丑们🤣	This is my girlfriend, are you jealous?🤣	this is my gf. jealous you clowns? 🤣
B-HOM-059	HOM	68.33	35.23	-33.10	51.63	48.93	-2.70	0	0	0	麻辣烫我只认元娘娘，口味多好7	麻辣烫我只认元娘娘,口味多好7	麻辣烫我只认元娘娘，口味多好吃	I only know the original flavor, how delicious!	I only trust Yuan Niangniang for malatang it's so good
B-HOM-060	HOM	57.57	83.06	25.49	48.51	56.90	8.39	0	0	0	可爱的小香猪变成了温暖的答辩	可爱的小香猪变成了温暖的答辩	可爱的小香猪变成了温暖的大便	The cute little bunny became warm stools.	a cute little guinea pig turned into warm crap
B-HOM-061	HOM	82.18	98.54	16.35	72.53	81.91	9.38	100	100	0	我要笑亖了卧槽	I'm laughing out loud.	我要笑死了卧槽	I'm going to die from laughing.	I'm gonna die laughing oh shit
B-HOM-062	HOM	77.52	75.70	-1.82	42.28	44.94	2.66	0	0	0	时间长了搞亖你	时间长了,你就会发现	时间长了搞死你	时间太长了,你死定了。	I'll work you to death over time
B-HOM-063	HOM	71.08	74.87	3.78	45.90	45.60	-0.30	0	0	0	笑亖了家人们谁懂啊	Who understands?	笑死了家人们谁懂啊	Who understands?	dying of laughter fam who understands
B-HOM-064	HOM	93.13	98.15	5.02	63.28	87.63	24.35	0	0	0	她居然紫砂了	She turned purple.	她居然自杀了	She actually committed suicide.	she actually offed herself
B-HOM-065	HOM	31.18	43.99	12.81	63.24	69.48	6.23	0	0	0	小哥：我真妹骗人！！我真给白衣女鬼送过餐！！你不知道哟！我魂都快没了，那餐是一点都没撒！！没办法，这就是哥的实力！	小哥:我真妹骗人!!我真给白衣女鬼送过餐!!你不知道哟!我魂都快没了,那餐是一点都没撒!!没办法,这就是哥的实力!	小哥：我真没骗人！！我真给白衣女鬼送过餐！！你不知道哟！我魂都快没了，那餐是一点都没撒！！没办法，这就是哥的实力！	小哥:我真的没骗人!!我真的给白衣女鬼送过餐!!你不知道哟!我魂都快没了,那餐是一点都没撒!!没办法,这就是哥的实力!	Bro: I seriously didn't lie!! I really delivered food to the girl ghost in white!! You don't know! I nearly lost my soul, not a single drop spilled on that delivery! No choice, this is bro's skill!
B-HOM-066	HOM	44.29	79.38	35.09	41.27	50.68	9.41	0	0	0	博主成功把中二拍成沙子了	The blogger successfully turned a secondary school into a sandbox.	博主成功把中二拍成傻子了	The blogger successfully made a teenager fool.	The blogger successfully made the edgy act look like a fool
B-HOM-067	HOM	70.82	75.29	4.48	59.24	71.05	11.81	0	0	0	肺雾才需要爱情，神都是孤独的	Only a smoke needs love, and God is lonely.	废物才需要爱情，神都是孤独的	Only waste needs love, God is lonely.	Only the weak yearn for love; gods are destined to be alone.
B-HOM-068	HOM	77.06	98.37	21.31	53.80	83.90	30.10	0	0	0	我在学校哭别人鸟都不鸟我	I was crying in school, but no one else was crying.	我在学校哭别人理都不理我	I cried in school, no one listened to me.	I cried at school and nobody even paid attention to me
B-HOM-069	HOM	17.45	17.45	0.00	31.15	31.15	0.00	0	0	0	现场偷挖被抓,夺笋呐!	挖挖挖挖挖挖挖挖挖挖挖挖挖挖挖挖挖挖挖挖挖挖挖挖挖挖挖挖挖挖挖挖挖挖挖挖挖挖挖挖挖挖挖挖挖挖挖挖挖挖挖挖挖挖挖挖挖挖挖挖挖挖挖挖挖挖挖挖挖挖挖挖挖挖挖挖挖挖挖挖挖挖挖挖挖挖挖挖挖挖挖挖挖挖挖挖挖挖挖挖挖挖挖挖挖挖挖挖挖挖挖挖挖挖挖挖挖挖挖挖挖挖挖挖挖挖挖挖挖挖挖挖挖挖挖挖挖挖挖挖挖挖挖挖挖挖挖挖挖挖挖挖挖挖挖挖挖挖挖挖挖挖挖挖挖挖挖挖挖挖挖挖挖挖挖挖挖挖挖挖挖挖挖挖挖挖挖挖挖挖挖挖挖挖挖挖挖挖挖挖挖挖挖挖挖挖挖挖挖挖挖挖挖挖挖挖挖挖挖挖挖挖挖挖挖挖挖挖挖挖挖挖挖挖挖挖挖挖挖挖挖挖挖挖挖挖挖挖挖挖挖挖挖挖挖挖挖挖挖挖挖挖挖挖挖挖挖挖挖挖挖挖挖挖挖挖挖挖挖挖挖挖挖挖挖挖挖挖挖挖挖挖挖挖挖挖挖挖挖挖挖挖挖挖挖挖挖挖挖挖挖挖挖挖挖挖挖挖挖挖挖挖挖挖挖挖挖挖挖挖挖挖挖挖挖挖挖挖挖挖挖挖挖挖挖挖挖挖挖挖挖挖挖挖挖挖挖挖挖挖挖挖挖挖挖挖挖挖挖挖挖挖挖挖挖挖挖挖挖挖挖挖挖挖挖挖挖挖挖挖挖挖挖挖挖挖挖挖挖挖挖挖挖挖挖挖挖挖挖挖挖挖挖挖挖挖挖挖挖挖挖挖挖挖挖挖挖挖挖挖挖挖挖挖挖挖挖挖挖挖挖挖挖挖挖挖挖挖挖挖挖挖挖挖挖挖挖挖挖挖挖挖挖挖挖挖挖挖挖挖挖挖挖挖挖挖挖挖挖挖挖挖挖挖挖挖挖挖挖挖挖挖挖挖挖挖挖挖挖挖挖挖挖挖挖挖挖挖挖挖挖	现场偷挖被抓,多损呐!	挖挖挖挖挖挖挖挖挖挖挖挖挖挖挖挖挖挖挖挖挖挖挖挖挖挖挖挖挖挖挖挖挖挖挖挖挖挖挖挖挖挖挖挖挖挖挖挖挖挖挖挖挖挖挖挖挖挖挖挖挖挖挖挖挖挖挖挖挖挖挖挖挖挖挖挖挖挖挖挖挖挖挖挖挖挖挖挖挖挖挖挖挖挖挖挖挖挖挖挖挖挖挖挖挖挖挖挖挖挖挖挖挖挖挖挖挖挖挖挖挖挖挖挖挖挖挖挖挖挖挖挖挖挖挖挖挖挖挖挖挖挖挖挖挖挖挖挖挖挖挖挖挖挖挖挖挖挖挖挖挖挖挖挖挖挖挖挖挖挖挖挖挖挖挖挖挖挖挖挖挖挖挖挖挖挖挖挖挖挖挖挖挖挖挖挖挖挖挖挖挖挖挖挖挖挖挖挖挖挖挖挖挖挖挖挖挖挖挖挖挖挖挖挖挖挖挖挖挖挖挖挖挖挖挖挖挖挖挖挖挖挖挖挖挖挖挖挖挖挖挖挖挖挖挖挖挖挖挖挖挖挖挖挖挖挖挖挖挖挖挖挖挖挖挖挖挖挖挖挖挖挖挖挖挖挖挖挖挖挖挖挖挖挖挖挖挖挖挖挖挖挖挖挖挖挖挖挖挖挖挖挖挖挖挖挖挖挖挖挖挖挖挖挖挖挖挖挖挖挖挖挖挖挖挖挖挖挖挖挖挖挖挖挖挖挖挖挖挖挖挖挖挖挖挖挖挖挖挖挖挖挖挖挖挖挖挖挖挖挖挖挖挖挖挖挖挖挖挖挖挖挖挖挖挖挖挖挖挖挖挖挖挖挖挖挖挖挖挖挖挖挖挖挖挖挖挖挖挖挖挖挖挖挖挖挖挖挖挖挖挖挖挖挖挖挖挖挖挖挖挖挖挖挖挖挖挖挖挖挖挖挖挖挖挖挖挖挖挖挖挖挖挖挖挖挖挖挖挖挖挖挖挖挖挖挖挖挖挖挖挖挖挖挖挖挖挖挖挖挖挖挖挖挖挖挖挖挖挖挖挖挖挖挖挖挖挖挖挖挖挖挖挖挖挖挖挖挖挖挖挖	Caught digging secretly on site, so savage!
B-HOM-070	HOM	73.12	85.39	12.28	38.41	61.94	23.54	0	0	0	这个特效针不戛！	This effect is not working!	这个特效真不尬！	This effect is really funny!	This special effect is really not cringe!
B-HOM-071	HOM	36.30	47.76	11.46	23.18	38.78	15.60	0	0	0	要泥寡,雨女无瓜!	要么死,要么活!	要你管,与你无关!	You're responsible for it.	Mind your own business, it's none of your business!
B-HOM-072	HOM	61.65	93.10	31.45	57.85	81.13	23.28	0	0	0	依托答辩是什么意思	What is the meaning of a thesis?	一坨大便是什么意思	What does a lump of snot mean?	What does 'a pile of shit' mean?
B-HOM-073	HOM	70.01	85.38	15.37	36.25	37.76	1.51	0	0	0	哈哈哈哈哈哈哈夺笋呐	哈哈哈哈哈哈夺笋呐	哈哈哈哈哈哈哈多损呐	哈哈哈哈哈哈多亏了你	hahahahaha so mean lol
B-HOM-074	HOM	71.98	56.01	-15.97	65.27	44.30	-20.96	0	0	0	“雨女无瓜”这么好笑吗是挺好笑的	"Really? ""雨女无瓜"" is so funny?"	“与你无关”这么好笑吗是挺好笑的	It's funny.	Is 'none of your business' really that funny? It is pretty funny
B-HOM-075	HOM	37.26	83.44	46.18	56.19	82.64	26.45	0	100	100	还有给	I'll give you a few more.	还有gay	There are also gays.	Also got gay vibes
B-HOM-076	HOM	8.30	90.42	82.12	28.11	78.79	50.68	0	0	0	这显卡价格真是辣鸡，还买什么啊	This graphics card is a fucking fucking fucking fucking fucking fucking fucking fucking fucking fucking fucking fucking fucking fucking fucking fucking fucking fucking fucking fucking fucking fucking fucking fucking fucking fucking fucking fucking fucking fucking fucking fucking fucking fucking fucking fucking fucking fucking fucking fucking fucking fucking fucking fucking fucking fucking fucking fucking fucking fucking fucking fucking fucking fucking fucking fucking fucking fucking fucking fucking fucking fucking fucking fucking fucking fucking fucking fucking fucking fucking fucking fucking fucking fucking fucking fucking fucking fucking fucking fucking fucking fucking fucking fucking fucking fucking fucking fucking fucking fucking fucking fucking fucking fucking fucking fucking fucking fucking fucking fucking fucking fucking fucking fucking fucking fucking fucking fucking fucking fucking fucking fucking fucking fucking fucking fucking fucking fucking fucking fucking fucking fucking fucking fucking fucking fucking fucking fucking fucking fucking fucking fucking fucking fucking fucking fucking fucking fucking fucking fucking fucking fucking fucking fucking fucking fucking fucking fucking fucking fucking fucking fucking fucking fucking fucking fucking fucking fucking fucking fucking fucking fucking fucking fucking fucking fucking fucking fucking fucking fucking fucking fucking fucking fucking fucking fucking fucking fucking fucking fucking fucking fucking fucking fucking fucking fucking fucking fucking fucking fucking fucking fucking fucking fucking fucking fucking fucking fucking fucking fucking fucking fucking fucking fucking fucking fucking fucking fucking fucking fucking fucking fucking fucking fucking fucking fucking fucking fucking fucking fucking fucking fucking fucking fucking fucking fucking fucking fucking fucking fucking fucking fucking fucking fucking fucking fucking fucking fucking fucking fucking fucking fucking fucking fucking fucking fucking fucking fucking fucking fucking fucking fucking	这显卡价格真是垃圾，还买什么啊	This graphics card is a waste of money, what else do you want?	This GPU price is really trash, why even buy it
B-HOM-077	HOM	45.30	51.26	5.95	54.30	60.32	6.03	0	0	0	我丢！上班路上刷到路边广告牌被“风”掀了个角，原来是京东618的整活！这波操作简直泰裤辣！	I lost! I was scrolling through the advertisements on the sidewalk when the wind rolled up a corner, and it was actually a 618 deal from JD! This move was really a tease!	我丢！上班路上刷到路边广告牌被“风”掀了个角，原来是京东618的整活！这波操作简直太酷啦！	I lost it! I was scrolling down the street when I saw a sign that was blown up by the wind, and it was actually a 618 promotion! This move was really cool!	No way! On my way to work I saw a roadside billboard get lifted by the 'wind', turns out it was JD 618's stunt! This move is just too cool!
B-HOM-078	HOM	84.25	73.77	-10.49	62.92	40.44	-22.48	0	0	0	“泰酷辣”大人三周年	泰酷辣大人三周年	“太酷啦”大人三周年	大人三周年	Third anniversary of Lord 'So Cool'
B-HOM-079	HOM	73.74	91.79	18.05	65.25	76.23	10.98	0	0	0	前车：不二？	前车:不二?	前车：不是？	前车:不是?	The car in front: Wait, what?
B-HOM-080	HOM	68.35	86.77	18.42	47.26	66.06	18.81	0	0	0	10店睡，身体还以为是午休呢，凌晨又把他们叫醒了	十点睡,身体还以为是午休呢,凌晨又把他们叫醒了。	10点睡，身体还以为是午休呢，凌晨又把他们叫醒了	When I slept at 10pm, my body thought it was lunchtime, but I woke up at 3am again.	Going to sleep at 10, my body thought it was nap time, then woke me up at dawn
B-HOM-081	HOM	61.59	92.53	30.94	54.20	38.30	-15.89	0	0	0	tree 波Q	tree 波Q	三杀	三杀 is a combination of the following:	Triple kill
B-HOM-082	HOM	30.53	42.16	11.63	35.08	33.77	-1.31	0	0	0	笑死我了粽横天虾至今一直在罚时闯过了零个关卡	笑死我了粽横天虾至今一直在罚时闯过了零个关卡	笑死我了纵横天下至今一直在罚时闯过了零个关卡	笑死我了,纵横天下至今一直在罚时,没有过关卡。	Dying of laughter, the one who conquers the world has been in timeout, passing zero challenges
B-HOM-083	HOM	77.52	83.88	6.37	43.96	62.99	19.03	0	0	0	怎么达不溜小兵了	How can I get rid of the little boy?	怎么打不了小兵了	How can you beat the little soldier?	Why can't I target the minions?
B-HOM-084	HOM	83.91	98.05	14.14	75.76	79.36	3.60	0	0	0	！？雀潮？！	!? shark?!	！？雀巢？！	!? Starbucks?!	!? Nestle!?
B-HOM-085	HOM	98.95	98.71	-0.24	81.79	80.40	-1.39	0	0	0	此人知识面级广	This person has a wide knowledge base.	此人知识面极广	He has a wide knowledge.	This person's knowledge is extremely broad
B-HOM-086	HOM	87.15	83.38	-3.77	76.07	82.56	6.49	0	0	0	蛇：卧槽，怎么又是他	snake: Why is it him again?	蛇：我的天，怎么又是他	蛇:我的天,怎么又是他?	Snake: Oh my god, why is it him again
B-HOM-087	HOM	75.04	84.33	9.28	57.34	52.12	-5.22	0	0	0	生物钟:补药呀！我才调整好	Bioclock: Okay! I just adjusted it.	生物钟:不要呀！我才调整好	生物钟:不要呀!我才调整好	Biological clock: No! I just got it adjusted
B-HOM-088	HOM	68.91	89.47	20.56	49.52	69.67	20.15	0	0	0	鸡本功来了，视频就有了。起飞！	Here's the video, fly!	基本功来了，视频就有了。起飞！	Basics are here, video is here. Go!	When the basic skills kick in, the video just takes off! Liftoff!
B-HOM-089	HOM	55.33	88.25	32.92	44.38	85.25	40.87	0	0	0	食不食油饼	油饼不吃	是不是有病	Are you sick?	Are you out of your mind?
B-HOM-090	HOM	38.20	99.29	61.09	40.25	83.26	43.01	0	0	0	香精煎鱼食不食	香精煎鱼食不食	想进监狱是不是	Do you want to go to jail?	Do you want to end up in prison?
B-HOM-091	HOM	78.02	94.06	16.03	77.45	83.47	6.03	0	0	0	立马去郊区浇筑一个刚进混凝土的地下堡垒	Just go to the suburbs and dig a newly built concrete underground fort.	立马去郊区浇筑一个钢筋混凝土的地下堡垒	Go straight to the suburbs and build a concrete underground fort.	Head to the suburbs right away and build an underground bunker with rebar concrete
B-HOM-092	HOM	87.28	100.00	12.72	46.52	70.36	23.84	0	0	0	鸡本功扎实	鸡本功扎实	基本功扎实	基本功扎实	Solid basic skills
B-HOM-093	HOM	64.62	97.02	32.40	34.24	65.88	31.64	0	0	0	蚌不住了	蚌不死。	绷不住了	I'm exhausted.	Can't hold it in anymore
B-HOM-094	HOM	84.89	94.48	9.60	67.95	83.49	15.54	0	0	0	冷芝士：袜子不是茶包	Cold cheese: socks are not tea bags	冷知识：袜子不是茶包	Cool facts: Socks are not tea bags.	Fun fact: socks are not tea bags
B-HOM-095	HOM	77.99	63.73	-14.26	61.52	62.90	1.39	0	0	0	就说00这一套真的超级好看的，我可以安心的似了	Just saying, this set is really pretty, I can't wait to wear it.	就说00这一套真的超级好看的，我可以安心的死了	Just saying, this set is really pretty, I can't wait to die.	This 00 outfit is really super good-looking, I can finally rest in peace
B-NEO-002	NEO	92.96	94.62	1.66	81.53	77.90	-3.63	100	0	-100	我们不是供人围观的工具人！	We're not a tool for anyone to look at!	我们不是供人围观的工具！	We're not a sight to behold!	we're not tools for people to watch!
B-NEO-003	NEO	96.07	96.30	0.23	74.65	81.06	6.41	0	0	0	又被割韭菜了，这理财产品全是坑	又被骗了,这些理财产品全是坑。	又被宰了，这理财产品全是坑	Again, I was scammed, these investment products are all scams.	I got ripped off again, this wealth management product is full of traps.
B-NEO-004	NEO	72.58	87.88	15.30	44.02	48.36	4.35	0	0	0	品牌联名就是割韭菜，质量差价格高	联名品牌就是割韭菜,质量差价格高	品牌联名就是坑人，质量差价格高	联名品牌就是坑人,质量差价格高	Co-branded products are just a way to rip off customers with poor quality and high prices.
B-NEO-005	NEO	84.62	93.49	8.87	77.36	84.01	6.65	0	100	100	别带节奏了，事情不是你想的那样	Don't take it easy, things aren't as you think.	别煽动舆论了，事情不是你想的那样	Don't stir up the public opinion, things aren't as you think.	stop stirring things up, it's not what you think
B-NEO-006	NEO	78.33	92.82	14.49	74.99	83.79	8.80	0	0	0	评论区全是在带节奏的，真相没人关心	The comments are all about getting the rhythm, no one cares about the truth.	评论区全是在煽动舆论的，真相没人关心	The comments are all about making headlines, no one cares about the truth.	comments section full of people stirring drama, nobody cares about the truth
B-NEO-007	NEO	72.06	87.82	15.76	40.56	72.59	32.03	0	0	0	杠精无处不在，说啥都要反驳	无处不在的,说什么都要反驳。	抬杠的人无处不在，说啥都要反驳	Everyone is always arguing, whatever you say is always countered.	contrarians are everywhere, they rebut everything you say
B-NEO-008	NEO	97.25	97.76	0.51	84.26	83.62	-0.63	0	0	0	遇到杠精最好的办法就是不理他	The best way to deal with a bully is to ignore him.	遇到抬杠的人最好的办法就是不理他	The best way to deal with a bully is to ignore him.	the best way to deal with a contrarian is to ignore them
B-NEO-009	NEO	59.54	89.00	29.46	48.29	60.33	12.04	0	0	0	芭比Q了，半夜点外卖忘备注别敲门	芭比Q了,半夜点外卖忘记备注别敲门	完了，半夜点外卖忘备注别敲门	Sorry, I forgot to mention that I ordered a delivery at midnight.	I'm cooked, ordered delivery at midnight and forgot to leave a note saying don't knock
B-NEO-010	NEO	82.08	88.48	6.40	76.06	74.33	-1.73	0	0	0	选择你的躲藏点，被抓到就芭比Q了	Choose your hiding place, if caught you'll be a Barbie Q.	选择你的躲藏点，被抓到就完了	Choose your hiding place, and you'll be caught.	pick your hiding spot, if you get caught you're done for
B-NEO-011	NEO	78.07	96.40	18.33	67.26	81.84	14.58	0	100	100	看到肯德基9.9的那一刻，我的班味瞬间就没了	When I saw the KFC 9.9, my appetite was instantly gone.	看到肯德基9.9的那一刻，我的上班疲惫感瞬间就没了	When I saw the KFC 9.9, my work exhaustion disappeared instantly.	the moment I saw KFC 9.9, my work exhaustion instantly vanished
B-NEO-012	NEO	85.57	90.20	4.62	74.52	71.48	-3.04	0	0	0	人一旦染上班味，这辈子就去不掉了	Once you get into office smell, you'll never get out of it.	人一旦染上上班的气息，这辈子就去不掉了	Once you get into the office smell, you'll never get out of it.	once you catch the work vibe, it never leaves you
B-NEO-013	NEO	66.73	63.21	-3.52	47.56	65.41	17.85	0	0	0	十多块的塔斯汀五件套，横扫我一天班味	a few dollars for a five piece set of tasty, spreads my taste buds all day.	十多块的塔斯汀五件套，横扫我一天上班的疲惫感	The $40 Worth of a Satin Five Piece Set, wipes away the tired feeling of my day at work.	a 10-something yuan Tastien 5-piece meal wipes away my whole day of work fatigue
B-NEO-014	NEO	73.63	73.86	0.23	46.63	61.42	14.79	0	0	0	净化班味，用了这头像直接演绎出我的精神状态	净化班味,用这头像直接演绎出我的精神状态	净化上班的疲惫感，用了这头像直接演绎出我的精神状态	净化上班的疲惫感,用这头像直接演绎出我的精神状态。	cleansing away the work fatigue — this avatar perfectly captures my mental state
B-NEO-015	NEO	34.76	75.21	40.45	34.80	65.30	30.50	0	0	0	等等党赢麻了，建议收藏	等到你赢了,建议收藏	等待降价的人赢得非常彻底，建议收藏	those who wait for the discount win very well, recommend keeping it.	the wait-for-a-deal crew won big time, saving this
B-NEO-016	NEO	72.04	88.22	16.18	33.74	66.91	33.16	0	0	0	看似输了实际赢麻了	看似输了实际赢麻了	看似输了实际赢得非常彻底	Although it seems to lose, it actually wins very significantly.	looks like they lost but actually won big
B-NEO-017	NEO	85.74	91.11	5.38	65.83	78.07	12.24	0	0	0	纯爱战神轰然倒地	纯爱战神轰然倒地	只支持纯爱的人轰然倒地	those who only support pure love suddenly fell down.	the pure love warrior has fallen
B-NEO-018	NEO	97.75	97.23	-0.53	72.87	81.48	8.61	100	0	-100	谨以此片献给每一位纯爱战神	This movie is dedicated to all the pure love warriors.	谨以此片献给每一位只支持纯爱的人	This video is dedicated to all those who support pure love.	dedicating this film to every pure love warrior out there
B-NEO-019	NEO	63.54	95.72	32.18	41.40	85.90	44.50	0	0	0	兄弟们我润美国了	兄弟们,我润美国了	兄弟们我移民美国了	兄弟们,我移民美国了。	bros I emigrated to the US
B-NEO-020	NEO	64.63	90.87	26.24	70.91	79.74	8.83	0	0	0	公司要黄了的5个征兆，当公司开始严抓考勤，你该考虑润了	5 signs that your company is going to be a disaster, when your company starts to tighten attendance, you should consider getting a new job	公司要黄了的5个征兆，当公司开始严抓考勤，你该考虑跑了	5 signs that your company is going to fail, when they start strictly tracking your absences, you should consider leaving	5 signs your company is going under, when they start cracking down on attendance, you should consider bouncing
B-NEO-021	NEO	76.91	80.39	3.48	54.26	50.77	-3.49	0	0	0	赛博朋克2077，极致嘴臭极致享受	赛博朋克2077,极致嘴臭极致享受	赛博朋克2077，极致骂人极致享受	赛博朋克2077,极致骂人极致享受	Cyberpunk 2077, ultimate trash talk ultimate enjoyment
B-NEO-023	NEO	85.94	86.59	0.65	68.50	63.77	-4.73	0	0	0	孙红雷演技炸裂，20万人打出7.5分	孙红雷演技炸裂,20万人打出7.5分	孙红雷演技极其震撼，20万人打出7.5分	孙红雷的演技震撼,20万人打出7.5分。	Sun Honglei's acting is absolutely insane, 200k people rated 7.5
B-NEO-024	NEO	73.52	93.44	19.92	40.95	75.57	34.63	0	100	100	赛博诵经让老外陷入疯狂	The saxophone makes the foreigner crazy.	虚拟诵经让老外陷入疯狂	Virtual prayer makes foreigners crazy.	cyber chanting is driving foreigners crazy
B-NEO-025	NEO	73.27	77.78	4.51	53.92	64.73	10.81	0	0	0	国庆宅家的赛博生活	国庆假期在家的赛博生活	国庆宅家的虚拟网络生活	国庆假期在家的虚拟网络生活	National Day stay-at-home cyber life
B-NEO-026	NEO	51.17	56.84	5.67	69.07	69.46	0.38	0	0	0	高考第一批显眼包出现了，青蛙玩偶花式助阵	The first batch of stylish bags for the examination has appeared, the frog toy has been a decoration.	高考第一批爱出风头的人出现了，青蛙玩偶花式助阵	The first group of people who love to stand out in high school came out, the frog toy decorations were a hit.	the first batch of attention-seekers at the college entrance exam showed up, frog mascots cheering in style
B-NEO-027	NEO	67.41	77.72	10.32	35.46	41.04	5.57	0	0	0	电子榨菜输出中，午饭点准时到	电子榨菜输出中,午饭点准时到	适合吃饭时看的视频输出中，午饭点准时到	适合吃饭时看的视频输出中,午饭点准时到	my mealtime video is on, right on time for lunch
B-NEO-028	NEO	71.73	90.45	18.71	66.82	74.93	8.11	0	100	100	这个综艺太下饭了，一口气看完	This show is so tasty, I could watch it all in one sitting.	这个综艺太适合吃饭时看了，一口气看完	This show is perfect for watching while eating lunch.	this variety show is perfect meal content, binged the whole thing
B-NEO-029	NEO	75.65	65.20	-10.45	56.13	56.85	0.72	0	0	0	发疯文学必备文案，笑死我了	发疯文学必备文案,笑死我了	宣泄式文字表达必备文案，笑死我了	必备的宣泄式文字表达文案,笑死我了!	must-have lines for unhinged-rant posting, I'm dying laughing
B-NEO-030	NEO	92.30	98.12	5.82	48.48	69.55	21.08	0	0	0	社恐人的噩梦，大型聚会	社恐人的噩梦,大型聚会	社交恐惧症患者的噩梦，大型聚会	社交恐惧症患者的噩梦,大型聚会。	a socially anxious person's worst nightmare, a huge gathering
B-NEO-031	NEO	90.92	96.75	5.83	73.92	81.90	7.98	0	0	0	找不到原剧了，这个当代餐先看	I can't find the original, so I'll watch this modern one first.	找不到原剧了，这个当替代品先看	I can't find the original, so I'll try this one first.	can't find the original, using this as a substitute for now
B-NEO-032	NEO	81.59	89.96	8.37	54.58	81.96	27.39	0	0	0	花2000买nike感觉自己好像大冤种	花2000买nike感觉自己好像大冤种	花2000买nike感觉自己好像大冤大头	I feel like a big loser when I spend 2000 on nike.	spent 2k on nikes feeling like a total sucker
B-NEO-033	NEO	53.66	62.56	8.89	46.25	51.11	4.86	0	0	0	腾讯这波泄密直接破防了，317万说没就没	This leak of Tmall's data was a direct leak, 317 million dollars said no, no.	腾讯这波泄密直接崩溃了，317万说没就没	This leak of Tmall really collapsed, 317 million said no, no.	Tencent's leak move really triggered a breakdown, 3.17 million gone just like that
B-NEO-034	NEO	53.84	88.73	34.89	56.82	72.34	15.52	0	100	100	梅老板今年真可怜，这么强的个人发挥啥没有得到	梅老板今年真可怜,这么强的个人发挥啥没有得到	梅西今年真可怜，这么强的个人发挥啥没有得到	Messi is really a shame this year, with such a strong individual performance why didn't he get any recognition?	Messi had a rough year insane individual performance but got nothing
B-NEO-035	NEO	47.80	63.34	15.55	40.84	42.85	2.00	0	0	0	吃瓜吃到自己头上了，腾讯泄密员工就是本人	吃瓜吃到自己头上了,腾讯泄密员工就是本人。	看热闹看到自己头上了，腾讯泄密员工就是本人	看热闹看到自己头上了,腾讯泄密员工就是本人	I was following the drama, only to realize I’m the Tencent staff member who leaked the information
B-NEO-036	NEO	64.32	75.85	11.53	68.95	75.92	6.96	0	0	0	别搁这凡尔赛了，显摆啥呢	Don't waste your time on this Cannes, what are you trying to show off?	别搁这炫耀了，显摆啥呢	Don't be so proud, what are you showing off?	stop humble bragging already what are you flexing
B-NEO-037	NEO	85.61	99.69	14.08	71.17	84.88	13.71	0	0	0	显卡市场太内卷了，价格涨得离谱	The graphics card market is too closed, prices have skyrocketed.	显卡市场竞争太激烈了，价格涨得离谱	The graphics card market is so competitive, the prices have skyrocketed.	The GPU market is hyper-competitive, prices rising outrageously
B-NEO-038	NEO	78.27	62.07	-16.20	67.00	43.41	-23.60	0	0	0	这帖子水分太大，灌水灌的	This post is too wet, filled with water.	这帖子水分太大，刷帖刷的	This post is too wet, squeezing it up.	this post is so watered down pure spam
B-NEO-039	NEO	79.53	90.33	10.80	68.19	79.40	11.20	0	100	100	打工人看完317万年终奖直接躺平了	The worker saw the 317 million annual prize and fell asleep.	打工人看完317万年终奖直接放弃了	The worker immediately gave up after seeing the 317 million annual prize.	Workers gave up striving after seeing the 3.17 million year-end bonus.
B-NEO-040	NEO	78.13	93.66	15.53	61.42	79.91	18.49	0	0	0	这剧情给我整破防了	This scene really opened my eyes.	这剧情给我整崩溃了	This scene really freaked me out.	this plot totally broke me fr fr
B-NEO-041	NEO	79.16	66.13	-13.03	67.87	59.56	-8.31	0	0	0	这员工凡尔赛式晒年终奖，结果翻车了	This employee went to Paris to celebrate his annual bonus, but it ended up being a disaster.	这员工炫耀式晒年终奖，结果翻车了	This employee was going to post his annual allowance, but he ended up getting a huge mistake.	This employee flaunted their year-end bonus in a humble-brag way, and it backfired
B-NEO-042	NEO	94.30	99.07	4.77	54.20	81.99	27.80	0	0	0	这手机信号拉胯到离谱	This phone signal is really weak.	这手机信号差到离谱	This phone signal is awful.	this phone signal is garbage to an absurd degree
B-NEO-043	NEO	96.04	99.10	3.06	78.55	84.88	6.32	0	0	0	你这个行为真的很下头	Your behavior is very disgusting.	你这个行为真的很扫兴	Your behavior is really annoying.	your behavior is such a turnoff rn
B-NEO-044	NEO	62.66	77.73	15.07	73.55	66.56	-6.99	0	100	100	赛里木湖这事太下头了，景区管理太离谱	The affair at the Lake Sariang is very ugly, the management of the park is very strange.	赛里木湖这事太让人失望了，景区管理太离谱	This is a very disappointing experience at the Lake Sariang.	The Sarim Lake incident is too disappointing, scenic area management is outrageous
B-NEO-045	NEO	60.58	96.11	35.53	78.12	62.98	-15.14	0	0	0	他这个人好油腻	He is very fat.	他这个人好油滑	He is a very lazy person.	this guy is so sleazy ick
B-NEO-046	NEO	66.62	94.85	28.23	32.28	72.77	40.49	0	0	0	没绷住破绷了	没绷住破绷了	没绷住笑了	I can't help laughing.	couldn't hold it in and totally lost it laughing
B-NEO-047	NEO	73.59	82.52	8.93	73.18	70.16	-3.02	0	100	100	中国女排逆转美国，这波操作太上头了	China Women's Team Reverse the USA, This Move is Too Cool!	中国女排逆转美国，这波操作太让人激动了	China Women's Team turned the ball over to the USA, this move was really exciting.	China women's volleyball reversed against USA, this move is so hype
B-NEO-048	NEO	84.81	92.10	7.30	65.62	78.64	13.02	0	0	0	天天水经验，也不发点有用的帖子	Every day, you waste your experiences, and don't post any useful posts.	天天刷经验，也不发点有用的帖子	Every day, you earn experience, but you don't post any useful posts.	farming XP every day never posting anything useful
B-NEO-049	NEO	80.32	83.97	3.65	40.21	55.75	15.54	0	100	100	这主播开挂实锤了，封号吧	This jerk is a real jerk, shut up!	这主播作弊实锤了，封号吧	This jerk is cheating, shut up!	this streamer is confirmed cheating, ban them
B-NEO-050	NEO	92.85	85.61	-7.24	68.86	75.64	6.78	0	100	100	内耗太严重了	Internal damage is too bad.	内部消耗太严重了	Internal consumption is too severe.	internal friction is too serious smh
B-NEO-051	NEO	76.58	80.79	4.22	34.44	44.26	9.82	0	0	0	互联网嘴替实锤	互联网嘴替实锤	互联网代言人实锤	互联网代言人实锤	confirmed internet mouthpiece
B-NEO-052	NEO	33.02	32.00	-1.02	38.64	31.48	-7.16	0	0	0	无职孝子还在嘴硬洗，服了	无职孝子还在嘴硬洗,服了	无职盲目辩护者还在嘴硬洗，服了	无职盲目辩护者还在嘴硬洗,服了	Mushoku Tensei stans still hard-stanning give up
B-NEO-053	NEO	85.59	91.98	6.39	66.23	68.23	2.00	0	0	0	双持党表示苹果和华为都不够用	The opposition said that Apple and Huawei are not enough.	同时用两部手机的人表示苹果和华为都不够用	Users who use both iPhones and Huawei phones say that they are not enough.	dual-phone gang saying neither Apple nor Huawei is enough
B-NEO-054	NEO	85.19	91.49	6.30	34.59	77.28	42.69	0	0	0	被种草了	I'm tempted.	被推荐心动了	I was inspired by the recommendation.	got recommended I'm tempted to buy
B-NEO-055	NEO	80.22	97.51	17.29	32.07	71.34	39.28	0	0	0	拔草了不买	拔草了不买	打消购买念头了不买	I've given up on buying it.	nah I'm not buying
B-NEO-056	NEO	76.32	99.06	22.73	79.54	86.30	6.76	0	0	0	他好会整活	He is very good at cleaning up.	他好会搞怪	He is very funny.	he's so good at being funny lol
B-NEO-057	NEO	86.85	99.75	12.90	72.95	83.89	10.94	0	0	0	这个太炸了	This is too funny.	这个太震撼了	This is really shocking.	this is too insane
B-NEO-058	NEO	58.69	68.19	9.50	41.01	45.32	4.31	0	0	0	景区打人还理直气壮的，真是绝绝子	景区打人还理直气壮的,真是绝绝子	景区打人还理直气壮的，真是绝了	景区打人还理直气壮的,真是绝了	Beating people at a scenic spot and still acting righteous, truly absolutely outrageous
B-NEO-059	NEO	85.50	93.49	7.99	36.74	84.34	47.60	0	0	0	破防了	破防了	心理防线崩溃了	The mental barrier broke down.	I'm emotionally broken
B-NEO-060	NEO	86.57	100.00	13.43	61.34	86.13	24.79	0	100	100	这个太上头了	This is too funny.	这个太上瘾了	This is addictive.	this is too addictive can't stop
B-NEO-061	NEO	72.62	91.61	18.99	79.67	83.62	3.95	0	0	0	他好会营业	He is very good at business.	他好会讨好粉丝	He is very popular with his fans.	he's so good at playing to his fans
B-NEO-062	NEO	73.89	77.17	3.28	51.83	53.72	1.89	0	0	0	香港🇭🇰打车有这么卷吗？又难？	Is it so hard to drive in Hong Kong?	香港🇭🇰打车竞争有这么激烈吗？又难？	Is it so hard to drive in Hong Kong?	is getting a taxi in HK this intense? so hard?
B-NEO-063	NEO	83.61	96.18	12.57	79.95	78.78	-1.17	0	0	0	这帖子纯纯的钓鱼经验，别当真	This is purely fishing experience, don't take it seriously.	这帖子纯纯的骗经验，别当真	This post is purely a scam, don't take it seriously.	this post is pure bait for engagement don't fall for it
B-NEO-064	NEO	82.68	99.36	16.67	59.76	62.58	2.81	0	0	0	纯纯的牛马人生	Pure life of cows and goats	纯纯的打工人人生	纯粹的打工人人生	pure wage slave life
B-NEO-065	NEO	67.30	97.74	30.45	69.72	82.08	12.36	0	0	0	是我不够糖吗	Is it me or is it too much sugar?	是我不够傻吗	Is it me that's too stupid?	am I not dumb enough? bruh
B-NEO-066	NEO	100.00	100.00	0.00	85.15	86.44	1.29	100	100	0	这何意味啊	What does that mean?	这什么意思啊	What does this mean?	what does this even mean
B-NEO-067	NEO	48.49	76.36	27.87	32.11	39.27	7.16	0	0	0	摆烂了，爱咋咋地	你怎么这么无聊?	放弃了，爱咋咋地	放弃了,爱咋咋地	I give up whatever happens happens
B-NEO-068	NEO	53.72	86.01	32.29	37.46	51.35	13.89	0	0	0	摆烂一天算了	一天坏了算了。	放弃一天算了	放弃一天算了	let me rot for a day whatever
B-NEO-069	NEO	72.08	86.06	13.99	57.85	60.77	2.92	0	0	0	内卷太严重了，打工人伤不起	Internal damage is too severe, workers cannot be hurt.	过度竞争太严重了，打工人伤不起	Competition is too intense, workers are injured.	the rat race is too intense workers can't take it
B-NEO-070	NEO	93.01	92.24	-0.77	48.04	74.60	26.55	0	0	0	这波操作属实逆天了	This move is really a waste of time.	这波操作属实超乎想象了	This move was beyond my expectations.	this play is straight up insane
B-NEO-071	NEO	14.76	52.42	37.66	30.80	41.85	11.05	0	0	0	内卷到头秃，躺平又心慌	心慌,头晕,头痛,头晕,头痛,头痛,头痛,头痛,头痛,头痛,头痛,头痛,头痛,头痛,头痛,头痛,头痛,头痛,头痛,头痛,头痛,头痛,头痛,头痛,头痛,头痛,头痛,头痛,头痛,头痛,头痛,头痛,头痛,头痛,头痛,头痛,头痛,头痛,头痛,头痛,头痛,头痛,头痛,头痛,头痛,头痛,头痛,头痛,头痛,头痛,头痛,头痛,头痛,头痛,头痛,头痛,头痛,头痛,头痛,头痛,头痛,头痛,头痛,头痛,头痛,头痛,头痛,头痛,头痛,头痛,头痛,头痛,头痛,头痛,头痛,头痛,头痛,头痛,头痛,头痛,头痛,头痛,头痛,头痛,头痛,头痛,头痛,头痛,头痛,头痛,头痛,头痛,头痛,头痛,头痛,头痛,头痛,头痛,头痛,头痛,头痛,头痛,头痛,头痛,头痛,头痛,头痛,头痛,头痛,头痛,头痛,头痛,头痛,头痛,头痛,头痛,头痛,头痛,头痛,头痛,头痛,头痛,头痛,头痛,头痛,头痛,头痛,头痛,头痛,头痛,头痛,头痛,头痛,头痛,头痛,头痛,头痛,头痛,头痛,头痛,头痛,头痛,头痛,头痛,头痛,头痛,头痛,头痛,头痛,头痛,头痛,头痛,头痛,头痛,头痛,头痛,头痛,头痛,头痛,头痛,头痛,头痛,头痛,头痛,头痛,头痛,头痛,头痛,头痛,头痛,头	过度竞争到头秃，躺平又心慌	竞争到头秃,躺平又心慌	rat race till you're bald quit competing but still anxious
B-NEO-072	NEO	75.07	94.04	18.96	80.03	83.98	3.95	0	0	0	不是哥们儿	Not my buddy.	不是吧，哥们儿	No, buddy.	no way bro come on
B-NEO-073	NEO	85.66	68.94	-16.72	71.48	70.37	-1.11	100	0	-100	说出一个旅游热度很低但实际很夯的城市	What is a city that is not very popular but is actually very popular?	说出一个旅游热度很低但实际很高的城市	What is a city that is not very touristy but has a high tourism?	name a city that's low-key but actually great
B-NEO-074	NEO	77.15	94.48	17.33	53.17	73.57	20.40	0	0	0	这波操作直接拉胯了	This move really took my pants off.	这波操作直接失常了	This operation immediately failed.	this play literally underperformed
B-NEO-075	NEO	59.30	56.32	-2.99	32.71	44.78	12.08	0	0	0	这操作绝绝子，直接给我整不会了	This operation is absolutely impossible.	这操作绝佳，直接给我整不会了	This operation is perfect, I'm going to be able to do it again.	this play is amazing left me speechless
B-NEO-076	NEO	72.10	66.39	-5.70	71.46	72.62	1.16	0	100	100	谁能能理解这种崩溃的心情，辛辛苦苦备考许久，就等着政审上岸，结果栽在了学历断层上	Who can understand this broken feeling, spent a long time studying hard for the political examination, and then ended up getting stuck on the qualification gap?	谁能能理解这种崩溃的心情，辛辛苦苦备考许久，就等着政审成功，结果栽在了学历断层上	Who can understand this broken feeling, spent a long time studying hard, waiting for the political examination to pass, but they are stuck on the qualification gap?	who understands this despair? prepped for ages waiting to pass the political review only to get rejected by an education gap
B-NEO-077	NEO	82.15	77.94	-4.21	70.24	73.62	3.39	0	0	0	为什么留子都不爱和老外谈？	Why do they not like to talk to foreigners?	为什么留学生都不爱和老外谈？	Why do foreigners not like to talk to foreigners?	why don't international students like dating foreigners? real talk
B-NEO-078	NEO	80.12	75.50	-4.62	59.34	59.20	-0.14	0	0	0	哈包穿上衣服不习惯了	哈包穿上衣服不习惯了。	哈兰德穿上衣服不习惯了	哈兰德穿上衣服不习惯了。	not used to Haaland wearing clothes
B-NEO-079	NEO	52.51	63.72	11.21	43.06	44.16	1.10	0	0	0	洗澡5分钟老公社死一整年	洗澡5分钟老公社死一整年	洗澡5分钟老公社会性死亡一整年	老公5分钟的洗澡,一整年社会性死亡。	5-min shower and my husband is socially dead for a whole year rip
B-NEO-080	NEO	76.39	90.81	14.42	45.98	55.48	9.50	0	0	0	直接破防了家人们	directly broken the barrier of the house	直接心态失控了家人们	They immediately lost control of their minds.	totally broke down mentally fam
B-NEO-081	NEO	83.58	97.20	13.62	78.42	79.47	1.05	0	0	0	月薪不够5w不能这么活	You can't live like this if you don't have a salary of 5 dollars a month.	月薪不够5万不能这么活	You can't live like this if you don't have a salary of five thousand yuan.	Can't live like this if monthly salary isn't even 50k
B-NEO-082	NEO	62.86	63.52	0.66	57.37	83.06	25.69	0	0	0	爷青回	爷青回	爷的青春回来了	My father's youth has returned.	Nostalgia hits hard.
B-NEO-083	NEO	58.38	100.00	41.62	34.53	87.51	52.98	0	0	0	难他天？	难道明天?	难道他真的是天才？	Is he really a genius?	Turns out he's a genius?
B-NEO-084	NEO	97.02	99.12	2.10	77.37	84.21	6.84	0	0	0	基操	Basic exercises	基本操作	Basic operating procedures	Just basic mechanics
B-NEO-085	NEO	69.94	85.10	15.16	63.67	75.55	11.88	0	0	0	你这肯定是低段位炸鱼罢了	You're probably a low-grade fried fish.	你这肯定是低段位欺负水平差的玩家罢了	You must be a low level player who is bullying the lower level players.	You must be just smurfing in low rank
B-NEO-086	NEO	62.49	65.64	3.15	77.81	78.48	0.67	0	0	0	刘宇宁一周不直播，棚友集体受不了！想念到发疯	刘宇宁一周不直播,棚友集体受不了!想念到发疯	刘宇宁一周不直播，粉丝集体受不了！想念到发疯	刘宇宁一周不直播,粉丝集体受不了!想念到发疯	Liu Yuning hasn’t streamed for a week, all his fans can’t stand it and miss him terribly.
B-PYA-001	PYA	85.46	96.16	10.70	79.41	81.28	1.87	0	100	100	xql日常太甜了，羡慕死了	xql's daily life is so sweet, I'm jealous.	小情侣日常太甜了，羡慕死了	These little couples' daily lives are so sweet, I'm jealous.	this couple's daily life is too sweet, I'm so jealous
B-PYA-003	PYA	64.35	99.22	34.87	70.93	77.66	6.73	0	100	100	xql之间的默契真的绝了	The mutual understanding between xql is really gone.	小情侣之间的默契真的绝了	The chemistry between the couple is really good.	the chemistry between this couple is insane
B-PYA-004	PYA	85.07	98.67	13.61	60.64	78.40	17.76	0	100	100	全网最甜xql非他们莫属	They are the sweetest xql on the net.	全网最甜小情侣非他们莫属	They are the most sweetest couple on the internet.	the sweetest couple on the internet has to be them
B-PYA-005	PYA	80.46	95.55	15.10	67.12	83.64	16.52	0	0	0	看到别人去欧洲旅游的照片，xmsl	看到别人去欧洲旅游的照片,xmsl	看到别人去欧洲旅游的照片，羡慕死了	I saw pictures of other people going to Europe and I was so jealous.	Seeing photos of others traveling in Europe makes me so envious.
B-PYA-007	PYA	93.60	96.32	2.72	76.02	77.69	1.67	0	0	0	新剧gkd！等不及了	New show! Can't wait!	新剧搞快点！等不及了	Please make a new movie soon! I can't wait.	hurry up with the new drama! can't wait
B-PYA-009	PYA	96.43	97.04	0.61	64.17	77.12	12.94	0	0	0	xgg们推荐一下好用的手机呗	Please recommend a good phone.	小哥哥们推荐一下好用的手机呗	Please recommend me a good phone.	boys recommend some good phones pls
B-PYA-010	PYA	86.49	86.82	0.32	70.46	84.66	14.20	0	0	0	这个xgg好帅，求联系方式	This XGG is really cool, would you like me to get in touch with him?	这个小哥哥好帅，求联系方式	This little brother is really cool, please give me his contact information.	this guy is so handsome, asking for his contact
B-PYA-011	PYA	86.38	82.66	-3.72	62.88	45.42	-17.46	0	0	0	jrm帮我看看这个怎么选	jrm, help me choose this.	家人们帮我看看这个怎么选	Please help me choose this.	fam help me figure out which one to pick
B-PYA-012	PYA	87.19	94.47	7.28	73.48	82.23	8.75	0	100	100	jrm今天发生了一件离谱的事	Today, jrm happened something really strange.	家人们今天发生了一件离谱的事	Today, my family had a strange experience.	fam something wild happened today
B-PYA-013	PYA	90.04	93.13	3.09	74.95	76.74	1.79	0	0	0	8u们觉得这配置怎么样	What do you think about this configuration?	吧友们觉得这配置怎么样	What do you think of this setup?	what do you tieba folks think of this setup?
B-PYA-014	PYA	74.02	85.12	11.10	66.25	77.48	11.23	0	0	0	王虹yyds！中国数学家终于拿到菲尔兹奖了	Congratulations! Chinese mathematician Wang Hongyi finally won the Filbert Prize.	王虹永远的神！中国数学家终于拿到菲尔兹奖了	王虹永远的神!中国数学家终于拿到菲尔兹奖了	Wang Hong is the GOAT! A Chinese mathematician finally won the Fields Medal
B-PYA-015	PYA	89.12	89.42	0.30	66.94	66.44	-0.50	0	0	0	这条rs怎么还没上	How come this rs hasn't been updated?	这条热搜怎么还没上	How come this search didn't come up?	why isn't this trending yet
B-PYA-016	PYA	62.73	76.70	13.97	59.60	71.57	11.97	0	0	0	xswl，陈哲远在密逃里也太搞笑了吧	xswl, Chen Zhiyuan's comedy in Midnight is really funny.	笑死我了，陈哲远在密逃里也太搞笑了吧	"I laughed so hard, Chen Zhiyuan in the movie ""Mian Tai"" is really funny."	Lmao, Chen Zheyuan is just too funny in Great Escape
B-PYA-017	PYA	87.05	85.12	-1.93	75.15	73.25	-1.90	0	100	100	14个月正是穿lulu的时候	14 months is the time to wear a kimono.	14个月正是穿Lululemon的时候	14 months is when I was wearing Lululemon.	14 months is prime Lululemon season
B-PYA-018	PYA	77.73	75.93	-1.80	74.63	75.96	1.34	0	0	0	dd，中国女排3比2逆转美国太牛了	dd, China women's team 3 to 2 upset USA is really cool.	顶顶，中国女排3比2逆转美国太牛了	顶顶,中国女排3比2逆转美国太牛了	Bump, China women's volleyball 3-2 comeback against USA is amazing
B-PYA-019	PYA	83.30	97.56	14.26	80.73	77.91	-2.82	0	0	0	rt，大家帮我看看这手机值不值	rt, can you help me see if this phone is worth it?	如图，大家帮我看看这手机值不值	Please help me determine if this phone is worth it.	see pic help me check if this phone is worth it
B-PYA-020	PYA	72.39	80.49	8.11	47.15	64.87	17.73	0	100	100	jrs怎么看腾讯这个泄密处理？	How do you think about the leakage of jrs?	家人们怎么看腾讯这个泄密处理？	What do your family members think about this leak?	Fam, what do you think of Tencent's leak handling?
B-PYA-021	PYA	69.74	72.20	2.46	71.36	63.17	-8.18	0	0	0	srds，赛里木湖打人这事不能就这么算了	Srds, the incident at Lake Seriki cannot be handled like this.	虽然但是，赛里木湖打人这事不能就这么算了	However, the shooting at the Sentinel Lake cannot be taken lightly.	Be that as it may, the Sarim Lake beating incident can't just be let go like this
B-PYA-022	PYA	64.94	81.73	16.79	33.72	79.17	45.44	0	0	0	白色真是yyds	White fucking	白色真是永远的神	White is always the goddess.	white is truly the GOAT
B-PYA-023	PYA	81.23	76.77	-4.47	50.49	61.53	11.04	0	0	0	u1s1，317万年终奖确实让人眼红	u1s1,317万年终奖确实让人眼红	有一说一，317万年终奖确实让人眼红	说实话,317万终身奖确实让人眼红。	To be honest, a 3.17 million year-end bonus does make people envious
B-PYA-024	PYA	95.18	93.38	-1.80	80.17	80.48	0.31	0	0	0	XHS上好多人在讨论	There are a lot of people discussing this on XHS.	小红书上好多人在讨论	There are a lot of people discussing this on Facebook.	so many people talking about it on Xiaohongshu
B-PYA-025	PYA	90.73	91.57	0.83	70.07	80.77	10.70	0	0	0	显卡涨价这消息直接让我blx了	The news of the increase in the price of the graphics card immediately made me blx.	显卡涨价这消息直接让我玻璃心了	The news of the increase in the price of the graphics card immediately made me feel very sad.	The GPU price hike news really triggered my fragile heart
B-PYA-026	PYA	59.89	66.93	7.03	41.56	38.58	-2.98	0	0	0	好好好 好一个kpop拉子(bushi)	好好好 好一个kpop拉子(bushi)	好好好 好一个kpop拉子(不是)	好好好 好一个kpop拉子(不是)	ok ok ok what a kpop lesbian (not)
B-PYA-027	PYA	75.89	76.21	0.32	67.96	77.10	9.14	0	0	0	某些景区管理真是yygq，表面道歉背后照样	Some parks management is really yygq, although they apologize on the surface, they still do the same thing.	某些景区管理真是阴阳怪气，表面道歉背后照样	Some parks management is really ambiguous, although they apologize on the surface, they still do not change their attitude.	Some scenic area management is really passive-aggressive, apologizing on the surface but same behind the scenes
B-PYA-028	PYA	58.75	73.83	15.08	60.70	81.83	21.13	0	0	0	nb！这个操作太秀了	nb! That's a very nice operation.	牛逼！这个操作太秀了	Cool! That's a really cool move.	Sick move! Absolute W
B-PYA-029	PYA	62.73	64.23	1.50	59.37	67.28	7.90	0	100	100	50亿离婚案的瓜我吃了，dbq我不站队	I've eaten the poison of the 50 million divorce case, and I'm not going to stand up for anyone.	50亿离婚案的瓜我吃了，对不起我不站队	I've eaten the pie of the $50 million divorce case, sorry I don't stand by.	I’ve followed the 5-billion divorce drama, sorry, I’m not taking sides.
B-PYA-030	PYA	86.65	86.61	-0.04	76.93	77.07	0.15	0	0	0	这就是尊贵的b站用户🤣🤣🤣	This is the noble B站 user 🤣🤣🤣	这就是尊贵的B站用户🤣🤣🤣	This is the noble B站 user 🤣🤣🤣	this is what being a distinguished Bilibili user looks like 🤣🤣🤣
B-PYA-031	PYA	64.21	92.02	27.81	40.91	64.87	23.96	0	0	0	王虹从垫底到菲尔兹奖，这波直接nb	From the bottom to the top, this is a direct nb	王虹从垫底到菲尔兹奖，这波直接牛逼	From the bottom to the top, Wang Hong's journey is absolutely incredible.	Wang Hong from bottom to Fields Medal, this move is just insane
B-PYA-032	PYA	91.24	95.43	4.19	59.89	78.48	18.59	0	0	0	xjj们推荐一下好用的手机呗	推荐个好用的手机吧	小姐姐们推荐一下好用的手机呗	Please recommend me a good phone.	girls recommend some good phones pls
B-PYA-033	PYA	71.66	74.50	2.84	76.70	68.60	-8.10	0	0	0	bl粉丝太能控评了	bl fans are too critical.	白鹿粉丝太能控评了	These tiger fans are too critical.	Bai Lu fans are too good at controlling the comments
B-PYA-034	PYA	69.04	77.05	8.00	39.27	51.29	12.02	0	0	0	会聊天的男生真的yyds	聊天的男生真的yyds	会聊天的男生真的永远的神	聊天的男生真的永远的神啊!	guys who can flirt are truly the GOAT
B-PYA-035	PYA	58.93	59.60	0.67	50.54	60.46	9.92	0	0	0	哈哈哈哈哈哈哈笑死，我们00真的老kpop人了	哈哈哈哈哈哈哈哈笑死,我们00真的老kpop人了	哈哈哈哈哈哈哈笑死，我们2000年后出生的人真的老kpop人了	哈哈哈哈哈哈哈哈笑死,我们2000年后出生的人真的老kpop人了	lmaooo us Gen Z are such veteran kpop fans
B-PYA-036	PYA	63.47	74.26	10.79	45.12	53.03	7.91	0	0	0	减脂党狂喜！番茄鸡蛋燕麦粥yyds	减肥狂喜!番茄鸡蛋燕麦粥yyds	减脂党狂喜！番茄鸡蛋燕麦粥永远的神	减肥狂喜!番茄鸡蛋燕麦粥永远的神	diet crew rejoice! tomato egg oatmeal is the GOAT
B-PYA-037	PYA	92.69	94.14	1.45	81.93	64.56	-17.38	0	0	0	jrs帮我看看这鱼竿行不行	jrs, can you check this fishing rod for me?	家人们帮我看看这鱼竿行不行	Please help me check this fishing rod.	fam help me check if this fishing rod is any good
B-PYA-038	PYA	81.67	76.72	-4.95	58.53	71.83	13.30	0	0	0	一个会调情的男生真的YYDS	A flirtatious guy is really YYDS.	一个会调情的男生真的永远的神	A flirtatious boy is always a god.	a guy who knows how to flirt is truly the GOAT
B-PYA-039	PYA	92.72	98.06	5.34	72.78	83.29	10.51	0	100	100	bdjw这个怎么用	How do you use bdjw?	不懂就问这个怎么用	If you don't understand, ask me how to use this.	asking cuz idk how do I use this
B-PYA-040	PYA	59.35	66.74	7.39	56.03	73.53	17.50	0	0	0	蓝盈莹第一场戏好像就是撞棺紫砂	蓝盈莹的第一场戏好像就是撞棺紫砂。	蓝盈莹第一场戏好像就是撞棺自杀	蓝盈莹的第一场戏好像就是撞棺自杀。	Lan Yingying's first scene was literally suicide by coffin smash
B-PYA-041	PYA	83.19	82.74	-0.45	73.90	73.46	-0.45	0	0	0	泰奶+Gelato yyds！！！	Thai milk+gelato yyds!!!	泰奶+Gelato 永远的神！！！	Thai milk+gelato forever god!!!	Thai milk tea + Gelato is the GOAT!!!
B-PYA-042	PYA	67.25	67.41	0.16	54.55	48.81	-5.74	0	0	0	yygq什么呢，有话直说不行吗	What's up? I have something to say.	阴阳怪气什么呢，有话直说不行吗	What's wrong with you? You have something to say.	what are you being passive-aggressive about just say it straight
B-PYA-043	PYA	63.18	80.10	16.92	70.70	42.06	-28.64	0	0	0	zqsg追星好累	zqsg追星好累	真情实感追星好累	真心实意追星好累	chasing idols with genuine feelings is exhausting
B-PYA-044	PYA	72.92	70.68	-2.24	82.46	78.58	-3.88	0	0	0	u1s1，这个视频做得真好	u1s1, this video is really good.	有一说一，这个视频做得真好	One word, this video is really good.	Fr, this video slaps
B-PYA-045	PYA	68.29	69.28	1.00	55.98	69.38	13.40	0	0	0	别再吃麻辣烫！干拌麻辣拌才是yyds	Don't eat any more chilli! Dry chilli is the best!	别再吃麻辣烫！干拌麻辣拌才是永远的神	Don't ever eat a hot chili! Dry chilli is the best!	stop eating malatang! dry-mixed mala ban is the GOAT
B-PYA-046	PYA	75.54	81.85	6.32	49.30	65.15	15.84	0	0	0	这吧里xfxy的，天天吵架	这吧里xfxy的,天天吵架	这吧里血风血雨的，天天吵架	This bar is bloody and always fighting.	this forum is so chaotic fighting every day smh
B-PYA-047	PYA	59.43	64.90	5.48	79.21	83.71	4.51	0	0	0	srds他还是很有实力的	SRDS he is still very capable.	虽然但是他还是很有实力的	However, he is still a very talented player.	sthough he still got bars
B-PYA-048	PYA	81.89	74.99	-6.90	74.04	79.07	5.03	0	0	0	xswl 这都能洗？	xswl can this be washed?	笑死我了 这都能洗？	I'm laughing my ass off. Can you wash this?	lmao you can defend even this?
B-PYA-049	PYA	96.20	100.00	3.80	71.90	84.49	12.59	0	0	0	rwkk这到底是什么鱼	What kind of fish is this?	让我看看这到底是什么鱼	Let me see what kind of fish this is.	lemme see what fish is this
B-PYA-050	PYA	86.68	97.41	10.73	72.90	75.72	2.82	0	0	0	dd我一下	Please give me a moment.	滴滴我一下	Please drop me a line.	hit me up
B-PYA-051	PYA	91.61	93.31	1.71	77.22	55.23	-21.99	0	0	0	tcl，我真的太菜了	tcl, I'm really lazy.	太菜了，我真的太菜了	I'm so stupid, I'm really stupid.	I'm way too noob
B-PYA-052	PYA	64.55	71.44	6.89	49.95	40.16	-9.79	0	0	0	夏天就好这一口！！天妇罗冰锅yyds！！	Summer is coming! Strawberry Ice Cream Yds!!	夏天就好这一口！！天妇罗冰锅永远的神！！	夏天就这么一口!!天妇罗冰锅永远的神!!	summer vibes!! tempura ice pot is the GOAT!!
B-PYA-053	PYA	79.91	93.42	13.51	63.00	69.45	6.45	0	0	0	xswl这弱智吧的帖子太搞笑了	This post on the xswl forum is really funny.	笑死我了这弱智吧的帖子太搞笑了	I laughed so hard at this stupid forum post.	lmao the posts in this dumbass forum are too funny
B-PYA-054	PYA	62.87	43.51	-19.36	45.62	39.91	-5.71	0	0	0	马到成功yyds	马到成功yyds	马到成功永远的神	马到成功永远的神	May you succeed effortlessly, it’s top tier!
B-PYA-055	PYA	59.52	48.02	-11.50	46.04	54.90	8.86	0	0	0	这操作nb啊，大佬带带我	This is a nb, boss, show me.	这操作牛逼啊，大佬带带我	This is a very good move, boss.	this play is sick bro carry me
B-PYA-056	PYA	79.91	83.91	4.01	50.12	64.83	14.71	0	0	0	这个cp太好磕了	This cp is too good.	这个配对太好磕了	This pairing is too good.	this ship is too good fr fr
B-PYA-057	PYA	68.48	44.66	-23.83	49.11	51.41	2.30	100	0	-100	这俩离不开浓妆美颜强凹ABC	These two cannot be separated from their heavy makeup and a thick ABC.	这俩离不开浓妆美颜强凹American Born Chinese	这俩离不开浓妆美颜强凹American Born Chinese	these two can't go without heavy makeup + filters trying to act all ABC
B-PYA-058	PYA	82.73	65.03	-17.70	59.90	45.93	-13.97	0	0	0	kdl，这对CP太甜了	KDL, this is too sweet for CP.	磕到了，这对CP太甜了	I'm sorry, but I think you're talking about a very sweet couple.	I'm shipping it this CP is too sweet
B-PYA-059	PYA	84.11	89.13	5.02	45.59	50.64	5.04	0	0	0	山航yyds	山航yyds	山航永远的神	山航永远的神	Shandong Airlines is the GOAT
B-PYA-060	PYA	16.17	81.89	65.72	26.37	51.70	25.32	0	0	0	cpf又在磕了	CPF is another fucking fucking fucking fucking fucking fucking fucking fucking fucking fucking fucking fucking fucking fucking fucking fucking fucking fucking fucking fucking fucking fucking fucking fucking fucking fucking fucking fucking fucking fucking fucking fucking fucking fucking fucking fucking fucking fucking fucking fucking fucking fucking fucking fucking fucking fucking fucking fucking fucking fucking fucking fucking fucking fucking fucking fucking fucking fucking fucking fucking fucking fucking fucking fucking fucking fucking fucking fucking fucking fucking fucking fucking fucking fucking fucking fucking fucking fucking fucking fucking fucking fucking fucking fucking fucking fucking fucking fucking fucking fucking fucking fucking fucking fucking fucking fucking fucking fucking fucking fucking fucking fucking fucking fucking fucking fucking fucking fucking fucking fucking fucking fucking fucking fucking fucking fucking fucking fucking fucking fucking fucking fucking fucking fucking fucking fucking fucking fucking fucking fucking fucking fucking fucking fucking fucking fucking fucking fucking fucking fucking fucking fucking fucking fucking fucking fucking fucking fucking fucking fucking fucking fucking fucking fucking fucking fucking fucking fucking fucking fucking fucking fucking fucking fucking fucking fucking fucking fucking fucking fucking fucking fucking fucking fucking fucking fucking fucking fucking fucking fucking fucking fucking fucking fucking fucking fucking fucking fucking fucking fucking fucking fucking fucking fucking fucking fucking fucking fucking fucking fucking fucking fucking fucking fucking fucking fucking fucking fucking fucking fucking fucking fucking fucking fucking fucking fucking fucking fucking fucking fucking fucking fucking fucking fucking fucking fucking fucking fucking fucking fucking fucking fucking fucking fucking fucking fucking fucking fucking fucking fucking fucking fucking fucking fucking fucking fucking fucking fucking fucking fucking fucking fucking fucking	CP粉又在磕了	CP fans are making fun again.	shippers shipping again
B-PYA-061	PYA	58.47	75.78	17.31	51.85	75.56	23.72	0	0	0	dddd，支持UP主！	dddd, support the uper!	顶顶顶顶，支持UP主！	顶顶顶顶,支持UP主!	bump bump bump bump support the creator!
B-PYA-062	PYA	84.07	76.95	-7.12	77.04	76.88	-0.15	0	0	0	xswl打印机都沦没墨了	xswl printer is out of ink.	笑死我了打印机都沦没墨了	I laughed my ass off, the printer was out of ink.	lmao even the printer ran out of ink
B-PYA-063	PYA	69.00	90.18	21.18	69.33	72.07	2.74	0	100	100	fs们太能打了	The fs are so good at playing.	粉丝们太能打了	The fans are so talented.	fans are too cracked
B-PYA-064	PYA	93.63	97.20	3.57	85.01	83.33	-1.68	0	0	0	ssfd，这个太恐怖了	ssfd, this is too scary.	瑟瑟发抖，这个太恐怖了	I'm shaking, this is too scary.	shook this is too scary
B-PYA-065	PYA	61.81	84.28	22.48	70.47	65.07	-5.41	0	0	0	bt，时常因为不够bt而觉得跟这个世界格格不入	bt, sometimes feels like being out of touch with the world because of lack of bt	变态，时常因为不够变态而觉得跟这个世界格格不入	Freaks, often feel out of place because they're not enough freaks.	pervert always feeling out of place cuz I'm not weird enough lol
B-PYA-066	PYA	87.53	92.37	4.84	82.14	73.94	-8.20	0	0	0	这图谁发明的，xswl	Who invented this picture, Xswl?	这图谁发明的，笑死我了	Who invented this picture, I am laughing.	who invented this image lmao
B-PYA-067	PYA	55.07	67.93	12.85	38.59	38.32	-0.26	0	0	0	tcl这游戏技术，菜到抠脚	tcl这游戏技术,菜到抠脚	太菜了这游戏技术，菜到抠脚	太菜了这游戏技术,菜到抠脚	too noob this game skill noob to the extreme
B-PYA-068	PYA	78.53	82.62	4.09	70.66	57.07	-13.59	0	0	0	zqsg追了这么多年，终于更新了	After following zqsg for so many years, it finally updated.	真情实感追了这么多年，终于更新了	Following this for so many years, it finally updated.	been following with real feelings for years finally an update
B-PYA-069	PYA	77.34	76.95	-0.39	69.47	68.00	-1.47	0	0	0	Xswl就说有没有美味大餐吧哈哈哈哈哈哈哈	Xswl, do you have a delicious meal?	笑死我了就说有没有美味大餐吧哈哈哈哈哈哈哈	笑死我了,就说有没有美味大餐吧哈哈哈哈哈哈哈	lmao just tell me if there's a feast hahahahaha
B-PYA-070	PYA	99.12	77.24	-21.88	85.79	77.60	-8.19	100	100	0	nsdd，你说得对	nsdd, you're right.	你说得对，你说得对	You're right, you're right.	nsdd you're right
B-PYA-071	PYA	42.02	47.20	5.18	42.84	38.96	-3.88	0	0	0	xswl一人血书求这个短剧拍真人版	xswl一人血书求这个短剧拍真人版	笑死我了一人血书求这个短剧拍真人版	笑死我了一人血书求这个短剧拍真人版	lmao starting a one-person petition for a live-action version
B-PYA-072	PYA	92.03	98.70	6.67	83.42	85.82	2.41	100	100	0	szd，这个是真的	sd, this is true.	是真的，这个是真的	It's true, this is true.	it's legit this is the real deal
B-PYA-073	PYA	77.96	49.91	-28.05	26.45	44.67	18.22	0	0	0	pyq，朋友圈见	你好,你好!	朋友圈，朋友圈见	Facebook, Facebook, Facebook	see you in Moments
B-PYA-074	PYA	76.11	73.88	-2.22	64.77	78.81	14.04	0	0	0	这个耳朵前后的颜色变化xswl	This ear changes color between the front and back.	这个耳朵前后的颜色变化笑死我了	This ear change of color really made me laugh.	the color change before and after this ear lmao
B-PYA-075	PYA	96.87	97.86	0.99	84.44	84.41	-0.03	100	100	0	dbq，对不起我错了	dbq, sorry I'm wrong.	对不起，对不起我错了	Sorry, I'm sorry I'm wrong.	sry sorry I was wrong
B-PYA-076	PYA	80.62	27.38	-53.24	58.93	44.42	-14.51	0	0	0	xswl皇帝的新衣	xswl皇帝的新衣	笑死我了皇帝的新衣	laughed me out of my mind.	lmao emperor's new clothes
B-PYA-077	PYA	87.69	20.71	-66.97	72.81	42.25	-30.56	0	0	0	哈哈哈哈哈xswl	哈哈哈哈xswl	哈哈哈哈哈笑死我了	哈哈哈哈哈哈哈哈哈哈哈哈哈哈哈哈哈哈哈哈哈哈哈哈哈哈哈哈哈哈哈哈哈哈哈哈哈哈哈哈哈哈哈哈哈哈哈哈哈哈哈哈哈哈哈哈哈哈哈哈哈哈哈哈哈哈哈哈哈哈哈哈哈哈哈哈哈哈哈哈哈哈哈哈哈哈哈哈哈哈哈哈哈哈哈哈哈哈哈哈哈哈哈哈哈哈哈哈哈哈哈哈哈哈哈哈哈哈哈哈哈哈哈哈哈哈哈哈哈哈哈哈哈哈哈哈哈哈哈哈哈哈哈哈哈哈哈哈哈哈哈哈哈哈哈哈哈哈哈哈哈哈哈哈哈哈哈哈哈哈哈哈哈哈哈哈哈哈哈哈哈哈哈哈哈哈哈哈哈哈哈哈哈哈哈哈哈哈哈哈哈哈哈哈哈哈哈哈哈哈哈哈哈哈哈哈哈哈哈哈哈哈哈哈哈哈哈哈哈哈哈哈哈哈哈哈哈哈哈哈哈哈哈哈哈哈哈哈哈哈哈哈哈哈哈哈哈哈哈哈哈哈哈哈哈哈哈哈哈哈哈哈哈哈哈哈哈哈哈哈哈哈哈哈哈哈哈哈哈哈哈哈哈哈哈哈哈哈哈哈哈哈哈哈哈哈哈哈哈哈哈哈哈哈哈哈哈哈哈哈哈哈哈哈哈哈哈哈哈哈哈哈哈哈哈哈哈哈哈哈哈哈哈哈哈哈哈哈哈哈哈哈哈哈哈哈哈哈哈哈哈哈哈哈哈哈哈哈哈哈哈哈哈哈哈哈哈哈哈哈哈哈哈哈哈哈哈哈哈哈哈哈哈哈哈哈哈哈哈哈哈哈哈哈哈哈哈哈哈哈哈哈哈哈哈哈哈哈哈哈哈哈哈哈哈哈哈哈哈哈哈哈哈哈哈哈哈哈哈哈哈哈哈哈哈哈哈哈哈哈哈哈哈哈哈哈哈哈哈哈哈哈哈哈哈哈哈哈哈哈哈哈哈哈哈哈哈哈哈哈哈哈哈哈哈哈哈哈哈哈哈哈哈哈哈哈哈哈哈哈哈哈哈哈哈哈哈哈哈哈哈哈哈哈哈哈哈哈哈哈哈哈哈哈哈哈哈哈哈哈哈哈哈哈哈哈哈哈哈哈哈哈哈哈哈哈哈哈哈哈哈哈哈哈哈哈哈哈哈哈哈哈哈哈哈哈哈哈哈哈哈哈哈哈哈哈哈哈哈哈哈哈哈哈哈哈哈哈哈哈哈哈哈哈哈哈哈哈哈哈哈哈哈哈哈哈哈哈哈哈哈哈哈哈哈哈哈哈哈哈哈哈哈哈哈哈哈哈哈哈哈哈哈哈哈哈哈哈哈哈哈哈哈哈哈哈哈哈哈哈哈哈哈哈哈哈哈哈哈哈哈哈哈哈哈哈哈哈哈哈哈哈哈哈哈哈哈哈哈哈哈哈哈哈哈哈哈哈哈哈哈哈哈哈哈哈哈哈哈哈哈哈哈哈哈哈哈哈哈哈哈哈哈哈哈哈哈哈哈哈哈哈哈哈哈哈哈哈哈哈哈哈哈哈哈哈哈哈哈哈哈哈哈哈哈哈哈哈哈哈哈哈哈哈哈哈哈哈哈哈哈哈哈哈哈哈哈哈哈哈哈哈哈哈哈哈哈哈哈哈哈哈哈哈哈哈哈哈哈哈哈哈哈哈哈哈哈哈哈哈哈哈哈哈哈哈哈哈哈哈哈哈哈哈哈哈哈哈哈哈哈哈哈哈哈哈哈哈哈哈哈哈哈哈哈哈哈哈哈哈哈哈哈哈哈哈哈哈哈哈哈哈哈哈哈哈哈哈哈哈哈哈哈哈哈哈哈哈哈哈哈哈哈哈哈哈哈哈哈哈哈哈哈哈哈哈哈哈哈哈哈哈哈哈哈哈哈哈哈哈哈哈哈哈哈哈哈哈哈哈哈哈哈哈哈哈哈哈哈哈哈哈哈哈哈哈哈哈哈哈哈哈哈哈哈哈哈哈哈哈哈哈哈哈哈哈哈哈哈哈哈哈哈哈哈哈哈哈哈哈哈哈哈哈哈哈哈哈哈哈哈哈哈哈哈哈哈哈哈哈哈哈哈哈哈哈哈哈哈哈哈哈哈哈哈哈哈哈哈哈哈哈哈哈哈哈哈哈哈哈哈哈哈哈哈哈哈哈哈哈哈哈	hahahahaha lmao
B-PYA-078	PYA	54.47	89.88	35.42	54.60	64.98	10.38	0	100	100	真的栓Q了家人们	Really screwed up my family.	真的受够了家人们	I've really had enough of your family.	I've really had enough, guys.
B-PYA-079	PYA	85.33	82.71	-2.62	82.46	61.22	-21.23	0	0	0	8u🚪什么意思	What does 8u🚪 mean?	吧友们什么意思	What do you mean by friends?	tieba bros what does this mean
B-PYA-080	PYA	66.93	83.40	16.46	47.49	63.02	15.53	0	0	0	什么成分？xdm锐评。	What is the chemical composition?	什么成分？兄弟们锐评。	What is the ingredient? Brothers review.	what's their deal? bros rate.
B-PYA-081	PYA	73.27	83.77	10.50	56.36	58.98	2.62	0	100	100	氪金也能让各家fs满意	They can even make the entire family satisfied.	氪金也能让各家粉丝满意	They can even make their fans happy with their donations.	spending money can also satisfy every camp's fans
B-PYA-082	PYA	62.53	67.83	5.30	46.31	49.76	3.45	0	0	0	咱姐硬生生从良子嘴里抠出3w多粉丝	我姐姐硬生生从良子嘴里抠出3w多粉丝。	咱姐硬生生从良子嘴里抠出3万多粉丝	我姐姐硬生生从良子嘴里抠出3万多粉丝。	Our sis somehow pulled more than thirty thousand followers out of Liangzi.
B-PYA-083	PYA	75.26	76.43	1.17	67.85	44.02	-23.84	0	0	0	她俩要是有cpf这都能当谈过的证据了	If they had a cpf, this could be a proof that they had talked.	她俩要是有CP粉这都能当谈过的证据了	If they had a cpf, this would be a good proof that they were talking.	if they had shippers this could count as dating proof
B-PYA-084	PYA	69.89	76.28	6.39	76.95	78.36	1.41	0	0	0	塔图姆NB	塔图姆NB	塔图姆牛逼	Tom is a genius.	Tatum is insane.
B-PYA-085	PYA	67.31	71.60	4.30	49.08	50.02	0.94	0	0	0	想吃肉质Q弹的就买散养老公鸡	If you want to eat meaty Q-balls, buy a chicken breast.	想吃肉质紧实弹牙的就买散养老公鸡	If you want to eat a firm, crunchy chicken, buy a chicken breast.	if you want bouncy meat buy free-range rooster
B-PYA-086	PYA	90.58	75.39	-15.18	70.41	45.12	-25.29	0	0	0	yysy，两边都看完了	yysy, both sides have been viewed.	有一说一，两边都看完了	一说一,两边都看完了。	To be honest, I watched both sides
B-MIX-001	MIX	94.97	74.85	-20.12	79.58	74.31	-5.27	100	0	-100	这首歌的hook太洗脑了，循环一天	The hook of this song is so addictive, I can't stop repeating it.	这首歌的记忆点太洗脑了，循环一天	This song's memory points are too hypnotic, repeating it once a day.	this song's hook is so catchy, been looping all day
B-MIX-002	MIX	63.89	63.68	-0.22	64.73	68.31	3.58	100	0	-100	短视频前3秒就是hook，抓不住人就划走了	The first 3 seconds of the short video is the hook, if you can't catch the person, you'll be floating away.	短视频前3秒就是吸引人的部分，抓不住人就划走了	The first 3 seconds of the short video is the most attractive part, if you don't get the attention of the person, you'll be slipping away.	the first 3 seconds of a short video is the hook, lose them and they scroll away
B-MIX-003	MIX	98.90	99.71	0.80	77.01	84.16	7.14	100	0	-100	新专辑终于drop了，等了好久	The new album finally dropped, after waiting for a long time.	新专辑终于发布了，等了好久	The new album is finally out, after a long wait.	the new album finally dropped, been waiting forever
B-MIX-004	MIX	96.80	97.83	1.03	81.36	83.31	1.95	100	0	-100	这个品牌下周drop新款，必须抢	This brand will drop a new product next week, you must grab it.	这个品牌下周推出新款，必须抢	This brand will release a new product next week, you must grab it.	this brand is dropping new styles next week, gotta grab them
B-MIX-005	MIX	92.53	77.61	-14.92	60.27	56.62	-3.64	100	0	-100	这波clutch操作直接翻盘，太牛了	This clutch move is absolutely brilliant.	这波关键时刻的操作直接翻盘，太牛了	This timing shift is really good.	this clutch play turned the game around, insane
B-MIX-006	MIX	69.14	69.74	0.60	57.94	60.94	3.00	100	0	-100	决赛最后一分钟clutch绝杀	Final clutch goal at the last minute	决赛最后一分钟关键时刻绝杀	Final winner in the last minute of the crucial moment.	clutch buzzer-beater in the final minute of the finals
B-MIX-007	MIX	93.76	99.90	6.14	80.87	84.64	3.77	100	100	0	这游戏画质也就mid水平，玩法也一般	This game has a mid-level graphics and a fairly standard gameplay.	这游戏画质也就一般水平，玩法也一般	This game's graphics are average, and the gameplay is average.	this game's graphics are just mid, gameplay is average too
B-MIX-008	MIX	85.40	85.72	0.32	63.57	83.72	20.15	100	0	-100	这套穿搭直接slay全场	This outfit slay the whole party.	这套穿搭直接秒杀全场	This outfit immediately went viral.	this outfit slays the whole room
B-MIX-009	MIX	77.87	75.71	-2.16	41.99	80.73	38.74	0	0	0	王虹这波演讲直接slay	王虹的演讲直接slay	王虹这波演讲直接秒杀全场	王虹的演讲直接秒杀全场。	Wang Hong's speech just slayed
B-MIX-010	MIX	88.99	87.47	-1.52	83.83	75.40	-8.43	100	100	0	上班就是当NPC，每天重复同样的台词	Work is just being a NPC, repeating the same lines every day.	上班就是当非玩家角色，每天重复同样的台词	Work is being a non-player character, repeating the same lines every day.	going to work is being an NPC, repeating the same lines every day
B-MIX-011	MIX	96.58	88.35	-8.23	84.63	79.09	-5.54	100	0	-100	别当NPC了，做自己生活的主角	Don't be a NPC, be the main character of your life.	别当非玩家角色了，做自己生活的主角	Don't be a non-player, be the protagonist of your own life.	stop being an NPC, be the main character of your own life
B-MIX-012	MIX	83.56	82.38	-1.18	71.55	68.38	-3.17	0	100	100	i人沦为e人玩具，太真实了	Everyone becomes another person's toy, too real.	内向者沦为外向者玩具，太真实了	introverts become outgoings' toys, too real.	introverts becoming playthings for extroverts, too real
B-MIX-013	MIX	61.24	77.17	15.93	53.82	54.58	0.76	0	0	0	e人累了一周还要爬起来继续嗨	e人累了一周还要爬起来继续嗨	外向的人累了一周还要爬起来继续嗨	外向的人累了一周还要爬起来继续嗨	extroverts have been tired all week and still have to get up and keep partying
B-MIX-014	MIX	70.18	65.51	-4.67	57.79	69.80	12.00	100	0	-100	刻在骨子里的秀粉DNA瞬间苏醒	The pretty girl's DNA instantly awakened.	刻在骨子里的秀粉基因瞬间苏醒	The genetics of being a beauty queen suddenly awakened.	the idol fan DNA embedded in my bones instantly awakened
B-MIX-015	MIX	99.39	86.52	-12.87	79.76	72.00	-7.76	0	0	0	POV：你是最后一个知道消息的人	You're the last person to know the news.	视角：你是最后一个知道消息的人	视角:你最后一个知道消息的人	POV: you're the last person to find out
B-MIX-016	MIX	99.14	98.25	-0.89	74.79	82.04	7.25	100	0	-100	当地人真的好chill，十一点上班六点下班	The locals are really chill, working from 11am to 6pm.	当地人真的好悠闲放松，十一点上班六点下班	The locals are really relaxed, working from 11am to 6pm.	the locals are so chill, starting work at 11 and off at 6
B-MIX-017	MIX	100.00	98.96	-1.04	77.13	85.40	8.27	100	0	-100	这个视频太cringe了，看不下去	This video is too cringe to watch.	这个视频太尴尬了，看不下去	This video is too embarrassing to watch.	this video is too cringe, can't even watch
B-MIX-018	MIX	70.25	98.58	28.34	60.57	85.23	24.66	0	100	100	这个行为好sus，不对劲	This behavior is really good, isn't it?	这个行为好可疑，不对劲	This behavior is very suspect, it's not right.	this behavior is so sus, something's off
B-MIX-019	MIX	86.67	91.53	4.85	76.44	83.80	7.36	100	0	-100	别flex了，谁不知道你有钱	Don't be flexible, who knows you have money?	别炫耀了，谁不知道你有钱	Don't brag, who knows you're rich?	stop flexing, everyone knows you're rich
B-MIX-020	MIX	99.25	96.11	-3.15	83.89	77.77	-6.12	100	100	0	这首歌被hype过头了，其实一般	This song has been hyped up too much, it's actually pretty average.	这首歌被炒作过头了，其实一般	This song has been overhyped, it's actually pretty normal.	this song got way too much hype, it's actually just average
B-MIX-021	MIX	97.23	96.91	-0.32	82.54	81.55	-0.98	100	100	0	今天又偶遇crush了，太巧了	Today I met my crush again, how lucky!	今天又偶遇暗恋对象了，太巧了	Today I also met my crush, how lucky!	ran into my crush again today, what a coincidence
B-MIX-022	MIX	86.22	81.61	-4.61	68.25	79.84	11.59	100	0	-100	我ship的CP终于官宣了	My ship's CP finally got official.	我支持的情侣组合终于官宣了	The couple I supported finally got official.	the ship I've been rooting for finally went official
B-MIX-023	MIX	94.94	92.40	-2.54	78.22	81.32	3.10	100	0	-100	作为stan我必须说偶像这次回归太棒了	As a Stan, I must say that the return of the idol was great.	作为狂热粉我必须说偶像这次回归太棒了	As a crazy fan, I must say that the Superstar's return was awesome.	as a stan I gotta say the idol's comeback is amazing
B-MIX-024	MIX	98.52	97.00	-1.52	78.26	70.46	-7.79	0	0	0	期待偶像的comeback，新专辑什么时候发	期待偶像的回归,新专辑什么时候发布?	期待偶像的回归，新专辑什么时候发	期待偶像的回归,新专辑什么时候发售?	looking forward to the idol's comeback, when's the new album dropping
B-MIX-025	MIX	92.77	88.80	-3.97	76.97	79.93	2.96	0	0	0	这也太离谱了吧我直接emo	This is too crazy, I'm going to scream.	这也太离谱了吧我直接抑郁	This is too crazy, I'm going to get depressed.	this is so outrageous I'm literally emo rn
B-MIX-026	MIX	93.13	83.19	-9.95	77.51	74.40	-3.11	0	0	0	看到317万年终奖我直接emo了	I was immediately emotional when I saw the 317 million yuan reward.	看到317万年终奖我直接情绪低落了	I was immediately down after seeing the 317 million annual prize.	Seeing the 3.17 million year-end bonus, I got all emo
B-MIX-027	MIX	82.76	75.93	-6.83	56.35	48.53	-7.81	0	0	0	掉san了，这个太恐怖了	I'm gone, this is too scary.	掉san值了，这个太恐怖了	I'm sorry, this is too scary.	lost my sanity this is too scary bruh
B-MIX-028	MIX	67.05	60.00	-7.05	72.53	75.77	3.24	100	0	-100	王虹这波citywalk直接从北大走到菲尔兹奖	王虹这次citywalk直接从北大走到菲尔兹奖。	王虹这波城市漫步直接从北大走到菲尔兹奖	王虹的这波城市漫步直接从北大走到菲尔兹奖。	Wang Hong's citywalk took her all the way from Peking University to the Fields Medal
B-MIX-029	MIX	79.05	90.79	11.74	42.85	72.18	29.33	100	0	-100	在上海街头随性citywalk	随性citywalk in Shanghai	在上海街头随性城市漫步	In the streets of Shanghai, a casual stroll through the city.	casual city walk on Shanghai streets
B-MIX-030	MIX	80.01	84.53	4.51	78.37	76.35	-2.02	100	100	0	中国女排这vibe太强了，3比2逆转太燃	The Chinese women's team's vibe is so strong, the 3-2 reverse is so stunning.	中国女排这氛围太强了，3比2逆转太燃	The atmosphere of the Chinese women's team is too strong, the 3-2 reverse is too dramatic.	China women's volleyball's vibe is so strong, the 3-2 comeback is so inspiring
B-MIX-031	MIX	97.54	85.43	-12.11	72.85	68.72	-4.13	100	0	-100	这番属于ACGN圈的经典之作了	This is a classic of ACGN.	这番属于动漫游文圈的经典之作了	This is a classic in the anime travel genre.	this anime is a classic in the ACGN circle
B-MIX-032	MIX	85.84	87.16	1.31	68.52	76.58	8.07	0	0	0	50亿离婚案这drama程度堪比韩剧	The drama of the 50 million divorce case is as intense as the drama of the Korean drama.	50亿离婚案这戏剧性程度堪比韩剧	The drama of the 50 million divorce case is as dramatic as a Korean drama.	The drama level of the 5 billion divorce case rivals a Korean drama
B-MIX-033	MIX	85.58	80.19	-5.39	49.83	54.78	4.95	0	0	0	今日OOTD分享	Today's outfit is a combination of black and white.	今日穿搭分享	Today's outfit is a combination of a t-shirt and a pair of jeans.	today's OOTD drop
B-MIX-034	MIX	58.95	59.94	0.99	63.61	69.06	5.45	0	100	100	赛里木湖这波操作太low了，景区管理丢人	This awful attitude of the Lake Serik is a shame, the management of the park is a shame.	赛里木湖这波操作太低级了，景区管理丢人	This amount of lower-level operating at the Lake Serik is a shame, the management of the park is a shame.	Sarim Lake's move this time is too low-class, scenic area management is embarrassing
B-MIX-035	MIX	100.00	72.68	-27.32	84.06	48.18	-35.88	100	0	-100	OMG这也太好看了	OMG, this is too beautiful!	我的天这也太好看了	My weather is also pretty nice.	OMG this looks so good
B-MIX-036	MIX	91.28	91.69	0.41	55.28	73.81	18.53	0	0	0	腾讯这波泄密事件直接social death了	This leak of data from Tencent directly caused social death.	腾讯这波泄密事件直接社会性死亡了	This leak of information directly killed the social life of Tencent.	Tencent's leak incident this time resulted in total social suicide
B-MIX-037	MIX	96.14	94.53	-1.61	83.43	81.77	-1.66	100	0	-100	这游戏全DLC都买了，花了好几百	I bought all the DLC for this game, and it cost a lot of money.	这游戏全可下载内容都买了，花了好几百	I bought all the downloadable content for this game, spent a few hundred dollars.	bought all the DLC spent several hundred
B-MIX-038	MIX	85.79	85.97	0.19	69.76	77.15	7.39	0	0	0	显卡涨价涨成这样，简直是price离谱	This graphics card price increase is beyond reasonable.	显卡涨价涨成这样，简直是价格离谱	This graphics card price hike is beyond reasonable.	GPU prices going up this much, the price is just outrageous
B-MIX-039	MIX	99.12	88.09	-11.03	80.37	77.30	-3.07	100	0	-100	这个GMV变高了	This GMV has increased.	这个商品交易总额变高了	The total amount of the transaction has increased.	this GMV went up
B-MIX-040	MIX	97.41	95.32	-2.09	76.82	80.11	3.29	100	100	0	过度分享这件事真的太trigger了，边界感很重要	This oversharing thing is really triggering, boundaries are very important.	过度分享这件事真的太触发了，边界感很重要	This oversharing thing is really very triggering, boundaries are very important.	Oversharing is really triggering. Boundaries matter.
B-MIX-041	MIX	94.82	94.73	-0.09	85.61	85.52	-0.10	100	0	-100	这个meme太火了	This meme is so popular.	这个梗太火了	This joke has become so popular.	this meme is too fire lol
B-MIX-042	MIX	83.94	83.83	-0.11	68.07	68.70	0.63	100	100	0	陈哲远在密逃里的reaction太搞笑了	"Chen Zhiyuan's reaction in the movie ""Mian Tao"" was very funny."	陈哲远在密逃里的反应太搞笑了	"Chen Zhiyuan's reaction in the movie ""Mian Tan"" was very funny."	Chen Zheyuan's reaction in the escape room show is too funny
B-MIX-043	MIX	84.59	80.41	-4.18	33.22	47.44	14.23	100	0	-100	用来换做成AGI的概率	AGI 的可能性	用来换做成通用人工智能的概率	换成通用人工智能的概率	probability of achieving AGI
B-MIX-044	MIX	82.36	85.99	3.63	62.10	67.58	5.48	100	100	0	50亿离婚案这个level太高了，普通人理解不了	This level is too high for ordinary people to understand.	50亿离婚案这个级别太高了，普通人理解不了	This level of divorce is too high for ordinary people to understand.	The level of the 5 billion divorce case is too high, ordinary people can't understand
B-MIX-045	MIX	95.40	73.16	-22.24	72.30	56.08	-16.22	100	0	-100	cosplay得很好，很像	Cosplay is very good, looks like a real person.	角色扮演得很好，很像	Very good acting, very liked it.	cosplay done right looks so similar
B-MIX-046	MIX	96.47	95.98	-0.49	81.67	82.64	0.98	100	100	0	这个app一到发售就崩	The app crashed when it was released.	这个应用一到发售就崩	The app crashed when it was released.	this app crashes every launch
B-MIX-047	MIX	96.25	98.84	2.59	74.77	85.42	10.65	0	0	0	这个角色太OP了	This character is too OP.	这个角色太强了	This character is too strong.	this character is way too overpowered
B-MIX-048	MIX	82.92	78.56	-4.36	70.16	74.00	3.84	100	100	0	lpl历史上有像清算48同样力度的清算吗？	Has there ever been a massive cleaning in lpl history like the 48?	LPL历史上有像清算48同样力度的清算吗？	Has there ever been a major cleaning in LPL history like the 48th cleaning?	has there ever been a reckoning as hard as '48' in LPL history?
B-MIX-049	MIX	88.25	71.35	-16.89	83.53	45.32	-38.22	0	0	0	加个buff，变得更强	Add a buff, get stronger.	加个增益，变得更强	加个增益,变得更强。	add a power-up get stronger ez
B-MIX-050	MIX	100.00	98.90	-1.10	85.07	83.22	-1.84	100	0	-100	这个logo设计得好	This logo is very well designed.	这个品牌标识设计得好	This brand badge is well designed.	this logo is well designed
B-MIX-051	MIX	58.08	58.13	0.05	39.67	67.35	27.68	0	0	0	被nerf了，变弱了	weakened, weakened.	被削弱了，变弱了	weakened, weakened	got nerfed got weaker smh
B-MIX-052	MIX	93.56	93.27	-0.29	64.07	64.03	-0.04	0	0	0	我刚才去打apex了	I just went to Apex.	我刚才去打Apex了	I just went to Apex.	just went to play Apex
B-MIX-053	MIX	98.93	100.00	1.07	83.14	81.64	-1.50	100	100	0	GDP十强省份变了	The top ten GDP states changed.	国内生产总值十强省份变了	The top ten GDP provinces changed.	GDP top 10 provinces changed
B-MIX-054	MIX	84.66	66.93	-17.73	78.16	82.71	4.55	0	0	0	GG了，完了	Okay, I'm done.	完了，完了	Okay, okay.	It's game over, we're done for.
B-MIX-055	MIX	57.23	44.09	-13.14	38.71	37.31	-1.40	0	0	0	就是在cp里吃瓜	就是在CP里吃瓜	就是在搭档组合里吃瓜	就是在搭档组合里吃瓜	just watching the drama in the ship
B-MIX-056	MIX	92.59	97.37	4.78	53.59	41.26	-12.33	0	0	0	图样森破，你太天真了	You're too naive.	Too young too simple，你太天真了	You're too young and too simple.	too young too simple you're too naive
B-MIX-057	MIX	96.36	99.02	2.65	87.04	80.00	-7.04	100	100	0	这个AI太厉害了	This AI is really cool.	这个人工智能太厉害了	This AI is really advanced.	this AI is way too OP fr
B-MIX-058	MIX	67.19	28.77	-38.42	43.87	36.24	-7.63	100	0	-100	carry全场，带飞	carry all the way, fly away	带飞全场，带飞	All the way, all the way.	carrying the whole squad what a carry
B-MIX-059	MIX	98.67	96.34	-2.33	80.45	79.69	-0.76	100	0	-100	她学的是泰语又不是IT	She studied Thai not IT.	她学的是泰语又不是信息技术	She studied Thai not information technology.	she studies Thai not IT
B-MIX-060	MIX	96.01	96.63	0.62	79.83	71.71	-8.12	100	100	0	VIP通道真快	VIP channel is really fast.	贵宾通道真快	VIP queue is so fast.	VIP lane is so fast
B-MIX-061	MIX	76.25	75.24	-1.00	63.93	41.46	-22.47	100	0	-100	solo一下，单挑	Let's solo, let's fight.	单挑一下，单挑	Let's go alone.	solo it 1v1 me bro
B-MIX-062	MIX	91.05	100.00	8.95	72.80	84.46	11.67	0	100	100	这个PK谁赢了	Who won this pk?	这个对决谁赢了	Who won this duel?	who won this duel
B-MIX-063	MIX	47.80	60.26	12.46	52.21	54.71	2.50	100	0	-100	因凡蒂诺和FIFA演都不演了，这是纯把梅西世界杯金球奖给抢劫了	因凡蒂诺和FIFA都演不演了,这是纯粹抢夺梅西世界杯金球奖的。	因凡蒂诺和国际足联演都不演了，这是纯把梅西世界杯金球奖给抢劫了	因凡蒂诺和国际足联都演不演了,这是纯粹抢夺梅西世界杯金球奖。	Infantino and FIFA aren't even hiding it anymore straight up robbed Messi of the World Cup Golden Ball
B-MIX-064	MIX	97.65	95.75	-1.90	83.42	84.69	1.28	100	0	-100	做个SPA放松一下	Do a spa treatment to relax.	做个水疗放松一下	Take a bath and relax.	getting a spa to relax
B-MIX-065	MIX	86.38	82.11	-4.27	72.85	57.81	-15.04	100	0	-100	这个DJ太嗨了	This DJ is too busy.	这个唱片骑师太嗨了	This record rider is too busy.	this DJ is too lit
B-MIX-066	MIX	89.81	83.33	-6.47	75.77	78.09	2.32	0	0	0	Rush E 朗朗PK街头钢琴家	Rush E Lang Lang vs Street Piano Player	Rush E 朗朗对决街头钢琴家	Rush E. Langer vs. the Street Piano Player	Rush E Lang Lang versus street pianist
B-MIX-067	MIX	88.94	89.49	0.55	78.86	66.68	-12.18	0	100	100	这动漫OP太好听了，循环播放	This anime OP is so good to listen to, I can't stop listening.	这动漫片头曲太好听了，循环播放	This anime opening is so good to listen to, I can't stop listening.	this anime opening slaps on loop
B-MIX-068	MIX	96.20	95.69	-0.51	83.25	84.06	0.81	100	0	-100	买个iPad记笔记	Buy an iPad to write notes.	买个平板电脑记笔记	Buy a tablet to write notes.	getting an iPad for notes
B-MIX-069	MIX	72.77	59.88	-12.90	66.31	62.58	-3.73	100	100	0	抖音的bgm怎么突然变得那么难听了到处都是想问问你敢不敢还有那天我经过一片花园	How did the background music of 抖音 suddenly become so annoying? Everywhere I went, I wanted to ask you if you would dare. And the day I passed a garden, I wanted to see if you would dare.	抖音的背景音乐怎么突然变得那么难听了到处都是想问问你敢不敢还有那天我经过一片花园	How did the background music on Drip suddenly become so annoying? Everywhere I went, I wanted to ask you if you would dare. And the day I passed a garden, I wanted to see if you would dare.	why has Douyin's background music gotten so bad everywhere it's either 'I Want to Ask If You Dare' or 'That Day I Passed a Garden'
B-MIX-070	MIX	98.94	98.88	-0.06	80.59	81.47	0.88	0	0	0	这个PPT做得好	This PPT is very good.	这个演示文稿做得好	This presentation was well done.	this PowerPoint is well made
B-MIX-071	MIX	45.07	67.39	22.32	33.06	45.29	12.23	0	0	0	法法这期ooc了吧	法法这期ooc了吧	法法这期脱离扮演角色了吧	法法这期脱离扮演角色了吧?	Fafa was so out of character this episode bruh
B-MIX-072	MIX	90.28	93.90	3.62	81.69	81.17	-0.52	100	100	0	3.5h通关	3.5 hours to get through.	3.5小时通关	3.5 hours to get through.	beat the game in 3.5 hours
B-MIX-073	MIX	75.84	88.07	12.23	42.42	56.84	14.42	0	0	0	这个ins风好看	This is a nice ins.	这个网红风好看	This looks like a cool trend.	this Instagram aesthetic looks good
B-MIX-074	MIX	82.01	92.01	10.00	54.46	81.80	27.34	100	0	-100	我的文化水平belike	My cultural level belike	我的文化水平就像这样	My cultural level is like this.	my education level be like lmao
B-MIX-075	MIX	95.88	99.79	3.91	79.86	82.49	2.64	100	0	-100	来杯matcha	Please have a cup of matcha.	来杯抹茶	一杯抹茶吧。	a cup of matcha
B-MIX-076	MIX	95.76	96.90	1.15	80.85	83.34	2.49	100	0	-100	店员花一秒钟get到你的意思了	The salesman took a second to get your point across.	店员花一秒钟理解到你的意思了	The salesman understood your meaning in a second.	the clerk took one second to get your meaning
B-MIX-077	MIX	98.41	95.42	-2.98	78.29	71.51	-6.79	0	0	0	这个vlog拍得好	This video was really good.	这个视频博客拍得好	This video blog is very good.	this vlog is well shot
B-MIX-078	MIX	84.75	85.79	1.04	42.54	41.29	-1.24	0	0	0	学习上problem不能发作	学习上的问题不能发生。	学习上问题不能发作	学习上的问题不能发作。	can't let the issue flare up during studying
B-MIX-079	MIX	83.75	77.94	-5.81	68.24	67.49	-0.76	0	0	0	好久没有笑的这么开心了，必须收藏起来emo了再看	I haven't laughed so much in ages, I have to save the emo to see it again.	好久没有笑的这么开心了，必须收藏起来抑郁了再看	I haven't laughed so much in a long time, I have to save it for depression to see again.	haven't laughed this hard in ages saving it to watch when I'm feeling down fr
B-MIX-080	MIX	96.70	86.77	-9.93	80.33	79.17	-1.16	100	0	-100	cult导演后悔道剧组没有你	The cult director regretted not having you on the set.	邪典导演后悔道剧组没有你	The director of the horror film regretted not having you on the set.	cult director regrets not having you on set
B-MIX-081	MIX	49.86	48.24	-1.62	55.95	50.69	-5.26	0	0	0	从技术舞美上讲是挺牛，但从意识上讲buff快叠满了	From a technical point of view, it's pretty good, but from a consciousness point of view, it's pretty full.	从技术舞美上讲是挺牛，但从意识上讲增益快叠满了	From a technical point of view, it's pretty good, but from a consciousness point of view, it's pretty heavy.	technically the stage design is pretty sick but ideologically the power-ups are almost fully stacked
B-MIX-082	MIX	63.17	83.66	20.49	73.89	75.41	1.51	0	0	0	上了初中就开始恶化了，甚至游戏也会拖一会儿再启动，作业拖到ddl就算是期末周也学不进去	When I got into high school, things got worse, even games would take a while to start up, homework would be stuck in a DDL even in the last week of the semester.	上了初中就开始恶化了，甚至游戏也会拖一会儿再启动，作业拖到截止日期就算是期末周也学不进去	When I got into high school, things got worse, even games would take a while to start, homework would be late even on the last week of the semester.	middle school hit different even games I delay homework till deadline even in finals week can't focus smh
B-MIX-083	MIX	76.52	94.48	17.97	63.51	75.84	12.34	0	100	100	ddl就在眼前了还在摆烂	DDL is right in front of you, and you're still playing with it.	截止日期就在眼前了还在摆烂	The deadline is right around the corner, and you're still making excuses.	deadline is right there and you're still slacking
B-MIX-084	MIX	45.91	83.64	37.72	43.58	68.75	25.17	0	0	0	asmr助眠真的有用吗	Does anyone have any experience with using a sleeping pill that doesn't work?	自发性知觉经络反应助眠真的有用吗	Does the spontaneously conscious reflex really help you sleep?	does ASMR for sleep actually work
B-MIX-085	MIX	93.42	72.90	-20.52	70.42	42.91	-27.51	100	0	-100	超mean老奶一般是英语老师	Super mean old lady is usually an English teacher.	超刻薄老奶一般是英语老师	超刻薄老奶一般是英语老师。	Super mean old ladies are usually English teachers
B-MIX-086	MIX	78.12	83.11	4.99	47.18	78.28	31.10	0	0	0	绝对音感的正确用法belike	Absolute Soundness Correct Use	绝对音感的正确用法是这样	The correct use of absolute soundness is this:	The correct usage of absolute pitch be like
B-HOM-096	HOM	75.55	86.56	11.01	43.56	75.69	32.13	0	0	0	孩好像真的很困了，但是一直被麻麻薅过来薅过去配合拍视频	孩好像真的困了,但是一直被麻麻拖过来拖过去配合拍视频。	孩好像真的很困了，但是一直被妈妈薅过来薅过去配合拍视频	The baby seemed really tired, but was always being pulled over and over by her mother to shoot a video.	the kid really seems sleepy, but keeps getting dragged back and forth by mom to pose for the video
B-HOM-097	HOM	56.20	89.40	33.21	40.85	39.44	-1.41	0	0	0	哈哈哈哈哈，不好意思哈哈哈哈哈没崩住	Sorry, I'm not broken.	哈哈哈哈哈，不好意思哈哈哈哈哈没绷住	Sorry, I'm not really sure what you mean.	hahaha, sorry hahaha I couldn't hold it together
B-HOM-098	HOM	91.58	93.47	1.90	80.63	79.71	-0.91	0	0	0	淦，忘记原版了，有谁能补一下？	咦,我忘了原版,有谁能补一下?	干，忘记原版了，有谁能补一下？	Hey, I forgot the original, can someone rewrite it?	damn, I forgot the original, can anyone fill it in?
B-HOM-099	HOM	16.80	62.21	45.41	25.24	54.98	29.73	0	0	0	你们要是给我炮儿玩似了我看什么啊	If you give me a fucking fucking fucking fucking fucking fucking fucking fucking fucking fucking fucking fucking fucking fucking fucking fucking fucking fucking fucking fucking fucking fucking fucking fucking fucking fucking fucking fucking fucking fucking fucking fucking fucking fucking fucking fucking fucking fucking fucking fucking fucking fucking fucking fucking fucking fucking fucking fucking fucking fucking fucking fucking fucking fucking fucking fucking fucking fucking fucking fucking fucking fucking fucking fucking fucking fucking fucking fucking fucking fucking fucking fucking fucking fucking fucking fucking fucking fucking fucking fucking fucking fucking fucking fucking fucking fucking fucking fucking fucking fucking fucking fucking fucking fucking fucking fucking fucking fucking fucking fucking fucking fucking fucking fucking fucking fucking fucking fucking fucking fucking fucking fucking fucking fucking fucking fucking fucking fucking fucking fucking fucking fucking fucking fucking fucking fucking fucking fucking fucking fucking fucking fucking fucking fucking fucking fucking fucking fucking fucking fucking fucking fucking fucking fucking fucking fucking fucking fucking fucking fucking fucking fucking fucking fucking fucking fucking fucking fucking fucking fucking fucking fucking fucking fucking fucking fucking fucking fucking fucking fucking fucking fucking fucking fucking fucking fucking fucking fucking fucking fucking fucking fucking fucking fucking fucking fucking fucking fucking fucking fucking fucking fucking fucking fucking fucking fucking fucking fucking fucking fucking fucking fucking fucking fucking fucking fucking fucking fucking fucking fucking fucking fucking fucking fucking fucking fucking fucking fucking fucking fucking fucking fucking fucking fucking fucking fucking fucking fucking fucking fucking fucking fucking fucking fucking fucking fucking fucking fucking fucking fucking fucking fucking fucking fucking fucking fucking fucking fucking fucking fucking fucking fucking fucking	你们要是给我炮儿玩死了我看什么啊	If you kill me, what will I watch?	if you guys play my Pao'er to death, what am I supposed to watch?
B-PYA-087	PYA	90.43	80.50	-9.93	77.69	69.36	-8.33	0	0	0	快别TM说了，抓紧睡半个钟头，不然去早餐店要迟到了	Please don't talk about it, hurry up and sleep for half an hour, or you'll be late for breakfast.	快别他妈说了，抓紧睡半个钟头，不然去早餐店要迟到了	Please don't talk to his mom, you need to get a half hour sleep, or you will be late for breakfast.	stop freaking talking and grab half an hour of sleep, or you'll be late for the breakfast shop
B-NEO-087	NEO	94.66	95.68	1.02	85.34	71.43	-13.92	0	0	0	某种意义上来看他也是个神人	In some sense, he was a god.	某种意义上来看他也是个行为离谱的人	In some sense, he is a strange person.	in a certain sense he's also an absolute character
B-NEO-088	NEO	68.08	68.77	0.70	57.14	62.10	4.96	0	100	100	我都不知道出新图了，作业自己跑我脸上了	I don't know how to get a new picture, the homework just runs up to me.	我都不知道出新图了，攻略自己跑我脸上了	I don't know if there's a new map, the guide runs right up to me.	I didn't even know a new stage was out, and the guide just ran right into my face
B-NEO-089	NEO	36.66	92.60	55.94	61.11	70.12	9.01	0	0	0	无论从哪个层面来看，都是吊炸了	Regardless of the degree of their failure, they are absolutely worthless.	无论从哪个层面来看，都是厉害极了	Regardless of which aspect, it's very good.	no matter how you look at it, it's insanely awesome
B-NEO-090	NEO	73.90	85.58	11.68	68.26	77.48	9.22	0	0	0	应该是的，不然怎么会气到把国粹给说出来了	It must be, otherwise why would you be so angry to say the national anthem?	应该是的，不然怎么会气到把脏话给说出来了	It must be, otherwise why would you be so angry to say a dirty word?	must be, otherwise how would he get so angry that the swear words came out
B-NEO-091	NEO	50.13	74.05	23.92	46.23	74.21	27.98	0	0	0	说个冷知识，来俊臣的父亲名叫来操，是个挺生草的名字	说个冷知识,来俊臣的父亲名叫来操,是个挺生草的名字。	说个冷知识，来俊臣的父亲名叫来操，是个挺搞笑的名字	说个冷知识,来俊臣的父亲名叫来操,是个挺搞笑的名字。	fun fact: Lai Junchen's father was named Lai Cao, which is a pretty hilarious name
B-NEO-092	NEO	55.40	63.45	8.05	77.98	73.33	-4.65	0	0	0	他不是好了，而是知道自己要凉了	He wasn't okay, but he knew he was going to get cold.	他不是好了，而是知道自己要完蛋了	He wasn't okay, but he knew he was going to die.	he's not better, he just knows he's done for
B-NEO-093	NEO	69.59	76.13	6.55	39.81	42.72	2.91	0	0	0	置顶评论官方链接是淘宝就知道成分了	推荐评论官方链接是淘宝就知道成分了	置顶评论官方链接是淘宝就知道背景了	顶部评论官方链接是淘宝就知道背景了	the pinned official link is Taobao, that alone tells you what they're really about
B-NEO-094	NEO	72.87	90.61	17.75	63.60	71.88	8.28	0	0	0	逆天。。我现在开车老走错路	逆天。我现在开车老走错路。	离谱。。我现在开车老走错路	fucking shit. I'm always driving wrong.	wild… I keep taking wrong turns when driving now
B-MIX-087	MIX	57.35	55.14	-2.21	36.87	53.66	16.80	100	0	-100	发现没火的作者belike	发现没有火的作者belike	发现没火的作者就是这样	The author found no fire is like this.	discovering an underrated creator be like
B-MIX-088	MIX	78.27	78.32	0.05	74.16	73.80	-0.36	0	100	100	第一次尝试做这么长的动画 感觉k帧速度有所提升绝宝二周年快乐!	First time trying to make such a long animation, I think the k frame speed is a little bit higher than the previous one. Happy 2nd anniversary, 绝宝!	第一次尝试做这么长的动画 感觉打关键帧速度有所提升绝宝二周年快乐!	First time trying to make such a long animation, I think the timing of key frames has improved a little. Happy 2nd anniversary, BoBo!	first time making such a long animation, my keyframing speed has improved — happy 2nd anniversary Juebao!
B-MIX-089	MIX	97.12	95.46	-1.66	71.77	74.54	2.77	100	100	0	或许它真的是福利最好的fps	Maybe it's the best FPS ever.	或许它真的是福利最好的第一人称射击游戏	Maybe it's the best first person shooter game.	maybe it really is the FPS with the best freebies
B-MIX-090	MIX	68.96	72.21	3.25	63.35	62.16	-1.20	0	0	0	杨博文四代唯一C位队长	杨博文四代唯一C位队长	杨博文四代唯一中心位队长	杨博文四代唯一中心位队长	Yang Bowen, Gen 4's only center-position captain
B-HOM-100	NEO	43.08	62.39	19.31	73.30	77.37	4.07	0	100	100	明显，队友大概率寄了，和上司有关，但扳机似乎记忆出现问题，咬死队友还活着，变相保护了上司，所以被上司放了	Very clearly, the teammate was probably poisoned, and was related to the boss, but the rifle seemed to have memory issues, biting the teammate while alive, thus protecting the boss, so the boss released him.	明显，队友大概率死了，和上司有关，但扳机似乎记忆出现问题，咬死队友还活着，变相保护了上司，所以被上司放了	However, the teammate was probably dead, and the boss was involved, but the rifle seemed to have memory issues, biting the teammate while he was alive, thus protecting the boss, so the boss released him.	clearly the teammate is most likely dead and the boss is involved, but Trigger's memory seems broken — she insists the teammate is alive, which indirectly shielded the boss, so the boss let her go
B-HOM-101	HOM	58.77	54.79	-3.98	66.45	64.60	-1.85	0	0	0	怪兽：我已经破坏掉了你所有能获取光的办法，看你还怎么变身 迪迦：你钱包的钱还有多少？ 怪兽：全花光了 迪迦：恰！	怪物:我已经破坏掉了你所有能获取光的办法,看你还怎么变身 迪迦:你钱包的钱还有多少? 怪物:全花光了 迪迦:恰!	怪兽：我已经破坏掉了你所有能获取光的办法，看你还怎么变身 迪迦：你钱包的钱还有多少？ 怪兽：全花光了 迪迦：吃！	怪物:我已经破坏掉了你所有能获取光的办法,看你还怎么变身 迪迦:你钱包的钱还有多少? 怪物:全花光了 迪迦:吃!	Monster: I've destroyed every way you could gather light, let's see you transform now. Tiga: How much money is left in your wallet? Monster: All spent. Tiga: Nom!
B-HOM-102	HOM	62.79	57.82	-4.97	49.82	51.48	1.67	0	0	0	人定不了天，一切的一切还是按照历史轨迹走，我记得是三段历史走向，猪脚心累了	人定不了天,一切的一切还是按照历史轨迹走,我记得是三段历史走向,猪脚心累了	人定不了天，一切的一切还是按照历史轨迹走，我记得是三段历史走向，主角心累了	人定不了天,一切的一切还是按照历史轨迹走,我记得是三段历史走向,主角心累了	man can't defy heaven, everything still follows the track of history — I remember there were three historical branches, and the protagonist is exhausted
B-HOM-103	HOM	20.57	20.73	0.17	33.15	33.67	0.51	0	0	0	笑成猪头最好笑是因为！！！我本来就觉得很好笑哈哈哈，看到这个蚌不住了！！！	哈哈哈哈哈哈哈哈哈哈哈哈哈哈哈哈哈哈哈哈哈哈哈哈哈哈哈哈哈哈哈哈哈哈哈哈哈哈哈哈哈哈哈哈哈哈哈哈哈哈哈哈哈哈哈哈哈哈哈哈哈哈哈哈哈哈哈哈哈哈哈哈哈哈哈哈哈哈哈哈哈哈哈哈哈哈哈哈哈哈哈哈哈哈哈哈哈哈哈哈哈哈哈哈哈哈哈哈哈哈哈哈哈哈哈哈哈哈哈哈哈哈哈哈哈哈哈哈哈哈哈哈哈哈哈哈哈哈哈哈哈哈哈哈哈哈哈哈哈哈哈哈哈哈哈哈哈哈哈哈哈哈哈哈哈哈哈哈哈哈哈哈哈哈哈哈哈哈哈哈哈哈哈哈哈哈哈哈哈哈哈哈哈哈哈哈哈哈哈哈哈哈哈哈哈哈哈哈哈哈哈哈哈哈哈哈哈哈哈哈哈哈哈哈哈哈哈哈哈哈哈哈哈哈哈哈哈哈哈哈哈哈哈哈哈哈哈哈哈哈哈哈哈哈哈哈哈哈哈哈哈哈哈哈哈哈哈哈哈哈哈哈哈哈哈哈哈哈哈哈哈哈哈哈哈哈哈哈哈哈哈哈哈哈哈哈哈哈哈哈哈哈哈哈哈哈哈哈哈哈哈哈哈哈哈哈哈哈哈哈哈哈哈哈哈哈哈哈哈哈哈哈哈哈哈哈哈哈哈哈哈哈哈哈哈哈哈哈哈哈哈哈哈哈哈哈哈哈哈哈哈哈哈哈哈哈哈哈哈哈哈哈哈哈哈哈哈哈哈哈哈哈哈哈哈哈哈哈哈哈哈哈哈哈哈哈哈哈哈哈哈哈哈哈哈哈哈哈哈哈哈哈哈哈哈哈哈哈哈哈哈哈哈哈哈哈哈哈哈哈哈哈哈哈哈哈哈哈哈哈哈哈哈哈哈哈哈哈哈哈哈哈哈哈哈哈哈哈哈哈哈哈哈哈哈哈哈哈哈哈哈哈哈哈哈哈哈哈哈哈哈哈哈哈哈哈哈哈哈哈哈哈哈哈哈哈哈哈哈哈哈哈哈哈哈哈哈哈哈哈哈哈哈哈哈哈哈哈哈哈哈哈哈哈哈哈哈哈哈哈哈哈哈哈哈哈哈哈哈哈哈哈哈哈哈哈哈哈哈哈哈哈哈哈哈哈哈哈哈哈哈哈哈哈哈哈哈哈哈哈哈哈哈哈哈哈哈哈哈哈哈哈哈哈哈哈哈哈哈哈哈哈哈哈哈哈哈哈哈哈哈哈哈哈哈哈哈哈哈哈哈哈哈哈哈哈哈哈哈哈哈哈哈哈哈哈哈哈哈哈哈哈哈哈哈哈哈哈哈哈哈哈哈哈哈哈哈哈哈哈哈哈哈哈哈哈哈哈哈哈哈哈哈哈哈哈哈哈哈哈哈哈哈哈哈哈哈哈哈哈哈哈哈哈哈哈哈哈哈哈哈哈哈哈哈哈哈哈哈哈哈哈哈哈哈哈哈哈哈哈哈哈哈哈哈哈哈哈哈哈哈哈哈哈哈哈哈哈哈哈哈哈哈哈哈哈哈哈哈哈哈哈哈哈哈哈哈哈哈哈哈哈哈哈哈哈哈哈哈哈哈哈哈哈哈哈哈哈哈哈哈哈哈哈哈哈哈哈哈哈哈哈哈哈哈哈哈哈哈哈哈哈哈哈哈哈哈哈哈哈哈哈哈哈哈哈哈哈哈哈哈哈哈哈哈哈哈哈哈哈哈哈哈哈哈哈哈哈哈哈哈哈哈哈哈哈哈哈哈哈哈哈哈哈哈哈哈哈哈哈哈哈哈哈哈哈哈哈哈哈哈哈哈哈哈哈哈哈哈哈哈哈哈哈哈哈哈哈哈哈哈哈哈哈哈哈哈哈哈哈哈哈哈哈哈哈哈哈哈哈哈哈哈哈哈哈哈哈哈哈哈哈哈哈哈哈哈哈哈哈哈哈哈哈哈哈哈哈哈哈哈哈哈哈哈哈哈哈哈哈哈哈哈哈哈哈哈哈哈哈哈哈哈哈哈哈哈哈哈哈哈哈哈哈哈哈哈哈哈哈哈哈哈哈哈哈哈哈哈哈哈哈哈哈哈哈哈哈哈哈哈哈哈哈哈哈哈哈哈哈哈哈哈哈哈哈哈哈哈哈哈哈哈哈哈哈哈哈哈哈哈哈	笑成猪头最好笑是因为！！！我本来就觉得很好笑哈哈哈，看到这个绷不住了！！！	哈哈哈哈哈哈哈哈哈哈哈哈哈哈哈哈哈哈哈哈哈哈哈哈哈哈哈哈哈哈哈哈哈哈哈哈哈哈哈哈哈哈哈哈哈哈哈哈哈哈哈哈哈哈哈哈哈哈哈哈哈哈哈哈哈哈哈哈哈哈哈哈哈哈哈哈哈哈哈哈哈哈哈哈哈哈哈哈哈哈哈哈哈哈哈哈哈哈哈哈哈哈哈哈哈哈哈哈哈哈哈哈哈哈哈哈哈哈哈哈哈哈哈哈哈哈哈哈哈哈哈哈哈哈哈哈哈哈哈哈哈哈哈哈哈哈哈哈哈哈哈哈哈哈哈哈哈哈哈哈哈哈哈哈哈哈哈哈哈哈哈哈哈哈哈哈哈哈哈哈哈哈哈哈哈哈哈哈哈哈哈哈哈哈哈哈哈哈哈哈哈哈哈哈哈哈哈哈哈哈哈哈哈哈哈哈哈哈哈哈哈哈哈哈哈哈哈哈哈哈哈哈哈哈哈哈哈哈哈哈哈哈哈哈哈哈哈哈哈哈哈哈哈哈哈哈哈哈哈哈哈哈哈哈哈哈哈哈哈哈哈哈哈哈哈哈哈哈哈哈哈哈哈哈哈哈哈哈哈哈哈哈哈哈哈哈哈哈哈哈哈哈哈哈哈哈哈哈哈哈哈哈哈哈哈哈哈哈哈哈哈哈哈哈哈哈哈哈哈哈哈哈哈哈哈哈哈哈哈哈哈哈哈哈哈哈哈哈哈哈哈哈哈哈哈哈哈哈哈哈哈哈哈哈哈哈哈哈哈哈哈哈哈哈哈哈哈哈哈哈哈哈哈哈哈哈哈哈哈哈哈哈哈哈哈哈哈哈哈哈哈哈哈哈哈哈哈哈哈哈哈哈哈哈哈哈哈哈哈哈哈哈哈哈哈哈哈哈哈哈哈哈哈哈哈哈哈哈哈哈哈哈哈哈哈哈哈哈哈哈哈哈哈哈哈哈哈哈哈哈哈哈哈哈哈哈哈哈哈哈哈哈哈哈哈哈哈哈哈哈哈哈哈哈哈哈哈哈哈哈哈哈哈哈哈哈哈哈哈哈哈哈哈哈哈哈哈哈哈哈哈哈哈哈哈哈哈哈哈哈哈哈哈哈哈哈哈哈哈哈哈哈哈哈哈哈哈哈哈哈哈哈哈哈哈哈哈哈哈哈哈哈哈哈哈哈哈哈哈哈哈哈哈哈哈哈哈哈哈哈哈哈哈哈哈哈哈哈哈哈哈哈哈哈哈哈哈哈哈哈哈哈哈哈哈哈哈哈哈哈哈哈哈哈哈哈哈哈哈哈哈哈哈哈哈哈哈哈哈哈哈哈哈哈哈哈哈哈哈哈哈哈哈哈哈哈哈哈哈哈哈哈哈哈哈哈哈哈哈哈哈哈哈哈哈哈哈哈哈哈哈哈哈哈哈哈哈哈哈哈哈哈哈哈哈哈哈哈哈哈哈哈哈哈哈哈哈哈哈哈哈哈哈哈哈哈哈哈哈哈哈哈哈哈哈哈哈哈哈哈哈哈哈哈哈哈哈哈哈哈哈哈哈哈哈哈哈哈哈哈哈哈哈哈哈哈哈哈哈哈哈哈哈哈哈哈哈哈哈哈哈哈哈哈哈哈哈哈哈哈哈哈哈哈哈哈哈哈哈哈哈哈哈哈哈哈哈哈哈哈哈哈哈哈哈哈哈哈哈哈哈哈哈哈哈哈哈哈哈哈哈哈哈哈哈哈哈哈哈哈哈哈哈哈哈哈哈哈哈哈哈哈哈哈哈哈哈哈哈哈哈哈哈哈哈哈哈哈哈哈哈哈哈哈哈哈哈哈哈哈哈哈哈哈哈哈哈哈哈哈哈哈哈哈哈哈哈哈哈哈哈哈哈哈哈哈哈哈哈哈哈哈哈哈哈哈哈哈哈哈哈哈哈哈哈哈哈哈哈哈哈哈哈哈哈哈哈哈哈哈哈哈哈哈哈哈哈哈哈哈哈哈哈哈哈哈哈哈哈哈哈哈哈哈哈哈哈哈哈哈哈哈哈哈哈哈哈哈哈哈哈哈哈哈哈哈哈哈哈哈哈哈哈哈哈哈哈哈哈哈哈哈哈哈哈哈哈哈哈哈哈哈哈哈哈哈哈哈哈哈哈哈哈哈哈哈哈哈哈哈哈哈哈哈哈哈哈哈哈哈哈哈哈哈哈哈哈哈哈哈哈哈	the pig-head laugh is the funniest because!!! I already found it hilarious hahaha, and seeing this I just lost it!!!
B-HOM-104	HOM	62.25	69.82	7.56	68.11	65.88	-2.23	0	100	100	真旅行青蛙！  去哪了 会给麻麻带明信片回来  真好	Really traveling frog! Where did you go? Will bring a postcard back to Mama.	真旅行青蛙！  去哪了 会给妈妈带明信片回来  真好	Really traveling frog! Where did you go? Will bring a postcard back to your mom.	a real Travel Frog! wherever it goes, it brings postcards back for mom — so sweet
B-HOM-105	HOM	76.38	74.64	-1.74	58.54	59.76	1.22	0	0	0	兄dei，这么好的猪 你舍得一次性吃完吗（于谦声）	兄dei,这么好的猪你舍得一次性吃完吗(于谦声)	兄弟，这么好的猪 你舍得一次性吃完吗（于谦声）	兄弟,这么好的猪你舍得一次性吃完吗(于谦声)	bro, such a fine pig — could you really bear to eat it all in one go? (in Yu Qian's voice)
B-HOM-106	NEO	47.68	47.57	-0.11	63.68	70.62	6.94	0	100	100	这高达味怎么这么重啊，真的是百合拯救了萝卜？	How come this giant taste is so heavy, is it really a rose that saved the potato?	这高达味怎么这么重啊，真的是百合拯救了机器人？	How heavy is this giant smell? Was it really a rose that saved the robot?	why does this feel so much like Gundam — did yuri really save the mecha genre?
B-HOM-107	HOM	83.08	76.03	-7.05	70.70	70.95	0.25	0	0	0	淦，为什么要让我凌晨刷到，睡不着觉了()	Why do you have to wake me up at dawn, I can't sleep?	干，为什么要让我凌晨刷到，睡不着觉了()	Fuck, why do you have to check me up at dawn, I can't sleep()	damn, why did I have to scroll onto this in the middle of the night, now I can't sleep ()
B-HOM-108	HOM	94.39	89.96	-4.42	79.12	80.51	1.39	100	0	-100	免责声明，此为系统自动播放，与我无瓜	Disclaimer: This is a system automatic playback, nothing to do with me.	免责声明，此为系统自动播放，与我无关	Disclaimer: This is a system automatic playback, not mine.	disclaimer: this was autoplayed by the system, nothing to do with me
B-HOM-109	HOM	73.25	82.66	9.41	67.15	56.11	-11.04	0	100	100	又第一了 带领兄弟萌再冲一次～～～～	又第一了,带上兄弟萌再冲一次～～～～	又第一了 带领兄弟们再冲一次～～～～	Again first, lead the brothers again.	number one again — leading the bros for one more charge~~~~
B-HOM-110	HOM	47.63	56.32	8.70	33.58	35.10	1.52	0	0	0	预计会火，火钳刘明	预计会火,火钳刘明	预计会火，火前留名	预计会火,火前留名	this is going to blow up, leaving my name here before it does
B-HOM-111	HOM	36.74	61.19	24.46	49.30	57.53	8.23	0	0	0	扳机歪了，前来还怨	The timing is wrong, come and complain.	扳机歪了，前来还愿	The barrel is wrong, come to apologize.	my pull for Trigger went off-banner — here to repay my vow
B-HOM-112	HOM	78.72	95.99	17.27	55.09	82.68	27.59	0	0	0	梅森：这我可太熟辣！	Mason: That's too hot for me!	梅森：这我可太熟啦！	Mason: I'm too familiar with this!	Mason: now this I know all too well!
B-HOM-114	HOM	74.24	85.84	11.60	64.87	69.02	4.15	0	0	0	我不行了我笑得要噶了	I'm not going to do that, I'm laughing so hard.	我不行了我笑得要挂了	I can't, I'm laughing so hard.	I can't take it, I'm about to die laughing
B-HOM-115	HOM	26.69	60.09	33.40	37.37	53.09	15.73	0	0	0	活到老学到老,似了也要学习	学习是人生的宝贵财富,学习也是人生的财富。	活到老学到老,死了也要学习	学习是人生的宝贵财富,学习永远是人生的动力。	live and learn — keep studying even when you're dead
B-HOM-116	HOM	60.58	61.29	0.71	48.42	51.52	3.11	0	0	0	太好辣，是拐杖星人，我们没救了	Too hot, it's a walker alien, we didn't save it.	太好啦，是拐杖星人，我们没救了	Very good, it was a walker alien, we didn't save it.	oh great, it's the crutch alien, we're doomed
B-HOM-117	HOM	70.58	77.72	7.15	74.03	75.73	1.70	0	0	0	老八胃大，无需多盐	老八胃大,不用多盐。	老八胃大，无需多言	老八的胃口很大,不用多说。	Laoba has a big stomach — no more words needed
B-HOM-118	HOM	88.08	98.77	10.69	71.84	84.43	12.59	0	0	0	雾草这幕太美了	This scene of fog is very beautiful.	卧槽这幕太美了	Wow, this scene is beautiful.	holy crap this scene is gorgeous
B-HOM-119	NEO	88.23	99.82	11.60	64.78	84.54	19.76	0	100	100	欧内该，我什么都愿意做	I'd do anything for you, Angela.	拜托了，我什么都愿意做	Please, I'd do anything.	please, I'll do anything
B-HOM-120	HOM	88.60	93.42	4.83	74.69	74.21	-0.48	0	0	0	果然混元是个妹纸	果然混元是个妹纸。	果然混元是个妹子	果然混元是个妹子。	so Hunyuan really is a girl after all
B-HOM-121	HOM	58.68	74.88	16.20	48.21	47.05	-1.15	0	0	0	年轻人不讲武德！耗子尾汁	年轻不讲武德!耗子尾汁	年轻人不讲武德！好自为之	年轻时不讲武德!好自为之	young people have no martial virtue! you'd better behave yourselves
B-HOM-122	HOM	63.14	73.90	10.77	41.80	46.71	4.91	0	0	0	官方踏马自黑，这下别人黑不了了	官方踏马自黑,这下别人黑不了了	官方他妈自黑，这下别人黑不了了	官方他妈自黑,这下别人黑不了了。	the officials are freaking roasting themselves, now nobody else can roast them
B-HOM-123	HOM	79.13	92.21	13.08	59.72	59.87	0.15	0	0	0	这俩老男人的沙雕人生	These two old men's sand sculptures are very interesting.	这俩老男人的傻屌人生	These two old men are fucking stupid.	the goofball life of these two old guys
B-HOM-124	HOM	54.14	86.54	32.40	37.74	61.05	23.31	0	0	0	被天使蚊过的嗓子	天使的鼻子	被天使吻过的嗓子	天使吻过的嗓子	a voice kissed by an angel
B-HOM-125	HOM	85.72	98.65	12.93	66.76	80.52	13.76	0	100	100	上一个视频就是不讲内个	The previous video didn't talk about the inside.	上一个视频就是不讲那个	The previous video didn't talk about that.	the last video just wouldn't talk about that
B-HOM-127	HOM	73.92	84.78	10.86	58.73	56.21	-2.51	0	0	0	可以四了这游戏	Can you play this game?	可以死了这游戏	Can you kill this game?	this game can just die already
B-HOM-128	HOM	83.37	98.76	15.40	52.63	83.78	31.15	0	100	100	全体欣赏阴乐	All enjoyed the shadow play.	全体欣赏音乐	All enjoyed the music.	everyone, enjoy the music
B-HOM-129	HOM	53.68	56.52	2.84	50.82	51.53	0.72	0	0	0	锁呐区甲亢哥	锁呐区甲亢哥	唢呐区甲亢哥	唢呐区甲亢哥	suona-section Speed
B-HOM-130	HOM	88.05	100.00	11.95	75.81	78.29	2.47	0	0	0	哎你怎么似了	How are you?	哎你怎么死了	How did you die?	hey, how come you died
B-HOM-131	HOM	92.87	94.17	1.30	51.94	69.18	17.24	0	0	0	密码的，很久没笑得这么无语了	I haven't laughed so much lately.	妈的，很久没笑得这么无语了	I haven't laughed so much lately.	damn, it's been ages since I laughed this speechlessly
B-PYA-088	PYA	89.01	89.22	0.20	61.55	59.52	-2.03	0	0	0	不是，我TM哪来的教材，你在逗我呢	No, where did I get my textbook?	不是，我他妈哪来的教材，你在逗我呢	No, where did you get the textbook?	wait, where the hell would I get a textbook, are you kidding me
B-PYA-089	PYA	93.63	96.93	3.30	82.56	84.09	1.54	0	0	0	md，这军方也这么乱，难怪市民们这么乐观，哈哈	md, the military is so messed up, it's no wonder the citizens are so optimistic, haha	妈的，这军方也这么乱，难怪市民们这么乐观，哈哈	Oh my, the military is so messed up, it's no wonder the citizens are so optimistic, haha.	damn, even the military is this chaotic, no wonder the citizens are so optimistic, haha
B-PYA-090	PYA	71.68	83.68	12.00	49.68	75.00	25.32	0	0	0	wc我想要高斯裤子的链接，真的好帅	wc我想要高斯裤子的链接,真的好帅	卧槽我想要高斯裤子的链接，真的好帅	Wow, I want the link to the high waisted jeans, they look so cool.	whoa I want the link to Gauss's pants, they look so cool
B-PYA-091	PYA	83.09	88.15	5.06	64.43	70.73	6.30	0	0	0	WC，这都能被发现啊	Toilet, this can be found.	卧槽，这都能被发现啊	Wow, this can be found.	whoa, even this got noticed
B-PYA-092	PYA	99.17	100.00	0.83	78.55	85.11	6.56	0	0	0	woc太萌了	Wow, that's too cute.	卧槽太萌了	Wow, that's too cute!	omg so cute
B-PYA-093	PYA	75.90	62.83	-13.06	48.99	46.47	-2.52	0	100	100	dbq小啵有点像触电了	dbq小啵有点像触电了	对不起小啵有点像触电了	Sorry, I'm a bit stuck.	sorry but Xiaobo kind of looks electrocuted
B-PYA-094	PYA	95.95	98.46	2.51	70.40	67.63	-2.77	0	0	0	无线能源是基于无线水的原理吗？(bushi)	Is wireless energy based on the principle of wireless water?	无线能源是基于无线水的原理吗？(不是)	Is wireless energy based on the principle of wireless water?	is wireless energy based on the principle of wireless water? (jk)
B-PYA-095	PYA	93.55	93.29	-0.27	80.69	73.63	-7.06	0	0	0	光明，赐予我力量（bushi）	Light, give me strength (bushi)	光明，赐予我力量（不是）	Light, give me strength (not)	light, grant me power (jk)
B-PYA-096	PYA	92.60	95.11	2.51	78.84	75.67	-3.16	0	0	0	这么说我才发现字幕不是视频自带的hhhh	So I realized that the subtitles were not built into the video hhhh	这么说我才发现字幕不是视频自带的哈哈哈哈	So I realized that the subtitles were not built into the video.	now that you mention it, I just realized the subtitles aren't part of the video hahaha
B-PYA-097	PYA	90.09	90.57	0.48	77.25	73.29	-3.96	0	0	0	完了疑似吉米被吓疯了hh	Okay, Jim seems to be freaked out.	完了疑似吉米被吓疯了哈哈	Okay, Jim seems to be freaked out.	uh oh, Jimmy seems scared out of his mind haha
B-PYA-098	PYA	64.20	78.96	14.76	79.79	78.49	-1.31	0	0	0	看清楚材质吧，pdd很多都是聚酯纤维，你问客服没几个敢说是纯棉的	Look at the material, pdd is a lot of polyester, you ask the customer service, few will say it's pure cotton.	看清楚材质吧，拼多多很多都是聚酯纤维，你问客服没几个敢说是纯棉的	Look at the material, most of the ones on Pandoo are polyester, you ask the customer service, few of them will say they are pure cotton.	check the fabric carefully — a lot of stuff on Pinduoduo is polyester, and few customer-service reps dare claim it's pure cotton
B-PYA-099	PYA	51.35	52.72	1.37	42.51	41.60	-0.90	0	0	0	27W收藏4W点赞服了不提醒还不知道........	27W 收藏4W点赞服了不提醒还不知道........	27万收藏4万点赞服了不提醒还不知道........	27万收藏4万点赞服了不提醒还不知道........	270k saves and 40k likes, unbelievable — I wouldn't even have known without the reminder……
B-PYA-100	PYA	78.90	90.77	11.87	70.01	64.09	-5.92	0	0	0	20w收藏3w点赞	20w收藏3w点赞	20万收藏3万点赞	20万收藏3万点赞	200k saves, 30k likes
B-PYA-101	PYA	63.22	81.54	18.32	44.19	70.27	26.08	0	0	0	啊？60w围攻45w的城，对方还以骑兵为主？？！	啊?60w围攻45w的城,对方还以骑兵为主??!	啊？60万围攻45万的城，对方还以骑兵为主？？！	Ah? 600000 surrounding 45000 castles, the enemy is also a cavalry force?!	what? 600k besieging a city of 450k, and the enemy is mostly cavalry??!
B-PYA-102	PYA	42.67	58.96	16.28	49.51	49.34	-0.17	0	0	0	“义人，就是ta，欺负我。”	“He is the one who is cheating me.”	“义人，就是他，欺负我。”	“He is the one who lied to me.”	Righteous one, it was them — they bullied me.
B-PYA-103	PYA	70.56	92.77	22.21	32.24	42.85	10.60	0	0	0	好装好假好ex	Fake or real?	好装好假好恶心	好装好假好恶心	so pretentious, so fake, so gross
B-PYA-104	PYA	41.49	58.52	17.03	32.17	30.11	-2.06	0	0	0	死yxh滚远点	死yxh滚远点	死营销号滚远点	死营销号滚远点	damn clickbait accounts, get lost
B-PYA-106	PYA	78.45	90.36	11.91	68.38	67.38	-1.00	0	0	0	牛啊，我怎么幻听出歌词了(bushi)	Oh, how I can hear the lyrics (bushi)	牛啊，我怎么幻听出歌词了(不是)	Oh my god, I can hear the lyrics!	impressive — why am I hallucinating lyrics out of this (jk)
B-PYA-107	PYA	71.23	66.50	-4.73	69.86	64.27	-5.59	0	0	0	心灵感应原版就是致敬火花hhh	The original version of the psychic trance is a tribute to flame hhh.	心灵感应原版就是致敬火花哈哈哈	The original version of the psychic is a tribute to the fireworks.	the original Telepathy really is a homage to Spark hahaha
B-PYA-108	PYA	93.52	88.75	-4.77	71.43	50.85	-20.59	0	0	0	woc瞬间高清修补版	WOW instant HD Repair	卧槽瞬间高清修补版	Wow, instant HD repair.	whoa, instantly the HD restored version
B-NEO-096	NEO	87.88	87.76	-0.12	75.16	76.43	1.27	0	0	0	泪目，我一直不知道自己想做什么，感觉选择的大都错了，已经索性不想选择了...糟糕啊...	tears, I've never really known what I want to do, I feel like all my choices are wrong, I'm just not sure what to choose...	眼泛泪光，我一直不知道自己想做什么，感觉选择的大都错了，已经索性不想选择了...糟糕啊...	I'm tearful, I've never really known what I want to do, I feel like all my choices are wrong, I'm just not sure what to do...	tearing up — I've never known what I want to do, feels like most of my choices were wrong, and now I've simply stopped choosing… this is bad…
B-NEO-097	NEO	84.59	85.10	0.51	77.09	78.77	1.68	0	0	0	10后，上一次看是三年前了，但是也泪目了	After 10 years, the last time I saw it was three years ago, but I was also crying.	10后，上一次看是三年前了，但是也落泪了	After 10 years, the last time I saw it was 3 years ago, but I also cried.	born after 2010 — last watched this three years ago, but it still made me tear up
B-NEO-098	NEO	74.60	73.55	-1.05	68.91	65.58	-3.33	0	0	0	虽然整个乐队前期像拼好队一样，但是结局随着独角兽的回归写的还是不错的	Although the whole band started out like a good team, the end with the return of the stars was written well.	虽然整个乐队前期像拼凑起来的队伍一样，但是结局随着独角兽的回归写的还是不错的	Although the whole band seemed like a bunch of guys, the end with the return of the stars was pretty good.	even though the band felt like a thrown-together group-buy squad early on, the ending with the unicorn's return was written pretty well
B-NEO-099	NEO	61.10	66.68	5.57	59.40	60.46	1.05	0	0	0	“苏新皓你好的太突出”这句话的含金量还在上升	"The content of the sentence ""You're too good to be true"" is increasing."	“苏新皓你好的太突出”这句话的价值还在提升	"The value of the sentence ""You're too good to be true"" is growing."	"the line ""Su Xinhao, your hello is too striking"" keeps proving truer and truer"
B-NEO-100	NEO	84.00	85.18	1.18	64.97	59.95	-5.02	0	0	0	扎格列斯之手的含金量还在上升！	The value of the Zagora hand is increasing!	扎格列斯之手的价值还在提升！	The value of the Zagora hand is increasing!	the Hand of Zagreus keeps proving its worth!
B-NEO-101	NEO	72.60	65.43	-7.16	52.33	61.27	8.94	0	0	0	红温了，把打野怪爆的装备给炸了，你好歹拿一些吧	Red, you've destroyed the equipment for killing the wild beasts, you should at least take some.	气急了，把打野怪爆的装备给炸了，你好歹拿一些吧	angry, destroyed the equipment for hunting wild beasts, you should take some.	he's fuming — blew up the gear dropped from jungle monsters, at least take some of it, man
B-NEO-102	NEO	79.08	72.75	-6.33	71.52	70.76	-0.76	0	0	0	反派看到了硬控他的回忆……	The opponent saw the hard control of his memories......	反派看到了完全控制住他的回忆……	The opponent saw that he could completely control his memories......	the villain saw the memories that completely transfixed him……
B-NEO-103	NEO	86.09	93.82	7.73	73.64	76.58	2.94	0	0	0	我还以为是9.9元拼好饭呢	I thought it was 9.9 dollars for a good meal.	我还以为是9.9元拼单买的饭呢	I thought it was a combo meal for 9.9 dollars.	I thought it was a 9.9-yuan group-buy meal deal
B-NEO-104	NEO	66.93	64.84	-2.09	67.99	67.09	-0.90	0	0	0	向佐药水哥梦幻联动！	向佐药水哥梦幻联动!	向佐药水哥跨界合作！	向佐药水哥跨界合作!	Xiang Zuo and Yaoshui-ge, a dream crossover!
B-NEO-105	NEO	62.57	73.51	10.94	40.64	45.76	5.12	0	0	0	电子榨菜配跳跳糖	电子榨菜配跳跳糖	下饭视频配跳跳糖	吃飯視頻配跳跳糖	comfort-viewing video paired with popping candy
B-NEO-106	NEO	85.91	96.40	10.49	66.39	82.86	16.47	0	0	0	这声音绝绝子	This sound is absolutely incredible.	这声音好极了	This sound is really good.	this voice is simply divine
B-NEO-107	NEO	63.06	61.91	-1.16	64.47	72.30	7.82	0	0	0	假师傅让拜，真师傅反而不让拜，难绷了	Fake master bows down, real master doesn't bow down, it's a pain.	假师傅让拜，真师傅反而不让拜，让人无语了	Fake master bows down, real master doesn't bow down, makes me confused.	the fake master lets you bow to him, but the real master won't — I can't even
B-NEO-108	NEO	79.22	95.46	16.24	52.16	78.38	26.22	0	0	0	一想到一睁眼就有倒计时就难绷	When I wake up, I can't help but feel anxious.	一想到一睁眼就有倒计时就受不了	When I wake up, I can't help but think about the countdown.	the thought of waking up to a countdown every day just breaks me
B-MIX-092	MIX	85.25	73.22	-12.03	60.06	53.51	-6.54	100	0	-100	完全不给队友上buff的机会	完全不给队友上buff的机会。	完全不给队友上增益的机会	完全不给队友上增益的机会。	gives teammates zero chance to apply buffs
B-MIX-093	MIX	38.22	39.12	0.91	30.85	33.16	2.31	100	0	-100	不会侵蚀后全是boss吧	侵蚀后全是boss吧	不会侵蚀后全是头目吧	侵蚀后全是头目吧	don't tell me everything after the corruption is a boss
B-MIX-094	MIX	94.40	85.61	-8.78	73.63	74.51	0.88	100	0	-100	顾客：心平气和.jpg	Customer: Calm.jpg	顾客：心平气和的表情包	Customer: Calm emoticon	customer: calm-and-composed.jpg
B-MIX-095	MIX	86.49	92.57	6.08	77.05	49.28	-27.77	100	0	-100	海皇cpu高速运转中……	海皇CPU高速运转中......	海皇大脑高速运转中……	海皇大脑高速运转......	the Sea Emperor's CPU is running at full speed……
B-MIX-096	MIX	39.46	29.86	-9.60	36.91	35.09	-1.82	100	0	-100	可以无限卡bug，站起来再躺下去，站起来再躺下去。	可以无限卡bug,站起来再躺下去,站起来再躺下去。	可以无限卡漏洞，站起来再躺下去，站起来再躺下去。	可以无限卡漏洞,站起来再躺下去,站起来再躺下去。	you can exploit the bug endlessly — stand up, lie back down, stand up, lie back down.
B-MIX-097	MIX	26.37	31.25	4.88	33.34	50.89	17.55	0	0	0	在扳机的视频里刷什么悠真真的很ky好吧	What do you do with the screwdriver video?	在扳机的视频里刷什么悠真真的很不会看气氛好吧	What do you do in the video of the screwdriver? You don't really know how to look at the mood.	spamming Harumasa comments on a Trigger video is honestly so tone-deaf, okay
B-MIX-098	MIX	64.01	78.87	14.86	44.26	62.67	18.41	0	0	0	别什么过场都搞qte，破坏连贯	Don't make any mistakes, ruin the flow.	别什么过场都搞快速反应事件，破坏连贯	Don't do any quick reaction events, destroy the flow.	stop putting QTEs in every cutscene, it ruins the flow
B-MIX-099	MIX	85.60	83.76	-1.85	57.38	51.58	-5.81	100	0	-100	不是哥们，怎么pv就删了。	Not my friend, how did the pv get deleted?	不是哥们，怎么宣传片就删了。	No, how did the advertisement go away?	wait bro, why did the PV get deleted.
B-MIX-100	MIX	96.40	88.59	-7.81	73.88	73.98	0.10	100	100	0	要是做出这样的mod，那就有意思了	If you make such a mod, it's worthwhile.	要是做出这样的模组，那就有意思了	If you make such a model, it's worthwhile.	if someone made a mod like this, that would be fun
B-MIX-101	MIX	95.79	86.88	-8.91	63.42	79.79	16.37	0	0	0	omg！这是谁家的小孩这么有出息啊啊啊啊啊	Whose kid is this?	我的天！这是谁家的小孩这么有出息啊啊啊啊啊	My God! Whose kids are so lucky?	omg! whose kid is this, so talented ahhhh
B-MIX-102	MIX	84.27	90.28	6.01	67.15	74.79	7.64	100	100	0	很多老外不知道田一鸣叫什么，就叫他super idol	Many foreigners don't know what the name of Tai Ming is, they call him super idol.	很多老外不知道田一鸣叫什么，就叫他超级偶像	"Many foreigners don't know what the name of Tai I-ming is, so they call him ""super idol""."	many foreigners don't know Tian Yiming's name, so they just call him super idol
B-MIX-103	MIX	78.04	76.63	-1.41	59.29	61.92	2.63	0	0	0	知名up主老番茄视频内容不慎跌回五年前的水平	知名up主老番茄视频内容不慎跌回五年前的水平	知名视频作者老番茄视频内容不慎跌回五年前的水平	知名视频作者老番茄视频内容不慎跌回五年前的水平	famous uploader LaoFanQie's video content has accidentally slipped back to its level five years ago
B-MIX-104	MIX	98.43	60.48	-37.95	78.81	61.30	-17.51	100	0	-100	我打个csgo心跳都能160	I'm playing CS:GO and my heart rate is 160.	我打个反恐精英心跳都能160	I'm a fighter against terrorism, my heart rate is 160.	my heart rate hits 160 just playing CS:GO
B-MIX-105	MIX	96.16	99.52	3.36	61.96	88.16	26.20	0	100	100	回答我，鸟为什么会飞？ Look at my eye, tell me why!	Answer me, why do birds fly?	回答我，鸟为什么会飞？ 看着我的眼睛，告诉我为什么！	Answer me, why do birds fly? Look into my eyes, tell me why!	answer me, why can birds fly? Look at my eye, tell me why!
B-MIX-106	MIX	94.23	93.50	-0.74	79.04	79.85	0.80	100	100	0	这里应该说的是welcome to shaolin 吧	Welcome to Shaolin.	这里应该说的是欢迎来到少林 吧	Welcome to Shaolin.	what he should have said here is welcome to Shaolin, right
B-MIX-107	MIX	77.79	73.61	-4.18	68.20	68.89	0.69	100	100	0	这BGM给我干天津去了	This BGM makes me want to go to Tianjin.	这背景音乐给我干天津去了	This background music makes me want to go to Taiyuan.	this BGM just teleported me straight to Tianjin
B-MIX-108	MIX	37.61	37.62	0.01	45.99	43.81	-2.18	0	0	0	小八和啵哝就像是妈妈带了个teenager出来我服了。	小八和啵 رێ是媽媽帶著一個年輕人來給我服了。	小八和啵哝就像是妈妈带了个青少年出来我服了。	小八和啵 رێ是媽媽帶著一個青少年來給我服了。	Xiaoba and Bonong are just like a mom taking a teenager out, I can't with them.
B-MIX-109	MIX	92.52	86.24	-6.28	66.93	67.85	0.92	100	100	0	其实我不仅是rapper，我还是DJ，香蜜湖你听见了吗	I'm not just a rapper, I'm also a DJ, have you heard me?	其实我不仅是说唱歌手，我还是打碟师，香蜜湖你听见了吗	I'm not just a rapper, I'm also a DJ, have you heard of me?	actually I'm not just a rapper, I'm also a DJ — Xiangmi Lake, can you hear me
B-MIX-110	MIX	67.40	60.61	-6.79	61.61	60.64	-0.97	100	0	-100	我家小逻怎么成敌方boss单位了？还有精英干员长颈鹿	How did my little Lucy become the enemy boss unit? And the elite helper Longclaw?	我家小逻怎么成敌方头目单位了？还有精英干员长颈鹿	How did my little Lucy become a leading unit of the enemy? And the elite soldier Longclaw?	how did my Xiaoluo become an enemy boss unit? and there's an elite operator giraffe too
B-MIX-111	MIX	79.05	56.10	-22.95	46.70	42.98	-3.72	100	0	-100	看得ptsd犯了	PTSd is a serious mental illness.	看得创伤后应激障碍犯了	看得创伤后应激障碍犯了	watching this triggered my PTSD
B-MIX-112	MIX	92.12	50.32	-41.80	60.38	46.96	-13.43	100	0	-100	我独自拯救一切Pro max	I'm saving everything Pro max.	我独自拯救一切加强版	I'm alone in the world.	I Alone Save Everything, Pro Max edition
B-MIX-113	MIX	72.57	83.87	11.30	59.55	55.85	-3.70	0	100	100	那是债主催债了bro	That's a debt collector's debt.	那是债主催债了兄弟	That's a debt to a brother.	that's the creditor coming to collect, bro
B-MIX-114	MIX	83.51	84.21	0.71	77.25	71.09	-6.16	0	0	0	姐！邀请宋雨琦上节目！E人很适合！章昊也是！	Sister! Invite Song Yuqi to the show! She is very suitable! Zhang Hao is also!	姐！邀请宋雨琦上节目！外向的人很适合！章昊也是！	Sister! Invite Song Yuqi to the show! She is a very suitable person! Zhang Hao is also!	sis! invite Song Yuqi onto the show! extroverts are perfect for it! Zhang Hao too!
B-MIX-115	MIX	70.34	78.06	7.72	58.76	73.55	14.79	0	0	0	好阳光啊，这一定是相互救赎的少女乐队故事吧www	好阳光啊,这一定是相互救赎的少女乐队故事吧www	好阳光啊，这一定是相互救赎的少女乐队故事吧哈哈哈	How sunny! This must be a story of a girl band getting their revenge.	so wholesome — this must be a girls-band story of mutual redemption lol
B-MIX-116	MIX	84.95	86.69	1.74	80.78	80.14	-0.65	0	0	0	小时候我没有cp这个概念，一直认为这俩只是朋友	When I was younger, I didn't have the concept of cp, I always thought they were just friends.	小时候我没有情侣配对这个概念，一直认为这俩只是朋友	When I was younger, I didn't have the concept of a couple, I always thought they were just friends.	as a kid I had no concept of shipping — I always thought these two were just friends
B-MIX-117	MIX	58.71	79.60	20.90	38.15	80.24	42.09	0	0	0	妹妹在cos商鞅吗	My sister is at Cos.	妹妹在扮演商鞅吗	Is your sister playing Sargon?	is the girl cosplaying Shang Yang
B-MIX-118	MIX	96.22	86.12	-10.10	83.01	66.83	-16.18	100	0	-100	哎呀，蚊子得了MVP！	Oh, the mosquito won the MVP!	哎呀，蚊子得了全场最佳！	Oh, the mosquito got the best of the best!	oops, the mosquito got the MVP!
B-MIX-119	MIX	74.59	94.02	19.43	42.81	80.08	37.27	0	100	100	这都ai配音了，字幕当然也是ai啊	This is a good subtitle, of course.	这都人工智能配音了，字幕当然也是人工智能啊	This is all a speech synthesis by AI, and the subtitles are certainly AI.	the voiceover is already AI, so of course the subtitles are AI too
B-MIX-120	MIX	82.88	79.40	-3.48	80.78	82.31	1.53	100	0	-100	谁还没看我都会伤心的OK？	Who haven't seen me will be sad OK?	谁还没看我都会伤心的好吗？	Whoever hasn't seen me will be sad, right?	if anyone hasn't watched this yet I'll be sad, OK?
B-MIX-121	MIX	59.99	72.61	12.62	38.16	40.45	2.29	0	0	0	少看一天b站都剪不出来	少看一天b站都剪不出来	少看一天哔哩哔哩都剪不出来	少看一天哔哩哔哩都剪不出来	skip even one day of Bilibili and you couldn't edit this
B-MIX-122	MIX	99.34	96.63	-2.72	82.76	83.98	1.22	100	100	0	只是一个道歉，but这个道歉的代价实在太高	Just an apology, but the price is too high.	只是一个道歉，但是这个道歉的代价实在太高	Just an apology, but the price was too high.	it's just an apology, but the price of this apology is way too high
B-MIX-123	MIX	93.16	90.27	-2.90	71.18	81.49	10.31	100	0	-100	记者会？不，个人show time	Press conference? No, personal show time.	记者会？不，个人表演时间	Press conference? No, personal performance time.	a press conference? no, it's personal show time
B-MIX-124	MIX	85.63	86.90	1.27	60.20	74.28	14.08	100	0	-100	这一场演得不好，应该喊cut重来	This performance was bad, I should call it a cut.	这一场演得不好，应该喊停重来	This performance was bad, it should be cancelled.	this scene was badly acted, someone should call cut and redo it
B-MIX-125	MIX	96.46	96.90	0.44	82.81	84.35	1.54	100	100	0	喝水这part我真的笑了	I really laughed at the part about drinking water.	喝水这部分我真的笑了	I really laughed at the part about drinking water.	the water-drinking part genuinely made me laugh
B-MIX-126	MIX	96.17	93.00	-3.17	61.03	75.05	14.02	100	0	-100	中式恐怖，真的next level	Chinese horror, the next level	中式恐怖，真的更上一层楼	Chinese horror, really goes up a notch.	Chinese-style horror, truly next level
B-MIX-127	MIX	94.80	94.29	-0.51	81.96	82.76	0.80	100	0	-100	他们都在好奇那个npc是谁扮的	They were wondering who played the NPC.	他们都在好奇那个非玩家角色是谁扮的	They were curious who played the non-player character.	they're all wondering who played that NPC
B-MIX-128	MIX	69.12	70.90	1.78	42.53	44.05	1.52	0	0	0	os好想看张桂源也来一期	os 好想看张桂源也来一期	内心独白好想看张桂源也来一期	内心独白好想看张桂源也来一期	inner monologue: I really want to see Zhang Guiyuan do an episode too
B-MIX-129	MIX	96.30	76.39	-19.91	73.46	52.79	-20.67	100	0	-100	我已经走在了country road 上了	I've already walked on the country road.	我已经走在了乡间小路 上了	I've already walked on the country lane, taken the train.	I'm already walking on the country road
B-MIX-130	MIX	85.33	94.08	8.76	59.06	81.80	22.75	0	0	0	从来没有get到他颜值	I never got his looks.	从来没有领略到他颜值	I never really appreciated his beauty.	I've never gotten the appeal of his looks
B-MIX-131	MIX	86.18	92.33	6.15	50.75	63.07	12.32	100	100	0	看哪一只eye啊sir	What eye sir?	看哪一只眼啊长官	What eye do you want me to look at?	looking at which eye, sir
B-MIX-132	MIX	89.89	94.79	4.91	34.20	77.02	42.82	100	0	-100	天磊：what can I say	天磊:what can I say?	天磊：我能说什么	天磊:我能说什么?	Tianlei: what can I say
B-MIX-133	MIX	58.96	51.15	-7.82	44.72	47.69	2.97	100	100	0	唉，我去，真的有比利诶。该不会是暗示sp比利吧	Oh, I'm going, there's really a bill. It wouldn't be a sp bill, is it?	唉，我去，真的有比利诶。该不会是暗示特殊版比利吧	Oh, I'm going, there's really a bill. It wouldn't be a special bill, is it?	whoa, there really is a Billy — could this be hinting at an SP Billy
B-MIX-134	MIX	92.10	91.88	-0.22	55.06	68.35	13.30	0	0	0	摊主，我也是你们play中的一环吗	摊主,我也是你们游戏中的一环吗?	摊主，我也是你们角色扮演中的一环吗	摊主,我也是你们角色扮演中的一环吗?	stall owner, am I also part of your roleplay
B-MIX-135	MIX	86.10	87.81	1.71	36.62	57.71	21.08	100	100	0	抽me,please抽me	Please pick me.	抽我,请抽我	Please take me.	draw me, please draw me
B-MIX-136	MIX	94.88	89.05	-5.84	76.90	66.84	-10.06	100	0	-100	boss已进入二阶段	boss has entered the second stage	头目已进入二阶段	The head has entered the second stage.	the boss has entered phase two
B-MIX-137	MIX	83.05	78.94	-4.11	76.01	74.54	-1.46	100	0	-100	这里是以为他要长期练，mcn没沟通好	This is because I thought he needed to train for a long time, but MCN didn't communicate well.	这里是以为他要长期练，传媒公司没沟通好	This is because he thought he needed to train for a long time, the media company didn't communicate well.	here they thought he'd be training long-term — the MCN agency didn't communicate properly
B-MIX-138	MIX	57.68	71.13	13.45	41.83	80.19	38.36	0	0	0	加拉赫上线一年了还在c	一年前,加拉赫上线,还在C	加拉赫上线一年了还在当主力	加拉赫上线一年了,还在当主力。	Gallagher has been out for a year and is still carrying
B-MIX-139	MIX	84.78	78.88	-5.90	69.40	72.16	2.76	100	0	-100	直伤+超击破+dot伤害	Direct damage + burst damage + dot damage	直伤+超击破+持续伤害	Direct damage + smash break + persistent damage	direct damage + super break + DoT damage
B-HOM-133	PYA	84.94	94.04	9.10	78.29	69.50	-8.79	0	100	100	兄dei  成佛吧   修仙太难了	兄dei 成佛吧,修仙太难了	兄弟  成佛吧   修仙太难了	Brother, become a Buddha.	bro, just become a buddha — cultivating immortality is too hard
B-HOM-134	HOM	30.49	66.26	35.76	46.34	59.33	12.98	0	0	0	我真怕药水一拳给向左打晕过去	I'm afraid of a shot of water to the left.	我真怕药水一拳给向佐打晕过去	I'm afraid that a single punch from 药水 will make Zhang Shao faint.	I'm really afraid Yaoshui will knock Xiang Zuo out with one punch
B-HOM-135	HOM	72.66	80.09	7.44	64.48	75.79	11.31	0	0	0	甲亢哥：我还能再看亿遍	甲亢哥:我还能再看亿遍	甲亢哥：我还能再看一亿遍	甲亢哥:我还能再看一亿遍	Jiakang Bro: I could watch this a hundred million more times
B-NEO-109	NEO	55.30	64.21	8.91	50.89	50.08	-0.81	0	0	0	逆天，吴国给日本朝贡都来了	逆天,吴国给日本朝贡都来了。	离谱，吴国给日本朝贡都来了	太可笑了,吴国给日本朝贡都来了。	outrageous — now we've even got the Wu kingdom paying tribute to Japan
B-NEO-110	NEO	74.40	69.63	-4.77	47.07	47.77	0.70	0	0	0	泪目了，米哈游你坏事做尽	哭了,米哈游你坏事做尽	感动落泪了，米哈游你坏事做尽	感动落泪了,米哈游你坏事做尽	I teared up — miHoYo, you've done every evil deed there is
B-NEO-111	NEO	61.62	68.40	6.78	40.52	73.59	33.07	0	0	0	双非大学生，还没进厂。光看这个社会环境已经感觉自己燃尽了	双非大学生,还没进厂。光看这个社会环境已经感觉自己燃尽了。	非重点大学的大学生，还没进厂。光看这个社会环境已经感觉自己精疲力竭了	Non-major college students, not even entering the factory. Just looking at this social environment already feels exhausted.	a non-elite-university student who hasn't even started working yet — just looking at this social environment I already feel burned out
B-NEO-112	NEO	83.46	83.40	-0.06	62.91	64.76	1.85	0	0	0	看勇哥直播，各种神人	Watching Young's live stream, various geniuses.	看勇哥直播，各种行为离谱的人	Watching Young's live stream, various types of insane people.	watching Brother Yong's streams, you see all kinds of absolute characters
B-NEO-113	NEO	66.18	61.04	-5.13	70.44	71.56	1.13	0	0	0	太真实了，想到的那句话发现他可能听不懂于是在后面加点补丁	Too real, thought of the sentence that he might not understand, so added a correction at the end.	太真实了，想到的那句话发现他可能听不懂于是在后面加点补充说明	Too real, thought of the sentence that he might not understand, so added a few more details later.	so true — you think of a comeback, realize he might not get it, and then tack some patches onto it
B-NEO-114	NEO	78.13	85.33	7.20	44.03	69.45	25.42	0	0	0	为什么能匹到这么多神人	Why can't you get to know so many wonderful people?	为什么能匹配到这么多行为离谱的人	Why can you match up with so many strange behaviors?	how do I keep getting matched with so many absolute characters
B-NEO-115	NEO	78.95	84.66	5.71	69.00	77.81	8.82	0	0	0	所以男主在嘎掉的威胁下领悟了？	So the main character realized under the threat of being knocked out?	所以男主在死掉的威胁下领悟了？	So the main character realized under the death threat?	so the male lead had his awakening under the threat of getting offed?
B-MIX-140	MIX	72.61	63.85	-8.76	56.62	49.39	-7.22	100	0	-100	这个zzz不会要给他出个动画吧？	The zzz won't make an animation for him, will it?	这个绝区零不会要给他出个动画吧？	This infinite zero won't make him an animation, will it?	don't tell me ZZZ is going to make an anime for him?
B-MIX-141	MIX	74.61	85.35	10.73	56.39	70.30	13.91	0	0	0	怎么说呢 很怀疑up主的精神状态	How about, I doubt the up-holder's mental state.	怎么说呢 很怀疑视频作者的精神状态	How about, I doubt the video author's mental state.	how do I put it — I seriously question this uploader's state of mind
B-MIX-143	MIX	75.22	81.98	6.76	49.69	48.67	-1.02	0	100	100	他和背后的 n pc 格格不入	He is absolutelyn't compatible with the n pc.	他和背后的 非玩家角色 格格不入	His non-player character is a huge distraction.	he's completely out of place next to the NPC behind him
B-MIX-145	NEO	85.84	68.14	-17.70	58.14	60.76	2.62	0	0	0	甲亢哥：我DNA动了	甲亢哥:我的DNA动了	甲亢哥：我本能被唤醒了	甲亢哥:我本能地被唤醒了	Jiakang Bro: my DNA just moved
B-MIX-146	MIX	77.36	72.31	-5.05	63.14	63.02	-0.12	100	0	-100	bro以为自己在演致命ID	Bro thought he was playing a dangerous ID.	这哥们以为自己在演致命ID	This guy thought he was playing a dangerous ID.	bro thinks he's starring in Identity
B-MIX-147	MIX	92.52	96.73	4.21	72.66	74.84	2.18	0	0	0	干嘛突然cos班主任	Why did you suddenly become the class teacher?	干嘛突然扮演班主任	Why do you suddenly play the teacher?	why are you suddenly cosplaying as the homeroom teacher
B-MIX-148	MIX	76.46	71.58	-4.87	53.97	58.81	4.84	100	0	-100	神作，没见过的mad种类呢	Awesome, I haven't seen any mad types.	神作，没见过的混剪视频种类呢	Awesome, I haven't seen any kind of mixed video before.	a masterpiece — a kind of MAD I've never seen before
B-PYA-109	PYA	75.98	81.12	5.14	36.53	44.64	8.11	0	0	0	拍了拍博士的石棺盖子hhhhh	拍了拍博士的石棺盖子hhhhh	拍了拍博士的石棺盖子哈哈哈哈哈	拍了拍博士的石棺盖子哈哈哈哈	gave the Doctor's stone coffin lid a little pat hahaha
B-PYA-110	PYA	80.60	99.78	19.18	45.68	79.60	33.92	0	0	0	万恶的zi ben jia	万恶的zi ben jia	万恶的资本家	万恶的资本家	the evil capitalists
B-PYA-111	PYA	65.66	78.49	12.83	46.53	69.24	22.71	0	0	0	就说问啥听不到，nnd只带了一个耳机	问问你怎么听不到,nnd只带了一个耳机。	就说问啥听不到，奶奶的只带了一个耳机	They said they couldn't hear anything, and the grandmother only brought one earphone.	no wonder he said he couldn't hear anything — damn it, he only brought one earbud
