uid	category	xcomet_noisy	xcomet_clean	xcomet_d	kiwi_noisy	kiwi_clean	kiwi_d	nta_noisy	nta_clean	nta_d	src_noisy	hyp_noisy	src_clean	hyp_clean	ref_en
B-HOM-001	HOM	88.54	93.60	5.06	62.70	82.56	19.86	0	100	100	酱紫也行？那我也试试	Is that okay too? Then I'll give it a try as well.	这样子也行？那我也试试	Is that okay like this? Then I'll try it too.	this works? then let me try too
B-HOM-002	HOM	98.24	98.42	0.18	59.77	78.78	19.01	0	0	0	你怎么酱紫说话，人家会误会的	Why do you talk like that, people will misunderstand.	你怎么这样子说话，人家会误会的	How can you talk like that? People will get the wrong idea.	why do you talk like that, people will misunderstand
B-HOM-003	HOM	99.65	99.79	0.14	81.59	82.78	1.19	0	0	0	各位童鞋注意了，期末考试要来了	Attention everyone, the final exams are coming!	各位同学注意了，期末考试要来了	Attention students, the final exam is coming up.	attention classmates, final exams are coming
B-HOM-004	HOM	86.20	100.00	13.80	76.79	70.21	-6.58	0	0	0	童鞋们帮我看看这道题怎么做	Friends, can you help me see how to do this problem?	同学们帮我看看这道题怎么做	Students, can you help me with this problem?	classmates help me figure out this problem
B-HOM-005	HOM	95.10	97.33	2.24	71.39	82.47	11.07	100	100	0	我真的好稀饭这个博主，太搞笑了	I really like this blogger, they're so funny!	我真的好喜欢这个博主，太搞笑了	I really like this blogger, they're so funny!	I really like this creator, too funny
B-HOM-006	HOM	95.64	100.00	4.36	59.90	86.19	26.29	100	100	0	你是不是稀饭我？直说嘛	Do you like me? Just say it.	你是不是喜欢我？直说嘛	Do you like me? Just say it.	do you like me? just say it
B-HOM-007	HOM	96.03	98.36	2.33	77.94	82.81	4.87	0	100	100	今天又是杯具的一天，出门忘带钥匙	Today is another disastrous day; I forgot my keys when I went out.	今天又是悲剧的一天，出门忘带钥匙	Today is another tragic day, I forgot my keys when I went out.	another tragic day, forgot my keys going out
B-HOM-008	HOM	90.44	97.34	6.91	53.35	83.65	30.30	0	100	100	人生就是一个杯具接着一个杯具	Life is just one tragic event after another.	人生就是一个悲剧接着一个悲剧	Life is just one tragedy followed by another.	life is one tragedy after another
B-HOM-009	HOM	82.67	94.56	11.89	54.83	79.07	24.24	0	0	0	游戏过于神金，不确定先从哪里笑起	The game is so ridiculously pay-to-win, I don't even know where to begin laughing.	游戏过于神经，不确定先从哪里笑起	The game is so wild, I don't even know where to begin laughing.	this game is so unhinged, not sure where to start laughing
B-HOM-010	HOM	74.02	86.74	12.73	72.73	64.16	-8.57	0	100	100	都说我做饭神金，今天就做神金给你们吃	Everyone says I'm a culinary god, so today I'll make Shen Jin for you all to eat.	都说我做饭神经，今天就做神经给你们吃	They all say my cooking is crazy, so today I'll make crazy for you to eat.	y'all say I'm crazy in the kitchen, so today I'm cooking crazy for you
B-HOM-011	HOM	81.23	96.62	15.39	63.73	83.07	19.33	0	0	0	世界上最神金的行为	The world's most miraculous act of kindness.	世界上最神经的行为	The world's most neurotic behavior.	the most unhinged behavior in the world
B-HOM-012	HOM	56.86	89.66	32.80	61.25	61.16	-0.09	0	0	0	被这离谱的主播笑拥了	Was hilariously embraced by this outrageous streamer.	被这离谱的主播笑晕了	I was laughing so hard at this ridiculous streamer that I felt like I was going to pass out.	I'm dead from this absurd streamer
B-HOM-013	HOM	64.74	90.82	26.08	59.10	72.15	13.05	0	0	0	笑拥了！带货主播推荐的迷惑水果太离谱了吧	Wow, I went for it! The fruits recommended by the livestream seller are just too bizarre/unreasonable, right?	笑晕了！带货主播推荐的迷惑水果太离谱了吧	I'm dying of laughter! The bewildering fruit recommended by the livestream seller is just too outrageous.	I’m dying laughing! Those weird fruits promoted by live stream sales hosts are ridiculous.
B-HOM-014	HOM	92.05	91.82	-0.23	75.91	78.10	2.18	0	0	0	新来的00后程序员写的代码，看到这段注释真的快把我笑拥了	The code written by the new Gen Z programmer, seeing this comment almost made me burst out laughing.	新来的00后程序员写的代码，看到这段注释真的快把我笑晕了	The code written by the new Gen Z programmer, seeing this comment almost made me laugh myself to death.	the new Gen Z programmer's code, seeing this comment almost killed me laughing
B-HOM-016	NEO	85.38	86.24	0.86	49.10	67.16	18.07	0	0	0	考试没复习直接寄，明年再来	Didn't study for the exam, so I'm doomed/failed for sure, I'll try again next year.	考试没复习直接完了，明年再来	If you fail the exam without studying, you're done for; see you next year.	didn't study for the exam, it's over, see you next year
B-HOM-018	HOM	56.41	65.78	9.37	41.39	45.61	4.22	0	0	0	火钳流明，这帖子要火	"Brilliant post, this is going to be popular! 

(Or, more colloquially: This post is fire! / This post is going to blow up!)"	火前留名，这帖子要火	Reserving my spot here, this post is going to be popular.	leaving a name before this blows up, this post is about to go viral
B-HOM-019	HOM	83.38	97.46	14.08	72.77	84.92	12.15	0	0	0	雀食好笑，不骗你	Bird food is funny, I'm not kidding.	确实好笑，不骗你	It really is funny, I'm not kidding.	it's genuinely funny, no cap
B-HOM-021	HOM	94.48	89.57	-4.91	74.77	48.99	-25.78	0	0	0	沃草，这无人机表演太震撼了	"Wow, this drone show is amazing! 

(or, depending on context/desired tone: Holy cow, this drone show is incredible!)"	我操，这无人机表演太震撼了	"Oh my god, this drone show is amazing! 

**(Note: The original phrase is very vulgar. This translation aims for conveying the *intensity* of the feeling without the offensive language.)**"	holy crap, this drone show is insane
B-HOM-023	HOM	63.42	79.41	15.99	43.52	43.38	-0.14	0	0	0	你想peach呢，哪有这么好的事	You want a peach, where would something so good come from? (or, more colloquially, You want a free peach? Don't dream.)	你想屁吃呢，哪有这么好的事	What are you thinking? There's no such luck.	you're dreaming, how can something that good happen
B-HOM-024	HOM	85.49	97.06	11.57	69.29	84.81	15.52	0	100	100	别虾扯蛋了，老师说的都是真的吗	Stop messing around/fooling around, is everything the teacher said really true?	别瞎扯淡了，老师说的都是真的吗	Stop talking nonsense, is everything the teacher said really true?	stop talking BS, is what the teacher said even true
B-HOM-025	HOM	74.74	64.19	-10.55	61.01	51.94	-9.08	0	0	0	先报上自己的分数啊搞辣菜	First, tell us your score, you clumsy oaf!	先报上自己的分数啊搞拉踩	First, share your scores, and stop trying to show off/one-up each other.	dropping your score first before throwing shade smh
B-HOM-026	HOM	34.62	62.74	28.12	34.61	46.87	12.26	0	0	0	蚌埠住了，腾讯这泄密处理速度也太快了吧	"蚌埠住了 means something like ""I'm stunned,"" ""Wow,"" or ""I can't even."" So a natural translation would be:

Wow, Tencent's leak handling speed is incredibly fast! 

Or, more colloquially:

I'm shocked at how quickly Tencent dealt with this leak!"	绷不住了，腾讯这泄密处理速度也太快了吧	"It's falling apart, Tencent's leak handling speed is too fast, isn't it? 

(Or, more colloquially: Things are spiraling, Tencent is moving *way* too fast to contain this leak.)"	I can't hold it in anymore, Tencent's speed in handling this leak is just too fast
B-HOM-027	HOM	78.04	85.06	7.01	73.01	79.38	6.37	0	0	0	嗷利给，西班牙第一了	Go for it, Spain is number one!	奥利给，西班牙第一了	Olé, Spain is number one!	Aigoo Spain took first place let's gooo
B-HOM-028	HOM	70.88	80.76	9.87	49.73	75.83	26.10	0	0	0	这配置针不戳，性价比拉满	This configuration is solid, and the value for money is excellent.	这配置真不错，性价比拉满	This configuration is really good, excellent value for the money.	This setup slaps, value for money off the charts
B-HOM-029	HOM	60.88	50.61	-10.27	52.39	66.30	13.91	0	0	0	赛里木湖这操作针不戳啊，景区打人还能辞退就完事了？	Sayrim Lake, this handling of the situation is surprisingly good, and the scenic area can just fire the person who assaulted someone?	赛里木湖这操作真不错啊，景区打人还能辞退就完事了？	This handling of the Sayram Lake incident is really good; so the scenic area can just fire the person who assaulted someone and that's it?	Sarim Lake's handling is just great, beating people at a scenic spot and just firing them is that it?
B-HOM-030	HOM	84.05	80.58	-3.46	34.04	50.20	16.16	100	0	-100	蚌埠住了，这也太好笑了吧	"I can't hold it in anymore, this is too funny! 

(Or, more colloquially: I'm dying, this is hilarious!)"	绷不住了，这也太好笑了吧	"I can't handle it, this is too funny! 

(Alternatively, depending on context: I'm losing it, this is hilarious!)"	bruh I can't hold it in this is too funny lmao
B-HOM-031	HOM	93.26	90.19	-3.08	77.79	79.89	2.09	0	0	0	卧槽317万年终奖就这么没了？	What the heck! 3.17 million yuan year-end bonus just gone like that?	我操317万年终奖就这么没了？	My god, my 3.17 million yuan year-end bonus is just gone like that?	Wtf, 3.17 million year-end bonus just gone like that?
B-HOM-032	HOM	70.37	92.34	21.97	48.44	76.77	28.33	0	100	100	你就耗子尾汁吧，别折腾了	Just give it up, you're flogging a dead horse.	你就好自为之吧，别折腾了	Just take care of yourself, and stop making things difficult.	watch yourself bro stop messing around
B-HOM-033	HOM	88.83	92.20	3.37	67.73	59.44	-8.29	100	0	-100	王虹这波属实深藏blue了，拿完奖还这么低调	Wang Hong really kept a low profile this time, even after winning the award she's still so modest.	王虹这波属实深藏不露了，拿完奖还这么低调	Wang Hong really kept her talents hidden, and is still so modest even after winning the award.	Wang Hong has truly been hiding her talents, so low-key after winning the award
B-HOM-034	HOM	50.91	92.49	41.58	30.83	49.01	18.18	0	0	0	蚌埠住了这也太搞笑了	"蚌埠住了这也太搞笑了.

This is too funny, I can't even! (or, I'm dying of laughter!) 

(Note: This is a very internet-slangy phrase. ""蚌埠住了"" is a meme originating from a livestreamer's reaction and doesn't have a direct literal translation. The best English equivalent captures the feeling of being overwhelmed with laughter.)"	绷不住了这也太搞笑了	"I can't handle this, it's too funny! 

(Alternatively, depending on context: This is killing me, it's so hilarious!)"	can't hold it in anymore this is way too funny fr
B-HOM-035	HOM	81.03	90.92	9.89	51.04	82.93	31.89	0	0	0	看到50亿离婚案的消息我直接蓝瘦香菇	Seeing the news about 5 billion divorce cases, I was utterly devastated.	看到50亿离婚案的消息我直接难受想哭	Seeing the news about 5 billion divorce cases, I was immediately upset and felt like crying.	Seeing the news about the 5 billion divorce case, I'm so sad I could cry
B-HOM-036	HOM	80.14	91.09	10.95	55.36	83.61	28.25	0	0	0	针不戳，这个视频做得真好	No exaggeration, this video is really well made.	真不错，这个视频做得真好	Really good, this video is really well made.	not bad this video is actually fire
B-HOM-037	HOM	89.62	85.39	-4.23	60.03	72.75	12.72	0	0	0	这景区管理duck不必，7个人打一个司机	This scenic area's management is unnecessary, and seven people are attacking one driver.	这景区管理大可不必，7个人打一个司机	This scenic area's management is completely unnecessary; seven people ganged up on a single driver.	This scenic area management is totally unnecessary, 7 people beating one driver
B-HOM-038	HOM	98.34	98.57	0.23	58.41	84.52	26.12	0	0	0	这个颜色灰常好看	This color is very beautiful.	这个颜色非常好看	This color is very beautiful.	this color looks really good ngl
B-HOM-039	HOM	65.08	72.43	7.35	48.71	61.83	13.12	0	0	0	腾讯这波操作属于是虾仁猪心了	"Tencent's move is utterly shameless. 

(Or, more colloquially: Tencent is really taking the biscuit with this one.)"	腾讯这波操作属于是杀人诛心了	"Tencent's move is truly ruthless and heartbreaking. 

(Or, more colloquially: Tencent really went for the kill with this one.)"	Tencent's move this time is truly adding insult to injury
B-HOM-040	HOM	56.79	71.21	14.41	44.94	59.47	14.53	0	100	100	有内味了，就是这个感觉	"It's got a real flavor to it, that's the feeling. 

(Or, more colloquially: It's hitting the spot, that's the feeling.)"	有那味了，就是这个感觉	"It has that flavor, that's the feeling. 

(Or, more colloquially: That's the taste, that's the feeling.)"	got that vibe this is the feeling
B-HOM-041	HOM	61.59	89.18	27.59	66.67	73.88	7.20	0	0	0	泄密被辞退永不录用，这员工只能耗子喂汁了	Leaked secrets led to dismissal and a permanent ban from re-employment; this employee is utterly ruined.	泄密被辞退永不录用，这员工只能好自为之了	Having been fired for leaking information and blacklisted from future employment, this employee is on their own.	Fired for leaking and never to be rehired, this employee better watch out
B-HOM-042	HOM	95.09	97.82	2.73	69.41	78.60	9.19	0	0	0	这部剧的女主造型好康	The female lead's styling in this drama is really good-looking.	这部剧的女主造型好看	The female lead's styling in this drama is beautiful.	the female lead's look in this drama is gorgeous
B-HOM-043	HOM	67.09	74.45	7.36	65.78	45.82	-19.96	0	0	0	耗子尾汁，好自为之吧	Rat tail juice, fend for yourself.	好自为之，好自为之吧	Look after yourself, and take care.	Learn your lesson and shape up.
B-HOM-044	HOM	63.12	92.65	29.52	37.56	81.92	44.37	0	100	100	这个操作太虾仁了	"This operation is too weak/pathetic/lame. 

(Note: ""虾仁"" literally means ""shrimp,"" but in this context, it's a slang term meaning weak, pathetic, or lacking in skill/strength. The best translation depends on the specific nuance desired.)"	这个操作太吓人了	This operation was too terrifying.	this play is straight up terrifying
B-HOM-045	HOM	72.15	86.48	14.34	54.93	70.82	15.89	0	0	0	中国女排这波直接丸辣，美国队不服不行	The Chinese women's volleyball team just completely crushed it this round, the American team has to acknowledge it.	中国女排这波直接完啦，美国队不服不行	The Chinese women's volleyball team has definitively won this set, the American team has no choice but to accept it.	China's women's volleyball team is done for this time, the US team has to admit defeat
B-HOM-046	HOM	96.94	99.88	2.94	65.88	81.91	16.02	100	100	0	鸭力好大，快要顶不住了	The pressure is immense, I can barely hold on!	压力好大，快要顶不住了	The pressure is immense, I can barely handle it.	the pressure is so high can't hold on anymore
B-HOM-047	HOM	32.88	100.00	67.12	41.91	87.99	46.08	0	100	100	窝五碎！！！	I'm falling apart! / I'm a mess! / I'm devastated! (depending on context - it's a very colloquial and emotionally charged expression)	我五岁！！！	I'm five years old!!!	I'm five years old!!!
B-HOM-048	HOM	78.09	84.61	6.52	58.27	68.22	9.95	0	0	0	赛里木湖这事整得灰常离谱	This whole thing with Sayram Lake is incredibly bizarre/outrageous/fishy.	赛里木湖这事整得非常离谱	This whole thing with Sayram Lake is incredibly absurd/outrageous/unreasonable.	The Sarim Lake incident is really outrageous
B-HOM-049	HOM	92.42	95.08	2.65	83.79	83.91	0.12	0	0	0	看完这帖子我直接笑嘻了	After reading this post, I burst out laughing.	看完这帖子我直接笑死了	After reading this post, I literally died laughing.	after reading this post I'm dead lmao
B-HOM-050	HOM	58.44	99.06	40.61	38.40	85.90	47.50	0	100	100	看完这个视频我蕉绿了	"After watching this video, I'm floored/speechless/in shock. (The original uses internet slang ""蕉绿了"" which implies being utterly shocked and stunned, like a green banana – a visual metaphor for being unripe/unprepared for something.)"	看完这个视频我焦虑了	After watching this video, I felt anxious.	after watching this vid I'm straight up anxious
B-HOM-051	HOM	81.81	94.02	12.21	38.00	82.99	45.00	0	0	0	看完女排比赛我直接鸭梨山大	After watching the women's volleyball match, I was completely overwhelmed with anxiety/stress.	看完女排比赛我直接压力山大	After watching the women's volleyball match, I was immediately incredibly stressed.	After watching the women's volleyball match, I'm under enormous pressure
B-HOM-052	HOM	41.52	72.43	30.91	56.99	57.08	0.09	0	100	100	笑鼠了！一会抛梗一会接梗	"Laughing at the mouse! One moment throwing out a joke, the next catching it. 

(Or, more colloquially: That's hilarious! It's a constant back-and-forth of jokes.)"	笑死了！一会抛梗一会接梗	"Dying of laughter! One minute they're setting up jokes, the next they're landing them. 

(Or, more colloquially: This is hilarious! They keep throwing out jokes and then nailing the punchlines.)"	dying of laughter! one sec they set up the joke next sec they're playing along
B-HOM-053	HOM	63.50	85.93	22.43	43.46	61.19	17.73	100	0	-100	测评娃哈哈高透史莱姆好好康	"Reviewing Wahaha's clear slime, it's really delicious! 

(Note: ""好好康"" is internet slang, originally from Taiwan, meaning ""very good/delicious"" - often used playfully even for non-food items.)"	测评娃哈哈高透史莱姆好好看	The Wahaha clear slime is so pretty/beautiful! (or, Reviewing Wahaha's clear slime, it looks great!)	reviewing Wahaha's crystal clear slime it looks so good
B-HOM-054	HOM	91.23	41.96	-49.27	58.41	39.80	-18.61	0	0	0	窝巢，这也太厉害了吧	"Wow, this is amazing! 

(or, depending on context/tone: Holy cow, that's incredible! / Oh my god, that's awesome!)"	我操，这也太厉害了吧	"Oh my god, this is amazing! 

(Note: The original phrase is very vulgar. This translation aims for conveying the *intensity* of the emotion – extreme excitement and amazement – while being appropriate for general use. Other translations, depending on context, could be: ""Wow, that's incredible!"" or ""Holy crap, that's awesome!"")"	wtf this is too insane bruh
B-HOM-055	HOM	84.60	97.09	12.49	71.36	84.43	13.07	0	100	100	笑的想鼠	Laughing like a mouse.	笑的想死	Laughing so hard I could die.	laughing till I die
B-HOM-056	HOM	63.72	73.15	9.43	61.59	72.44	10.85	0	0	0	这里是孙吧忏悔室，一人忏悔一件你觉得最厨神的事	"This is Sun Ba's Confession Room, confess one thing you consider your most ""god-level cooking"" moment."	这里是孙吧忏悔室，一人忏悔一件你觉得最畜生的事	This is Sun Ba's Confession Room, confess one thing you feel is the most beastly/vile/inhumane.	welcome to Sun Bar confessional drop your most savage moment
B-HOM-057	HOM	48.31	93.17	44.86	44.54	75.02	30.48	0	0	0	关于玉玉症表妹喜欢上我的故事	"The story of how my cousin developed a crush on me while I had 玉玉症 (Yuyu Syndrome). 

(Note: 玉玉症 is a fictional illness often used in Chinese internet culture to describe a state of being incredibly unlucky or experiencing a series of unfortunate events. The translation aims to convey this context.)"	关于抑郁症表妹喜欢上我的故事	About my cousin's story of falling in love with me while battling depression.	the story of how my depressed cousin fell for me
B-HOM-058	HOM	51.32	95.88	44.56	40.72	84.84	44.11	0	100	100	这是我女朋友 羡慕吗笑抽们🤣	"This is my girlfriend, are you jealous? Dying of laughter!🤣 

(Note: The ""笑抽们"" is a very informal and playful way of saying people are laughing hysterically, and the emoji reinforces that.)"	这是我女朋友 羡慕吗小丑们🤣	This is my girlfriend. Are you jealous, clowns?🤣	this is my gf. jealous you clowns? 🤣
B-HOM-059	HOM	66.07	72.23	6.16	58.48	61.06	2.58	100	0	-100	麻辣烫我只认元娘娘，口味多好7	I only acknowledge Yuan Niang for mala tang, it tastes so good! (or, Yuan Niang's mala tang is the best, it tastes so good!)	麻辣烫我只认元娘娘，口味多好吃	I only acknowledge Yuan Niang for mala tang; the flavors are so delicious!	I only trust Yuan Niangniang for malatang it's so good
B-HOM-060	HOM	65.10	82.43	17.32	61.99	54.82	-7.17	0	0	0	可爱的小香猪变成了温暖的答辩	The cute little teacup pig transformed into a warm defense.	可爱的小香猪变成了温暖的大便	The cute little teacup pig turned into warm poop.	a cute little guinea pig turned into warm crap
B-HOM-061	HOM	97.30	98.35	1.05	81.55	84.81	3.26	100	0	-100	我要笑亖了卧槽	I'm about to die laughing, holy crap!	我要笑死了卧槽	I'm dying of laughter, holy crap!	I'm gonna die laughing oh shit
B-HOM-062	HOM	86.91	91.88	4.97	74.34	78.66	4.33	0	0	0	时间长了搞亖你	Over time, it will mess you up.	时间长了搞死你	Over time, it will kill you.	I'll work you to death over time
B-HOM-063	HOM	74.34	85.48	11.14	55.15	43.43	-11.72	0	100	100	笑亖了家人们谁懂啊	Laughing and crying with my family, who understands?	笑死了家人们谁懂啊	Dying of laughter, guys, anyone else feel this?	dying of laughter fam who understands
B-HOM-064	HOM	51.21	98.15	46.94	36.77	87.63	50.86	0	0	0	她居然紫砂了	"She actually made/created something with Zisha clay. 

(Or, more contextually, depending on the situation: She surprisingly took up Zisha pottery/art.)"	她居然自杀了	She actually committed suicide.	she actually offed herself
B-HOM-065	HOM	50.85	51.60	0.75	68.28	71.22	2.95	0	100	100	小哥：我真妹骗人！！我真给白衣女鬼送过餐！！你不知道哟！我魂都快没了，那餐是一点都没撒！！没办法，这就是哥的实力！	Dude, I'm not kidding!! I really delivered food to the woman in white!! You wouldn't believe it! I almost lost my soul, and not a single drop was spilled!! There's just no helping it, that's just how awesome I am!	小哥：我真没骗人！！我真给白衣女鬼送过餐！！你不知道哟！我魂都快没了，那餐是一点都没撒！！没办法，这就是哥的实力！	Dude, I'm really not lying!! I really delivered food to the woman in white ghost!! You wouldn't believe it! I almost lost my soul, and not a single drop of the food spilled!! There's no helping it, this is just how awesome I am!	Bro: I seriously didn't lie!! I really delivered food to the girl ghost in white!! You don't know! I nearly lost my soul, not a single drop spilled on that delivery! No choice, this is bro's skill!
B-HOM-066	HOM	59.52	68.33	8.82	37.81	39.76	1.95	0	0	0	博主成功把中二拍成沙子了	"The influencer successfully turned the cringey/embarrassing phase into something insignificant/worthless. 

(Alternatively, depending on context: The influencer successfully moved past/outgrew their cringey/embarrassing phase.)"	博主成功把中二拍成傻子了	"The vlogger successfully portrayed the overly dramatic/embarrassingly immature person as a fool. 

(Alternatively, depending on context: The vlogger successfully made the edgy/cringey person look ridiculous.)"	The blogger successfully made the edgy act look like a fool
B-HOM-067	HOM	72.38	95.71	23.33	66.13	85.26	19.12	0	0	0	肺雾才需要爱情，神都是孤独的	Only lungs need love; gods are all lonely.	废物才需要爱情，神都是孤独的	Only fools need love; gods are always alone.	Only the weak yearn for love; gods are destined to be alone.
B-HOM-068	HOM	97.68	98.22	0.54	77.22	85.00	7.79	100	100	0	我在学校哭别人鸟都不鸟我	I was crying at school and nobody paid attention to me.	我在学校哭别人理都不理我	I cried at school and nobody paid attention to me.	I cried at school and nobody even paid attention to me
B-HOM-069	HOM	66.80	72.51	5.71	40.59	50.83	10.24	0	0	0	现场偷挖被抓,夺笋呐!	"Caught stealing and digging on site, how outrageous! 

(Or, a more colloquial translation: Caught red-handed stealing, that's so messed up!)"	现场偷挖被抓,多损呐!	Caught stealing and digging on site, how damaging! (or What a loss!)	Caught digging secretly on site, so savage!
B-HOM-070	HOM	59.03	93.99	34.96	47.27	67.83	20.57	0	0	0	这个特效针不戛！	"This special effects needle doesn't stop! 

(Or, more colloquially, depending on context: This special effects injection is amazing/powerful/keeps going!)"	这个特效真不尬！	This special effect is actually really good! (or This special effect doesn't feel cheesy at all!)	This special effect is really not cringe!
B-HOM-071	HOM	22.15	93.93	71.78	43.85	66.77	22.92	0	100	100	要泥寡,雨女无瓜!	If you want dates, the rain goddess won't give you melons! (or, a more colloquial rendering: If you want something for nothing, you'll get nothing at all!)	要你管,与你无关!	Mind your own business, it's none of your concern!	Mind your own business, it's none of your business!
B-HOM-072	HOM	79.87	96.08	16.22	43.62	82.75	39.13	0	0	0	依托答辩是什么意思	"What does ""yītuō dápàn"" mean?"	一坨大便是什么意思	What does a pile of poop mean?	What does 'a pile of shit' mean?
B-HOM-073	HOM	50.52	63.83	13.31	34.15	43.99	9.84	0	100	100	哈哈哈哈哈哈哈夺笋呐	This is so funny/hilarious/you're killing me! (It's a very informal and playful expression of laughter and disbelief, often used when someone does something unexpectedly clever or mischievous.)	哈哈哈哈哈哈哈多损呐	So mean! / That's so harsh! / You're so savage! (depending on context - it expresses amusement at someone else's unkindness)	hahahahaha so mean lol
B-HOM-074	HOM	86.87	89.69	2.81	67.64	78.58	10.94	0	100	100	“雨女无瓜”这么好笑吗是挺好笑的	Is “yǔnǚwúguā” really that funny? It is quite funny.	“与你无关”这么好笑吗是挺好笑的	"Is it that funny that ""it has nothing to do with you""? It really is funny."	Is 'none of your business' really that funny? It is pretty funny
B-HOM-075	HOM	53.72	65.92	12.20	44.07	48.50	4.43	0	100	100	还有给	Also for/give to.	还有gay	"And there are gay people. 

(Or, more colloquially: And also gay.)"	Also got gay vibes
B-HOM-076	HOM	96.25	97.80	1.54	81.89	81.96	0.07	0	0	0	这显卡价格真是辣鸡，还买什么啊	This graphics card is ridiculously overpriced, why would anyone even buy it?	这显卡价格真是垃圾，还买什么啊	This graphics card is ridiculously overpriced, why would anyone even buy it?	This GPU price is really trash, why even buy it
B-HOM-077	HOM	63.54	76.13	12.59	61.87	67.94	6.07	0	100	100	我丢！上班路上刷到路边广告牌被“风”掀了个角，原来是京东618的整活！这波操作简直泰裤辣！	"Oh my god! On my way to work, I saw a corner of a roadside billboard flipped up by the ""wind""—it turned out to be a marketing stunt for JD's 618 sale! This move is absolutely amazing!"	我丢！上班路上刷到路边广告牌被“风”掀了个角，原来是京东618的整活！这波操作简直太酷啦！	"Oh my god! On my way to work, I saw a corner of a roadside billboard flipped up by the ""wind""—it turned out to be a marketing stunt for JD's 618 sale! This move is seriously so cool!"	No way! On my way to work I saw a roadside billboard get lifted by the 'wind', turns out it was JD 618's stunt! This move is just too cool!
B-HOM-078	HOM	84.49	71.76	-12.72	70.69	42.63	-28.06	0	100	100	“泰酷辣”大人三周年	Tai Cool La's 3rd Anniversary	“太酷啦”大人三周年	"So cool! Three years with [Name/Title - likely referring to a person or group called ""太酷""]!"	Third anniversary of Lord 'So Cool'
B-HOM-079	HOM	88.67	73.47	-15.20	59.94	47.91	-12.03	0	0	0	前车：不二？	Previous car: Unrivaled?	前车：不是？	Previous car: Isn't it? / The car in front: Isn't that right?	The car in front: Wait, what?
B-HOM-080	HOM	68.81	86.89	18.08	73.40	72.38	-1.02	0	0	0	10店睡，身体还以为是午休呢，凌晨又把他们叫醒了	They had been sleeping for 10 hours, their bodies still thinking it was a midday nap, when they were woken up again in the early hours of the morning.	10点睡，身体还以为是午休呢，凌晨又把他们叫醒了	Went to bed at 10, my body thought it was just a nap, then was woken up again in the early hours.	Going to sleep at 10, my body thought it was nap time, then woke me up at dawn
B-HOM-081	HOM	53.81	97.28	43.47	43.02	70.16	27.14	0	100	100	tree 波Q	tree wave Q	三杀	Triple Kill	Triple kill
B-HOM-082	HOM	51.28	44.17	-7.11	52.99	51.66	-1.32	0	0	0	笑死我了粽横天虾至今一直在罚时闯过了零个关卡	This is killing me, Zong Hengtian has been in time penalty the entire time and hasn't cleared a single level.	笑死我了纵横天下至今一直在罚时闯过了零个关卡	This is killing me, I've been stuck in time-out in *Jianghu* (the martial arts world) and haven't cleared a single level.	Dying of laughter, the one who conquers the world has been in timeout, passing zero challenges
B-HOM-083	HOM	79.64	81.80	2.16	55.02	54.77	-0.25	0	0	0	怎么达不溜小兵了	Can't dodge the little soldiers anymore.	怎么打不了小兵了	I can't last hit minions anymore.	Why can't I target the minions?
B-HOM-084	HOM	50.06	98.26	48.20	39.61	82.44	42.83	0	100	100	！？雀潮？！	"Sparrow frenzy?! 

(or, depending on context, could be: Sparrow boom?! / A surge of sparrows?!)"	！？雀巢？！	Nestlé?!	!? Nestle!?
B-HOM-085	HOM	100.00	100.00	0.00	80.44	84.21	3.78	0	0	0	此人知识面级广	This person has a wide range of knowledge.	此人知识面极广	This person has a very wide range of knowledge.	This person's knowledge is extremely broad
B-HOM-086	HOM	93.85	95.66	1.81	82.74	83.85	1.10	0	100	100	蛇：卧槽，怎么又是他	Snake: Holy crap, it's him again.	蛇：我的天，怎么又是他	Snake: Oh my god, it's him again.	Snake: Oh my god, why is it him again
B-HOM-087	HOM	75.44	80.74	5.31	64.76	74.27	9.51	0	100	100	生物钟:补药呀！我才调整好	Biological clock: restorative tonic needed! I just got it adjusted.	生物钟:不要呀！我才调整好	Biological clock: No, please! I just got adjusted.	Biological clock: No! I just got it adjusted
B-HOM-088	HOM	69.68	90.18	20.51	62.89	75.39	12.51	0	0	0	鸡本功来了，视频就有了。起飞！	Fundamentals are in place, now we have the video. Let's go! (or Take off!)	基本功来了，视频就有了。起飞！	Fundamentals are here, now we have the video. Let's take off!	When the basic skills kick in, the video just takes off! Liftoff!
B-HOM-089	HOM	60.83	75.41	14.58	48.63	78.06	29.43	0	0	0	食不食油饼	Do you want an oil pancake?	是不是有病	Are you sick? / Are you alright? / Is something wrong with you?	Are you out of your mind?
B-HOM-090	HOM	43.68	99.29	55.62	52.74	83.26	30.52	0	0	0	香精煎鱼食不食	Fragrant-broth-braised fish—will you eat it or not?	想进监狱是不是	Do you want to go to jail?	Do you want to end up in prison?
B-HOM-091	HOM	64.01	92.55	28.54	73.37	82.62	9.25	0	0	0	立马去郊区浇筑一个刚进混凝土的地下堡垒	Immediately go to the suburbs to pour a newly formed concrete underground bunker.	立马去郊区浇筑一个钢筋混凝土的地下堡垒	Immediately go to the suburbs to construct an underground reinforced concrete bunker.	Head to the suburbs right away and build an underground bunker with rebar concrete
B-HOM-092	HOM	89.26	98.01	8.75	52.06	71.97	19.91	0	0	0	鸡本功扎实	Solid fundamentals.	基本功扎实	Solid fundamentals.	Solid basic skills
B-HOM-093	HOM	76.71	74.25	-2.45	40.61	38.25	-2.37	0	0	0	蚌不住了	"I can't take it anymore. 

(Alternatively, depending on context: This is too much! / I'm losing it! / I'm cracking up!)"	绷不住了	"I can't handle it anymore. 

(Alternatively, depending on context: I'm losing it / I'm falling apart / It's too much.)"	Can't hold it in anymore
B-HOM-094	HOM	85.32	96.46	11.14	67.10	81.86	14.75	0	100	100	冷芝士：袜子不是茶包	Cold cheese: Socks are not tea bags.	冷知识：袜子不是茶包	Fun fact: Socks are not tea bags.	Fun fact: socks are not tea bags
B-HOM-095	HOM	87.25	78.82	-8.42	68.22	63.49	-4.73	0	0	0	就说00这一套真的超级好看的，我可以安心的似了	Just saying, outfit 00 is *really* stunning, it makes me feel so at ease.	就说00这一套真的超级好看的，我可以安心的死了	Just saying, outfit 00 is seriously stunning, I could die happy.	This 00 outfit is really super good-looking, I can finally rest in peace
B-NEO-002	NEO	94.83	95.86	1.04	79.30	83.53	4.23	100	100	0	我们不是供人围观的工具人！	We are not tools for people to watch and control!	我们不是供人围观的工具！	We are not tools for people to gawk at!	we're not tools for people to watch!
B-NEO-003	NEO	91.09	94.95	3.86	78.86	79.15	0.29	0	0	0	又被割韭菜了，这理财产品全是坑	I've been fleeced again, this investment product is a total scam.	又被宰了，这理财产品全是坑	I've been ripped off again, this financial product is a total scam.	I got ripped off again, this wealth management product is full of traps.
B-NEO-004	NEO	91.37	94.21	2.84	71.24	80.65	9.42	0	0	0	品牌联名就是割韭菜，质量差价格高	Brand collaborations are just ripping people off – poor quality and high prices.	品牌联名就是坑人，质量差价格高	Brand collaborations are a scam, with poor quality and high prices.	Co-branded products are just a way to rip off customers with poor quality and high prices.
B-NEO-005	NEO	98.25	97.34	-0.91	73.12	85.30	12.17	0	0	0	别带节奏了，事情不是你想的那样	Stop stirring things up, it's not what you think.	别煽动舆论了，事情不是你想的那样	Stop stirring up public opinion, things aren't as you think.	stop stirring things up, it's not what you think
B-NEO-006	NEO	93.79	98.14	4.35	73.08	83.05	9.97	0	0	0	评论区全是在带节奏的，真相没人关心	The comment section is full of people stirring up trouble; nobody cares about the truth.	评论区全是在煽动舆论的，真相没人关心	The comment section is full of people stirring up public opinion; nobody cares about the truth.	comments section full of people stirring drama, nobody cares about the truth
B-NEO-007	NEO	88.68	96.01	7.32	69.02	75.91	6.89	0	0	0	杠精无处不在，说啥都要反驳	Devil's advocates are everywhere, always ready to argue against everything you say.	抬杠的人无处不在，说啥都要反驳	People who argue for the sake of arguing are everywhere, and they contradict everything you say.	contrarians are everywhere, they rebut everything you say
B-NEO-008	NEO	98.70	97.00	-1.70	82.12	77.29	-4.83	0	0	0	遇到杠精最好的办法就是不理他	The best way to deal with trolls is to ignore them.	遇到抬杠的人最好的办法就是不理他	The best way to deal with someone who argues for the sake of arguing is to ignore them.	the best way to deal with a contrarian is to ignore them
B-NEO-009	NEO	60.38	76.88	16.50	60.83	75.78	14.95	0	0	0	芭比Q了，半夜点外卖忘备注别敲门	"Barbie's having a barbecue, and she ordered takeout late at night, forgetting to add a note saying ""don't knock."""	完了，半夜点外卖忘备注别敲门	Done, I forgot to add a note to not knock when ordering takeout at midnight.	I'm cooked, ordered delivery at midnight and forgot to leave a note saying don't knock
B-NEO-010	NEO	93.64	97.33	3.70	52.01	82.79	30.77	0	0	0	选择你的躲藏点，被抓到就芭比Q了	Choose your hiding spot, getting caught means you're toast!	选择你的躲藏点，被抓到就完了	Choose your hiding spot, because if you're caught, it's over.	pick your hiding spot, if you get caught you're done for
B-NEO-011	NEO	72.86	92.23	19.36	76.28	80.78	4.50	0	0	0	看到肯德基9.9的那一刻，我的班味瞬间就没了	The moment I saw KFC's 9.9 deal, all my class spirit vanished.	看到肯德基9.9的那一刻，我的上班疲惫感瞬间就没了	Seeing KFC's 9.9 deal, my exhaustion from work instantly disappeared.	the moment I saw KFC 9.9, my work exhaustion instantly vanished
B-NEO-012	NEO	93.59	95.35	1.76	74.84	75.44	0.60	0	0	0	人一旦染上班味，这辈子就去不掉了	Once someone gets a taste of the corporate life, they can never truly escape it.	人一旦染上上班的气息，这辈子就去不掉了	Once someone gets the scent of work on them, they can never get rid of it for the rest of their life.	once you catch the work vibe, it never leaves you
B-NEO-013	NEO	68.23	67.11	-1.12	63.99	66.39	2.40	0	0	0	十多块的塔斯汀五件套，横扫我一天班味	A ten-or-so-yuan Tostitos five-piece set completely ruined my workday.	十多块的塔斯汀五件套，横扫我一天上班的疲惫感	A Tostitos five-piece set for just over ten yuan completely sweeps away my workday fatigue.	a 10-something yuan Tastien 5-piece meal wipes away my whole day of work fatigue
B-NEO-014	NEO	78.48	85.48	7.00	75.47	74.86	-0.61	0	0	0	净化班味，用了这头像直接演绎出我的精神状态	Purifying the classroom atmosphere, using this profile picture perfectly captures my mental state.	净化上班的疲惫感，用了这头像直接演绎出我的精神状态	Purifying the fatigue of work, using this profile picture perfectly captures my mental state.	cleansing away the work fatigue — this avatar perfectly captures my mental state
B-NEO-015	NEO	48.85	82.54	33.69	40.46	72.40	31.94	0	0	0	等等党赢麻了，建议收藏	"Waiting party wins, highly recommend saving this post. 

(Or, more colloquially, depending on context: The wait is over, the result is in – it's a win! Save this for later.)"	等待降价的人赢得非常彻底，建议收藏	Those who waited for a price drop won decisively, recommended to save this.	the wait-for-a-deal crew won big time, saving this
B-NEO-016	NEO	58.78	92.06	33.29	52.74	71.93	19.19	0	0	0	看似输了实际赢麻了	"Looks like a loss, but actually a huge win. 

(Or, more colloquially, depending on context: Seems like I lost, but I actually cleaned up.)"	看似输了实际赢得非常彻底	Appears to have lost, but actually won completely.	looks like they lost but actually won big
B-NEO-017	NEO	82.82	91.52	8.70	59.39	80.21	20.82	100	0	-100	纯爱战神轰然倒地	The pure love war god collapsed with a thunderous crash.	只支持纯爱的人轰然倒地	People who only support pure love collapse to the ground.	the pure love warrior has fallen
B-NEO-018	NEO	91.36	96.35	4.99	63.81	80.32	16.51	0	0	0	谨以此片献给每一位纯爱战神	Dedicated to every noble and pure warrior of love.	谨以此片献给每一位只支持纯爱的人	Dedicated to everyone who believes only in pure love.	dedicating this film to every pure love warrior out there
B-NEO-019	NEO	78.18	94.81	16.63	74.23	86.74	12.51	0	100	100	兄弟们我润美国了	Guys, I'm leaving for the US.	兄弟们我移民美国了	Guys, I've immigrated to the United States.	bros I emigrated to the US
B-NEO-020	NEO	91.22	95.27	4.04	74.78	80.56	5.78	0	0	0	公司要黄了的5个征兆，当公司开始严抓考勤，你该考虑润了	5 signs your company is going under, and when they start strictly enforcing attendance, you should consider leaving.	公司要黄了的5个征兆，当公司开始严抓考勤，你该考虑跑了	5 signs your company is going under, and when they start strictly enforcing attendance, you should think about leaving.	5 signs your company is going under, when they start cracking down on attendance, you should consider bouncing
B-NEO-021	NEO	89.50	72.51	-16.99	69.16	69.59	0.43	0	0	0	赛博朋克2077，极致嘴臭极致享受	Cyberpunk 2077, relentlessly vulgar and intensely enjoyable.	赛博朋克2077，极致骂人极致享受	Cyberpunk 2077: Utterly rage-inducing, utterly enjoyable.	Cyberpunk 2077, ultimate trash talk ultimate enjoyment
B-NEO-023	NEO	97.38	98.57	1.19	75.87	78.81	2.94	0	0	0	孙红雷演技炸裂，20万人打出7.5分	Sun Honglei's acting was phenomenal, and 200,000 people rated it 7.5/10.	孙红雷演技极其震撼，20万人打出7.5分	Sun Honglei's performance is extremely impressive, and 200,000 people rated it 7.5 out of 10.	Sun Honglei's acting is absolutely insane, 200k people rated 7.5
B-NEO-024	NEO	86.86	87.25	0.39	66.80	73.20	6.40	100	100	0	赛博诵经让老外陷入疯狂	Cyber chanting drives foreigners wild.	虚拟诵经让老外陷入疯狂	Virtual chanting drives foreigners wild.	cyber chanting is driving foreigners crazy
B-NEO-025	NEO	81.90	91.15	9.26	51.26	75.66	24.40	100	0	-100	国庆宅家的赛博生活	National Day stay-at-home cyberpunk life.	国庆宅家的虚拟网络生活	Staying home for National Day and living a virtual life online.	National Day stay-at-home cyber life
B-NEO-026	NEO	60.32	65.74	5.42	61.37	67.21	5.84	100	100	0	高考第一批显眼包出现了，青蛙玩偶花式助阵	The first attention-seekers of the Gaokao (national college entrance exam) have emerged, with frog plushies providing flamboyant support.	高考第一批爱出风头的人出现了，青蛙玩偶花式助阵	The first wave of attention-seekers for the Gaokao (national college entrance exam) have emerged, with frog plushies providing flamboyant support.	the first batch of attention-seekers at the college entrance exam showed up, frog mascots cheering in style
B-NEO-027	NEO	66.85	95.09	28.24	57.14	71.04	13.91	0	100	100	电子榨菜输出中，午饭点准时到	Exporting pickled mustard greens, arriving on time for lunch.	适合吃饭时看的视频输出中，午饭点准时到	Perfect for watching while eating, the lunchtime video is delivered right on time.	my mealtime video is on, right on time for lunch
B-NEO-028	NEO	91.29	94.42	3.13	75.49	81.64	6.15	0	100	100	这个综艺太下饭了，一口气看完	This variety show is so addictive, I binged it all in one sitting.	这个综艺太适合吃饭时看了，一口气看完	This variety show is perfect for watching while eating, I binged it in one sitting.	this variety show is perfect meal content, binged the whole thing
B-NEO-029	NEO	48.41	76.74	28.33	42.90	67.40	24.49	0	0	0	发疯文学必备文案，笑死我了	"Essential copy for chaotic/unhinged writing, this is killing me with laughter. 

(Or, a slightly more colloquial option:)

The perfect caption for when you're losing it, I'm dying."	宣泄式文字表达必备文案，笑死我了	Essential copy for cathartic writing, this is hilarious.	must-have lines for unhinged-rant posting, I'm dying laughing
B-NEO-030	NEO	97.13	99.86	2.73	82.59	82.80	0.21	100	100	0	社恐人的噩梦，大型聚会	A social phobic's nightmare, large gatherings.	社交恐惧症患者的噩梦，大型聚会	A nightmare for those with social anxiety, large gatherings.	a socially anxious person's worst nightmare, a huge gathering
B-NEO-031	NEO	81.34	92.46	11.13	70.00	82.95	12.95	100	100	0	找不到原剧了，这个当代餐先看	Can't find the original drama anymore, watch this modern substitute for now.	找不到原剧了，这个当替代品先看	Can't find the original series, so let's watch this as a substitute for now.	can't find the original, using this as a substitute for now
B-NEO-032	NEO	91.80	92.18	0.37	80.31	78.95	-1.36	0	0	0	花2000买nike感觉自己好像大冤种	Spending 2000 on Nike makes me feel like a total sucker.	花2000买nike感觉自己好像大冤大头	Spending 2000 on Nike makes me feel like a total sucker.	spent 2k on nikes feeling like a total sucker
B-NEO-033	NEO	89.49	87.86	-1.63	67.78	72.64	4.87	0	0	0	腾讯这波泄密直接破防了，317万说没就没	Tencent's latest data leak is a complete disaster, and 3.17 million accounts are just gone.	腾讯这波泄密直接崩溃了，317万说没就没	Tencent's latest data leak is devastating, and 3.17 million accounts are simply gone.	Tencent's leak move really triggered a breakdown, 3.17 million gone just like that
B-NEO-034	NEO	73.47	89.43	15.96	71.95	76.84	4.89	0	100	100	梅老板今年真可怜，这么强的个人发挥啥没有得到	Mr. Mei is really unfortunate this year, despite such a strong individual performance, he didn't get anything.	梅西今年真可怜，这么强的个人发挥啥没有得到	Messi is really unfortunate this year, despite such a strong individual performance, he hasn't achieved anything.	Messi had a rough year insane individual performance but got nothing
B-NEO-035	NEO	64.92	69.20	4.27	59.30	63.64	4.34	0	0	0	吃瓜吃到自己头上了，腾讯泄密员工就是本人	I was the one eating the melon and it turned out to be my own head; I am the Tencent employee who leaked the information.	看热闹看到自己头上了，腾讯泄密员工就是本人	Watching the fun turned into trouble for myself; the Tencent leaker was me.	I was following the drama, only to realize I’m the Tencent staff member who leaked the information
B-NEO-036	NEO	78.03	88.76	10.73	49.71	76.89	27.18	0	0	0	别搁这凡尔赛了，显摆啥呢	Stop showing off, don't act so superior.	别搁这炫耀了，显摆啥呢	Stop showing off here, what are you trying to flaunt?	stop humble bragging already what are you flexing
B-NEO-037	NEO	95.19	99.86	4.67	83.17	86.10	2.94	100	0	-100	显卡市场太内卷了，价格涨得离谱	The graphics card market is too fiercely competitive, and prices have skyrocketed.	显卡市场竞争太激烈了，价格涨得离谱	The competition in the graphics card market is so fierce that prices have skyrocketed.	The GPU market is hyper-competitive, prices rising outrageously
B-NEO-038	NEO	77.14	73.74	-3.40	64.49	56.59	-7.90	0	0	0	这帖子水分太大，灌水灌的	This post is full of fluff and pointless chatter.	这帖子水分太大，刷帖刷的	This post is full of fluff and just padded with replies.	this post is so watered down pure spam
B-NEO-039	NEO	86.72	65.63	-21.09	62.78	46.66	-16.12	100	100	0	打工人看完317万年终奖直接躺平了	The worker, after seeing a year-end bonus of 3.17 million, just gave up/laid flat.	打工人看完317万年终奖直接放弃了	"The working class person, after seeing a 3.17 million year-end bonus, simply gave up (on life/trying/etc.). 

(Note: This implies being overwhelmed and possibly quitting their job or feeling life is pointless compared to such wealth.)"	Workers gave up striving after seeing the 3.17 million year-end bonus.
B-NEO-040	NEO	87.62	99.05	11.43	67.50	74.34	6.84	100	100	0	这剧情给我整破防了	This plot completely broke me emotionally.	这剧情给我整崩溃了	This plot completely broke me.	this plot totally broke me fr fr
B-NEO-041	NEO	87.36	90.85	3.48	77.38	80.43	3.04	0	0	0	这员工凡尔赛式晒年终奖，结果翻车了	This employee flaunted their year-end bonus in a showy, pretentious way, and it backfired.	这员工炫耀式晒年终奖，结果翻车了	This employee ostentatiously showed off their year-end bonus and it backfired.	This employee flaunted their year-end bonus in a humble-brag way, and it backfired
B-NEO-042	NEO	90.83	99.00	8.17	43.08	80.77	37.70	0	0	0	这手机信号拉胯到离谱	"This phone has terrible signal. 

(Alternatively, more colloquially: This phone has shockingly bad signal.)"	这手机信号差到离谱	This phone has terrible signal.	this phone signal is garbage to an absurd degree
B-NEO-043	NEO	88.93	94.18	5.25	58.90	76.73	17.83	0	0	0	你这个行为真的很下头	Your behavior is really embarrassing/cringeworthy/a bad look.	你这个行为真的很扫兴	Your behavior is really a mood killer.	your behavior is such a turnoff rn
B-NEO-044	NEO	85.00	88.37	3.36	75.02	76.77	1.75	0	100	100	赛里木湖这事太下头了，景区管理太离谱	This whole thing with Sayram Lake is just awful, the scenic area management is completely outrageous.	赛里木湖这事太让人失望了，景区管理太离谱	This whole situation with Sayram Lake is so disappointing, the scenic area management is completely outrageous.	The Sarim Lake incident is too disappointing, scenic area management is outrageous
B-NEO-045	NEO	89.01	75.29	-13.72	55.11	49.70	-5.41	100	0	-100	他这个人好油腻	He's really greasy/sleazy/creepy.	他这个人好油滑	He's really slick/smooth/slippery.	this guy is so sleazy ick
B-NEO-046	NEO	64.12	95.26	31.15	47.12	69.02	21.90	100	0	-100	没绷住破绷了	Lost it/Couldn't hold it together/Cracked up. (Depending on context, it can also mean something completely fell apart.)	没绷住笑了	I burst out laughing.	couldn't hold it in and totally lost it laughing
B-NEO-047	NEO	62.36	91.25	28.88	49.54	77.03	27.49	100	100	0	中国女排逆转美国，这波操作太上头了	"The Chinese women's volleyball team reversed the game against the US team, this play was so exciting/intense! 

(Alternatively, depending on context: The Chinese women's volleyball team came from behind to beat the US team, this was a truly thrilling/hyped moment!)"	中国女排逆转美国，这波操作太让人激动了	The Chinese women's volleyball team reversed the game against the US team, this play was so exciting!	China women's volleyball reversed against USA, this move is so hype
B-NEO-048	NEO	76.18	85.71	9.53	65.15	62.02	-3.12	0	0	0	天天水经验，也不发点有用的帖子	Spending all day soaking up water and not posting anything useful.	天天刷经验，也不发点有用的帖子	Grinding for experience all day and not posting anything helpful.	farming XP every day never posting anything useful
B-NEO-049	NEO	97.65	97.36	-0.29	69.49	70.15	0.66	100	100	0	这主播开挂实锤了，封号吧	This streamer is definitely cheating, ban their account!	这主播作弊实锤了，封号吧	This streamer is definitely cheating, ban their account.	this streamer is confirmed cheating, ban them
B-NEO-050	NEO	98.23	79.55	-18.69	80.63	81.34	0.70	100	100	0	内耗太严重了	Internal friction is too severe.	内部消耗太严重了	Internal consumption is too excessive.	internal friction is too serious smh
B-NEO-051	NEO	64.23	90.04	25.81	31.09	44.50	13.41	0	0	0	互联网嘴替实锤	"Confirmed to be a mouthpiece for the internet. 

(Or, more colloquially: Definitely an internet parrot/echo chamber.)"	互联网代言人实锤	"Confirmed internet celebrity/influencer. 

(Or, more colloquially: It's confirmed they're a real internet celebrity/influencer.)"	confirmed internet mouthpiece
B-NEO-052	NEO	37.41	33.46	-3.95	35.46	41.53	6.07	0	0	0	无职孝子还在嘴硬洗，服了	"This jobless good-for-nothing is still stubbornly defending himself, I'm impressed (in a sarcastic way). 

(Or, more colloquially: This unemployed mama's boy is still in denial, unbelievable.)"	无职盲目辩护者还在嘴硬洗，服了	"The unemployed, blindly defensive person is still stubbornly trying to justify themselves, I'm impressed (by their persistence/audacity). 

(Or, a more colloquial translation:)

That jobless defender is still digging their heels in and talking nonsense, unbelievable."	Mushoku Tensei stans still hard-stanning give up
B-NEO-053	NEO	80.97	94.86	13.89	61.32	76.80	15.48	0	0	0	双持党表示苹果和华为都不够用	Dual-wielders say both Apple and Huawei aren't enough.	同时用两部手机的人表示苹果和华为都不够用	People who use two phones simultaneously say that neither Apple nor Huawei is sufficient.	dual-phone gang saying neither Apple nor Huawei is enough
B-NEO-054	NEO	58.41	74.19	15.78	27.89	48.46	20.57	0	0	0	被种草了	"I've been influenced to buy it. 

(Or, more colloquially: I've been planted with the idea to buy it / I really want it now!)"	被推荐心动了	"I was recommended something and really liked it. 

(Or, more colloquially, depending on context: I fell for something I was recommended.)"	got recommended I'm tempted to buy
B-NEO-055	NEO	91.16	93.17	2.01	45.86	72.15	26.29	0	0	0	拔草了不买	Just removed it from my wishlist without buying.	打消购买念头了不买	Decided against buying it, won't buy it.	nah I'm not buying
B-NEO-056	NEO	63.91	95.79	31.88	33.81	76.70	42.89	0	0	0	他好会整活	"He's really good at making things interesting/pulling pranks/being mischievous. 

(Note: The best translation depends on context, as ""整活"" is slang with a range of meanings relating to creating fun, often unexpected, situations.)"	他好会搞怪	He's really good at being silly/playful.	he's so good at being funny lol
B-NEO-057	NEO	66.65	95.00	28.35	39.91	73.51	33.60	0	0	0	这个太炸了	"This is too amazing! / This is incredible! / This is wild!

(Depending on context, it can also mean ""This is a disaster!"" but generally leans towards positive excitement in current internet slang.)"	这个太震撼了	This is so shocking/amazing/mind-blowing!	this is too insane
B-NEO-058	NEO	73.29	88.57	15.28	67.35	74.23	6.88	100	100	0	景区打人还理直气壮的，真是绝绝子	The audacity of someone assaulting people in a tourist area and then acting like they're in the right is just unbelievable.	景区打人还理直气壮的，真是绝了	The audacity of someone assaulting people in a tourist area and then acting righteously about it is just unbelievable.	Beating people at a scenic spot and still acting righteous, truly absolutely outrageous
B-NEO-059	NEO	91.48	93.59	2.11	42.67	84.25	41.58	0	0	0	破防了	I'm broken.	心理防线崩溃了	The psychological defenses have collapsed.	I'm emotionally broken
B-NEO-060	NEO	95.03	100.00	4.97	60.82	85.96	25.14	0	100	100	这个太上头了	This is way too intense.	这个太上瘾了	This is so addictive.	this is too addictive can't stop
B-NEO-061	NEO	51.45	95.74	44.29	32.00	84.12	52.13	0	0	0	他好会营业	"He's really good at networking/marketing himself/playing the game. 

(Alternatively, depending on context: He's very good at schmoozing/being personable/putting on a show.)"	他好会讨好粉丝	He's very good at pandering to his fans.	he's so good at playing to his fans
B-NEO-062	NEO	91.16	97.56	6.40	59.14	75.35	16.20	0	100	100	香港🇭🇰打车有这么卷吗？又难？	Is getting a taxi in Hong Kong really this competitive? And difficult too?	香港🇭🇰打车竞争有这么激烈吗？又难？	Is the competition for taxis in Hong Kong really this fierce? And is it difficult to get one?	is getting a taxi in HK this intense? so hard?
B-NEO-063	NEO	87.41	83.68	-3.73	63.73	71.45	7.72	0	0	0	这帖子纯纯的钓鱼经验，别当真	This post is purely baiting for reactions, don't take it seriously.	这帖子纯纯的骗经验，别当真	This post is purely baiting for upvotes/experience points, don't take it seriously.	this post is pure bait for engagement don't fall for it
B-NEO-064	NEO	89.59	92.03	2.43	44.54	69.15	24.61	0	0	0	纯纯的牛马人生	A life of hard work and toil.	纯纯的打工人人生	"A purely working-class life. 

(Or, more colloquially, a life of just being a working stiff/worker.)"	pure wage slave life
B-NEO-065	NEO	78.96	98.71	19.75	78.38	86.14	7.76	0	0	0	是我不够糖吗	Am I not sweet enough?	是我不够傻吗	Am I not foolish enough?	am I not dumb enough? bruh
B-NEO-066	NEO	100.00	100.00	0.00	85.42	86.44	1.02	100	100	0	这何意味啊	What does this mean?	这什么意思啊	What does this mean?	what does this even mean
B-NEO-067	NEO	47.66	89.19	41.53	34.49	39.38	4.89	100	100	0	摆烂了，爱咋咋地	"I've given up, and I don't care what happens. 

(Alternatively, depending on context and desired tone: I'm just letting it all fall apart, whatever.)"	放弃了，爱咋咋地	Give up, whatever happens happens.	I give up whatever happens happens
B-NEO-068	NEO	92.40	86.12	-6.27	80.47	66.69	-13.78	0	100	100	摆烂一天算了	Let's just slack off for a day.	放弃一天算了	Let it go for today.	let me rot for a day whatever
B-NEO-069	NEO	93.24	94.74	1.50	46.37	67.91	21.54	0	0	0	内卷太严重了，打工人伤不起	The competition is too fierce, workers can't afford it.	过度竞争太严重了，打工人伤不起	The competition is too fierce, workers can't afford it.	the rat race is too intense workers can't take it
B-NEO-070	NEO	80.23	92.70	12.47	37.11	46.19	9.08	100	0	-100	这波操作属实逆天了	"This move/operation is absolutely insane/out of this world/unbelievable. 

(Note: There are a few ways to capture the nuance of ""逆天"" which implies something exceeding normal limits, often in a positive, impressed way. The best option depends on context.)"	这波操作属实超乎想象了	"This move/operation/situation is truly beyond imagination. 

(Alternatively, depending on context: This is wild/unbelievable/unexpected.)"	this play is straight up insane
B-NEO-071	NEO	43.96	57.87	13.91	51.28	51.13	-0.14	0	0	0	内卷到头秃，躺平又心慌	Intense competition is leading to burnout and hair loss, but simply giving up feels unsettling.	过度竞争到头秃，躺平又心慌	Relentless competition leads to hair loss, but doing nothing feels anxious.	rat race till you're bald quit competing but still anxious
B-NEO-072	NEO	57.69	94.12	36.43	67.73	83.75	16.03	0	0	0	不是哥们儿	"Not friends. 

(Or, more colloquially, depending on context: Not buddies/pals.)"	不是吧，哥们儿	No way, man.	no way bro come on
B-NEO-073	NEO	96.57	97.56	0.99	81.89	81.95	0.06	0	100	100	说出一个旅游热度很低但实际很夯的城市	Name a city that isn't well-known to tourists but is actually thriving.	说出一个旅游热度很低但实际很高的城市	Name a city that isn't well-known as a tourist destination but is actually great.	name a city that's low-key but actually great
B-NEO-074	NEO	61.99	69.40	7.41	30.77	58.90	28.14	0	0	0	这波操作直接拉胯了	"This play/move/performance completely flopped/fell apart/was a disaster. 

(Note: ""拉胯"" is internet slang, and the best translation depends on context. The options above capture the general meaning of a significant failure.)"	这波操作直接失常了	This move/play/action completely messed things up/went wrong/caused a malfunction.	this play literally underperformed
B-NEO-075	NEO	80.18	88.57	8.39	53.24	53.62	0.38	100	100	0	这操作绝绝子，直接给我整不会了	"This move is absolutely incredible, it completely caught me off guard! 

(Or, more colloquially: This is amazing, I'm speechless!)"	这操作绝佳，直接给我整不会了	"This move is absolutely amazing, it completely caught me off guard. 

(Or, more colloquially: This is incredible, I'm stunned.)"	this play is amazing left me speechless
B-NEO-076	NEO	72.38	67.75	-4.63	68.84	70.35	1.51	100	100	0	谁能能理解这种崩溃的心情，辛辛苦苦备考许久，就等着政审上岸，结果栽在了学历断层上	Who can understand this feeling of devastation? After diligently preparing for a long time, just waiting to pass the political review and secure the job, it all fell apart due to a gap in my education history.	谁能能理解这种崩溃的心情，辛辛苦苦备考许久，就等着政审成功，结果栽在了学历断层上	Who can understand this feeling of devastation? After diligently preparing for a long time, only to be waiting for the political review to pass, to then fail due to a gap in education history.	who understands this despair? prepped for ages waiting to pass the political review only to get rejected by an education gap
B-NEO-077	NEO	82.83	95.14	12.31	73.65	81.97	8.32	0	100	100	为什么留子都不爱和老外谈？	Why don't young people like to talk to foreigners?	为什么留学生都不爱和老外谈？	Why don't international students like to talk to foreigners?	why don't international students like dating foreigners? real talk
B-NEO-078	NEO	78.96	91.58	12.62	72.45	73.67	1.22	0	0	0	哈包穿上衣服不习惯了	Haba doesn't feel comfortable wearing clothes.	哈兰德穿上衣服不习惯了	Haaland isn't used to wearing clothes.	not used to Haaland wearing clothes
B-NEO-079	NEO	92.98	72.09	-20.90	58.55	49.53	-9.02	100	100	0	洗澡5分钟老公社死一整年	Five minutes in the shower and my husband is socially dead for a year.	洗澡5分钟老公社会性死亡一整年	"Five minutes in the shower and my husband hasn't been the same all year. 

(Or, more colloquially: Five minutes in the shower and my husband's been socially dead ever since.)"	5-min shower and my husband is socially dead for a whole year rip
B-NEO-080	NEO	44.97	85.46	40.49	31.09	47.56	16.47	0	100	100	直接破防了家人们	"I was completely broken/devastated, guys. 

(Or, more colloquially, depending on context: I'm emotionally wrecked, y'all.)"	直接心态失控了家人们	My mental state completely broke down, everyone.	totally broke down mentally fam
B-NEO-081	NEO	88.31	89.52	1.21	71.52	72.73	1.21	100	100	0	月薪不够5w不能这么活	A salary of less than 50,000 yuan a month is not a life worth living.	月薪不够5万不能这么活	A salary of less than 50,000 a month is not a life worth living.	Can't live like this if monthly salary isn't even 50k
B-NEO-082	NEO	44.08	69.28	25.20	34.83	79.81	44.99	100	0	-100	爷青回	"My youth has returned. 

(Or, more colloquially and capturing the feeling: Nostalgia hit me hard / This takes me back!)"	爷的青春回来了	My youth has returned.	Nostalgia hits hard.
B-NEO-083	NEO	38.53	98.73	60.20	41.93	87.17	45.24	0	0	0	难他天？	Is it difficult for heaven?	难道他真的是天才？	Could he really be a genius?	Turns out he's a genius?
B-NEO-084	NEO	93.26	99.12	5.86	45.97	82.16	36.19	0	0	0	基操	Basic operation.	基本操作	Basic operations.	Just basic mechanics
B-NEO-085	NEO	75.19	80.21	5.03	40.78	72.00	31.22	0	0	0	你这肯定是低段位炸鱼罢了	You're definitely just boosting your rank by playing against low-skilled players.	你这肯定是低段位欺负水平差的玩家罢了	You're definitely just bullying lower-ranked players who are worse than you.	You must be just smurfing in low rank
B-NEO-086	NEO	90.92	90.69	-0.24	79.04	80.42	1.37	100	100	0	刘宇宁一周不直播，棚友集体受不了！想念到发疯	Liu Yuning hasn't livestreamed for a week, and his fans are completely unable to cope! They miss him so much they're going crazy.	刘宇宁一周不直播，粉丝集体受不了！想念到发疯	Liu Yuning hasn't livestreamed for a week, and his fans can't take it anymore! They're missing him so much they're going crazy.	Liu Yuning hasn’t streamed for a week, all his fans can’t stand it and miss him terribly.
B-PYA-001	PYA	86.54	98.79	12.26	78.44	83.20	4.76	0	100	100	xql日常太甜了，羡慕死了	XQL's daily life is so sweet, I'm so envious!	小情侣日常太甜了，羡慕死了	This young couple's everyday life is so sweet, I'm so envious!	this couple's daily life is too sweet, I'm so jealous
B-PYA-003	PYA	86.31	81.53	-4.78	67.74	77.92	10.19	0	100	100	xql之间的默契真的绝了	The chemistry between Xiao Qi and Lin really is amazing.	小情侣之间的默契真的绝了	The unspoken understanding between young couples is truly amazing.	the chemistry between this couple is insane
B-PYA-004	PYA	85.89	99.03	13.13	63.28	80.17	16.89	0	100	100	全网最甜xql非他们莫属	They are undoubtedly the sweetest xql on the entire network.	全网最甜小情侣非他们莫属	They are undoubtedly the sweetest couple online.	the sweetest couple on the internet has to be them
B-PYA-005	PYA	62.13	96.14	34.02	46.78	81.64	34.86	0	0	0	看到别人去欧洲旅游的照片，xmsl	"Seeing other people's photos of traveling in Europe, I'm so jealous/envious/dying of envy. 

(Note: ""xmsl"" is internet slang in Chinese, an abbreviation for ""羡慕死了"" which literally means ""envy to death"" and is used to express extreme envy.)"	看到别人去欧洲旅游的照片，羡慕死了	I'm so jealous seeing other people's photos of traveling in Europe.	Seeing photos of others traveling in Europe makes me so envious.
B-PYA-007	PYA	87.01	97.43	10.42	76.84	78.23	1.39	0	100	100	新剧gkd！等不及了	New drama is amazing! Can't wait!	新剧搞快点！等不及了	Hurry up with the new drama! I can't wait!	hurry up with the new drama! can't wait
B-PYA-009	PYA	99.74	100.00	0.26	73.56	80.63	7.07	100	100	0	xgg们推荐一下好用的手机呗	Could you guys recommend some good phones?	小哥哥们推荐一下好用的手机呗	Guys, can you recommend some good phones?	boys recommend some good phones pls
B-PYA-010	PYA	92.56	99.61	7.05	76.13	84.24	8.12	0	100	100	这个xgg好帅，求联系方式	This xgg is so handsome, can I get their contact information?	这个小哥哥好帅，求联系方式	This guy is so handsome, can I get his contact information?	this guy is so handsome, asking for his contact
B-PYA-011	PYA	89.84	94.60	4.76	76.76	70.50	-6.26	0	0	0	jrm帮我看看这个怎么选	JRM, help me see how to choose this.	家人们帮我看看这个怎么选	Friends, help me see which one to choose.	fam help me figure out which one to pick
B-PYA-012	PYA	88.18	91.46	3.28	83.02	70.97	-12.05	0	100	100	jrm今天发生了一件离谱的事	Something incredibly bizarre happened to jrm today.	家人们今天发生了一件离谱的事	Family, something absolutely wild/crazy/unbelievable happened today.	fam something wild happened today
B-PYA-013	PYA	93.27	95.50	2.23	78.08	80.23	2.15	0	0	0	8u们觉得这配置怎么样	What do you guys think of this configuration?	吧友们觉得这配置怎么样	What do you guys think of this configuration?	what do you tieba folks think of this setup?
B-PYA-014	PYA	93.22	92.09	-1.13	74.58	82.29	7.70	0	0	0	王虹yyds！中国数学家终于拿到菲尔兹奖了	Wang Hong is amazing! A Chinese mathematician has finally won the Fields Medal!	王虹永远的神！中国数学家终于拿到菲尔兹奖了	Wang Hong is forever a legend! A Chinese mathematician has finally won the Fields Medal.	Wang Hong is the GOAT! A Chinese mathematician finally won the Fields Medal
B-PYA-015	PYA	86.24	95.18	8.94	63.60	75.45	11.85	0	100	100	这条rs怎么还没上	Why hasn't this RS been released yet?	这条热搜怎么还没上	Why hasn't this trending topic gone live yet?	why isn't this trending yet
B-PYA-016	PYA	85.85	84.86	-0.99	62.59	75.18	12.59	0	0	0	xswl，陈哲远在密逃里也太搞笑了吧	Haha, Chen Zheyuan is so funny in Escape Manor!	笑死我了，陈哲远在密逃里也太搞笑了吧	I'm dying of laughter, Chen Zheyuan is hilarious in Escape Manor!	Lmao, Chen Zheyuan is just too funny in Great Escape
B-PYA-017	PYA	95.60	98.27	2.66	78.70	82.04	3.34	100	100	0	14个月正是穿lulu的时候	14 months is the perfect time to wear Lululemon.	14个月正是穿Lululemon的时候	14 months is the perfect time to wear Lululemon.	14 months is prime Lululemon season
B-PYA-018	PYA	80.70	81.25	0.55	80.12	65.18	-14.94	0	0	0	dd，中国女排3比2逆转美国太牛了	Wow, the Chinese women's volleyball team reversed a 2-3 defeat against the US – amazing!	顶顶，中国女排3比2逆转美国太牛了	Upvote, the Chinese women's volleyball team reversed the game against the US 3-2, so amazing!	Bump, China women's volleyball 3-2 comeback against USA is amazing
B-PYA-019	PYA	93.32	98.03	4.71	77.69	77.51	-0.17	0	0	0	rt，大家帮我看看这手机值不值	Guys, help me see if this phone is worth it.	如图，大家帮我看看这手机值不值	As shown in the picture, can you all help me see if this phone is worth it?	see pic help me check if this phone is worth it
B-PYA-020	PYA	81.44	88.22	6.78	81.89	76.28	-5.61	0	0	0	jrs怎么看腾讯这个泄密处理？	What's JRS's take on Tencent's handling of this data leak?	家人们怎么看腾讯这个泄密处理？	What do people think of Tencent's handling of this data leak?	Fam, what do you think of Tencent's leak handling?
B-PYA-021	PYA	83.88	72.91	-10.97	64.68	72.98	8.30	0	0	0	srds，赛里木湖打人这事不能就这么算了	This incident of someone being assaulted at Sayram Lake cannot simply be left alone.	虽然但是，赛里木湖打人这事不能就这么算了	Although, but, the matter of someone being assaulted at Sayram Lake cannot simply be left like this.	Be that as it may, the Sarim Lake beating incident can't just be let go like this
B-PYA-022	PYA	46.45	65.65	19.20	38.45	39.43	0.98	0	0	0	白色真是yyds	"White is truly the greatest! (or White is amazing!) 

(Note: ""yyds"" is a Chinese internet slang abbreviation for ""永远的神"" - yǒngyuǎn de shén - meaning ""forever god"" or ""the greatest of all time."")"	白色真是永远的神	"White is truly eternal/legendary/the best. 

(Note: ""神"" in this context is internet slang meaning something is exceptionally good, often used hyperbolically. The best translation depends on the desired tone.)"	white is truly the GOAT
B-PYA-023	PYA	94.75	96.11	1.36	69.39	71.26	1.87	0	100	100	u1s1，317万年终奖确实让人眼红	That year-end bonus of 3.17 million is truly enviable.	有一说一，317万年终奖确实让人眼红	To be honest, a year-end bonus of 3.17 million is indeed enviable.	To be honest, a 3.17 million year-end bonus does make people envious
B-PYA-024	PYA	93.98	93.11	-0.87	80.20	63.25	-16.95	0	100	100	XHS上好多人在讨论	Many people are discussing this on XHS.	小红书上好多人在讨论	"Many people are discussing [it] on Xiaohongshu. 

(Or, more contextually: A lot of people are talking about [it] on Xiaohongshu.)"	so many people talking about it on Xiaohongshu
B-PYA-025	PYA	92.85	94.77	1.92	72.39	75.43	3.04	0	0	0	显卡涨价这消息直接让我blx了	The news of the graphics card price increase completely floored me.	显卡涨价这消息直接让我玻璃心了	The news of the graphics card price increase completely shattered my heart.	The GPU price hike news really triggered my fragile heart
B-PYA-026	PYA	49.12	85.66	36.54	36.47	57.12	20.64	0	0	0	好好好 好一个kpop拉子(bushi)	"Wow, what a K-pop fan (not really)! 

(This translation captures the playful/sarcastic tone of the original, including the ""(bushi)"" which indicates a retraction or playful denial.)"	好好好 好一个kpop拉子(不是)	Wow, what a K-pop fan (just kidding).	ok ok ok what a kpop lesbian (not)
B-PYA-027	PYA	75.19	87.90	12.71	68.07	77.93	9.86	0	0	0	某些景区管理真是yygq，表面道歉背后照样	Some scenic area management is truly a mess, offering a superficial apology while continuing as before.	某些景区管理真是阴阳怪气，表面道歉背后照样	Some scenic area management is truly two-faced, offering apologies on the surface while continuing to do the same things behind the scenes.	Some scenic area management is really passive-aggressive, apologizing on the surface but same behind the scenes
B-PYA-028	PYA	79.94	78.42	-1.52	61.78	43.71	-18.06	0	0	0	nb！这个操作太秀了	Wow! This move is amazing/incredible/skillful!	牛逼！这个操作太秀了	"Awesome! This move is so skillful/amazing! 

(Alternatively, depending on context and desired level of formality: Incredible! That was a fantastic play/move!)"	Sick move! Absolute W
B-PYA-029	PYA	80.26	81.95	1.69	46.30	60.78	14.48	0	100	100	50亿离婚案的瓜我吃了，dbq我不站队	I've followed the 5 billion yuan divorce case, but I'm staying neutral.	50亿离婚案的瓜我吃了，对不起我不站队	I've been following the 5 billion yuan divorce case, and I'm sorry, I'm not taking sides.	I’ve followed the 5-billion divorce drama, sorry, I’m not taking sides.
B-PYA-030	PYA	93.65	95.09	1.44	66.57	68.31	1.74	100	100	0	这就是尊贵的b站用户🤣🤣🤣	These are the esteemed/honorable Bilibili users 🤣🤣🤣	这就是尊贵的B站用户🤣🤣🤣	These are the esteemed/honorable Bilibili users 🤣🤣🤣	this is what being a distinguished Bilibili user looks like 🤣🤣🤣
B-PYA-031	PYA	82.48	89.60	7.12	45.18	67.14	21.96	0	0	0	王虹从垫底到菲尔兹奖，这波直接nb	From being at the bottom to winning the Fields Medal, this is just amazing/incredible/legendary.	王虹从垫底到菲尔兹奖，这波直接牛逼	From being at the bottom to winning the Fields Medal, this is just amazing.	Wang Hong from bottom to Fields Medal, this move is just insane
B-PYA-032	PYA	98.81	99.84	1.03	68.73	83.05	14.32	0	0	0	xjj们推荐一下好用的手机呗	Friends, could you recommend some good phones?	小姐姐们推荐一下好用的手机呗	Ladies, could you recommend some good phones?	girls recommend some good phones pls
B-PYA-033	PYA	88.87	92.88	4.02	72.80	67.97	-4.83	0	100	100	bl粉丝太能控评了	BL fans are really good at controlling the comments section.	白鹿粉丝太能控评了	Bai Lu's fans are incredibly good at controlling the comments section.	Bai Lu fans are too good at controlling the comments
B-PYA-034	PYA	78.08	65.45	-12.64	70.02	61.72	-8.30	0	0	0	会聊天的男生真的yyds	"Boys who are good at chatting are truly the greatest! 

(or, more colloquially, Boys who can hold a conversation are amazing!)"	会聊天的男生真的永远的神	"A guy who's good at conversation is truly a god. 

(Or, more colloquially: A guy who can really talk is the best.)"	guys who can flirt are truly the GOAT
B-PYA-035	PYA	62.47	62.49	0.01	79.95	72.48	-7.47	0	0	0	哈哈哈哈哈哈哈笑死，我们00真的老kpop人了	Hahaha, I'm dying of laughter, we 00s are truly old K-pop people.	哈哈哈哈哈哈哈笑死，我们2000年后出生的人真的老kpop人了	Laughing to death, people born after the year 2000 are really becoming old K-pop fans.	lmaooo us Gen Z are such veteran kpop fans
B-PYA-036	PYA	62.65	79.45	16.80	53.44	72.48	19.04	0	0	0	减脂党狂喜！番茄鸡蛋燕麦粥yyds	Weight loss enthusiasts rejoice! Tomato and egg oatmeal is the best! (or, Tomato and egg oatmeal slaps!)	减脂党狂喜！番茄鸡蛋燕麦粥永远的神	Weight loss enthusiasts rejoice! Tomato and egg oatmeal is the ultimate/best!	diet crew rejoice! tomato egg oatmeal is the GOAT
B-PYA-037	PYA	88.45	82.90	-5.56	80.67	65.67	-15.01	0	100	100	jrs帮我看看这鱼竿行不行	Jrs, help me see if this fishing rod is any good.	家人们帮我看看这鱼竿行不行	Friends, family, take a look and see if this fishing rod is any good.	fam help me check if this fishing rod is any good
B-PYA-038	PYA	79.36	81.56	2.19	58.95	62.01	3.05	0	0	0	一个会调情的男生真的YYDS	"A flirty guy is truly the greatest! 

(Or, more colloquially: A flirty guy is seriously awesome!)"	一个会调情的男生真的永远的神	"A boy who knows how to flirt is truly a god. 

(Or, more colloquially: A flirty guy is just amazing/legendary.)"	a guy who knows how to flirt is truly the GOAT
B-PYA-039	PYA	92.72	100.00	7.28	72.78	83.60	10.82	0	100	100	bdjw这个怎么用	How do you use bdjw?	不懂就问这个怎么用	If you don't understand, ask how to use it.	asking cuz idk how do I use this
B-PYA-040	PYA	58.25	66.23	7.98	65.23	69.90	4.68	0	100	100	蓝盈莹第一场戏好像就是撞棺紫砂	Blue Yingying's first scene apparently involved colliding with a Zisha coffin.	蓝盈莹第一场戏好像就是撞棺自杀	Blue Yingying's first scene seemed to be crashing into a coffin to commit suicide.	Lan Yingying's first scene was literally suicide by coffin smash
B-PYA-041	PYA	92.14	89.21	-2.93	63.80	75.29	11.48	0	0	0	泰奶+Gelato yyds！！！	Thai milk tea + Gelato is the best!!! (or, Thai milk tea + Gelato is amazing!!!)	泰奶+Gelato 永远的神！！！	Thai milk tea + Gelato, forever legendary!!!	Thai milk tea + Gelato is the GOAT!!!
B-PYA-042	PYA	78.08	93.21	15.13	42.64	59.18	16.54	0	100	100	yygq什么呢，有话直说不行吗	What are you beating around the bush for? Just say what you have to say.	阴阳怪气什么呢，有话直说不行吗	What's with the passive-aggressive attitude? Just say what you have to say.	what are you being passive-aggressive about just say it straight
B-PYA-043	PYA	87.63	94.70	7.07	67.42	80.63	13.21	0	0	0	zqsg追星好累	Chasing stars is so tiring.	真情实感追星好累	It's so tiring to genuinely and passionately support a celebrity.	chasing idols with genuine feelings is exhausting
B-PYA-044	PYA	81.00	61.39	-19.62	61.65	60.85	-0.80	0	100	100	u1s1，这个视频做得真好	This video is really well made.	有一说一，这个视频做得真好	"To be honest, this video is really well made. 

(Alternatively, and depending on context/desired nuance: Frankly, this video is really good.)"	Fr, this video slaps
B-PYA-045	PYA	59.19	66.22	7.03	60.12	54.85	-5.27	0	0	0	别再吃麻辣烫！干拌麻辣拌才是yyds	Stop eating mala tang! Dry-mixed spicy noodles are the best! (or, Dry-mixed spicy noodles are the ultimate!)	别再吃麻辣烫！干拌麻辣拌才是永远的神	Stop eating mala tang! Dry-tossed mala mix is truly the ultimate.	stop eating malatang! dry-mixed mala ban is the GOAT
B-PYA-046	PYA	82.87	97.08	14.21	60.20	72.72	12.52	0	0	0	这吧里xfxy的，天天吵架	This bar is full of troublemakers who fight all the time.	这吧里血风血雨的，天天吵架	This forum is a constant battleground, with arguments happening every day.	this forum is so chaotic fighting every day smh
B-PYA-047	PYA	55.66	70.46	14.80	64.49	83.18	18.69	0	0	0	srds他还是很有实力的	He is still very capable.	虽然但是他还是很有实力的	Even so, he is still very capable.	sthough he still got bars
B-PYA-048	PYA	78.93	85.47	6.55	50.70	73.47	22.76	0	0	0	xswl 这都能洗？	Can this even be washed? / Is this even washable? (with a tone of disbelief)	笑死我了 这都能洗？	This is hilarious, you can even wash that?	lmao you can defend even this?
B-PYA-049	PYA	96.76	100.00	3.24	73.49	84.49	11.00	0	0	0	rwkk这到底是什么鱼	What kind of fish is this, exactly?	让我看看这到底是什么鱼	Let me see what kind of fish this is.	lemme see what fish is this
B-PYA-050	PYA	92.78	88.98	-3.80	44.94	75.94	31.00	0	0	0	dd我一下	Poke me.	滴滴我一下	Give me a ride.	hit me up
B-PYA-051	PYA	84.58	81.42	-3.16	46.48	47.56	1.08	0	0	0	tcl，我真的太菜了	"tcl, I'm really terrible/noob/bad at this. 

(Note: ""tcl"" is internet slang, often used to express frustration or self-deprecation. The best translation depends on context, but the options above capture the general meaning.)"	太菜了，我真的太菜了	"I'm so bad, I'm really so bad. 

(Or, more colloquially, depending on context: I suck, I really suck.)"	I'm way too noob
B-PYA-052	PYA	65.67	64.01	-1.65	48.81	45.53	-3.28	0	100	100	夏天就好这一口！！天妇罗冰锅yyds！！	Summer is the perfect time for this flavor!! Tempura hot pot is the best!! (or Tempura hot pot is amazing!!)	夏天就好这一口！！天妇罗冰锅永远的神！！	Summer is the perfect time for this!! Tempura hot pot is the GOAT!! (or Tempura hot pot is the best ever!!)	summer vibes!! tempura ice pot is the GOAT!!
B-PYA-053	PYA	52.93	76.47	23.53	37.21	69.20	31.99	100	0	-100	xswl这弱智吧的帖子太搞笑了	"This post on xswl is hilarious/so dumb it's funny. 

(Note: ""xswl"" is internet slang in Chinese, often representing laughter similar to ""lol"" or ""lmao"". ""弱智"" literally means ""mentally deficient"" but is often used playfully to mean ""stupid"" or ""idiotic"" in online contexts.)"	笑死我了这弱智吧的帖子太搞笑了	This post is so funny, it's killing me – what an idiotic thread!	lmao the posts in this dumbass forum are too funny
B-PYA-054	PYA	56.96	61.61	4.65	36.00	39.36	3.36	0	0	0	马到成功yyds	Success is guaranteed, absolutely amazing! (or a similar enthusiastic expression - it's internet slang)	马到成功永远的神	"Success from the start, truly the GOAT. 

(Or, a more colloquial translation: Instant success, absolutely legendary.)"	May you succeed effortlessly, it’s top tier!
B-PYA-055	PYA	74.91	72.64	-2.26	46.17	73.18	27.01	0	0	0	这操作nb啊，大佬带带我	This move is amazing, please guide me, master!	这操作牛逼啊，大佬带带我	This move is amazing, please guide me, master!	this play is sick bro carry me
B-PYA-056	PYA	68.50	74.25	5.75	38.06	54.26	16.20	100	100	0	这个cp太好磕了	This pairing is so satisfying to ship!	这个配对太好磕了	This pairing is so satisfying to watch/ship!	this ship is too good fr fr
B-PYA-057	PYA	85.01	71.65	-13.36	49.02	57.35	8.33	100	0	-100	这俩离不开浓妆美颜强凹ABC	These two can't be seen without heavy makeup, beauty filters, and deliberately posing as ABCs.	这俩离不开浓妆美颜强凹American Born Chinese	"These two can't be seen without heavy makeup, filters, and deliberately projecting an ""American Born Chinese"" aesthetic."	these two can't go without heavy makeup + filters trying to act all ABC
B-PYA-058	PYA	85.43	83.89	-1.54	80.03	36.58	-43.45	0	100	100	kdl，这对CP太甜了	Oh my god, this pairing is so sweet!	磕到了，这对CP太甜了	"I'm shipping this couple, they're so sweet! 

(Alternatively, and slightly more colloquial: I'm obsessed with this couple, they're so cute!)"	I'm shipping it this CP is too sweet
B-PYA-059	PYA	31.18	81.79	50.61	27.22	57.27	30.06	0	100	100	山航yyds	"Shanxi Airlines is awesome! (or Shanxi Airlines is the best!)

**Note:** ""yyds"" is a Chinese internet slang abbreviation for ""永远的神"" (yǒngyuǎn de shén), which literally means ""forever god"" but is used to express extreme admiration or that something is the best. It's often translated as ""awesome,"" ""the best,"" or ""goat"" (Greatest Of All Time). Given the context of ""山航"" (Shānháng - Shanxi Airlines), a positive and enthusiastic translation is most appropriate."	山航永远的神	"Shanxi Airlines will forever be legendary. 

(Or, more colloquially, depending on context: Shanxi Airlines is the GOAT.)"	Shandong Airlines is the GOAT
B-PYA-060	PYA	59.61	87.83	28.21	31.67	40.00	8.32	0	0	0	cpf又在磕了	"CPF is shipping again. 

(Or, more contextually, depending on fandom: CPF is at it again with the shipping/pairing.)"	CP粉又在磕了	CP fans are shipping again.	shippers shipping again
B-PYA-061	PYA	75.92	86.44	10.52	71.87	61.24	-10.63	0	0	0	dddd，支持UP主！	dddd, support the content creator!	顶顶顶顶，支持UP主！	Up up up up, support the content creator!	bump bump bump bump support the creator!
B-PYA-062	PYA	81.01	82.10	1.08	78.27	78.67	0.40	0	0	0	xswl打印机都沦没墨了	All the XSWL printers have run out of ink.	笑死我了打印机都沦没墨了	I'm dying of laughter, even the printer ran out of ink.	lmao even the printer ran out of ink
B-PYA-063	PYA	52.11	64.34	12.23	35.66	39.59	3.93	0	100	100	fs们太能打了	"These players are incredibly skilled/good at fighting/playing. 

(Note: ""fs"" likely refers to a gaming community or team, and ""打"" in this context means to fight or play well, especially in a competitive game.)"	粉丝们太能打了	"The fans are incredibly skilled/powerful/capable. 

(Alternatively, depending on context: The fans are fierce/intense/amazing fighters.)"	fans are too cracked
B-PYA-064	PYA	96.65	92.41	-4.24	73.49	75.96	2.47	0	0	0	ssfd，这个太恐怖了	This is too scary!	瑟瑟发抖，这个太恐怖了	Shivering, this is too scary.	shook this is too scary
B-PYA-065	PYA	80.40	87.97	7.57	49.03	76.51	27.48	0	100	100	bt，时常因为不够bt而觉得跟这个世界格格不入	Often, I feel out of sync with the world because I'm not cynical enough.	变态，时常因为不够变态而觉得跟这个世界格格不入	Pervert, often feeling out of sync with the world because not being perverse enough.	pervert always feeling out of place cuz I'm not weird enough lol
B-PYA-066	PYA	93.92	90.00	-3.92	70.11	78.30	8.19	0	0	0	这图谁发明的，xswl	Who invented this meme, lol.	这图谁发明的，笑死我了	Who came up with this image, it's killing me with laughter!	who invented this image lmao
B-PYA-067	PYA	75.84	78.64	2.80	42.87	64.74	21.87	0	0	0	tcl这游戏技术，菜到抠脚	"This game's tech is so bad it's embarrassing. 

(Or, more colloquially: This game's tech is terrible/awful.)"	太菜了这游戏技术，菜到抠脚	"My gaming skills are so bad, it's embarrassing. 

(Or, more colloquially: I'm terrible at this game, seriously terrible.)"	too noob this game skill noob to the extreme
B-PYA-068	PYA	76.30	89.69	13.39	58.57	76.12	17.55	0	0	0	zqsg追了这么多年，终于更新了	After chasing this for so many years, it finally updated!	真情实感追了这么多年，终于更新了	After all these years of genuinely and sincerely pursuing, it's finally been updated.	been following with real feelings for years finally an update
B-PYA-069	PYA	88.67	82.73	-5.94	71.22	75.77	4.55	0	0	0	Xswl就说有没有美味大餐吧哈哈哈哈哈哈哈	Let's just talk about whether there's a delicious meal, haha hahaha.	笑死我了就说有没有美味大餐吧哈哈哈哈哈哈哈	This is killing me, just tell me if there's a delicious meal available, hahaha!	lmao just tell me if there's a feast hahahahaha
B-PYA-070	PYA	98.14	69.78	-28.36	66.08	76.08	10.00	100	100	0	nsdd，你说得对	You're right.	你说得对，你说得对	You are right, you are right.	nsdd you're right
B-PYA-071	PYA	36.31	57.80	21.49	37.79	73.02	35.23	0	0	0	xswl一人血书求这个短剧拍真人版	"Please make a live-action adaptation of this short drama, I'm begging you (written in blood)! 

(Note: ""xswl"" is internet slang for ""laughing to death,"" and ""血书"" literally means ""written in blood,"" implying desperate pleading.)"	笑死我了一人血书求这个短剧拍真人版	This is killing me, I'm writing a letter with my own blood begging for this short drama to be made into a live-action!	lmao starting a one-person petition for a live-action version
B-PYA-072	PYA	99.89	98.70	-1.19	80.21	85.82	5.61	100	100	0	szd，这个是真的	Seriously, this is true.	是真的，这个是真的	It's true, this is true.	it's legit this is the real deal
B-PYA-073	PYA	83.36	83.05	-0.31	54.62	52.05	-2.58	100	100	0	pyq，朋友圈见	PYQ, see WeChat Moments.	朋友圈，朋友圈见	WeChat Moments, see you in WeChat Moments.	see you in Moments
B-PYA-074	PYA	53.12	85.38	32.26	49.45	69.39	19.94	0	0	0	这个耳朵前后的颜色变化xswl	"The color change before and after the ears is hilarious/laughable. 

(Note: ""xswl"" is a Chinese internet slang abbreviation for ""笑死我了"" which literally means ""laugh to death"" and is used to express extreme amusement.)"	这个耳朵前后的颜色变化笑死我了	"The color change before and after the ear is killing me with laughter. 

(Or, more colloquially: This color change around the ear is hilarious!)"	the color change before and after this ear lmao
B-PYA-075	PYA	94.50	79.91	-14.58	84.58	86.71	2.12	100	100	0	dbq，对不起我错了	DBQ, I'm sorry, I was wrong.	对不起，对不起我错了	I'm sorry, I'm sorry, I was wrong.	sry sorry I was wrong
B-PYA-076	PYA	55.87	76.69	20.82	33.02	69.07	36.05	0	0	0	xswl皇帝的新衣	"The Emperor's New Clothes (and xswl is internet slang for ""dying of laughter"") 

or, more fully capturing the nuance:

The Emperor's New Clothes – I'm dying of laughter!"	笑死我了皇帝的新衣	This is killing me – The Emperor's New Clothes!	lmao emperor's new clothes
B-PYA-077	PYA	72.68	96.29	23.61	45.89	84.50	38.61	0	0	0	哈哈哈哈哈xswl	Hahaha, dying of laughter! (or similar expression of extreme amusement)	哈哈哈哈哈笑死我了	I'm dying of laughter!	hahahahaha lmao
B-PYA-078	PYA	52.17	93.91	41.74	33.40	69.77	36.37	0	0	0	真的栓Q了家人们	"I'm genuinely stunned/speechless, everyone. 

(Or, a more colloquial/internet-slang translation: I'm so shocked, y'all.)"	真的受够了家人们	I'm so done with you guys.	I've really had enough, guys.
B-PYA-079	PYA	87.54	81.78	-5.76	80.56	55.61	-24.95	0	0	0	8u🚪什么意思	"What does ""8u"" mean?"	吧友们什么意思	"What do ""bar friends"" mean? / What does ""bar friends"" refer to? / What are ""bar friends""?"	tieba bros what does this mean
B-PYA-080	PYA	23.51	64.54	41.04	33.66	76.91	43.25	0	0	0	什么成分？xdm锐评。	"What are the ingredients? Thoughts, everyone? (or, What's in this? Let's hear your takes, everyone.) 

(Note: ""xdm"" is internet slang, roughly equivalent to ""everyone"" or ""people,"" and ""锐评"" means sharp/critical/honest opinions.)"	什么成分？兄弟们锐评。	What are the ingredients? Let's hear your honest opinions, brothers.	what's their deal? bros rate.
B-PYA-081	PYA	78.73	95.28	16.55	56.52	67.00	10.48	100	100	0	氪金也能让各家fs满意	Spending money can satisfy all the figure skating fans.	氪金也能让各家粉丝满意	Spending money can satisfy fans of all sides.	spending money can also satisfy every camp's fans
B-PYA-082	PYA	77.61	77.71	0.10	68.44	69.86	1.42	0	0	0	咱姐硬生生从良子嘴里抠出3w多粉丝	My sister painstakingly extracted over 30,000 followers from Liangzi's mouth.	咱姐硬生生从良子嘴里抠出3万多粉丝	My sister painstakingly extracted over 30,000 followers from Liangzi's mouth.	Our sis somehow pulled more than thirty thousand followers out of Liangzi.
B-PYA-083	PYA	79.44	83.79	4.35	62.37	58.29	-4.08	0	0	0	她俩要是有cpf这都能当谈过的证据了	If they had CPF, that could be considered evidence they're dating.	她俩要是有CP粉这都能当谈过的证据了	If they had a fanbase shipping them as a couple, even this could be taken as proof they're dating.	if they had shippers this could count as dating proof
B-PYA-084	PYA	76.99	98.98	21.99	70.93	86.70	15.77	0	0	0	塔图姆NB	Tatum NBA	塔图姆牛逼	Tatum is awesome.	Tatum is insane.
B-PYA-085	PYA	87.02	77.16	-9.86	70.29	68.47	-1.82	0	0	0	想吃肉质Q弹的就买散养老公鸡	If you want to eat tender and springy meat, buy free-range old roosters.	想吃肉质紧实弹牙的就买散养老公鸡	If you want to eat chicken with firm and springy meat, buy free-range old roosters.	if you want bouncy meat buy free-range rooster
B-PYA-086	PYA	96.98	98.58	1.61	66.85	71.44	4.60	0	0	0	yysy，两边都看完了	As expected, I've finished watching both sides.	有一说一，两边都看完了	To be fair, I've seen both sides of the story.	To be honest, I watched both sides
B-MIX-001	MIX	97.32	95.86	-1.46	79.57	67.64	-11.93	100	0	-100	这首歌的hook太洗脑了，循环一天	This song's hook is so catchy, I've been listening to it on repeat all day.	这首歌的记忆点太洗脑了，循环一天	This song is so catchy, I've been listening to it on repeat all day.	this song's hook is so catchy, been looping all day
B-MIX-002	MIX	95.01	94.25	-0.76	72.60	72.27	-0.33	100	100	0	短视频前3秒就是hook，抓不住人就划走了	The first 3 seconds of a short video are the hook; if you don't grab people's attention, they'll swipe away.	短视频前3秒就是吸引人的部分，抓不住人就划走了	The first 3 seconds of a short video are crucial for grabbing attention; if you don't hook people, they'll swipe away.	the first 3 seconds of a short video is the hook, lose them and they scroll away
B-MIX-003	MIX	98.76	99.45	0.69	79.23	83.53	4.29	0	100	100	新专辑终于drop了，等了好久	The new album is finally out, I've been waiting for so long.	新专辑终于发布了，等了好久	The new album is finally released, I've been waiting for it for so long.	the new album finally dropped, been waiting forever
B-MIX-004	MIX	99.18	98.29	-0.89	79.23	81.81	2.58	100	100	0	这个品牌下周drop新款，必须抢	This brand is dropping a new collection next week, you have to snag it fast!	这个品牌下周推出新款，必须抢	This brand is launching a new product next week, you have to rush to get it!	this brand is dropping new styles next week, gotta grab them
B-MIX-005	MIX	93.72	91.47	-2.25	71.34	76.33	4.99	100	100	0	这波clutch操作直接翻盘，太牛了	This clutch play completely turned things around, so amazing!	这波关键时刻的操作直接翻盘，太牛了	This clutch play completely turned the tables, amazing!	this clutch play turned the game around, insane
B-MIX-006	MIX	76.46	83.90	7.44	62.25	78.63	16.38	100	0	-100	决赛最后一分钟clutch绝杀	Clutch game-winning shot in the final minute of the championship.	决赛最后一分钟关键时刻绝杀	Game-winning shot in the final minute of the championship match.	clutch buzzer-beater in the final minute of the finals
B-MIX-007	MIX	98.43	99.62	1.18	82.04	85.63	3.58	100	100	0	这游戏画质也就mid水平，玩法也一般	The graphics in this game are just mid-tier, and the gameplay is also pretty average.	这游戏画质也就一般水平，玩法也一般	The graphics in this game are just average, and the gameplay is also pretty standard.	this game's graphics are just mid, gameplay is average too
B-MIX-008	MIX	83.05	82.46	-0.59	66.85	82.70	15.85	0	0	0	这套穿搭直接slay全场	This outfit absolutely killed it.	这套穿搭直接秒杀全场	This outfit instantly stole the show.	this outfit slays the whole room
B-MIX-009	MIX	74.19	89.61	15.42	46.95	79.57	32.62	100	0	-100	王虹这波演讲直接slay	"Wang Hong absolutely killed it with this speech. 

(Or, more colloquially: Wang Hong crushed it with this speech.)"	王虹这波演讲直接秒杀全场	Wang Hong's speech completely blew everyone away.	Wang Hong's speech just slayed
B-MIX-010	MIX	99.57	96.64	-2.93	86.15	83.11	-3.04	100	100	0	上班就是当NPC，每天重复同样的台词	Going to work is like being an NPC, repeating the same lines every day.	上班就是当非玩家角色，每天重复同样的台词	Going to work is like being a non-player character, repeating the same lines every day.	going to work is being an NPC, repeating the same lines every day
B-MIX-011	MIX	96.02	93.85	-2.17	84.47	81.29	-3.18	100	0	-100	别当NPC了，做自己生活的主角	Stop playing the NPC, be the protagonist of your own life.	别当非玩家角色了，做自己生活的主角	Stop playing a non-player character and be the protagonist of your own life.	stop being an NPC, be the main character of your own life
B-MIX-012	MIX	69.77	90.71	20.94	67.74	79.18	11.44	0	100	100	i人沦为e人玩具，太真实了	People are reduced to the toys of the elite, it's so true.	内向者沦为外向者玩具，太真实了	Introverts becoming toys for extroverts is so relatable.	introverts becoming playthings for extroverts, too real
B-MIX-013	MIX	93.32	92.98	-0.34	79.90	77.78	-2.12	0	100	100	e人累了一周还要爬起来继续嗨	Even after being exhausted from a week of work, people still get up and keep the fun going.	外向的人累了一周还要爬起来继续嗨	Even after a tiring week, extroverts still get up and keep the energy going.	extroverts have been tired all week and still have to get up and keep partying
B-MIX-014	MIX	73.27	69.02	-4.25	58.35	55.95	-2.40	100	0	-100	刻在骨子里的秀粉DNA瞬间苏醒	The ingrained DNA of a Xiaohongshu (RED) enthusiast instantly awakens.	刻在骨子里的秀粉基因瞬间苏醒	The ingrained love for delicate beauty/elegance instantly awakened.	the idol fan DNA embedded in my bones instantly awakened
B-MIX-015	MIX	100.00	89.80	-10.20	83.30	83.21	-0.09	100	0	-100	POV：你是最后一个知道消息的人	POV: You're the last to know.	视角：你是最后一个知道消息的人	Perspective: You are the last to know.	POV: you're the last person to find out
B-MIX-016	MIX	98.06	98.28	0.22	78.50	84.07	5.58	100	100	0	当地人真的好chill，十一点上班六点下班	The locals are really laid-back, working from 11 am to 6 pm.	当地人真的好悠闲放松，十一点上班六点下班	Locals are really laid-back and relaxed, working from 11 am to 6 pm.	the locals are so chill, starting work at 11 and off at 6
B-MIX-017	MIX	100.00	93.25	-6.75	84.37	85.09	0.72	100	0	-100	这个视频太cringe了，看不下去	This video is so cringey, I can't watch it.	这个视频太尴尬了，看不下去	This video is too awkward to watch.	this video is too cringe, can't even watch
B-MIX-018	MIX	94.11	98.02	3.91	57.60	85.70	28.10	100	100	0	这个行为好sus，不对劲	This behavior is sus, something's not right.	这个行为好可疑，不对劲	This behavior is very suspicious, something's not right.	this behavior is so sus, something's off
B-MIX-019	MIX	90.35	91.39	1.04	80.18	84.34	4.15	0	0	0	别flex了，谁不知道你有钱	Stop showing off, everyone knows you're rich.	别炫耀了，谁不知道你有钱	Stop showing off, everyone knows you're rich.	stop flexing, everyone knows you're rich
B-MIX-020	MIX	96.54	95.12	-1.42	78.96	78.69	-0.27	100	100	0	这首歌被hype过头了，其实一般	This song was overhyped, it's actually just okay.	这首歌被炒作过头了，其实一般	This song is overhyped; it's actually just okay.	this song got way too much hype, it's actually just average
B-MIX-021	MIX	98.61	99.36	0.74	81.17	82.33	1.16	100	100	0	今天又偶遇crush了，太巧了	I ran into my crush again today, what a coincidence!	今天又偶遇暗恋对象了，太巧了	I ran into my crush again today, what a coincidence!	ran into my crush again today, what a coincidence
B-MIX-022	MIX	81.01	93.08	12.08	50.19	82.06	31.87	0	100	100	我ship的CP终于官宣了	My OTP is finally official!	我支持的情侣组合终于官宣了	The couple I supported finally announced their relationship.	the ship I've been rooting for finally went official
B-MIX-023	MIX	94.54	97.99	3.45	71.88	81.70	9.82	100	0	-100	作为stan我必须说偶像这次回归太棒了	As a Stan, I have to say this comeback is amazing!	作为狂热粉我必须说偶像这次回归太棒了	As a devoted fan, I have to say this comeback is amazing!	as a stan I gotta say the idol's comeback is amazing
B-MIX-024	MIX	97.46	97.59	0.13	81.29	81.31	0.02	100	100	0	期待偶像的comeback，新专辑什么时候发	Looking forward to the idol's comeback, when will the new album be released?	期待偶像的回归，新专辑什么时候发	Looking forward to the idol's comeback, when will the new album be released?	looking forward to the idol's comeback, when's the new album dropping
B-MIX-025	MIX	76.61	97.10	20.50	66.92	80.26	13.34	0	0	0	这也太离谱了吧我直接emo	"This is too outrageous, I'm just feeling down/depressed now. 

(Or, more colloquially: This is insane, I'm totally bummed.)"	这也太离谱了吧我直接抑郁	This is too outrageous, it's making me depressed.	this is so outrageous I'm literally emo rn
B-MIX-026	MIX	65.25	86.85	21.60	58.27	80.75	22.48	0	0	0	看到317万年终奖我直接emo了	"Seeing a year-end bonus of 3.17 million, I was instantly devastated. 

(Or, more colloquially: Seeing a year-end bonus of 3.17 million, I was completely crushed/down in the dumps.)"	看到317万年终奖我直接情绪低落了	Seeing a year-end bonus of 3.17 million, I immediately felt down.	Seeing the 3.17 million year-end bonus, I got all emo
B-MIX-027	MIX	85.44	82.94	-2.49	46.99	69.14	22.16	0	0	0	掉san了，这个太恐怖了	"I'm losing it, this is too terrifying! 

(Or, depending on context: My mind is breaking, this is too scary!)"	掉san值了，这个太恐怖了	My sanity is slipping, this is too terrifying.	lost my sanity this is too scary bruh
B-MIX-028	MIX	88.03	89.59	1.55	72.49	75.20	2.71	100	0	-100	王虹这波citywalk直接从北大走到菲尔兹奖	Wang Hong's citywalk went straight from Peking University to the Fields Medal.	王虹这波城市漫步直接从北大走到菲尔兹奖	Wang Hong's urban walk went directly from Peking University to the Fields Medal.	Wang Hong's citywalk took her all the way from Peking University to the Fields Medal
B-MIX-029	MIX	84.00	87.63	3.63	49.35	68.77	19.42	100	0	-100	在上海街头随性citywalk	Casually city walking the streets of Shanghai.	在上海街头随性城市漫步	Casually strolling through the streets of Shanghai.	casual city walk on Shanghai streets
B-MIX-030	MIX	95.17	95.07	-0.10	80.57	80.67	0.10	100	0	-100	中国女排这vibe太强了，3比2逆转太燃	The Chinese women's volleyball team has such an amazing vibe, a 3-2 comeback win is so inspiring!	中国女排这氛围太强了，3比2逆转太燃	The Chinese women's volleyball team has such amazing energy, a 3-2 comeback win is so inspiring!	China women's volleyball's vibe is so strong, the 3-2 comeback is so inspiring
B-MIX-031	MIX	95.55	87.13	-8.42	76.58	76.57	-0.01	100	0	-100	这番属于ACGN圈的经典之作了	This is a classic work within the ACGN fandom.	这番属于动漫游文圈的经典之作了	This is a classic work within the anime and game culture community.	this anime is a classic in the ACGN circle
B-MIX-032	MIX	88.81	88.90	0.09	76.45	81.31	4.86	0	0	0	50亿离婚案这drama程度堪比韩剧	This 5 billion yuan divorce case is as dramatic as a Korean drama.	50亿离婚案这戏剧性程度堪比韩剧	This 5 billion yuan divorce case is as dramatic as a Korean drama.	The drama level of the 5 billion divorce case rivals a Korean drama
B-MIX-033	MIX	91.65	96.33	4.68	63.03	76.47	13.45	0	0	0	今日OOTD分享	Today's outfit of the day share.	今日穿搭分享	Today's outfit share.	today's OOTD drop
B-MIX-034	MIX	76.80	66.18	-10.62	70.49	72.39	1.90	0	0	0	赛里木湖这波操作太low了，景区管理丢人	Sayram Lake's handling of this situation is really pathetic, the scenic area management is a disgrace.	赛里木湖这波操作太低级了，景区管理丢人	Sayram Lake's handling of this situation is really clumsy and embarrassing for the scenic area management.	Sarim Lake's move this time is too low-class, scenic area management is embarrassing
B-MIX-035	MIX	98.66	97.85	-0.81	79.28	73.80	-5.49	100	0	-100	OMG这也太好看了	OMG this is so good-looking!	我的天这也太好看了	Oh my god, this is so good-looking!	OMG this looks so good
B-MIX-036	MIX	90.89	89.83	-1.05	57.31	71.22	13.91	0	0	0	腾讯这波泄密事件直接social death了	Tencent's recent data leak scandal has effectively led to their social annihilation.	腾讯这波泄密事件直接社会性死亡了	Tencent is essentially facing social annihilation due to this data leak.	Tencent's leak incident this time resulted in total social suicide
B-MIX-037	MIX	78.12	83.27	5.15	68.21	63.02	-5.19	100	0	-100	这游戏全DLC都买了，花了好几百	I bought all the DLC for this game, and it cost me several hundred [currency unit - likely dollars/yuan].	这游戏全可下载内容都买了，花了好几百	I bought all the downloadable content for this game, and it cost me several hundred [currency unit - likely dollars/euros/etc.].	bought all the DLC spent several hundred
B-MIX-038	MIX	97.71	98.65	0.94	73.55	79.63	6.08	0	0	0	显卡涨价涨成这样，简直是price离谱	The price of graphics cards has increased to such an extent, it's simply outrageous.	显卡涨价涨成这样，简直是价格离谱	The price of graphics cards has increased to such an extent, it's simply outrageous.	GPU prices going up this much, the price is just outrageous
B-MIX-039	MIX	100.00	85.00	-15.00	78.08	82.84	4.76	100	0	-100	这个GMV变高了	The GMV has increased.	这个商品交易总额变高了	The total transaction volume of this product has increased.	this GMV went up
B-MIX-040	MIX	98.48	98.12	-0.36	78.53	81.51	2.98	100	100	0	过度分享这件事真的太trigger了，边界感很重要	Oversharing is really triggering, and having boundaries is so important.	过度分享这件事真的太触发了，边界感很重要	Oversharing is really triggering, and having boundaries is so important.	Oversharing is really triggering. Boundaries matter.
B-MIX-041	MIX	94.73	95.06	0.33	84.70	84.49	-0.21	100	100	0	这个meme太火了	This meme is going viral.	这个梗太火了	This meme is so popular.	this meme is too fire lol
B-MIX-042	MIX	87.12	78.20	-8.92	69.26	76.97	7.71	100	100	0	陈哲远在密逃里的reaction太搞笑了	Chen Zheyuan's reactions in Escaping the Room were hilarious.	陈哲远在密逃里的反应太搞笑了	Chen Zheyu's reactions in Hidden Escape were hilarious.	Chen Zheyuan's reaction in the escape room show is too funny
B-MIX-043	MIX	89.78	93.02	3.24	66.74	75.36	8.62	100	0	-100	用来换做成AGI的概率	The probability of using it to achieve AGI.	用来换做成通用人工智能的概率	The probability of turning it into general artificial intelligence.	probability of achieving AGI
B-MIX-044	MIX	89.17	84.29	-4.88	78.25	73.17	-5.09	100	100	0	50亿离婚案这个level太高了，普通人理解不了	This divorce case involving 5 billion is on a completely different level; ordinary people can't comprehend it.	50亿离婚案这个级别太高了，普通人理解不了	This divorce case involving 5 billion [currency unit] is on a level too high for ordinary people to understand.	The level of the 5 billion divorce case is too high, ordinary people can't understand
B-MIX-045	MIX	92.71	85.99	-6.72	75.33	77.21	1.89	100	0	-100	cosplay得很好，很像	The cosplay is really good, very accurate.	角色扮演得很好，很像	The role was played very well, very convincingly.	cosplay done right looks so similar
B-MIX-046	MIX	96.81	96.42	-0.39	83.67	84.24	0.56	100	100	0	这个app一到发售就崩	This app crashed as soon as it was released.	这个应用一到发售就崩	This app crashed as soon as it was released.	this app crashes every launch
B-MIX-047	MIX	98.38	98.84	0.46	68.24	85.42	17.18	100	0	-100	这个角色太OP了	This character is way too overpowered.	这个角色太强了	This character is too strong.	this character is way too overpowered
B-MIX-048	MIX	74.30	74.35	0.05	68.95	69.97	1.02	100	100	0	lpl历史上有像清算48同样力度的清算吗？	Has there ever been a purge in LPL history with the same intensity as the recent one involving Clearlove48?	LPL历史上有像清算48同样力度的清算吗？	Has there ever been a purge in LPL history with the same intensity as the recent one involving Clearlove48?	has there ever been a reckoning as hard as '48' in LPL history?
B-MIX-049	MIX	89.14	81.39	-7.75	84.03	77.62	-6.41	0	0	0	加个buff，变得更强	Add a buff, become stronger.	加个增益，变得更强	Add a buff, become stronger.	add a power-up get stronger ez
B-MIX-050	MIX	99.12	98.24	-0.88	84.85	84.05	-0.80	100	0	-100	这个logo设计得好	This logo is well-designed.	这个品牌标识设计得好	This brand identity is well-designed.	this logo is well designed
B-MIX-051	MIX	83.52	82.73	-0.79	58.76	81.31	22.55	100	0	-100	被nerf了，变弱了	Nerfed, weakened.	被削弱了，变弱了	Weakened, became weaker.	got nerfed got weaker smh
B-MIX-052	MIX	93.69	94.00	0.31	83.02	83.36	0.35	100	100	0	我刚才去打apex了	I just went to play Apex Legends.	我刚才去打Apex了	I just went to play Apex Legends.	just went to play Apex
B-MIX-053	MIX	98.96	99.96	1.00	84.87	84.01	-0.87	100	100	0	GDP十强省份变了	The top ten provinces by GDP have changed.	国内生产总值十强省份变了	The top ten provinces by GDP have changed.	GDP top 10 provinces changed
B-MIX-054	MIX	87.29	87.12	-0.18	73.98	84.38	10.40	0	0	0	GG了，完了	GG, we're done.	完了，完了	Done, done.	It's game over, we're done for.
B-MIX-055	MIX	42.48	83.70	41.22	31.97	51.85	19.88	100	100	0	就是在cp里吃瓜	"Eating melon (watching drama/gossip) within the CP (couple/relationship). 

(More naturally: Watching the drama unfold in the relationship/between the couple.)"	就是在搭档组合里吃瓜	Watching the drama unfold within the partnership/team.	just watching the drama in the ship
B-MIX-056	MIX	54.26	93.61	39.35	40.61	59.89	19.28	0	0	0	图样森破，你太天真了	"That's a cliché/wishful thinking, you're so naive. 

(Alternatively, depending on context and desired tone: Your plan is doomed to fail, you're so naive.)"	Too young too simple，你太天真了	Too young, too naive, you are too innocent.	too young too simple you're too naive
B-MIX-057	MIX	98.20	96.53	-1.67	86.54	87.05	0.51	100	100	0	这个AI太厉害了	This AI is amazing!	这个人工智能太厉害了	This AI is amazing.	this AI is way too OP fr
B-MIX-058	MIX	69.86	64.11	-5.75	45.10	42.80	-2.30	100	100	0	carry全场，带飞	Carry the whole game, lead to victory.	带飞全场，带飞	Carry the whole field, carry! (or, more colloquially, Lead the charge, lead!)	carrying the whole squad what a carry
B-MIX-059	MIX	99.83	97.74	-2.09	83.02	82.75	-0.27	100	0	-100	她学的是泰语又不是IT	She studies Thai, not IT.	她学的是泰语又不是信息技术	She studies Thai, not information technology.	she studies Thai not IT
B-MIX-060	MIX	92.15	99.40	7.25	80.99	79.88	-1.11	100	100	0	VIP通道真快	The VIP channel is really fast.	贵宾通道真快	The VIP lane is really fast.	VIP lane is so fast
B-MIX-061	MIX	82.23	78.21	-4.01	59.85	70.65	10.80	0	0	0	solo一下，单挑	Let's spar/fight one-on-one.	单挑一下，单挑	Let's have a one-on-one fight, a one-on-one challenge.	solo it 1v1 me bro
B-MIX-062	MIX	98.46	97.71	-0.75	80.38	74.05	-6.32	0	100	100	这个PK谁赢了	Who won that PK?	这个对决谁赢了	Who won the match/contest/duel?	who won this duel
B-MIX-063	MIX	87.99	79.24	-8.75	77.66	74.53	-3.13	100	100	0	因凡蒂诺和FIFA演都不演了，这是纯把梅西世界杯金球奖给抢劫了	Infantino and FIFA have completely stopped pretending, this is a straight-up robbery of Messi's World Cup Golden Ball.	因凡蒂诺和国际足联演都不演了，这是纯把梅西世界杯金球奖给抢劫了	Infantino and FIFA didn't even bother with a pretense of fairness, this was a straight-up robbery of Messi's World Cup Golden Ball.	Infantino and FIFA aren't even hiding it anymore straight up robbed Messi of the World Cup Golden Ball
B-MIX-064	MIX	97.85	98.09	0.25	83.29	83.81	0.52	100	100	0	做个SPA放松一下	Get a spa treatment to relax.	做个水疗放松一下	Get a spa treatment to relax.	getting a spa to relax
B-MIX-065	MIX	81.77	76.58	-5.19	66.64	50.51	-16.14	100	100	0	这个DJ太嗨了	This DJ is amazing/really gets the crowd going!	这个唱片骑师太嗨了	This DJ is really getting the crowd hyped!	this DJ is too lit
B-MIX-066	MIX	80.68	88.71	8.03	68.92	72.88	3.96	0	0	0	Rush E 朗朗PK街头钢琴家	Rush E battles street pianist in impromptu performance.	Rush E 朗朗对决街头钢琴家	Rush E battles street pianist Lang Lang.	Rush E Lang Lang versus street pianist
B-MIX-067	MIX	70.26	69.19	-1.07	70.20	72.97	2.78	100	100	0	这动漫OP太好听了，循环播放	This anime opening is so good, I'm looping it.	这动漫片头曲太好听了，循环播放	This anime opening theme is so good, I'm looping it.	this anime opening slaps on loop
B-MIX-068	MIX	97.44	96.79	-0.64	83.82	84.34	0.53	100	0	-100	买个iPad记笔记	Buy an iPad to take notes.	买个平板电脑记笔记	Buy a tablet to take notes.	getting an iPad for notes
B-MIX-069	MIX	66.35	66.67	0.31	66.07	64.85	-1.22	100	100	0	抖音的bgm怎么突然变得那么难听了到处都是想问问你敢不敢还有那天我经过一片花园	"Why has the background music on Douyin suddenly become so unpleasant? Everywhere I look, people are asking ""Do you dare?"" and then there's that line about passing by a garden one day."	抖音的背景音乐怎么突然变得那么难听了到处都是想问问你敢不敢还有那天我经过一片花园	"Why has the background music on Douyin suddenly become so unpleasant? Everywhere I look, people are asking ""Do you dare?"" and then there's that line about passing by a garden one day."	why has Douyin's background music gotten so bad everywhere it's either 'I Want to Ask If You Dare' or 'That Day I Passed a Garden'
B-MIX-070	MIX	98.47	98.97	0.50	83.60	81.39	-2.21	0	0	0	这个PPT做得好	This PPT is well done.	这个演示文稿做得好	This presentation is well done.	this PowerPoint is well made
B-MIX-071	MIX	81.86	82.19	0.33	45.88	63.13	17.25	100	0	-100	法法这期ooc了吧	Fafa is really out of character this episode, right?	法法这期脱离扮演角色了吧	Fafa isn't acting/playing a role this time, is she?	Fafa was so out of character this episode bruh
B-MIX-072	MIX	61.97	97.43	35.46	39.48	77.80	38.32	100	100	0	3.5h通关	"3.5h clear/completion 

(or, more contextually depending on what's being ""cleared"": 3.5 hours to beat/finish)"	3.5小时通关	Beat the game in 3.5 hours.	beat the game in 3.5 hours
B-MIX-073	MIX	96.76	92.64	-4.12	75.86	59.65	-16.22	100	0	-100	这个ins风好看	This Instagram aesthetic is pretty.	这个网红风好看	This influencer's style is good-looking.	this Instagram aesthetic looks good
B-MIX-074	MIX	79.67	95.08	15.41	49.28	82.04	32.76	0	0	0	我的文化水平belike	"My level of education is... well. 

(Or, a more colloquial and internet-slang influenced translation: My education level is kinda...)"	我的文化水平就像这样	My level of education is like this.	my education level be like lmao
B-MIX-075	MIX	98.54	98.87	0.33	79.67	82.44	2.77	100	100	0	来杯matcha	A cup of matcha, please.	来杯抹茶	A cup of matcha, please.	a cup of matcha
B-MIX-076	MIX	97.76	98.07	0.31	81.60	84.85	3.25	0	0	0	店员花一秒钟get到你的意思了	The shop assistant understood what you meant in a second.	店员花一秒钟理解到你的意思了	The shop assistant took a second to understand what you meant.	the clerk took one second to get your meaning
B-MIX-077	MIX	99.06	94.72	-4.34	82.44	76.74	-5.70	100	0	-100	这个vlog拍得好	This vlog is well-shot.	这个视频博客拍得好	This video blog is well-shot.	this vlog is well shot
B-MIX-078	MIX	91.96	82.42	-9.54	66.80	58.81	-7.99	0	0	0	学习上problem不能发作	Don't let academic difficulties become a crisis.	学习上问题不能发作	Problems with studies shouldn't be triggered/provoked/brought on.	can't let the issue flare up during studying
B-MIX-079	MIX	95.36	93.43	-1.93	79.48	80.53	1.06	100	0	-100	好久没有笑的这么开心了，必须收藏起来emo了再看	It's been a long time since I've laughed this happily, I have to save this to look at when I'm feeling down.	好久没有笑的这么开心了，必须收藏起来抑郁了再看	I haven't laughed this happily in a long time, I must save this to look at when I'm feeling depressed.	haven't laughed this hard in ages saving it to watch when I'm feeling down fr
B-MIX-080	MIX	88.24	79.22	-9.02	73.02	65.55	-7.47	100	100	0	cult导演后悔道剧组没有你	The cult director regrets the drama crew didn't have you.	邪典导演后悔道剧组没有你	The cult film director regrets the drama crew didn't have you.	cult director regrets not having you on set
B-MIX-081	MIX	76.51	71.11	-5.39	61.72	62.37	0.65	0	0	0	从技术舞美上讲是挺牛，但从意识上讲buff快叠满了	Technically and aesthetically, it's quite impressive, but ideologically, the buffs are almost fully stacked.	从技术舞美上讲是挺牛，但从意识上讲增益快叠满了	Technically and aesthetically it's quite impressive, but ideologically it quickly reaches saturation point.	technically the stage design is pretty sick but ideologically the power-ups are almost fully stacked
B-MIX-082	MIX	78.91	66.25	-12.67	70.29	78.34	8.05	0	100	100	上了初中就开始恶化了，甚至游戏也会拖一会儿再启动，作业拖到ddl就算是期末周也学不进去	It started going downhill when I entered middle school, even games take a while to launch, and I procrastinate on assignments until the very last minute – even during finals week, I can't bring myself to study.	上了初中就开始恶化了，甚至游戏也会拖一会儿再启动，作业拖到截止日期就算是期末周也学不进去	It started going downhill when I entered middle school, even to the point where games take a while to launch, and I'd put off assignments until the deadline – even during finals week, I couldn't bring myself to study.	middle school hit different even games I delay homework till deadline even in finals week can't focus smh
B-MIX-083	MIX	92.08	94.76	2.68	57.45	74.55	17.10	100	100	0	ddl就在眼前了还在摆烂	The deadline is right around the corner and yet I'm still procrastinating/doing nothing.	截止日期就在眼前了还在摆烂	The deadline is looming, and you're still slacking off.	deadline is right there and you're still slacking
B-MIX-084	MIX	100.00	88.34	-11.66	82.74	82.46	-0.28	100	0	-100	asmr助眠真的有用吗	Does ASMR really help with sleep?	自发性知觉经络反应助眠真的有用吗	Does self-induced perceptual meridian response really help with sleep?	does ASMR for sleep actually work
B-MIX-085	MIX	94.45	84.78	-9.68	61.18	75.49	14.32	0	0	0	超mean老奶一般是英语老师	Super strict old ladies are often English teachers.	超刻薄老奶一般是英语老师	Super critical old women are often English teachers.	Super mean old ladies are usually English teachers
B-MIX-086	MIX	84.17	89.81	5.64	49.78	77.89	28.11	0	0	0	绝对音感的正确用法belike	The correct usage of perfect pitch is likely...	绝对音感的正确用法是这样	The correct way to use perfect pitch is like this.	The correct usage of absolute pitch be like
B-HOM-096	HOM	87.80	89.45	1.65	66.08	74.51	8.42	100	100	0	孩好像真的很困了，但是一直被麻麻薅过来薅过去配合拍视频	The baby seems really sleepy, but keeps being pulled back and forth by mom to cooperate with filming videos.	孩好像真的很困了，但是一直被妈妈薅过来薅过去配合拍视频	The child seems really sleepy, but keeps being pulled back and forth by their mom to cooperate with filming videos.	the kid really seems sleepy, but keeps getting dragged back and forth by mom to pose for the video
B-HOM-097	HOM	47.24	88.13	40.90	46.46	66.13	19.67	0	0	0	哈哈哈哈哈，不好意思哈哈哈哈哈没崩住	"Hahaha, sorry, hahaha, I didn't burst out laughing too much (to lose control). 

(Or, more colloquially: Hahaha, my bad, hahaha, I managed to hold it together.)"	哈哈哈哈哈，不好意思哈哈哈哈哈没绷住	Hahaha, sorry, I burst out laughing. (or, Hahaha, my composure broke/I lost it.)	hahaha, sorry hahaha I couldn't hold it together
B-HOM-098	HOM	95.93	96.48	0.56	81.09	81.66	0.57	100	100	0	淦，忘记原版了，有谁能补一下？	Damn, I forgot the original! Can someone fill me in?	干，忘记原版了，有谁能补一下？	Damn, I forgot the original version, can anyone fill it in?	damn, I forgot the original, can anyone fill it in?
B-HOM-099	HOM	71.48	55.48	-16.00	64.71	49.16	-15.54	0	100	100	你们要是给我炮儿玩似了我看什么啊	If you treat me like a plaything, what would I even look at?	你们要是给我炮儿玩死了我看什么啊	If you guys bomb me to death, what am I supposed to look at? (or, more colloquially, If you blow me to smithereens, what's the point of anything?)	if you guys play my Pao'er to death, what am I supposed to watch?
B-PYA-087	PYA	91.22	87.69	-3.53	74.41	73.39	-1.01	0	100	100	快别TM说了，抓紧睡半个钟头，不然去早餐店要迟到了	Stop talking, quickly sleep for half an hour, or you'll be late for the breakfast shop.	快别他妈说了，抓紧睡半个钟头，不然去早餐店要迟到了	Stop talking, damn it, and quickly sleep for half an hour, or you'll be late for the breakfast place.	stop freaking talking and grab half an hour of sleep, or you'll be late for the breakfast shop
B-NEO-087	NEO	96.28	95.73	-0.55	73.56	84.01	10.45	0	0	0	某种意义上来看他也是个神人	In a certain sense, he is also a demigod.	某种意义上来看他也是个行为离谱的人	In a certain sense, he's also a person with bizarre behavior.	in a certain sense he's also an absolute character
B-NEO-088	NEO	58.10	74.70	16.60	54.42	62.46	8.04	0	100	100	我都不知道出新图了，作业自己跑我脸上了	I didn't even know new images were released, and the homework just appeared on my face (meaning it's overwhelming/stressful).	我都不知道出新图了，攻略自己跑我脸上了	I didn't even know new content was released, and I'm already getting bombarded with guides everywhere.	I didn't even know a new stage was out, and the guide just ran right into my face
B-NEO-089	NEO	91.75	100.00	8.25	61.49	80.94	19.45	0	0	0	无论从哪个层面来看，都是吊炸了	No matter how you look at it, it's absolutely amazing/incredible/awesome. (or, more colloquially, it's totally epic/mind-blowing).	无论从哪个层面来看，都是厉害极了	No matter which angle you look at it from, it's incredibly impressive.	no matter how you look at it, it's insanely awesome
B-NEO-090	NEO	65.95	83.22	17.27	63.71	80.26	16.56	0	0	0	应该是的，不然怎么会气到把国粹给说出来了	Probably, otherwise why would I be so angry as to resort to using national treasures as insults?	应该是的，不然怎么会气到把脏话给说出来了	Probably, otherwise why would I be so angry as to swear?	must be, otherwise how would he get so angry that the swear words came out
B-NEO-091	NEO	90.75	93.69	2.94	70.57	77.10	6.53	0	0	0	说个冷知识，来俊臣的父亲名叫来操，是个挺生草的名字	Here's a little-known fact: Lai Junchen's father was named Lai Cao, which is a rather amusing name.	说个冷知识，来俊臣的父亲名叫来操，是个挺搞笑的名字	Here's a little-known fact: Lai Junchen's father was named Lai Cao, which is a rather amusing name.	fun fact: Lai Junchen's father was named Lai Cao, which is a pretty hilarious name
B-NEO-092	NEO	59.30	78.03	18.73	64.30	79.62	15.32	0	100	100	他不是好了，而是知道自己要凉了	"He's not getting better, he's realizing he's in deep trouble. 

(Or, more colloquially: He's not recovering, he knows he's screwed.)"	他不是好了，而是知道自己要完蛋了	He wasn't getting better; he was realizing he was finished.	he's not better, he just knows he's done for
B-NEO-093	NEO	76.32	86.08	9.76	64.16	58.35	-5.81	0	0	0	置顶评论官方链接是淘宝就知道成分了	The pinned comment's official link leads to Taobao, so you know the ingredients.	置顶评论官方链接是淘宝就知道背景了	Knowing the pinned comment's official link means you know the background (of the situation/person) – it's Taobao related.	the pinned official link is Taobao, that alone tells you what they're really about
B-NEO-094	NEO	82.99	86.52	3.54	79.76	81.60	1.84	0	0	0	逆天。。我现在开车老走错路	Unbelievable… I keep getting lost while driving.	离谱。。我现在开车老走错路	Unbelievable... I keep getting lost while driving now.	wild… I keep taking wrong turns when driving now
B-MIX-087	MIX	61.19	55.98	-5.22	40.68	44.92	4.24	0	100	100	发现没火的作者belike	"The author who discovered fire is probably like... 

(or, more colloquially)

The person who invented fire is probably like..."	发现没火的作者就是这样	Those who discover fire are like this.	discovering an underrated creator be like
B-MIX-088	MIX	92.15	85.28	-6.87	68.75	64.51	-4.24	100	100	0	第一次尝试做这么长的动画 感觉k帧速度有所提升绝宝二周年快乐!	First time trying to make such a long animation. Feels like keyframe speed has improved, and happy 2nd anniversary!	第一次尝试做这么长的动画 感觉打关键帧速度有所提升绝宝二周年快乐!	First time attempting such a long animation! Feels like my keyframing speed has improved. Happy 2nd Anniversary, Absol!	first time making such a long animation, my keyframing speed has improved — happy 2nd anniversary Juebao!
B-MIX-089	MIX	93.93	92.73	-1.20	79.41	77.79	-1.62	100	100	0	或许它真的是福利最好的fps	Perhaps it really is the FPS with the best benefits.	或许它真的是福利最好的第一人称射击游戏	Perhaps it truly is the first-person shooter with the best benefits.	maybe it really is the FPS with the best freebies
B-MIX-090	MIX	89.76	93.74	3.99	74.27	68.64	-5.63	0	0	0	杨博文四代唯一C位队长	Yang Bowen is the only C-position leader across four generations.	杨博文四代唯一中心位队长	Yang Bowen is the only central midfielder captain across four generations.	Yang Bowen, Gen 4's only center-position captain
B-HOM-100	NEO	65.40	74.01	8.61	59.21	66.02	6.81	0	0	0	明显，队友大概率寄了，和上司有关，但扳机似乎记忆出现问题，咬死队友还活着，变相保护了上司，所以被上司放了	Clearly, the teammate is likely finished, and it involves the boss, but the trigger (person who reported it) seems to have a memory problem, insisting the teammate is still alive, effectively protecting the boss, and therefore was let go by the boss.	明显，队友大概率死了，和上司有关，但扳机似乎记忆出现问题，咬死队友还活着，变相保护了上司，所以被上司放了	Clearly, the teammate likely died, and it was related to the superior. However, the trigger (person who reported it) seemed to have memory issues, insisting the teammate was still alive, effectively protecting the superior, and was therefore released by the superior.	clearly the teammate is most likely dead and the boss is involved, but Trigger's memory seems broken — she insists the teammate is alive, which indirectly shielded the boss, so the boss let her go
B-HOM-101	HOM	62.89	74.95	12.06	65.32	77.26	11.94	0	100	100	怪兽：我已经破坏掉了你所有能获取光的办法，看你还怎么变身 迪迦：你钱包的钱还有多少？ 怪兽：全花光了 迪迦：恰！	"Monster: I've destroyed all the ways you can obtain light, let's see you transform now.
Ultraman Diga: How much money is left in your wallet?
Monster: It's all spent.
Ultraman Diga: Haha! (or Serves you right!)"	怪兽：我已经破坏掉了你所有能获取光的办法，看你还怎么变身 迪迦：你钱包的钱还有多少？ 怪兽：全花光了 迪迦：吃！	"Monster: I've destroyed all the ways you can obtain light, let's see you transform now.
Ultraman Diga: How much money do you have left in your wallet?
Monster: I've spent it all.
Ultraman Diga: Eat this!"	Monster: I've destroyed every way you could gather light, let's see you transform now. Tiga: How much money is left in your wallet? Monster: All spent. Tiga: Nom!
B-HOM-102	HOM	84.08	90.36	6.27	69.29	81.81	12.52	100	100	0	人定不了天，一切的一切还是按照历史轨迹走，我记得是三段历史走向，猪脚心累了	Humans cannot control fate, everything still follows the course of history. I remember three historical trends, and the protagonist is exhausted.	人定不了天，一切的一切还是按照历史轨迹走，我记得是三段历史走向，主角心累了	Humans cannot control fate, everything still follows the course of history. I remember three historical trajectories, and the protagonist is exhausted.	man can't defy heaven, everything still follows the track of history — I remember there were three historical branches, and the protagonist is exhausted
B-HOM-103	HOM	65.65	71.06	5.41	64.79	68.18	3.39	0	0	0	笑成猪头最好笑是因为！！！我本来就觉得很好笑哈哈哈，看到这个蚌不住了！！！	Laughing so hard my face looks like a pig is the funniest thing because!!! I already thought it was hilarious haha, but seeing this just broke me!!!	笑成猪头最好笑是因为！！！我本来就觉得很好笑哈哈哈，看到这个绷不住了！！！	Laughing so hard I look like a pig is the funniest thing because!!! I already thought it was hilarious hahaha, but seeing this broke me!!!	the pig-head laugh is the funniest because!!! I already found it hilarious hahaha, and seeing this I just lost it!!!
B-HOM-104	HOM	79.12	78.42	-0.70	78.40	79.08	0.67	0	100	100	真旅行青蛙！  去哪了 会给麻麻带明信片回来  真好	Real traveling frog! Where have you gone? Will you bring a postcard back to Mama? That's wonderful.	真旅行青蛙！  去哪了 会给妈妈带明信片回来  真好	Real traveling frog! Where have you gone? Will you bring a postcard back for Mom? That's wonderful.	a real Travel Frog! wherever it goes, it brings postcards back for mom — so sweet
B-HOM-105	HOM	87.37	89.76	2.40	72.68	76.30	3.63	100	100	0	兄dei，这么好的猪 你舍得一次性吃完吗（于谦声）	Brother, are you really going to finish such a good pig all at once? (Yu Qian's voice)	兄弟，这么好的猪 你舍得一次性吃完吗（于谦声）	Brother, are you really going to eat such a good pig all at once? (Yu Qian's voice)	bro, such a fine pig — could you really bear to eat it all in one go? (in Yu Qian's voice)
B-HOM-106	NEO	37.62	62.19	24.57	64.02	66.42	2.40	0	100	100	这高达味怎么这么重啊，真的是百合拯救了萝卜？	This fermented bean curd tastes so strong, did lily bulbs really save the radish?	这高达味怎么这么重啊，真的是百合拯救了机器人？	This Gada flavor is so strong, did lilies really save the robot?	why does this feel so much like Gundam — did yuri really save the mecha genre?
B-HOM-107	HOM	94.37	93.61	-0.75	77.49	77.86	0.37	100	100	0	淦，为什么要让我凌晨刷到，睡不着觉了()	Damn it, why did I have to see this at this hour? Now I can't sleep!	干，为什么要让我凌晨刷到，睡不着觉了()	Damn, why did you make me see this at 3 AM, now I can't sleep!	damn, why did I have to scroll onto this in the middle of the night, now I can't sleep ()
B-HOM-108	HOM	95.02	95.69	0.68	77.97	84.93	6.96	100	0	-100	免责声明，此为系统自动播放，与我无瓜	Disclaimer, this is a system-generated response and has nothing to do with me.	免责声明，此为系统自动播放，与我无关	Disclaimer, this is a system-generated playback and is not related to me.	disclaimer: this was autoplayed by the system, nothing to do with me
B-HOM-109	HOM	90.02	77.48	-12.54	68.47	72.44	3.97	100	100	0	又第一了 带领兄弟萌再冲一次～～～～	We're number one again! Let's charge forward together, brothers!～～～～	又第一了 带领兄弟们再冲一次～～～～	We're number one again! Let's lead the brothers and charge again～～～～	number one again — leading the bros for one more charge~~~~
B-HOM-110	HOM	43.94	55.52	11.58	47.50	40.17	-7.33	0	0	0	预计会火，火钳刘明	Likely to be a hit, fire tongs Liu Ming.	预计会火，火前留名	Expected to be popular, leaving a comment to mark my presence before it gets big.	this is going to blow up, leaving my name here before it does
B-HOM-111	HOM	62.69	71.87	9.18	66.30	64.18	-2.11	0	0	0	扳机歪了，前来还怨	The trigger is off-center, and they come back to complain.	扳机歪了，前来还愿	The trigger is askew, coming to fulfill a vow.	my pull for Trigger went off-banner — here to repay my vow
B-HOM-112	HOM	94.31	96.24	1.93	68.99	79.56	10.57	0	0	0	梅森：这我可太熟辣！	Mason: I know this place like the back of my hand!	梅森：这我可太熟啦！	Mason: I know this place like the back of my hand!	Mason: now this I know all too well!
B-HOM-114	HOM	93.73	97.30	3.57	75.70	82.57	6.87	0	0	0	我不行了我笑得要噶了	"I can't take it anymore, I'm laughing so hard I'm dying! 

(Or, a more colloquial option: I'm dying of laughter!)"	我不行了我笑得要挂了	I can't take it anymore, I'm laughing so hard I'm dying!	I can't take it, I'm about to die laughing
B-HOM-115	HOM	78.43	93.26	14.83	66.07	81.40	15.32	0	0	0	活到老学到老,似了也要学习	Live and learn, and continue learning even when nearing the end.	活到老学到老,死了也要学习	Live and learn, and learn even until you die.	live and learn — keep studying even when you're dead
B-HOM-116	HOM	66.30	76.42	10.12	59.60	52.16	-7.44	0	0	0	太好辣，是拐杖星人，我们没救了	Too spicy, it's the Turnip Head aliens, we're doomed!	太好啦，是拐杖星人，我们没救了	Oh my god, it's the Greys, we're doomed!	oh great, it's the crutch alien, we're doomed
B-HOM-117	HOM	68.99	71.64	2.65	58.92	58.56	-0.36	0	0	0	老八胃大，无需多盐	"Old Eight has a strong stomach; no need for extra salt. 

(Or, more idiomatically: Old Eight can handle it; no need for extra salt.)"	老八胃大，无需多言	"Old Eight has a big stomach; no further explanation needed. 

(Or, more idiomatically: Old Eight can really eat; it speaks for itself.)"	Laoba has a big stomach — no more words needed
B-HOM-118	HOM	62.18	95.87	33.69	42.13	67.42	25.29	100	100	0	雾草这幕太美了	"Wow, this scene is so beautiful. 

(Note: ""雾草"" is a Chinese internet slang expression, similar to ""wow"" or ""damn"" used for emphasis, often expressing surprise or admiration. A more literal translation wouldn't capture the intended feeling.)"	卧槽这幕太美了	"Wow, this scene is so beautiful! 

(Or, depending on context and desired level of formality: Holy crap, this scene is amazing!)"	holy crap this scene is gorgeous
B-HOM-119	NEO	85.31	100.00	14.69	67.46	85.67	18.20	0	100	100	欧内该，我什么都愿意做	For you, Ainei, I am willing to do anything.	拜托了，我什么都愿意做	Please, I'm willing to do anything.	please, I'll do anything
B-HOM-120	HOM	98.58	98.60	0.02	71.42	73.90	2.47	100	100	0	果然混元是个妹纸	As expected, Hunyuan is a girl.	果然混元是个妹子	As expected, Hunyuan is a girl.	so Hunyuan really is a girl after all
B-HOM-121	HOM	72.05	85.95	13.90	51.83	73.26	21.43	0	100	100	年轻人不讲武德！耗子尾汁	Young people these days have no respect for martial arts! It's a lost cause.	年轻人不讲武德！好自为之	Young people these days have no respect for martial ethics! Take care and behave yourselves.	young people have no martial virtue! you'd better behave yourselves
B-HOM-122	HOM	58.62	71.21	12.59	40.89	63.80	22.90	0	0	0	官方踏马自黑，这下别人黑不了了	"The official source has thoroughly discredited itself, now no one else can criticize it. 

(Note: This translation attempts to convey the strong, colloquial, and somewhat vulgar tone of the original Chinese. ""踏马自黑"" is a very strong expression meaning to completely ruin one's own reputation.)"	官方他妈自黑，这下别人黑不了了	The official account is self-deprecating to such an extent that no one else can criticize it now.	the officials are freaking roasting themselves, now nobody else can roast them
B-HOM-123	HOM	90.86	97.14	6.27	56.30	77.79	21.49	100	0	-100	这俩老男人的沙雕人生	"These two old men's silly/absurd life. 

(Or, more colloquially, depending on context: These two old guys are living a ridiculous life.)"	这俩老男人的傻屌人生	These two old men's pathetic lives.	the goofball life of these two old guys
B-HOM-124	HOM	80.99	95.70	14.72	67.85	82.55	14.70	0	100	100	被天使蚊过的嗓子	A throat bitten by angel mosquitoes.	被天使吻过的嗓子	A voice kissed by angels.	a voice kissed by an angel
B-HOM-125	HOM	95.23	99.10	3.87	53.29	74.78	21.50	100	100	0	上一个视频就是不讲内个	The last video just wouldn't talk about *that thing*.	上一个视频就是不讲那个	The last video just wouldn't talk about that.	the last video just wouldn't talk about that
B-HOM-127	HOM	96.39	92.50	-3.89	73.61	41.45	-32.16	0	0	0	可以四了这游戏	Let's end this game.	可以死了这游戏	This game is unplayable.	this game can just die already
B-HOM-128	HOM	92.44	99.96	7.52	49.24	68.26	19.02	100	100	0	全体欣赏阴乐	Appreciating music as a whole.	全体欣赏音乐	Enjoy the music.	everyone, enjoy the music
B-HOM-129	HOM	28.31	27.32	-0.99	37.20	31.06	-6.14	100	100	0	锁呐区甲亢哥	"Suona District Hyperthyroidism Brother 

(This is a somewhat unusual phrase, likely a nickname or internet handle. ""锁呐区"" refers to the Suona district, ""甲亢"" means hyperthyroidism, and ""哥"" means brother - often used informally.)"	唢呐区甲亢哥	"Suona District Hyperthyroidism Brother 

(This is a literal translation, as the phrase appears to be internet slang/a nickname. It's likely referencing someone known for playing the *suona* (a traditional Chinese double-reed horn) in a specific area and having hyperthyroidism.)"	suona-section Speed
B-HOM-130	HOM	72.34	97.78	25.44	49.59	82.84	33.25	0	0	0	哎你怎么似了	What's wrong? / What happened to you? / You don't seem yourself.	哎你怎么死了	Hey, how did you die?	hey, how come you died
B-HOM-131	HOM	83.80	84.71	0.91	76.78	67.55	-9.23	0	100	100	密码的，很久没笑得这么无语了	Password-protected, I haven't been this speechless from laughter in a long time.	妈的，很久没笑得这么无语了	"Damn, I haven't been speechless with laughter in ages. 

(Or, a slightly more colloquial/stronger version: Holy crap, I haven't been this lost for words from laughing in forever.)"	damn, it's been ages since I laughed this speechlessly
B-PYA-088	PYA	93.01	95.07	2.06	79.86	83.72	3.86	0	100	100	不是，我TM哪来的教材，你在逗我呢	No, where would I even get textbooks, are you kidding me?	不是，我他妈哪来的教材，你在逗我呢	No, where the hell would I get textbooks? Are you kidding me?	wait, where the hell would I get a textbook, are you kidding me
B-PYA-089	PYA	95.86	97.03	1.17	77.93	82.47	4.54	0	100	100	md，这军方也这么乱，难怪市民们这么乐观，哈哈	Wow, the military is so chaotic too, no wonder the citizens are so optimistic, haha.	妈的，这军方也这么乱，难怪市民们这么乐观，哈哈	Damn, the military is such a mess too, no wonder the citizens are so optimistic, haha.	damn, even the military is this chaotic, no wonder the citizens are so optimistic, haha
B-PYA-090	PYA	93.30	93.90	0.60	77.93	79.77	1.84	0	100	100	wc我想要高斯裤子的链接，真的好帅	I want the link to those Gauss pants, they're really cool!	卧槽我想要高斯裤子的链接，真的好帅	Holy crap, I want the link to those Gauss pants, they're seriously so cool!	whoa I want the link to Gauss's pants, they look so cool
B-PYA-091	PYA	93.98	100.00	6.02	65.53	81.78	16.25	0	0	0	WC，这都能被发现啊	Wow, even this could be discovered.	卧槽，这都能被发现啊	Wow, I can't believe this was discovered!	whoa, even this got noticed
B-PYA-092	PYA	96.25	100.00	3.75	68.29	85.90	17.61	0	0	0	woc太萌了	"Wow, so cute! 

(or, depending on context/tone: Oh my god, so adorable!)"	卧槽太萌了	Oh my god, so cute!	omg so cute
B-PYA-093	PYA	80.83	59.59	-21.25	64.20	57.47	-6.73	0	100	100	dbq小啵有点像触电了	dbq Xiao Bo is a little like getting an electric shock.	对不起小啵有点像触电了	"Sorry, Xiao Bo seemed to get a little shocked. 

(Or, depending on context, a more playful translation could be: Sorry, Xiao Bo just got a little *zapped*.)"	sorry but Xiaobo kind of looks electrocuted
B-PYA-094	PYA	65.18	96.90	31.72	49.37	83.40	34.04	100	0	-100	无线能源是基于无线水的原理吗？(bushi)	"Is wireless energy based on the principle of wireless water? (not really/no) 

(The ""(bushi)"" indicates a negative response or disagreement, often used informally.)"	无线能源是基于无线水的原理吗？(不是)	Is wireless energy based on the principle of wireless water? (No)	is wireless energy based on the principle of wireless water? (jk)
B-PYA-095	PYA	85.94	92.26	6.33	58.62	72.48	13.87	0	0	0	光明，赐予我力量（bushi）	Light, grant me strength (not really).	光明，赐予我力量（不是）	Light, grant me strength (but not).	light, grant me power (jk)
B-PYA-096	PYA	92.26	95.31	3.04	79.74	80.52	0.78	0	0	0	这么说我才发现字幕不是视频自带的hhhh	So saying that, I just realized the subtitles aren't embedded in the video lol.	这么说我才发现字幕不是视频自带的哈哈哈哈	So saying that, I just realized the subtitles aren't embedded in the video, haha!	now that you mention it, I just realized the subtitles aren't part of the video hahaha
B-PYA-097	PYA	29.66	86.05	56.39	31.87	67.15	35.29	100	100	0	完了疑似吉米被吓疯了hh	"It seems Jimmy was scared to death lol. 

(Or, a more literal but less natural translation: Completed/Finished, seemingly Jimmy was scared crazy hh.)

**Note:** ""hh"" is internet slang in Chinese, similar to ""lol"" or ""haha"" in English. ""完了"" can mean ""finished,"" ""done for,"" or ""it's over,"" but in this context, it's used to express a sense of something dramatic happening. ""疑似"" means ""seemingly"" or ""apparently."""	完了疑似吉米被吓疯了哈哈	"Looks like Jimmy was scared silly, haha. 

(Or, a more literal but less natural translation: It seems Jimmy was frightened to the point of madness, haha.)"	uh oh, Jimmy seems scared out of his mind haha
B-PYA-098	PYA	95.52	95.16	-0.36	72.52	80.09	7.57	100	100	0	看清楚材质吧，pdd很多都是聚酯纤维，你问客服没几个敢说是纯棉的	Check the material carefully, a lot of items on Pinduoduo are polyester, and few customer service representatives will admit they're 100% cotton if you ask.	看清楚材质吧，拼多多很多都是聚酯纤维，你问客服没几个敢说是纯棉的	Pay attention to the material—a lot of products on Pinduoduo are polyester, and few customer service representatives will admit they're 100% cotton if you ask.	check the fabric carefully — a lot of stuff on Pinduoduo is polyester, and few customer-service reps dare claim it's pure cotton
B-PYA-099	PYA	70.91	87.56	16.64	58.49	60.13	1.64	0	0	0	27W收藏4W点赞服了不提醒还不知道........	Collected by 27k, liked by 40k, and I wouldn't have known if no one told me...	27万收藏4万点赞服了不提醒还不知道........	With 270,000 collections and 40,000 likes, I wouldn't have known if no one had told me...	270k saves and 40k likes, unbelievable — I wouldn't even have known without the reminder……
B-PYA-100	PYA	91.95	92.20	0.25	73.53	78.28	4.75	0	0	0	20w收藏3w点赞	20k collections, 30k likes.	20万收藏3万点赞	200,000 collections, 30,000 likes.	200k saves, 30k likes
B-PYA-101	PYA	86.14	67.24	-18.90	68.05	66.27	-1.78	0	0	0	啊？60w围攻45w的城，对方还以骑兵为主？？！	Huh? Sieging a city with 600k troops against a 450k defense, and they're primarily cavalry?!	啊？60万围攻45万的城，对方还以骑兵为主？？！	Huh? Sieging a city with 450,000 troops with 600,000, and they're primarily cavalry?!	what? 600k besieging a city of 450k, and the enemy is mostly cavalry??!
B-PYA-102	PYA	67.41	57.37	-10.04	53.97	61.08	7.11	100	100	0	“义人，就是ta，欺负我。”	"The righteous person… it’s them, bullying me. 

(Or, more colloquially: That righteous person is the one bullying me.)"	“义人，就是他，欺负我。”	"The righteous one—it is he—who bullies me. 

(Or, more naturally: He, the righteous one, is the one who bullies me.)"	Righteous one, it was them — they bullied me.
B-PYA-103	PYA	55.82	44.89	-10.94	43.92	71.49	27.57	0	100	100	好装好假好ex	Easy to install, easy to fake, good ex.	好装好假好恶心	Easy to install, easy to fake, utterly disgusting.	so pretentious, so fake, so gross
B-PYA-104	PYA	58.61	78.65	20.03	47.44	37.04	-10.40	0	0	0	死yxh滚远点	Die, get lost, and go far away.	死营销号滚远点	Get lost, you spam account.	damn clickbait accounts, get lost
B-PYA-106	PYA	88.71	70.77	-17.94	66.20	75.81	9.61	0	0	0	牛啊，我怎么幻听出歌词了(bushi)	Wow, I could have sworn I heard lyrics (or am I imagining things?).	牛啊，我怎么幻听出歌词了(不是)	Wow, I could have sworn I heard lyrics (but I didn't).	impressive — why am I hallucinating lyrics out of this (jk)
B-PYA-107	PYA	88.13	90.14	2.01	72.10	74.77	2.67	0	0	0	心灵感应原版就是致敬火花hhh	Telepathy Original is just a tribute to Spark, lol.	心灵感应原版就是致敬火花哈哈哈	Telepathy Original is just a tribute to Spark, haha.	the original Telepathy really is a homage to Spark hahaha
B-PYA-108	PYA	85.52	87.74	2.22	70.20	53.94	-16.26	0	0	0	woc瞬间高清修补版	World of Warcraft instant HD patch.	卧槽瞬间高清修补版	Wow, instant HD patch.	whoa, instantly the HD restored version
B-NEO-096	NEO	83.41	83.39	-0.01	81.68	82.98	1.30	0	0	0	泪目，我一直不知道自己想做什么，感觉选择的大都错了，已经索性不想选择了...糟糕啊...	Tears welling up, I've always had no idea what I want to do, and feel like most of my choices have been wrong. Now I just don't even want to choose anymore... Oh no...	眼泛泪光，我一直不知道自己想做什么，感觉选择的大都错了，已经索性不想选择了...糟糕啊...	My eyes welled with tears, and I've always had no idea what I want to do, feeling like most of my choices have been wrong, to the point where I just don't want to choose anymore... Oh dear...	tearing up — I've never known what I want to do, feels like most of my choices were wrong, and now I've simply stopped choosing… this is bad…
B-NEO-097	NEO	75.13	70.81	-4.33	73.43	74.59	1.16	100	0	-100	10后，上一次看是三年前了，但是也泪目了	After 10 PM, the last time I cried was three years ago, but that still made me tear up.	10后，上一次看是三年前了，但是也落泪了	After 10 PM, the last time I cried was three years ago, but I still shed tears then.	born after 2010 — last watched this three years ago, but it still made me tear up
B-NEO-098	NEO	91.29	91.36	0.07	78.08	80.03	1.94	0	0	0	虽然整个乐队前期像拼好队一样，但是结局随着独角兽的回归写的还是不错的	Although the band initially felt like a hastily assembled team, the ending, with the unicorn's return, was written quite well.	虽然整个乐队前期像拼凑起来的队伍一样，但是结局随着独角兽的回归写的还是不错的	Although the band initially felt like a cobbled-together group, the ending, with the unicorn's return, was written quite well.	even though the band felt like a thrown-together group-buy squad early on, the ending with the unicorn's return was written pretty well
B-NEO-099	NEO	87.85	87.01	-0.84	72.50	75.93	3.43	0	0	0	“苏新皓你好的太突出”这句话的含金量还在上升	"The value of the statement ""Su Xinhao is too outstanding"" continues to increase."	“苏新皓你好的太突出”这句话的价值还在提升	"The value of the statement ""Su Xinhao, you are too outstanding"" is still increasing."	"the line ""Su Xinhao, your hello is too striking"" keeps proving truer and truer"
B-NEO-100	NEO	92.36	92.52	0.17	72.13	70.17	-1.97	0	0	0	扎格列斯之手的含金量还在上升！	The prestige of the Hand of Zagreus continues to rise!	扎格列斯之手的价值还在提升！	The value of Zagreus's Hand is still increasing!	the Hand of Zagreus keeps proving its worth!
B-NEO-101	NEO	59.34	60.63	1.30	56.00	66.73	10.73	0	0	0	红温了，把打野怪爆的装备给炸了，你好歹拿一些吧	It's glowing red hot, you blew up the equipment for farming monsters, at least take some of it!	气急了，把打野怪爆的装备给炸了，你好歹拿一些吧	Out of frustration, I destroyed the equipment for clearing jungle monsters – at least take some of it!	he's fuming — blew up the gear dropped from jungle monsters, at least take some of it, man
B-NEO-102	NEO	83.69	77.31	-6.39	74.41	69.79	-4.61	0	0	0	反派看到了硬控他的回忆……	The villain saw the forcibly controlled memories…	反派看到了完全控制住他的回忆……	The villain saw his memories completely under control…	the villain saw the memories that completely transfixed him……
B-NEO-103	NEO	92.37	95.69	3.32	73.35	75.79	2.44	100	0	-100	我还以为是9.9元拼好饭呢	I thought it was just a 9.9 yuan combo meal.	我还以为是9.9元拼单买的饭呢	I thought it was one of those group-buy meals for 9.9 yuan.	I thought it was a 9.9-yuan group-buy meal deal
B-NEO-104	NEO	59.83	71.14	11.31	57.32	59.78	2.46	100	0	-100	向佐药水哥梦幻联动！	"Xiang Zuo and Medicine Brother have an unexpected/dream collaboration! 

(Or, more colloquially, depending on context: Xiang Zuo and Medicine Brother teamed up in a surprising way!)"	向佐药水哥跨界合作！	"Xiang Zuo and ""Medicine Brother"" collaborate across industries!"	Xiang Zuo and Yaoshui-ge, a dream crossover!
B-NEO-105	NEO	62.16	71.50	9.34	42.55	46.77	4.22	0	0	0	电子榨菜配跳跳糖	Preserved mustard greens with popping candy.	下饭视频配跳跳糖	Food-porn videos paired with Pop Rocks.	comfort-viewing video paired with popping candy
B-NEO-106	NEO	81.95	99.03	17.08	51.55	84.03	32.48	0	0	0	这声音绝绝子	"This sound is amazing! 

(or, depending on context and desired nuance: This sound is the best! / This sound is incredible!)"	这声音好极了	This sound is wonderful!	this voice is simply divine
B-NEO-107	NEO	77.25	76.69	-0.57	70.46	74.33	3.87	0	0	0	假师傅让拜，真师傅反而不让拜，难绷了	It's frustrating how fake masters readily accept reverence, while genuine masters discourage it.	假师傅让拜，真师傅反而不让拜，让人无语了	Fake masters readily accept worship, but true masters actually discourage it – it's frustrating.	the fake master lets you bow to him, but the real master won't — I can't even
B-NEO-108	NEO	90.64	97.62	6.98	62.43	81.33	18.89	0	0	0	一想到一睁眼就有倒计时就难绷	"The thought of waking up to a countdown is incredibly stressful. 

(Or, more colloquially: Just thinking about waking up to a countdown is making me anxious/freak out.)"	一想到一睁眼就有倒计时就受不了	I can't stand the thought of waking up to a countdown.	the thought of waking up to a countdown every day just breaks me
B-MIX-092	MIX	94.65	91.44	-3.21	76.81	72.26	-4.55	100	100	0	完全不给队友上buff的机会	Doesn't give teammates any chance to receive buffs.	完全不给队友上增益的机会	Doesn't give teammates any chance to receive buffs.	gives teammates zero chance to apply buffs
B-MIX-093	MIX	73.55	37.96	-35.59	58.41	56.75	-1.66	100	100	0	不会侵蚀后全是boss吧	It'll probably be all bosses after the corrosion is gone, right?	不会侵蚀后全是头目吧	Won't erosion just leave all the bosses behind?	don't tell me everything after the corruption is a boss
B-MIX-094	MIX	72.99	75.57	2.57	41.76	44.64	2.88	100	0	-100	顾客：心平气和.jpg	"Customer: Calm down. (or Keep calm.) 

(The "".jpg"" implies it's an image macro/meme, often used to convey the message visually, so a simple, direct translation reflecting that usage is best.)"	顾客：心平气和的表情包	"Customer: Calm/peaceful/composed expression pack/emojis. 

(More contextually: Customer is looking for emojis/stickers that convey a calm/peaceful/composed demeanor.)"	customer: calm-and-composed.jpg
B-MIX-095	MIX	93.92	90.42	-3.49	78.91	56.54	-22.37	100	100	0	海皇cpu高速运转中……	Sea Emperor CPU running at high speed...	海皇大脑高速运转中……	"Neptune's brain is running at high speed... 

(or, more colloquially)

The Sea Emperor's brain is working overtime..."	the Sea Emperor's CPU is running at full speed……
B-MIX-096	MIX	77.38	72.61	-4.77	64.60	66.73	2.13	100	100	0	可以无限卡bug，站起来再躺下去，站起来再躺下去。	You can infinitely glitch/exploit bugs, stand up and lie back down, stand up and lie back down.	可以无限卡漏洞，站起来再躺下去，站起来再躺下去。	Exploit glitches indefinitely, stand up and lie back down, stand up and lie back down.	you can exploit the bug endlessly — stand up, lie back down, stand up, lie back down.
B-MIX-097	MIX	48.46	40.53	-7.93	41.94	49.31	7.37	0	0	0	在扳机的视频里刷什么悠真真的很ky好吧	What people are commenting on the trigger video... Yozora is really acting like a pervert, isn't she?	在扳机的视频里刷什么悠真真的很不会看气氛好吧	In the comments section of the trigger warning video, Yozora really doesn't know how to read the room, does she?	spamming Harumasa comments on a Trigger video is honestly so tone-deaf, okay
B-MIX-098	MIX	77.40	78.89	1.49	60.74	77.49	16.75	100	0	-100	别什么过场都搞qte，破坏连贯	Don't make every cutscene a quick-time event; it breaks the flow.	别什么过场都搞快速反应事件，破坏连贯	Don't turn every transition into a fast-paced event, disrupting the flow.	stop putting QTEs in every cutscene, it ruins the flow
B-MIX-099	MIX	82.65	79.29	-3.35	61.47	65.02	3.55	0	0	0	不是哥们，怎么pv就删了。	Not friends, and you just deleted the private message?	不是哥们，怎么宣传片就删了。	If you're not friends, why was the promotional video deleted?	wait bro, why did the PV get deleted.
B-MIX-100	MIX	95.97	99.39	3.42	80.40	83.42	3.02	100	100	0	要是做出这样的mod，那就有意思了	If someone were to make a mod like that, now *that* would be interesting.	要是做出这样的模组，那就有意思了	If someone were to make a mod like that, that would be interesting.	if someone made a mod like this, that would be fun
B-MIX-101	MIX	91.36	76.18	-15.18	75.47	65.00	-10.47	100	100	0	omg！这是谁家的小孩这么有出息啊啊啊啊啊	Oh my god! Whose child is so impressive/promising/successful! Ahhhhh!	我的天！这是谁家的小孩这么有出息啊啊啊啊啊	Oh my goodness! Whose child is so accomplished/promising/successful?! (with a lot of excited emphasis)	omg! whose kid is this, so talented ahhhh
B-MIX-102	MIX	99.11	97.88	-1.23	73.81	74.58	0.77	100	100	0	很多老外不知道田一鸣叫什么，就叫他super idol	Many foreigners don't know Tian Yiming's name, so they just call him super idol.	很多老外不知道田一鸣叫什么，就叫他超级偶像	Many foreigners don't know Tian Yiming's name, so they just call him Super Idol.	many foreigners don't know Tian Yiming's name, so they just call him super idol
B-MIX-103	MIX	93.03	94.87	1.84	70.81	77.61	6.80	0	0	0	知名up主老番茄视频内容不慎跌回五年前的水平	Well-known video blogger Lao Fanqie's content has unfortunately regressed to the level of five years ago.	知名视频作者老番茄视频内容不慎跌回五年前的水平	Well-known video creator Lao Fanqie's video content has unfortunately regressed to the level of five years ago.	famous uploader LaoFanQie's video content has accidentally slipped back to its level five years ago
B-MIX-104	MIX	98.71	93.67	-5.03	82.53	63.33	-19.20	100	100	0	我打个csgo心跳都能160	My heart rate can reach 160 bpm when I play CS:GO.	我打个反恐精英心跳都能160	My heart rate can reach 160 bpm when I play Counter-Strike.	my heart rate hits 160 just playing CS:GO
B-MIX-105	MIX	99.66	99.52	-0.13	56.00	88.16	32.16	100	100	0	回答我，鸟为什么会飞？ Look at my eye, tell me why!	Answer me, why do birds fly? Look at my eye, tell me why!	回答我，鸟为什么会飞？ 看着我的眼睛，告诉我为什么！	Answer me, why do birds fly? Look into my eyes, tell me why!	answer me, why can birds fly? Look at my eye, tell me why!
B-MIX-106	MIX	92.19	92.42	0.22	83.65	82.03	-1.62	100	100	0	这里应该说的是welcome to shaolin 吧	"It should be saying ""welcome to Shaolin,"" right?"	这里应该说的是欢迎来到少林 吧	"This should be saying ""Welcome to Shaolin,"" right?"	what he should have said here is welcome to Shaolin, right
B-MIX-107	MIX	91.23	85.85	-5.37	62.92	61.27	-1.65	100	100	0	这BGM给我干天津去了	This BGM sent me to Tianjin.	这背景音乐给我干天津去了	This background music is sending me to Tianjin.	this BGM just teleported me straight to Tianjin
B-MIX-108	MIX	48.13	46.83	-1.30	35.07	35.59	0.52	100	100	0	小八和啵哝就像是妈妈带了个teenager出来我服了。	"Xiao Ba and Bo Nong are like a mom bringing a teenager out – I'm impressed/defeated/can't handle it. 

(Note: The nuance of ""服了"" is context-dependent, ranging from impressed admiration to being overwhelmed and conceding defeat.)"	小八和啵哝就像是妈妈带了个青少年出来我服了。	"Xiao Ba and Bo Nong are like a mom bringing out a teenager – I'm impressed/defeated/can't handle it. 

(Note: The nuance of ""服了"" is context-dependent, ranging from impressed admiration to being overwhelmed and conceding defeat.)"	Xiaoba and Bonong are just like a mom taking a teenager out, I can't with them.
B-MIX-109	MIX	84.59	84.64	0.05	76.27	75.92	-0.35	100	100	0	其实我不仅是rapper，我还是DJ，香蜜湖你听见了吗	Actually, I'm not just a rapper, I'm also a DJ, can you hear me, Xiangmihu?	其实我不仅是说唱歌手，我还是打碟师，香蜜湖你听见了吗	Actually, I'm not just a rapper, I'm also a DJ—Xiangmihu, can you hear me?	actually I'm not just a rapper, I'm also a DJ — Xiangmi Lake, can you hear me
B-MIX-110	MIX	76.54	70.50	-6.04	68.40	66.91	-1.49	100	0	-100	我家小逻怎么成敌方boss单位了？还有精英干员长颈鹿	How did my little Luo end up as an enemy boss unit? And there's also an elite operator Giraffe!	我家小逻怎么成敌方头目单位了？还有精英干员长颈鹿	How did my little Luo end up as an enemy commander unit? And there's an elite operator, Giraffe too!	how did my Xiaoluo become an enemy boss unit? and there's an elite operator giraffe too
B-MIX-111	MIX	78.92	78.22	-0.70	38.14	55.06	16.92	100	100	0	看得ptsd犯了	"It was so disturbing it gave me PTSD. 

(Or, more literally, but less natural: Seeing it triggered my PTSD.)"	看得创伤后应激障碍犯了	They triggered my PTSD.	watching this triggered my PTSD
B-MIX-112	MIX	93.26	95.47	2.21	79.54	83.10	3.56	100	0	-100	我独自拯救一切Pro max	I single-handedly saved everything Pro Max.	我独自拯救一切加强版	I Alone Save the World - Enhanced Edition	I Alone Save Everything, Pro Max edition
B-MIX-113	MIX	87.51	87.14	-0.37	61.76	65.50	3.74	100	100	0	那是债主催债了bro	That's debt collecting, bro.	那是债主催债了兄弟	That's debt collecting, brother.	that's the creditor coming to collect, bro
B-MIX-114	MIX	82.79	85.83	3.03	70.70	77.61	6.90	0	0	0	姐！邀请宋雨琦上节目！E人很适合！章昊也是！	Sister! Invite Song Yuqi to be on the show! E people are a good fit! Zhang Hao too!	姐！邀请宋雨琦上节目！外向的人很适合！章昊也是！	Sister! Invite Song Yuqi to be on the show! Outgoing people are a good fit! Zhang Hao is too!	sis! invite Song Yuqi onto the show! extroverts are perfect for it! Zhang Hao too!
B-MIX-115	MIX	77.81	83.47	5.66	78.05	81.38	3.33	0	100	100	好阳光啊，这一定是相互救赎的少女乐队故事吧www	What beautiful sunshine, this must be a story about a girl band saving each other, right? www	好阳光啊，这一定是相互救赎的少女乐队故事吧哈哈哈	What beautiful sunshine! This must be a story about a girl band saving each other, haha.	so wholesome — this must be a girls-band story of mutual redemption lol
B-MIX-116	MIX	77.54	86.51	8.96	58.67	79.95	21.28	100	0	-100	小时候我没有cp这个概念，一直认为这俩只是朋友	"When I was little, I didn't have the concept of ""ships"" (romantic pairings), and I always thought they were just friends."	小时候我没有情侣配对这个概念，一直认为这俩只是朋友	When I was little, I didn't have the concept of couples, and always thought they were just friends.	as a kid I had no concept of shipping — I always thought these two were just friends
B-MIX-117	MIX	90.93	92.34	1.40	80.97	81.82	0.85	100	0	-100	妹妹在cos商鞅吗	Is my younger sister cosplaying Shang Yang?	妹妹在扮演商鞅吗	Is my younger sister playing the role of Shang Yang?	is the girl cosplaying Shang Yang
B-MIX-118	MIX	94.61	94.58	-0.02	79.90	77.79	-2.11	100	100	0	哎呀，蚊子得了MVP！	Oh my, the mosquito got MVP!	哎呀，蚊子得了全场最佳！	Oh my, the mosquito won MVP!	oops, the mosquito got the MVP!
B-MIX-119	MIX	93.61	95.60	1.99	82.78	82.61	-0.17	100	100	0	这都ai配音了，字幕当然也是ai啊	This is all AI-voiced, so of course the subtitles are AI-generated too.	这都人工智能配音了，字幕当然也是人工智能啊	This is all AI voiceover, so of course the subtitles are AI too.	the voiceover is already AI, so of course the subtitles are AI too
B-MIX-120	MIX	83.02	64.48	-18.54	67.93	53.44	-14.49	100	100	0	谁还没看我都会伤心的OK？	Anyone who hasn't watched me will make me sad, okay?	谁还没看我都会伤心的好吗？	"Whoever hasn't watched me, I'll be sad, okay? 

(Or, more naturally: I'll be really sad if you don't watch me, okay?)"	if anyone hasn't watched this yet I'll be sad, OK?
B-MIX-121	MIX	85.75	88.74	2.98	49.41	55.19	5.77	100	100	0	少看一天b站都剪不出来	Even after not watching Bilibili for a day, I still can't finish editing this video.	少看一天哔哩哔哩都剪不出来	Even missing one day of Bilibili makes it impossible to finish editing.	skip even one day of Bilibili and you couldn't edit this
B-MIX-122	MIX	99.06	99.04	-0.01	83.90	84.12	0.22	100	100	0	只是一个道歉，but这个道歉的代价实在太高	Just an apology, but the cost of this apology is too high.	只是一个道歉，但是这个道歉的代价实在太高	Just an apology, but the cost of this apology is too high.	it's just an apology, but the price of this apology is way too high
B-MIX-123	MIX	85.93	91.73	5.80	44.52	82.31	37.79	0	100	100	记者会？不，个人show time	Press conference? No, it's my time to shine.	记者会？不，个人表演时间	Press conference? No, it's one-man show time.	a press conference? no, it's personal show time
B-MIX-124	MIX	76.60	89.47	12.87	59.30	79.03	19.74	100	0	-100	这一场演得不好，应该喊cut重来	This take wasn't good, we should call cut and redo it.	这一场演得不好，应该喊停重来	This performance wasn't good; we should have stopped it and started over.	this scene was badly acted, someone should call cut and redo it
B-MIX-125	MIX	97.88	98.51	0.63	83.76	85.21	1.45	100	100	0	喝水这part我真的笑了	The part about drinking water really made me laugh.	喝水这部分我真的笑了	This part about drinking water really made me laugh.	the water-drinking part genuinely made me laugh
B-MIX-126	MIX	96.62	98.16	1.55	75.65	82.62	6.96	100	0	-100	中式恐怖，真的next level	Chinese horror is truly next level.	中式恐怖，真的更上一层楼	Chinese horror has truly reached a new level.	Chinese-style horror, truly next level
B-MIX-127	MIX	98.56	97.40	-1.16	82.45	84.07	1.62	100	0	-100	他们都在好奇那个npc是谁扮的	They are all wondering who played that NPC.	他们都在好奇那个非玩家角色是谁扮的	They were all curious about who was playing that non-player character.	they're all wondering who played that NPC
B-MIX-128	MIX	94.48	90.47	-4.02	76.94	67.59	-9.35	0	100	100	os好想看张桂源也来一期	I really want to see Zhang Guiyuan on the show too.	内心独白好想看张桂源也来一期	I really want to see a solo episode featuring Zhang Guiyuan on Inner Monologue.	inner monologue: I really want to see Zhang Guiyuan do an episode too
B-MIX-129	MIX	98.56	97.75	-0.82	73.10	69.93	-3.17	100	0	-100	我已经走在了country road 上了	I am already walking on the country road.	我已经走在了乡间小路 上了	I am already walking on the country path.	I'm already walking on the country road
B-MIX-130	MIX	71.03	93.02	21.98	55.99	82.82	26.83	0	0	0	从来没有get到他颜值	"I've never understood his appeal/attractiveness. 

(Or, more colloquially: I've never gotten his looks.)"	从来没有领略到他颜值	Never realized how good-looking he is.	I've never gotten the appeal of his looks
B-MIX-131	MIX	93.86	95.72	1.86	57.50	76.25	18.75	100	100	0	看哪一只eye啊sir	Which eye, sir?	看哪一只眼啊长官	Which eye should I look at, sir?	looking at which eye, sir
B-MIX-132	MIX	97.67	97.59	-0.08	38.29	82.71	44.42	100	100	0	天磊：what can I say	Tian Lei: What can I say?	天磊：我能说什么	Tian Lei: What can I say?	Tianlei: what can I say
B-MIX-133	MIX	91.90	95.92	4.02	78.44	81.24	2.80	100	100	0	唉，我去，真的有比利诶。该不会是暗示sp比利吧	Ugh, wow, there really is Billy! Could this be hinting at SP Billy?	唉，我去，真的有比利诶。该不会是暗示特殊版比利吧	Oh my god, there really is Billy! Could this be hinting at a special edition Billy?	whoa, there really is a Billy — could this be hinting at an SP Billy
B-MIX-134	MIX	87.76	89.09	1.33	64.44	73.49	9.06	0	100	100	摊主，我也是你们play中的一环吗	Vendor, am I also a part of your game?	摊主，我也是你们角色扮演中的一环吗	Vendor, am I also part of your roleplay?	stall owner, am I also part of your roleplay
B-MIX-135	MIX	92.79	83.84	-8.95	73.90	76.96	3.06	100	100	0	抽me,please抽me	Spank me, please spank me.	抽我,请抽我	Pick me, please pick me.	draw me, please draw me
B-MIX-136	MIX	99.64	98.27	-1.37	75.42	80.79	5.37	100	100	0	boss已进入二阶段	The boss has entered phase 2.	头目已进入二阶段	The boss has entered phase two.	the boss has entered phase two
B-MIX-137	MIX	94.59	93.36	-1.23	77.01	77.46	0.45	100	0	-100	这里是以为他要长期练，mcn没沟通好	This is because he was expected to train for a long time, and there was poor communication with the MCN.	这里是以为他要长期练，传媒公司没沟通好	This is because they thought he would be training for a long time, and the media company didn't communicate well.	here they thought he'd be training long-term — the MCN agency didn't communicate properly
B-MIX-138	MIX	53.93	86.30	32.37	49.64	80.77	31.13	0	0	0	加拉赫上线一年了还在c	Galahad has been online for a year and is still crashing/buggy.	加拉赫上线一年了还在当主力	Gallagher has been a regular starter for a year now.	Gallagher has been out for a year and is still carrying
B-MIX-139	MIX	80.20	81.79	1.59	48.45	74.47	26.02	100	100	0	直伤+超击破+dot伤害	Direct damage + crit/break damage + damage over time.	直伤+超击破+持续伤害	Direct damage + critical hit + damage over time	direct damage + super break + DoT damage
B-HOM-133	PYA	94.37	86.80	-7.57	72.72	64.33	-8.39	100	100	0	兄dei  成佛吧   修仙太难了	Brother, become a Buddha; cultivating immortality is too difficult.	兄弟  成佛吧   修仙太难了	Become a Buddha, brother. Cultivation is just too hard.	bro, just become a buddha — cultivating immortality is too hard
B-HOM-134	HOM	89.35	69.99	-19.36	61.86	74.82	12.96	100	100	0	我真怕药水一拳给向左打晕过去	I'm really worried that Yaoshui will knock Xiang Zuo unconscious with one punch.	我真怕药水一拳给向佐打晕过去	I'm really worried the potion will knock Xiang Zuo out cold with one punch.	I'm really afraid Yaoshui will knock Xiang Zuo out with one punch
B-HOM-135	HOM	79.84	85.27	5.43	72.12	77.00	4.88	0	100	100	甲亢哥：我还能再看亿遍	Hyperthyroidism Bro: I could watch this a billion times.	甲亢哥：我还能再看一亿遍	Hyperthyroidism Guy: I could watch this a hundred million more times.	Jiakang Bro: I could watch this a hundred million more times
B-NEO-109	NEO	83.94	91.59	7.65	60.65	68.62	7.97	100	100	0	逆天，吴国给日本朝贡都来了	Outrageous, Wu sent tribute to Japan!	离谱，吴国给日本朝贡都来了	Outrageous, Wu Kingdom is even paying tribute to Japan.	outrageous — now we've even got the Wu kingdom paying tribute to Japan
B-NEO-110	NEO	77.81	66.83	-10.98	60.97	62.11	1.14	0	100	100	泪目了，米哈游你坏事做尽	"Tears welling up, Mihoyo, you've done nothing but bad things. 

(Or, a more colloquial translation: This is making me cry, Mihoyo, you're the worst!)"	感动落泪了，米哈游你坏事做尽	I was moved to tears, HoYoverse, you've done nothing but cause trouble.	I teared up — miHoYo, you've done every evil deed there is
B-NEO-111	NEO	77.97	89.25	11.29	70.89	81.94	11.05	100	0	-100	双非大学生，还没进厂。光看这个社会环境已经感觉自己燃尽了	A non-elite university student, and still hasn't started working at a factory. Just looking at the current social environment already makes me feel burned out.	非重点大学的大学生，还没进厂。光看这个社会环境已经感觉自己精疲力竭了	Students from non-key universities haven't even started working in factories yet, but just looking at this social environment already makes me feel exhausted.	a non-elite-university student who hasn't even started working yet — just looking at this social environment I already feel burned out
B-NEO-112	NEO	71.09	79.66	8.56	49.79	74.36	24.57	0	0	0	看勇哥直播，各种神人	"Watching Yong Ge's livestream, all sorts of amazing people [appear/are present]. 

(Alternatively, depending on context: Watching Yong Ge stream, you see all kinds of incredible people.)"	看勇哥直播，各种行为离谱的人	Watching Yong Ge's livestream, there are all sorts of people behaving outrageously.	watching Brother Yong's streams, you see all kinds of absolute characters
B-NEO-113	NEO	87.69	87.54	-0.15	72.73	76.32	3.59	0	0	0	太真实了，想到的那句话发现他可能听不懂于是在后面加点补丁	So true, I thought of something to say but realized he might not understand, so I added some explanation afterward.	太真实了，想到的那句话发现他可能听不懂于是在后面加点补充说明	So true, I thought of something to say but realized he might not understand, so I added some extra explanation afterward.	so true — you think of a comeback, realize he might not get it, and then tack some patches onto it
B-NEO-114	NEO	91.78	92.50	0.72	59.97	79.00	19.03	0	0	0	为什么能匹到这么多神人	Why are so many amazing people showing up?	为什么能匹配到这么多行为离谱的人	Why are so many people with such bizarre behavior being matched/found?	how do I keep getting matched with so many absolute characters
B-NEO-115	NEO	78.46	83.98	5.52	68.46	77.77	9.31	0	0	0	所以男主在嘎掉的威胁下领悟了？	So the protagonist realized/understood under the threat of being eliminated/killed?	所以男主在死掉的威胁下领悟了？	So the protagonist realized/understood under the threat of death?	so the male lead had his awakening under the threat of getting offed?
B-MIX-140	MIX	90.14	70.21	-19.92	65.46	52.55	-12.91	100	0	-100	这个zzz不会要给他出个动画吧？	Will they really make an animation for this zzz?	这个绝区零不会要给他出个动画吧？	Will they really make an anime for Null Space? (or, Is there going to be an anime for Null Space?)	don't tell me ZZZ is going to make an anime for him?
B-MIX-141	MIX	93.68	93.55	-0.13	73.56	76.29	2.74	100	0	-100	怎么说呢 很怀疑up主的精神状态	How to put it... I'm really questioning the uploader's mental state.	怎么说呢 很怀疑视频作者的精神状态	How to put it... I'm really questioning the video author's mental state.	how do I put it — I seriously question this uploader's state of mind
B-MIX-143	MIX	90.20	95.85	5.65	69.58	72.36	2.78	0	100	100	他和背后的 n pc 格格不入	He doesn't fit in with the n PCs behind him.	他和背后的 非玩家角色 格格不入	He didn't fit in with the NPCs around him.	he's completely out of place next to the NPC behind him
B-MIX-145	NEO	31.77	70.89	39.13	34.56	67.71	33.14	0	0	0	甲亢哥：我DNA动了	"My hyperthyroidism is acting up/flaring up/going crazy. (or, more colloquially, ""My thyroid is going wild."")

**Note:** This is a nuanced phrase. ""甲亢"" refers to hyperthyroidism. ""DNA动了"" is internet slang meaning something is intensely happening or causing a strong reaction, often used to express feeling overwhelmed or out of control due to the condition. A literal translation wouldn't convey the intended meaning."	甲亢哥：我本能被唤醒了	Hyperthyroidism Bro: I was instinctively awakened.	Jiakang Bro: my DNA just moved
B-MIX-146	MIX	86.89	76.36	-10.52	79.74	52.04	-27.70	100	0	-100	bro以为自己在演致命ID	Bro thinks he's starring in Fatal Identity.	这哥们以为自己在演致命ID	This guy thinks he's starring in Face/Off.	bro thinks he's starring in Identity
B-MIX-147	MIX	92.23	96.15	3.92	78.40	79.00	0.60	0	0	0	干嘛突然cos班主任	Why are you suddenly cosplaying the head teacher?	干嘛突然扮演班主任	Why are you suddenly acting like a head teacher?	why are you suddenly cosplaying as the homeroom teacher
B-MIX-148	MIX	96.09	86.17	-9.91	72.84	73.47	0.64	100	0	-100	神作，没见过的mad种类呢	Amazing work, a type of MAD I've never seen before!	神作，没见过的混剪视频种类呢	Masterpiece, a type of mashup video I've never seen before.	a masterpiece — a kind of MAD I've never seen before
B-PYA-109	PYA	85.63	86.22	0.59	59.56	60.80	1.24	0	0	0	拍了拍博士的石棺盖子hhhhh	Patted the lid of the doctor's sarcophagus hhhhhh.	拍了拍博士的石棺盖子哈哈哈哈哈	Patted the lid of the doctor's sarcophagus, ha ha ha ha ha.	gave the Doctor's stone coffin lid a little pat hahaha
B-PYA-110	PYA	72.69	86.50	13.81	35.80	47.07	11.26	100	100	0	万恶的zi ben jia	"All evil comes from capital. 

(Note: ""zi ben jia"" literally translates to ""capital class"" but the phrase ""万恶的zi ben jia"" is a historically loaded political slogan implying all evil originates with the capitalist class.)"	万恶的资本家	"Exploitative capitalists. 

(Alternatively, depending on context and desired nuance: Vile capitalists, or Evil capitalists.)"	the evil capitalists
B-PYA-111	PYA	88.05	66.63	-21.42	68.04	72.11	4.07	100	0	-100	就说问啥听不到，nnd只带了一个耳机	Just saying, I can't hear what's being asked, damn it, I only brought one earphone.	就说问啥听不到，奶奶的只带了一个耳机	Just saying, I can't hear what's being asked, and grandma only brought one earphone.	no wonder he said he couldn't hear anything — damn it, he only brought one earbud
