uid	category	xcomet_noisy	xcomet_clean	xcomet_d	kiwi_noisy	kiwi_clean	kiwi_d	nta_noisy	nta_clean	nta_d	src_noisy	hyp_noisy	src_clean	hyp_clean	ref_en
B-HOM-001	HOM	89.33	95.46	6.13	60.74	84.34	23.60	0	0	0	酱紫也行？那我也试试	Is this okay? Then I'll try too.	这样子也行？那我也试试	Is this also possible? Then I'll try it too.	this works? then let me try too
B-HOM-002	HOM	98.07	99.12	1.05	65.00	81.71	16.72	0	0	0	你怎么酱紫说话，人家会误会的	How can you talk like that? People will misunderstand.	你怎么这样子说话，人家会误会的	How can you speak like that? People will misunderstand.	why do you talk like that, people will misunderstand
B-HOM-003	HOM	99.87	100.00	0.13	81.43	83.07	1.64	0	0	0	各位童鞋注意了，期末考试要来了	Attention all students, the final exam is coming	各位同学注意了，期末考试要来了	Attention all students, the final exam is coming.	attention classmates, final exams are coming
B-HOM-004	HOM	95.30	93.72	-1.58	81.56	81.07	-0.48	0	100	100	童鞋们帮我看看这道题怎么做	Kids, help me see how to solve this problem.	同学们帮我看看这道题怎么做	Classmates, please help me see how to do this problem.	classmates help me figure out this problem
B-HOM-005	HOM	96.59	97.07	0.48	73.40	82.97	9.58	100	100	0	我真的好稀饭这个博主，太搞笑了	I really like this blogger, he/she is so funny.	我真的好喜欢这个博主，太搞笑了	I really like this blogger; they're so funny.	I really like this creator, too funny
B-HOM-006	HOM	95.31	98.72	3.41	61.84	85.58	23.73	100	100	0	你是不是稀饭我？直说嘛	Do you like me? Just say it directly.	你是不是喜欢我？直说嘛	Do you like me? Just say it straight.	do you like me? just say it
B-HOM-007	HOM	91.64	94.75	3.11	75.91	83.22	7.31	0	100	100	今天又是杯具的一天，出门忘带钥匙	Today is another sad day; I forgot to bring my keys when I left home.	今天又是悲剧的一天，出门忘带钥匙	Today is another tragic day; I forgot to bring my keys when I left home.	another tragic day, forgot my keys going out
B-HOM-008	HOM	90.38	99.97	9.59	53.31	84.90	31.60	100	100	0	人生就是一个杯具接着一个杯具	Life is one tragedy after another.	人生就是一个悲剧接着一个悲剧	Life is one tragedy after another.	life is one tragedy after another
B-HOM-009	HOM	96.75	98.22	1.47	66.58	79.84	13.26	0	0	0	游戏过于神金，不确定先从哪里笑起	The game is too ridiculous; I'm not sure where to start laughing.	游戏过于神经，不确定先从哪里笑起	The game is too absurd; I'm not sure where to start laughing.	this game is so unhinged, not sure where to start laughing
B-HOM-010	HOM	86.15	91.31	5.16	75.14	73.42	-1.72	0	100	100	都说我做饭神金，今天就做神金给你们吃	Everyone says my cooking is divine, today I will cook divine food for you to eat.	都说我做饭神经，今天就做神经给你们吃	Everyone says my cooking is crazy, so today I'll make something crazy for you to eat.	y'all say I'm crazy in the kitchen, so today I'm cooking crazy for you
B-HOM-011	HOM	87.11	96.01	8.90	58.98	81.03	22.05	0	0	0	世界上最神金的行为	The most divine behavior in the world	世界上最神经的行为	The most ridiculous behavior in the world	the most unhinged behavior in the world
B-HOM-012	HOM	57.28	84.04	26.76	54.16	56.49	2.33	0	0	0	被这离谱的主播笑拥了	Laughed and hugged by this ridiculous streamer	被这离谱的主播笑晕了	Laughed so hard at this ridiculous streamer.	I'm dead from this absurd streamer
B-HOM-013	HOM	82.53	86.97	4.44	61.87	70.29	8.42	0	0	0	笑拥了！带货主播推荐的迷惑水果太离谱了吧	Unbelievable! The confusing fruits recommended by the live-streaming influencer are too absurd.	笑晕了！带货主播推荐的迷惑水果太离谱了吧	Laughed myself silly! The confusing fruits recommended by the live-streaming host are just too ridiculous.	I’m dying laughing! Those weird fruits promoted by live stream sales hosts are ridiculous.
B-HOM-014	HOM	83.85	82.53	-1.32	71.73	75.87	4.15	0	0	0	新来的00后程序员写的代码，看到这段注释真的快把我笑拥了	The code written by the new 00s programmer, this comment almost made me laugh to death.	新来的00后程序员写的代码，看到这段注释真的快把我笑晕了	The code written by the new 00s programmer, I almost died laughing when I saw this comment.	the new Gen Z programmer's code, seeing this comment almost killed me laughing
B-HOM-016	NEO	77.94	89.37	11.44	55.15	69.76	14.61	0	100	100	考试没复习直接寄，明年再来	No review for the exam, directly give up, see you next year.	考试没复习直接完了，明年再来	Didn't review for the exam, it's over already, will try again next year	didn't study for the exam, it's over, see you next year
B-HOM-018	HOM	64.25	85.51	21.25	49.96	72.59	22.64	0	0	0	火钳流明，这帖子要火	Fire钳Luminescence, this post is going to blow up	火前留名，这帖子要火	Leave your name before it goes viral, this post is about to blow up.	leaving a name before this blows up, this post is about to go viral
B-HOM-019	HOM	93.87	96.75	2.89	54.50	84.80	30.30	0	0	0	雀食好笑，不骗你	It's really funny, I'm not kidding you.	确实好笑，不骗你	It's really funny, I'm not kidding you.	it's genuinely funny, no cap
B-HOM-021	HOM	87.08	97.65	10.56	72.11	83.98	11.88	0	100	100	沃草，这无人机表演太震撼了	Wocao, this drone show is amazing!	我操，这无人机表演太震撼了	Damn, this drone show is amazing!	holy crap, this drone show is insane
B-HOM-023	HOM	83.85	83.13	-0.72	75.92	55.18	-20.74	0	0	0	你想peach呢，哪有这么好的事	Do you want a peach? How could such a good thing exist?	你想屁吃呢，哪有这么好的事	Are you out of your mind? There's no such good thing.	you're dreaming, how can something that good happen
B-HOM-024	HOM	85.29	97.08	11.80	76.90	83.82	6.92	0	100	100	别虾扯蛋了，老师说的都是真的吗	Stop making excuses, is everything the teacher said true?	别瞎扯淡了，老师说的都是真的吗	Stop talking nonsense. Are all the things the teacher says true?	stop talking BS, is what the teacher said even true
B-HOM-025	HOM	68.95	69.42	0.47	65.43	54.44	-11.00	0	0	0	先报上自己的分数啊搞辣菜	First, report your own score, then make spicy dishes.	先报上自己的分数啊搞拉踩	First, report your own score, you downer.	dropping your score first before throwing shade smh
B-HOM-026	HOM	75.39	96.90	21.51	68.06	77.09	9.03	0	100	100	蚌埠住了，腾讯这泄密处理速度也太快了吧	Living in Bengbu, Tencent's information leakage handling speed is also too fast, right?	绷不住了，腾讯这泄密处理速度也太快了吧	Can't hold it in any longer—Tencent's information leakage response speed is just too fast!	I can't hold it in anymore, Tencent's speed in handling this leak is just too fast
B-HOM-027	HOM	48.27	69.94	21.67	57.10	72.79	15.68	0	0	0	嗷利给，西班牙第一了	Aurie, number one in Spain	奥利给，西班牙第一了	Olé, number one in Spain!	Aigoo Spain took first place let's gooo
B-HOM-028	HOM	58.87	71.88	13.01	50.83	73.34	22.51	0	0	0	这配置针不戳，性价比拉满	This configuration is not bad at all, the cost-performance ratio is maxed out.	这配置真不错，性价比拉满	This configuration is really great, with maximum cost-performance ratio.	This setup slaps, value for money off the charts
B-HOM-029	HOM	40.55	65.80	25.25	52.02	68.33	16.31	0	0	0	赛里木湖这操作针不戳啊，景区打人还能辞退就完事了？	This operation at Sayram Lake is really impressive, right? Just getting fired for beating tourists at the scenic area is enough?	赛里木湖这操作真不错啊，景区打人还能辞退就完事了？	What a great move by Sayram Lake! If a scenic area staff beats someone, can they just get fired and that's it?	Sarim Lake's handling is just great, beating people at a scenic spot and just firing them is that it?
B-HOM-030	HOM	76.59	94.89	18.30	64.58	80.21	15.63	0	100	100	蚌埠住了，这也太好笑了吧	Living in Bengbu, this is too funny, right?	绷不住了，这也太好笑了吧	I can't hold it anymore, this is too funny	bruh I can't hold it in this is too funny lmao
B-HOM-031	HOM	90.93	87.31	-3.62	77.61	74.69	-2.91	100	0	-100	卧槽317万年终奖就这么没了？	Damn, 3.17 million yuan annual bonus is just gone like that?	我操317万年终奖就这么没了？	My 3.17 million yuan annual bonus is just gone like this?	Wtf, 3.17 million year-end bonus just gone like that?
B-HOM-032	HOM	79.06	79.12	0.06	50.59	80.00	29.41	0	0	0	你就耗子尾汁吧，别折腾了	Just give it up, don't keep messing around.	你就好自为之吧，别折腾了	Just do as you please, don't cause any more trouble.	watch yourself bro stop messing around
B-HOM-033	HOM	84.49	81.08	-3.41	64.09	58.93	-5.16	0	0	0	王虹这波属实深藏blue了，拿完奖还这么低调	Wang Hong is really being very humble this time, staying so low-key even after winning the award.	王虹这波属实深藏不露了，拿完奖还这么低调	Wang Hong is really holding back her depth this time, staying so low-key even after winning the award.	Wang Hong has truly been hiding her talents, so low-key after winning the award
B-HOM-034	HOM	77.72	95.68	17.95	49.60	78.92	29.32	0	100	100	蚌埠住了这也太搞笑了	It's too funny that this is in Bengbu.	绷不住了这也太搞笑了	I can't hold it anymore, this is too funny	can't hold it in anymore this is way too funny fr
B-HOM-035	HOM	80.25	91.78	11.53	47.21	78.98	31.77	0	100	100	看到50亿离婚案的消息我直接蓝瘦香菇	When I saw the news about the 5 billion divorce case, I immediately felt so sad and cried my eyes out.	看到50亿离婚案的消息我直接难受想哭	I was so upset and wanted to cry when I saw the news about the 5 billion divorce case.	Seeing the news about the 5 billion divorce case, I'm so sad I could cry
B-HOM-036	HOM	67.93	93.41	25.48	75.47	85.65	10.18	0	0	0	针不戳，这个视频做得真好	Needle does not pierce, this video is really well made.	真不错，这个视频做得真好	That's great, this video is really well done.	not bad this video is actually fire
B-HOM-037	HOM	92.88	94.96	2.08	59.79	74.53	14.73	0	0	0	这景区管理duck不必，7个人打一个司机	This scenic area management is unnecessary, seven people beat up a driver.	这景区管理大可不必，7个人打一个司机	This scenic area management is unnecessary; seven people attacked one driver.	This scenic area management is totally unnecessary, 7 people beating one driver
B-HOM-038	HOM	98.94	99.38	0.44	56.99	84.02	27.03	0	0	0	这个颜色灰常好看	This color is very nice.	这个颜色非常好看	This color looks very nice.	this color looks really good ngl
B-HOM-039	HOM	76.35	84.11	7.76	63.73	69.14	5.41	0	0	0	腾讯这波操作属于是虾仁猪心了	Tencent's move is like putting shrimp in a pork heart.	腾讯这波操作属于是杀人诛心了	Tencent's move this time can be described as striking at the heart.	Tencent's move this time is truly adding insult to injury
B-HOM-040	HOM	93.31	94.13	0.82	60.13	65.82	5.69	0	0	0	有内味了，就是这个感觉	It's got that vibe, this is exactly the feeling.	有那味了，就是这个感觉	There's that vibe, this is exactly the feeling	got that vibe this is the feeling
B-HOM-041	HOM	69.12	88.66	19.54	71.09	77.30	6.21	0	0	0	泄密被辞退永不录用，这员工只能耗子喂汁了	Leakage of confidential information will result in dismissal and permanent disqualification; this employee can only drink mouse juice.	泄密被辞退永不录用，这员工只能好自为之了	If an employee leaks confidential information and is dismissed, they will never be rehired; this employee can only take good care of themselves from now on.	Fired for leaking and never to be rehired, this employee better watch out
B-HOM-042	HOM	97.28	96.95	-0.33	78.56	81.86	3.29	0	0	0	这部剧的女主造型好康	The female lead's look in this drama is really cool.	这部剧的女主造型好看	The female lead's appearance in this drama is attractive.	the female lead's look in this drama is gorgeous
B-HOM-043	HOM	72.70	73.54	0.84	62.30	63.14	0.84	0	0	0	耗子尾汁，好自为之吧	Mouse tail juice, take care of yourself.	好自为之，好自为之吧	Take care of yourself, take good care of yourself.	Learn your lesson and shape up.
B-HOM-044	HOM	69.22	89.56	20.35	50.39	81.87	31.47	0	0	0	这个操作太虾仁了	This operation is too shrimp-like.	这个操作太吓人了	This operation is too scary.	this play is straight up terrifying
B-HOM-045	HOM	58.87	67.56	8.69	64.89	51.78	-13.11	0	0	0	中国女排这波直接丸辣，美国队不服不行	China's women's volleyball team's performance was directly awesome, the US team can't help but be convinced.	中国女排这波直接完啦，美国队不服不行	China's women's volleyball team is completely out of this round; the US team has no choice but to be不服.	China's women's volleyball team is done for this time, the US team has to admit defeat
B-HOM-046	HOM	79.85	99.73	19.88	71.85	80.18	8.33	0	100	100	鸭力好大，快要顶不住了	The duck's power is so strong, I can't hold on much longer.	压力好大，快要顶不住了	The pressure is so big, I can't hold on any longer.	the pressure is so high can't hold on anymore
B-HOM-047	HOM	72.13	100.00	27.87	44.83	87.95	43.11	0	100	100	窝五碎！！！	Wu Wu Cui!!!	我五岁！！！	I am five years old!!!	I'm five years old!!!
B-HOM-048	HOM	86.84	90.26	3.41	75.22	78.63	3.42	100	100	0	赛里木湖这事整得灰常离谱	What's going on with Sayram Lake is really bizarre.	赛里木湖这事整得非常离谱	What's going on with Lake Sayram is really ridiculous.	The Sarim Lake incident is really outrageous
B-HOM-049	HOM	92.86	92.25	-0.61	83.55	83.86	0.32	0	0	0	看完这帖子我直接笑嘻了	After reading this post, I couldn't stop laughing.	看完这帖子我直接笑死了	After reading this post, I died laughing.	after reading this post I'm dead lmao
B-HOM-050	HOM	92.32	98.45	6.14	71.00	85.88	14.88	0	100	100	看完这个视频我蕉绿了	I was so stressed out after watching this video.	看完这个视频我焦虑了	I felt anxious after watching this video.	after watching this vid I'm straight up anxious
B-HOM-051	HOM	82.64	94.89	12.26	40.61	82.76	42.15	100	100	0	看完女排比赛我直接鸭梨山大	After watching the women's volleyball match, I immediately felt immense pressure.	看完女排比赛我直接压力山大	After watching the women's volleyball match, I immediately felt immense pressure.	After watching the women's volleyball match, I'm under enormous pressure
B-HOM-052	HOM	65.09	79.43	14.34	56.90	73.87	16.97	0	0	0	笑鼠了！一会抛梗一会接梗	Haha, you're so funny! Throwing jokes and catching them all!	笑死了！一会抛梗一会接梗	Laughing to death! Throwing and catching jokes all the time.	dying of laughter! one sec they set up the joke next sec they're playing along
B-HOM-053	HOM	84.66	82.97	-1.69	68.86	63.51	-5.35	0	0	0	测评娃哈哈高透史莱姆好好康	Testing Wahaha High Transparency Slime is really cool.	测评娃哈哈高透史莱姆好好看	Evaluating Wahaha High Transparency Slime is really nice to watch.	reviewing Wahaha's crystal clear slime it looks so good
B-HOM-054	HOM	85.47	93.69	8.22	54.93	83.59	28.67	0	0	0	窝巢，这也太厉害了吧	Nest, this is too amazing, right?	我操，这也太厉害了吧	Damn, this is amazing.	wtf this is too insane bruh
B-HOM-055	HOM	78.89	96.33	17.44	74.12	84.60	10.48	0	100	100	笑的想鼠	Laughing like a mouse	笑的想死	Laughing so hard I could die	laughing till I die
B-HOM-056	HOM	57.25	71.49	14.25	62.63	70.67	8.04	0	0	0	这里是孙吧忏悔室，一人忏悔一件你觉得最厨神的事	This is Sun's confessional, one person confesses one thing they think is the most chef-like.	这里是孙吧忏悔室，一人忏悔一件你觉得最畜生的事	This is Sun's confessional. One person confesses one thing they think is the most beastly.	welcome to Sun Bar confessional drop your most savage moment
B-HOM-057	HOM	83.92	99.03	15.11	75.32	82.96	7.64	0	0	0	关于玉玉症表妹喜欢上我的故事	The story about my cousin with jade disease falling in love with me	关于抑郁症表妹喜欢上我的故事	The story about my cousin with depression falling in love with me	the story of how my depressed cousin fell for me
B-HOM-058	HOM	89.38	89.88	0.50	75.39	76.94	1.54	0	100	100	这是我女朋友 羡慕吗笑抽们🤣	This is my girlfriend, jealous? Haha, you guys 😂	这是我女朋友 羡慕吗小丑们🤣	This is my girlfriend, jealous clowns? 😄	this is my gf. jealous you clowns? 🤣
B-HOM-059	HOM	73.67	62.08	-11.59	57.01	58.17	1.15	100	0	-100	麻辣烫我只认元娘娘，口味多好7	For spicy hot pot, I only recognize Yuan Niang Niang, the taste is so good.	麻辣烫我只认元娘娘，口味多好吃	For spicy hot pot, I only recognize Yuanniangniang, the taste is delicious and varied.	I only trust Yuan Niangniang for malatang it's so good
B-HOM-060	HOM	78.13	83.74	5.61	64.42	60.26	-4.16	0	0	0	可爱的小香猪变成了温暖的答辩	The cute little piglet became a warm defense.	可爱的小香猪变成了温暖的大便	The cute little Scented Pig became a warm pile of feces.	a cute little guinea pig turned into warm crap
B-HOM-061	HOM	94.74	96.88	2.15	74.76	81.51	6.75	100	100	0	我要笑亖了卧槽	I'm dying laughing, damn it.	我要笑死了卧槽	I'm dying laughing, damn it.	I'm gonna die laughing oh shit
B-HOM-062	HOM	84.40	94.70	10.30	76.06	76.94	0.87	0	0	0	时间长了搞亖你	If it goes on too long, it will mess you up.	时间长了搞死你	It will eventually kill you over time.	I'll work you to death over time
B-HOM-063	HOM	78.44	84.35	5.91	59.77	51.97	-7.81	0	0	0	笑亖了家人们谁懂啊	Laughed so hard, family members, who understands this feeling?	笑死了家人们谁懂啊	Laughed to death, family members, who understands this啊	dying of laughter fam who understands
B-HOM-064	HOM	27.33	98.15	70.82	33.33	87.63	54.30	0	0	0	她居然紫砂了	"She居然 made purple clay pottery. 

(Note: The phrase ""她居然紫砂了"" is a bit ambiguous in Chinese. If it means ""She居然 made purple clay pottery"" or ""She居然 became a purple clay pottery artist,"" the translation above is appropriate. If the context is different, please provide more details for a more accurate translation.)"	她居然自杀了	She actually committed suicide.	she actually offed herself
B-HOM-065	HOM	50.96	51.98	1.02	69.63	71.22	1.59	100	100	0	小哥：我真妹骗人！！我真给白衣女鬼送过餐！！你不知道哟！我魂都快没了，那餐是一点都没撒！！没办法，这就是哥的实力！	Bro: I'm not lying to you, little sister! I really did deliver a meal to that white-robed female ghost! You don't know, my soul was almost gone, and not a single grain of that meal did I spill! No choice, this is my brother's skill!	小哥：我真没骗人！！我真给白衣女鬼送过餐！！你不知道哟！我魂都快没了，那餐是一点都没撒！！没办法，这就是哥的实力！	Bro: I'm not lying! I really did deliver a meal to that white-robed female ghost! You don't know, man—I was so scared my soul almost left my body, but not a single grain of that meal did I spill! No choice, this is just my bro's skill!	Bro: I seriously didn't lie!! I really delivered food to the girl ghost in white!! You don't know! I nearly lost my soul, not a single drop spilled on that delivery! No choice, this is bro's skill!
B-HOM-066	HOM	69.26	81.45	12.19	46.55	51.68	5.12	0	100	100	博主成功把中二拍成沙子了	The blogger successfully turned the middle school drama into sand.	博主成功把中二拍成傻子了	The blogger successfully portrayed the second son as a fool.	The blogger successfully made the edgy act look like a fool
B-HOM-067	HOM	73.09	98.44	25.36	61.69	84.60	22.90	0	0	0	肺雾才需要爱情，神都是孤独的	Lungs need love, gods are all lonely.	废物才需要爱情，神都是孤独的	Only the weak need love; gods are always lonely.	Only the weak yearn for love; gods are destined to be alone.
B-HOM-068	HOM	96.19	98.81	2.61	73.86	85.17	11.31	0	100	100	我在学校哭别人鸟都不鸟我	I cried at school, but no one even noticed me.	我在学校哭别人理都不理我	I cried at school, but nobody paid any attention to me.	I cried at school and nobody even paid attention to me
B-HOM-069	HOM	68.53	84.30	15.78	55.80	60.64	4.85	0	0	0	现场偷挖被抓,夺笋呐!	Caught digging up on-site, what a bamboo stealer!	现场偷挖被抓,多损呐!	Caught stealing and digging on the spot, how damaging!	Caught digging secretly on site, so savage!
B-HOM-070	HOM	87.26	97.49	10.24	43.47	72.84	29.37	0	0	0	这个特效针不戛！	This special effect is amazing!	这个特效真不尬！	This special effect is really not cheesy!	This special effect is really not cringe!
B-HOM-071	HOM	23.69	94.76	71.07	35.35	67.55	32.19	0	100	100	要泥寡,雨女无瓜!	No gain without pain, it's raining women and no melons!	要你管,与你无关!	Mind your own business! It's none of your concern!	Mind your own business, it's none of your business!
B-HOM-072	HOM	79.98	97.99	18.01	42.70	83.01	40.31	0	0	0	依托答辩是什么意思	"What does ""yito dafei"" mean?"	一坨大便是什么意思	What does a pile of feces mean	What does 'a pile of shit' mean?
B-HOM-073	HOM	81.09	97.75	16.66	43.25	81.26	38.01	0	100	100	哈哈哈哈哈哈哈夺笋呐	Hahahahaha, what a big loser!	哈哈哈哈哈哈哈多损呐	Hahahahaha, that's so mean.	hahahahaha so mean lol
B-HOM-074	HOM	63.64	94.74	31.11	71.34	83.42	12.08	0	100	100	“雨女无瓜”这么好笑吗是挺好笑的	"Is ""Rain girl has no melon"" so funny? It is quite funny."	“与你无关”这么好笑吗是挺好笑的	"Is ""It's none of your business"" so funny? It is pretty funny."	Is 'none of your business' really that funny? It is pretty funny
B-HOM-075	HOM	60.73	82.41	21.68	48.01	60.29	12.28	0	100	100	还有给	Also for you	还有gay	Also gay	Also got gay vibes
B-HOM-076	HOM	94.10	95.32	1.22	74.81	81.26	6.45	0	100	100	这显卡价格真是辣鸡，还买什么啊	This graphics card price is really bad, why even buy it.	这显卡价格真是垃圾，还买什么啊	This graphics card's price is really trash, why even buy it?	This GPU price is really trash, why even buy it
B-HOM-077	HOM	81.58	84.17	2.59	58.99	63.56	4.57	100	100	0	我丢！上班路上刷到路边广告牌被“风”掀了个角，原来是京东618的整活！这波操作简直泰裤辣！	"Oh no! On my way to work, I saw a roadside billboard flipped by the ""wind,"" and it turned out to be JD.com's 618 promotion! This move is simply too cool!"	我丢！上班路上刷到路边广告牌被“风”掀了个角，原来是京东618的整活！这波操作简直太酷啦！	"Oh no! On my way to work, I saw a roadside billboard flipped by the ""wind,"" and it turned out to be JD.com's 618 promotion! This move is so cool!"	No way! On my way to work I saw a roadside billboard get lifted by the 'wind', turns out it was JD 618's stunt! This move is just too cool!
B-HOM-078	HOM	74.86	81.95	7.09	64.29	71.78	7.49	0	100	100	“泰酷辣”大人三周年	"""Taikula"" Adult 3rd Anniversary"	“太酷啦”大人三周年	"""Too cool"" Adult 3rd Anniversary"	Third anniversary of Lord 'So Cool'
B-HOM-079	HOM	78.06	93.35	15.29	50.05	66.62	16.57	0	0	0	前车：不二？	Front car: Not two?	前车：不是？	Front car: Not really?	The car in front: Wait, what?
B-HOM-080	HOM	42.17	64.20	22.03	59.25	76.58	17.33	0	100	100	10店睡，身体还以为是午休呢，凌晨又把他们叫醒了	Ten stores sleep, the body still thinks it's taking a nap, but they were called again in the early morning.	10点睡，身体还以为是午休呢，凌晨又把他们叫醒了	Go to sleep at 10, the body still thinks it's taking a nap, then they wake them up again in the early morning.	Going to sleep at 10, my body thought it was nap time, then woke me up at dawn
B-HOM-081	HOM	55.91	87.42	31.51	52.44	43.19	-9.25	0	0	0	tree 波Q	tree Bo Q	三杀	Triple play	Triple kill
B-HOM-082	HOM	58.06	60.02	1.96	52.07	50.82	-1.25	0	0	0	笑死我了粽横天虾至今一直在罚时闯过了零个关卡	Laughing to death, Zong Hengtian has been penalized all along and has passed zero checkpoints.	笑死我了纵横天下至今一直在罚时闯过了零个关卡	Laughing to death, Ever since the beginning of the world, I have been penalized and have passed zero levels.	Dying of laughter, the one who conquers the world has been in timeout, passing zero challenges
B-HOM-083	HOM	73.15	96.49	23.34	54.35	76.59	22.24	0	0	0	怎么达不溜小兵了	Why can't I contact Xiao Bing anymore?	怎么打不了小兵了	Why can't I attack the minions anymore?	Why can't I target the minions?
B-HOM-084	HOM	71.71	98.35	26.63	53.00	80.64	27.64	0	100	100	！？雀潮？！	!?Sparrow Trend?!	！？雀巢？！	Nestlé?	!? Nestle!?
B-HOM-085	HOM	99.02	99.12	0.10	82.30	84.91	2.61	100	100	0	此人知识面级广	This person has an extremely broad knowledge base.	此人知识面极广	This person has an extremely broad knowledge base.	This person's knowledge is extremely broad
B-HOM-086	HOM	96.90	95.16	-1.75	83.75	83.70	-0.05	100	0	-100	蛇：卧槽，怎么又是他	Snake: Oh my god, how come it's him again.	蛇：我的天，怎么又是他	Snake: My goodness, how come it's him again.	Snake: Oh my god, why is it him again
B-HOM-087	HOM	84.11	79.51	-4.59	61.76	72.85	11.09	0	100	100	生物钟:补药呀！我才调整好	Biological clock: Tonic! I've just adjusted it.	生物钟:不要呀！我才调整好	Biological clock: No way! I just got adjusted.	Biological clock: No! I just got it adjusted
B-HOM-088	HOM	69.87	91.45	21.58	53.72	80.12	26.39	0	100	100	鸡本功来了，视频就有了。起飞！	The chicken came, the video is here. Take off!	基本功来了，视频就有了。起飞！	Basic skills are here, the video is ready. Take off!	When the basic skills kick in, the video just takes off! Liftoff!
B-HOM-089	HOM	49.41	88.25	38.83	58.65	85.25	26.60	0	0	0	食不食油饼	Eat an oil cake or not?	是不是有病	Are you sick?	Are you out of your mind?
B-HOM-090	HOM	37.59	99.06	61.47	40.51	83.20	42.69	0	0	0	香精煎鱼食不食	Is it edible to fry fish with essence?	想进监狱是不是	Do you want to go to prison?	Do you want to end up in prison?
B-HOM-091	HOM	86.15	93.38	7.22	72.83	83.55	10.72	0	0	0	立马去郊区浇筑一个刚进混凝土的地下堡垒	Go immediately to the suburbs to pour an underground fortress with fresh concrete.	立马去郊区浇筑一个钢筋混凝土的地下堡垒	Go immediately to the suburbs to construct an underground fortress made of reinforced concrete.	Head to the suburbs right away and build an underground bunker with rebar concrete
B-HOM-092	HOM	96.80	94.10	-2.70	54.67	71.87	17.20	0	0	0	鸡本功扎实	Solid foundational skills.	基本功扎实	Solid fundamentals	Solid basic skills
B-HOM-093	HOM	87.30	99.90	12.60	67.97	73.65	5.68	0	100	100	蚌不住了	The clam can't take it anymore.	绷不住了	Can't hold it in anymore	Can't hold it in anymore
B-HOM-094	HOM	84.48	96.46	11.98	71.50	81.86	10.35	0	100	100	冷芝士：袜子不是茶包	Cold Cheese: Socks are not tea bags.	冷知识：袜子不是茶包	Fun fact: Socks are not tea bags.	Fun fact: socks are not tea bags
B-HOM-095	HOM	82.70	71.60	-11.09	70.18	63.06	-7.12	0	0	0	就说00这一套真的超级好看的，我可以安心的似了	Just say that this 00 series is really super good-looking, and I can rest assured now.	就说00这一套真的超级好看的，我可以安心的死了	Just say that this 00 series is really super good-looking, I can die at ease	This 00 outfit is really super good-looking, I can finally rest in peace
B-NEO-002	NEO	95.37	95.86	0.50	83.11	83.53	0.42	100	100	0	我们不是供人围观的工具人！	We are not tools for people to gawk at!	我们不是供人围观的工具！	We are not tools for people to gawk at!	we're not tools for people to watch!
B-NEO-003	NEO	66.32	75.91	9.59	60.60	58.69	-1.91	0	0	0	又被割韭菜了，这理财产品全是坑	Cut the grass again, these wealth management products are all traps.	又被宰了，这理财产品全是坑	Cut again, these wealth management products are all traps.	I got ripped off again, this wealth management product is full of traps.
B-NEO-004	NEO	95.06	90.44	-4.61	79.41	75.62	-3.79	0	0	0	品牌联名就是割韭菜，质量差价格高	Brand collaborations are just a way to exploit customers, with poor quality and high prices.	品牌联名就是坑人，质量差价格高	Collaboration with brands is just a scam, poor quality and high price.	Co-branded products are just a way to rip off customers with poor quality and high prices.
B-NEO-005	NEO	96.24	96.91	0.67	70.51	85.70	15.19	0	0	0	别带节奏了，事情不是你想的那样	Stop stirring up trouble; things are not as you think.	别煽动舆论了，事情不是你想的那样	Stop inciting public opinion; things are not as you think.	stop stirring things up, it's not what you think
B-NEO-006	NEO	94.32	98.15	3.83	72.94	83.24	10.29	0	0	0	评论区全是在带节奏的，真相没人关心	The comment section is full of people stirring up trouble, no one cares about the truth.	评论区全是在煽动舆论的，真相没人关心	The comment section is full of people inciting public opinion; no one cares about the truth.	comments section full of people stirring drama, nobody cares about the truth
B-NEO-007	NEO	96.71	98.08	1.37	76.38	80.34	3.96	0	0	0	杠精无处不在，说啥都要反驳	Trolls are everywhere, ready to argue about anything.	抬杠的人无处不在，说啥都要反驳	People who like to argue are everywhere, always ready to contradict whatever is said.	contrarians are everywhere, they rebut everything you say
B-NEO-008	NEO	98.45	97.16	-1.29	83.15	82.00	-1.15	100	0	-100	遇到杠精最好的办法就是不理他	The best way to deal with a contrarian is to ignore him.	遇到抬杠的人最好的办法就是不理他	The best way to deal with someone who is being argumentative is to ignore them.	the best way to deal with a contrarian is to ignore them
B-NEO-009	NEO	68.74	83.59	14.85	58.05	74.28	16.24	0	0	0	芭比Q了，半夜点外卖忘备注别敲门	"Barbie is Q (dead), ordered takeout in the middle of the night and forgot to note ""don't knock."""	完了，半夜点外卖忘备注别敲门	"Done, ordered takeout in the middle of the night and forgot to note ""don't knock"""	I'm cooked, ordered delivery at midnight and forgot to leave a note saying don't knock
B-NEO-010	NEO	82.80	97.27	14.47	50.09	83.16	33.07	0	0	0	选择你的躲藏点，被抓到就芭比Q了	Choose your hiding spot, because if you get caught, it's barbecues for you.	选择你的躲藏点，被抓到就完了	Choose your hiding spot; if you get caught, it's over.	pick your hiding spot, if you get caught you're done for
B-NEO-011	NEO	86.25	94.54	8.29	74.51	81.34	6.83	0	0	0	看到肯德基9.9的那一刻，我的班味瞬间就没了	The moment I saw KFC's 9.9, my work stress instantly disappeared.	看到肯德基9.9的那一刻，我的上班疲惫感瞬间就没了	The moment I saw KFC's 9.9, my fatigue from work instantly disappeared.	the moment I saw KFC 9.9, my work exhaustion instantly vanished
B-NEO-012	NEO	91.87	89.29	-2.58	75.09	76.31	1.22	0	0	0	人一旦染上班味，这辈子就去不掉了	"Once a person gets the ""office vibe,"" it can't be shaken off for the rest of their life."	人一旦染上上班的气息，这辈子就去不掉了	Once a person gets the smell of going to work, it can't be removed for the rest of their life.	once you catch the work vibe, it never leaves you
B-NEO-013	NEO	57.61	72.14	14.53	60.39	58.58	-1.82	0	0	0	十多块的塔斯汀五件套，横扫我一天班味	A Tastee five-piece meal for over ten bucks, wipes out my workday vibes.	十多块的塔斯汀五件套，横扫我一天上班的疲惫感	A Tastee five-piece meal for more than ten yuan, sweeping away my fatigue from a day at work.	a 10-something yuan Tastien 5-piece meal wipes away my whole day of work fatigue
B-NEO-014	NEO	79.24	79.39	0.15	74.29	74.53	0.24	0	0	0	净化班味，用了这头像直接演绎出我的精神状态	Purify the class vibe, using this avatar directly portrays my mental state.	净化上班的疲惫感，用了这头像直接演绎出我的精神状态	Purify the fatigue of work, using this avatar directly portrays my mental state.	cleansing away the work fatigue — this avatar perfectly captures my mental state
B-NEO-015	NEO	69.05	82.58	13.53	59.99	72.15	12.16	0	0	0	等等党赢麻了，建议收藏	Wait until the party wins big, recommend saving this.	等待降价的人赢得非常彻底，建议收藏	Those who waited for the price drop won thoroughly, recommended to save	the wait-for-a-deal crew won big time, saving this
B-NEO-016	NEO	95.41	84.70	-10.71	64.21	64.75	0.54	0	0	0	看似输了实际赢麻了	Looks like a loss but actually a big win	看似输了实际赢得非常彻底	Seems like a loss but actually wins thoroughly.	looks like they lost but actually won big
B-NEO-017	NEO	82.47	86.01	3.55	59.07	68.96	9.89	100	0	-100	纯爱战神轰然倒地	The pure love war god falls to the ground with a thunderous crash.	只支持纯爱的人轰然倒地	Those who only support pure love fall to the ground with a loud crash.	the pure love warrior has fallen
B-NEO-018	NEO	97.46	96.90	-0.56	65.80	79.23	13.43	100	0	-100	谨以此片献给每一位纯爱战神	This film is respectfully dedicated to every pure love warrior.	谨以此片献给每一位只支持纯爱的人	This film is respectfully dedicated to every person who supports pure love.	dedicating this film to every pure love warrior out there
B-NEO-019	NEO	92.41	94.69	2.28	70.41	86.81	16.40	0	100	100	兄弟们我润美国了	Brothers, I have left for the US.	兄弟们我移民美国了	Brothers, I have immigrated to the United States.	bros I emigrated to the US
B-NEO-020	NEO	92.92	94.53	1.62	76.52	81.52	4.99	0	0	0	公司要黄了的5个征兆，当公司开始严抓考勤，你该考虑润了	5 signs that your company is about to go under; when the company starts strictly enforcing attendance, you should consider leaving.	公司要黄了的5个征兆，当公司开始严抓考勤，你该考虑跑了	5 signs that your company is about to go under; when the company starts strictly enforcing attendance, you should start thinking about leaving.	5 signs your company is going under, when they start cracking down on attendance, you should consider bouncing
B-NEO-021	NEO	90.26	85.67	-4.59	74.83	72.12	-2.71	0	0	0	赛博朋克2077，极致嘴臭极致享受	Cyberpunk 2077, ultimate mouth smell, ultimate enjoyment	赛博朋克2077，极致骂人极致享受	Cyberpunk 2077, the ultimate way to insult and the ultimate pleasure.	Cyberpunk 2077, ultimate trash talk ultimate enjoyment
B-NEO-023	NEO	93.35	98.02	4.67	78.94	79.18	0.24	100	0	-100	孙红雷演技炸裂，20万人打出7.5分	Sun Honglei's performance is explosive, with 200,000 people giving it a 7.5 rating.	孙红雷演技极其震撼，20万人打出7.5分	Sun Honglei's acting is extremely impressive, with 200,000 people giving it a 7.5 rating.	Sun Honglei's acting is absolutely insane, 200k people rated 7.5
B-NEO-024	NEO	87.26	86.95	-0.31	76.48	77.37	0.90	100	100	0	赛博诵经让老外陷入疯狂	Cyber Sutra Recitation Drives Foreigners Crazy	虚拟诵经让老外陷入疯狂	Virtual chanting drives foreigners crazy	cyber chanting is driving foreigners crazy
B-NEO-025	NEO	83.16	87.25	4.09	74.76	75.82	1.05	100	0	-100	国庆宅家的赛博生活	Cyber Life at Home During National Day Holiday	国庆宅家的虚拟网络生活	Virtual online life at home during National Day holiday	National Day stay-at-home cyber life
B-NEO-026	NEO	71.11	58.37	-12.74	59.94	68.89	8.95	100	0	-100	高考第一批显眼包出现了，青蛙玩偶花式助阵	The first batch of attention-seeking candidates for the college entrance exam has appeared, with frog plush toys supporting in various styles.	高考第一批爱出风头的人出现了，青蛙玩偶花式助阵	The first batch of show-offs for the Gaokao appeared, with frog dolls joining in stylishly.	the first batch of attention-seekers at the college entrance exam showed up, frog mascots cheering in style
B-NEO-027	NEO	79.53	91.27	11.74	64.86	77.65	12.79	0	0	0	电子榨菜输出中，午饭点准时到	Electronic pickles are being streamed, arriving on time at lunchtime.	适合吃饭时看的视频输出中，午饭点准时到	A video suitable to watch during meals is being output, arriving on time at lunchtime.	my mealtime video is on, right on time for lunch
B-NEO-028	NEO	89.64	94.21	4.57	71.88	80.94	9.05	0	100	100	这个综艺太下饭了，一口气看完	This variety show is so binge-worthy, I watched it all in one go.	这个综艺太适合吃饭时看了，一口气看完	This variety show is so perfect to watch while eating, I binged the whole thing in one go.	this variety show is perfect meal content, binged the whole thing
B-NEO-029	NEO	81.22	73.15	-8.07	77.56	69.93	-7.63	100	0	-100	发疯文学必备文案，笑死我了	Essential text for crazy literature, made me laugh so hard	宣泄式文字表达必备文案，笑死我了	Essential copy for venting-style written expression, I died laughing	must-have lines for unhinged-rant posting, I'm dying laughing
B-NEO-030	NEO	84.92	100.00	15.08	71.48	85.70	14.22	0	100	100	社恐人的噩梦，大型聚会	Social anxiety nightmare, large gatherings	社交恐惧症患者的噩梦，大型聚会	The nightmare of people with social anxiety: large gatherings	a socially anxious person's worst nightmare, a huge gathering
B-NEO-031	NEO	79.19	91.51	12.32	69.87	82.47	12.60	0	100	100	找不到原剧了，这个当代餐先看	Can't find the original play, let's watch this modern dinner play first	找不到原剧了，这个当替代品先看	Can't find the original show, watch this as a substitute for now	can't find the original, using this as a substitute for now
B-NEO-032	NEO	91.63	91.57	-0.06	78.81	77.92	-0.89	0	0	0	花2000买nike感觉自己好像大冤种	Spent 2000 on Nike and felt like a total sucker.	花2000买nike感觉自己好像大冤大头	Spent 2000 on Nike and felt like a total sucker.	spent 2k on nikes feeling like a total sucker
B-NEO-033	NEO	85.26	89.28	4.02	66.63	68.59	1.95	0	0	0	腾讯这波泄密直接破防了，317万说没就没	Tencent's data leak directly broke the defense, 3.17 million just vanished.	腾讯这波泄密直接崩溃了，317万说没就没	Tencent's data leak directly caused a collapse, 3.17 million just vanished.	Tencent's leak move really triggered a breakdown, 3.17 million gone just like that
B-NEO-034	NEO	63.07	90.55	27.48	74.98	77.93	2.95	0	100	100	梅老板今年真可怜，这么强的个人发挥啥没有得到	Mr. Mei has been really unfortunate this year; his strong individual performance didn't get any recognition at all.	梅西今年真可怜，这么强的个人发挥啥没有得到	Messi has been really unfortunate this year; his strong individual performance hasn't received any recognition at all.	Messi had a rough year insane individual performance but got nothing
B-NEO-035	NEO	59.60	73.52	13.91	66.91	67.48	0.57	0	0	0	吃瓜吃到自己头上了，腾讯泄密员工就是本人	The melon I was eating landed on my own head; the Tencent employee who leaked the information is myself.	看热闹看到自己头上了，腾讯泄密员工就是本人	Looking for a spectacle, I ended up as the one in the spotlight; the Tencent employee who leaked the information is none other than myself.	I was following the drama, only to realize I’m the Tencent staff member who leaked the information
B-NEO-036	NEO	83.64	75.09	-8.55	52.12	74.43	22.31	0	0	0	别搁这凡尔赛了，显摆啥呢	Stop being so pretentious, what are you showing off?	别搁这炫耀了，显摆啥呢	Stop showing off, what are you trying to impress us with?	stop humble bragging already what are you flexing
B-NEO-037	NEO	97.96	100.00	2.04	82.99	85.63	2.64	0	0	0	显卡市场太内卷了，价格涨得离谱	The graphics card market is too competitive, with prices rising to unreasonable levels.	显卡市场竞争太激烈了，价格涨得离谱	The graphics card market is too competitive, causing prices to skyrocket.	The GPU market is hyper-competitive, prices rising outrageously
B-NEO-038	NEO	71.14	65.35	-5.79	66.24	55.95	-10.30	0	0	0	这帖子水分太大，灌水灌的	This post has too much water, it's just flooding with water.	这帖子水分太大，刷帖刷的	This post has too much water, it's just being bumped up artificially.	this post is so watered down pure spam
B-NEO-039	NEO	84.48	92.25	7.77	69.50	78.09	8.59	0	100	100	打工人看完317万年终奖直接躺平了	After seeing an annual bonus of 3.17 million, the working person just decided to lie flat.	打工人看完317万年终奖直接放弃了	The working person gave up after seeing the 3.17 million yuan annual bonus.	Workers gave up striving after seeing the 3.17 million year-end bonus.
B-NEO-040	NEO	90.35	91.10	0.75	72.10	79.62	7.53	100	0	-100	这剧情给我整破防了	This plot really broke my defenses.	这剧情给我整崩溃了	This plot has completely thrown me off.	this plot totally broke me fr fr
B-NEO-041	NEO	75.76	90.26	14.50	69.61	70.87	1.26	0	0	0	这员工凡尔赛式晒年终奖，结果翻车了	This employee showed off their year-end bonus in a Versailles-style manner and ended up getting exposed.	这员工炫耀式晒年终奖，结果翻车了	This employee showed off their year-end bonus, only to face a backlash.	This employee flaunted their year-end bonus in a humble-brag way, and it backfired
B-NEO-042	NEO	95.97	98.49	2.52	63.24	83.20	19.97	0	0	0	这手机信号拉胯到离谱	The phone signal is so bad it's ridiculous.	这手机信号差到离谱	The phone signal is so bad.	this phone signal is garbage to an absurd degree
B-NEO-043	NEO	95.99	90.67	-5.32	67.61	81.47	13.86	0	0	0	你这个行为真的很下头	Your behavior is really annoying.	你这个行为真的很扫兴	Your behavior is really spoiling the fun.	your behavior is such a turnoff rn
B-NEO-044	NEO	54.28	87.92	33.65	41.53	75.10	33.57	100	0	-100	赛里木湖这事太下头了，景区管理太离谱	"It's so disappointing about Lake Sayram; the景区 management is way too unreasonable. 

(Note: The term ""下头"" is a colloquial Chinese expression that can be translated as ""disappointing"" or ""frustrating."" The term ""景区"" refers to a scenic area or tourist site.)"	赛里木湖这事太让人失望了，景区管理太离谱	I'm really disappointed with Lake Sayram; the management of the scenic area is too absurd.	The Sarim Lake incident is too disappointing, scenic area management is outrageous
B-NEO-045	NEO	76.24	88.37	12.13	72.48	63.34	-9.15	0	0	0	他这个人好油腻	He is really oily.	他这个人好油滑	He is a slippery person.	this guy is so sleazy ick
B-NEO-046	NEO	77.16	96.21	19.04	67.89	76.62	8.73	0	0	0	没绷住破绷了	Couldn't hold it anymore, the bandage broke.	没绷住笑了	Couldn't hold back the laughter	couldn't hold it in and totally lost it laughing
B-NEO-047	NEO	84.21	89.51	5.30	77.29	79.35	2.06	100	100	0	中国女排逆转美国，这波操作太上头了	China's women's volleyball team staged a comeback against the US, this move is so exciting.	中国女排逆转美国，这波操作太让人激动了	China's women's volleyball team staged a comeback against the US, this move is so exciting.	China women's volleyball reversed against USA, this move is so hype
B-NEO-048	NEO	71.33	83.89	12.56	61.93	56.85	-5.09	0	0	0	天天水经验，也不发点有用的帖子	You drink water every day but don't post any useful messages.	天天刷经验，也不发点有用的帖子	Grinding experience every day but not posting any useful threads.	farming XP every day never posting anything useful
B-NEO-049	NEO	91.66	97.51	5.85	65.14	67.05	1.91	0	100	100	这主播开挂实锤了，封号吧	The streamer has been caught using hacks, ban their account.	这主播作弊实锤了，封号吧	The streamer has been caught cheating for sure, ban their account.	this streamer is confirmed cheating, ban them
B-NEO-050	NEO	84.05	85.21	1.16	67.71	74.74	7.04	0	0	0	内耗太严重了	The internal consumption is too severe.	内部消耗太严重了	The internal consumption is too severe.	internal friction is too serious smh
B-NEO-051	NEO	94.49	81.03	-13.46	50.05	73.75	23.69	0	100	100	互联网嘴替实锤	Internet mouthpiece confirmed	互联网代言人实锤	Internet Spokesperson's Solid Evidence	confirmed internet mouthpiece
B-NEO-052	NEO	38.81	49.80	11.00	43.59	56.88	13.30	0	0	0	无职孝子还在嘴硬洗，服了	The unemployed filial son is still stubbornly defending himself, I'm convinced.	无职盲目辩护者还在嘴硬洗，服了	The unemployed and clueless defender is still stubbornly trying to justify, I give up.	Mushoku Tensei stans still hard-stanning give up
B-NEO-053	NEO	81.66	94.15	12.49	64.58	82.21	17.63	0	0	0	双持党表示苹果和华为都不够用	The Dual-Use Party stated that neither Apple nor Huawei is sufficient.	同时用两部手机的人表示苹果和华为都不够用	People who use two phones at the same time said that neither Apple nor Huawei phones are sufficient.	dual-phone gang saying neither Apple nor Huawei is enough
B-NEO-054	NEO	82.84	77.11	-5.73	35.02	55.01	19.98	0	0	0	被种草了	I've been tempted to try it.	被推荐心动了	The recommended one made my heart beat.	got recommended I'm tempted to buy
B-NEO-055	NEO	93.88	91.29	-2.58	49.45	73.26	23.82	0	0	0	拔草了不买	I won't buy it anymore.	打消购买念头了不买	Gave up the idea of buying, won't purchase	nah I'm not buying
B-NEO-056	NEO	83.18	99.39	16.20	60.58	86.16	25.59	0	100	100	他好会整活	He's really good at coming up with stuff.	他好会搞怪	He is really good at being funny.	he's so good at being funny lol
B-NEO-057	NEO	95.63	98.69	3.06	70.96	82.33	11.38	0	0	0	这个太炸了	This is so intense.	这个太震撼了	This is too shocking.	this is too insane
B-NEO-058	NEO	66.56	81.75	15.19	59.01	64.53	5.53	0	0	0	景区打人还理直气壮的，真是绝绝子	It's really amazing that someone who hits people in a scenic area is still acting all justified and confident.	景区打人还理直气壮的，真是绝了	It's amazing that someone who hits people in a scenic area can still act as if they're in the right.	Beating people at a scenic spot and still acting righteous, truly absolutely outrageous
B-NEO-059	NEO	72.27	95.04	22.76	71.42	84.01	12.60	0	0	0	破防了	Broken through the defenses.	心理防线崩溃了	The psychological defense has collapsed.	I'm emotionally broken
B-NEO-060	NEO	98.32	100.00	1.68	65.94	86.16	20.23	100	100	0	这个太上头了	This is too addictive.	这个太上瘾了	This is too addictive.	this is too addictive can't stop
B-NEO-061	NEO	81.95	96.81	14.86	54.53	86.21	31.68	0	0	0	他好会营业	He is really good at self-promotion.	他好会讨好粉丝	He is really good at pleasing his fans.	he's so good at playing to his fans
B-NEO-062	NEO	78.45	91.27	12.82	57.05	79.43	22.39	0	0	0	香港🇭🇰打车有这么卷吗？又难？	Is hailing a taxi in Hong Kong 🇭🇰 this competitive? Or difficult?	香港🇭🇰打车竞争有这么激烈吗？又难？	Is the taxi competition in Hong Kong 🇭🇰 really that intense? Is it also difficult?	is getting a taxi in HK this intense? so hard?
B-NEO-063	NEO	86.60	87.02	0.42	83.26	78.41	-4.86	0	0	0	这帖子纯纯的钓鱼经验，别当真	This post is purely about fishing experience, don't take it seriously.	这帖子纯纯的骗经验，别当真	This post is purely for gaining experience, don't take it seriously.	this post is pure bait for engagement don't fall for it
B-NEO-064	NEO	77.05	94.60	17.55	60.45	77.68	17.23	0	0	0	纯纯的牛马人生	A purely ox-and-horse-like life	纯纯的打工人人生	A life of a pure hardworking employee.	pure wage slave life
B-NEO-065	NEO	78.96	99.18	20.22	78.38	86.73	8.35	0	0	0	是我不够糖吗	Am I not sweet enough?	是我不够傻吗	Am I not stupid enough?	am I not dumb enough? bruh
B-NEO-066	NEO	100.00	100.00	0.00	85.42	86.44	1.02	100	100	0	这何意味啊	What does this mean?	这什么意思啊	What does this mean?	what does this even mean
B-NEO-067	NEO	79.01	86.90	7.90	37.59	54.46	16.87	0	100	100	摆烂了，爱咋咋地	Giving up, whatever.	放弃了，爱咋咋地	Gave up, whatever.	I give up whatever happens happens
B-NEO-068	NEO	80.39	93.64	13.25	55.86	80.16	24.29	0	0	0	摆烂一天算了	Giving up for a day is fine.	放弃一天算了	Forget about it for a day.	let me rot for a day whatever
B-NEO-069	NEO	90.33	83.45	-6.88	43.81	75.11	31.30	0	0	0	内卷太严重了，打工人伤不起	The competition is too intense; we can't afford to be overworked.	过度竞争太严重了，打工人伤不起	The over-competition is too severe; the working class can't afford the injuries.	the rat race is too intense workers can't take it
B-NEO-070	NEO	84.32	92.66	8.34	66.94	77.04	10.10	0	0	0	这波操作属实逆天了	This operation is truly amazing.	这波操作属实超乎想象了	This move is indeed beyond imagination.	this play is straight up insane
B-NEO-071	NEO	53.21	63.77	10.57	57.09	68.58	11.49	0	0	0	内卷到头秃，躺平又心慌	Burning out from overworking leads to hair loss, while opting to lie flat causes anxiety.	过度竞争到头秃，躺平又心慌	Over-competition leads to hair loss, but giving up makes my heart anxious.	rat race till you're bald quit competing but still anxious
B-NEO-072	NEO	90.35	94.05	3.70	74.38	81.96	7.58	0	0	0	不是哥们儿	No bro	不是吧，哥们儿	No way, man	no way bro come on
B-NEO-073	NEO	92.57	79.87	-12.70	84.43	81.93	-2.50	100	100	0	说出一个旅游热度很低但实际很夯的城市	Name a city that has low tourism popularity but is actually very vibrant.	说出一个旅游热度很低但实际很高的城市	Name a city that has low travel popularity but is actually very high.	name a city that's low-key but actually great
B-NEO-074	NEO	87.04	89.99	2.95	44.07	73.06	28.99	0	0	0	这波操作直接拉胯了	This move directly messed things up.	这波操作直接失常了	This operation is completely malfunctioning.	this play literally underperformed
B-NEO-075	NEO	65.11	70.08	4.97	64.74	55.87	-8.87	100	100	0	这操作绝绝子，直接给我整不会了	This operation is amazing, it directly left me clueless.	这操作绝佳，直接给我整不会了	This operation is amazing, it directly made me lose it.	this play is amazing left me speechless
B-NEO-076	NEO	65.75	70.84	5.09	69.71	73.00	3.29	100	0	-100	谁能能理解这种崩溃的心情，辛辛苦苦备考许久，就等着政审上岸，结果栽在了学历断层上	Who can understand this feeling of collapse? After painstakingly preparing for a long time, I was just waiting to pass the political review to succeed, only to fail due to a gap in my academic credentials.	谁能能理解这种崩溃的心情，辛辛苦苦备考许久，就等着政审成功，结果栽在了学历断层上	Who can understand this feeling of collapse? After painstakingly preparing for a long time, I was just waiting for the political review to succeed, only to fail due to a gap in my academic credentials.	who understands this despair? prepped for ages waiting to pass the political review only to get rejected by an education gap
B-NEO-077	NEO	93.50	95.14	1.64	51.82	81.97	30.15	0	100	100	为什么留子都不爱和老外谈？	Why don't Chinese students studying abroad like to date foreigners?	为什么留学生都不爱和老外谈？	Why don't international students like to talk to foreigners?	why don't international students like dating foreigners? real talk
B-NEO-078	NEO	80.00	93.29	13.29	73.60	74.08	0.48	0	0	0	哈包穿上衣服不习惯了	Habao is not used to wearing clothes.	哈兰德穿上衣服不习惯了	Haaland is not used to wearing clothes.	not used to Haaland wearing clothes
B-NEO-079	NEO	84.77	91.62	6.86	51.51	61.97	10.45	0	0	0	洗澡5分钟老公社死一整年	A 5-minute shower leads to social death for an entire year.	洗澡5分钟老公社会性死亡一整年	A 5-minute shower leads to my husband's social death for an entire year.	5-min shower and my husband is socially dead for a whole year rip
B-NEO-080	NEO	83.07	85.82	2.75	52.88	49.09	-3.79	0	100	100	直接破防了家人们	My defenses are completely broken, family.	直接心态失控了家人们	My mindset completely broke down, family.	totally broke down mentally fam
B-NEO-081	NEO	98.13	98.68	0.55	82.28	82.69	0.41	100	100	0	月薪不够5w不能这么活	You can't live this way if your monthly salary is less than 50,000.	月薪不够5万不能这么活	You can't live this way if your monthly salary is less than 50,000.	Can't live like this if monthly salary isn't even 50k
B-NEO-082	NEO	58.93	70.75	11.81	44.84	82.83	37.99	0	0	0	爷青回	Yeqing Returns	爷的青春回来了	Dad's youth has returned.	Nostalgia hits hard.
B-NEO-083	NEO	36.66	100.00	63.34	36.66	87.51	50.85	0	0	0	难他天？	Hard for him to the sky?	难道他真的是天才？	Is he really a genius?	Turns out he's a genius?
B-NEO-084	NEO	93.26	99.12	5.86	45.97	83.09	37.12	0	0	0	基操	Basic operation.	基本操作	Basic operations	Just basic mechanics
B-NEO-085	NEO	77.95	87.71	9.76	55.18	77.82	22.64	0	0	0	你这肯定是低段位炸鱼罢了	You're definitely just a low-level player trying to take down higher-ranked ones.	你这肯定是低段位欺负水平差的玩家罢了	You're definitely just a low-level player picking on weaker players.	You must be just smurfing in low rank
B-NEO-086	NEO	65.52	84.74	19.23	76.46	80.41	3.94	0	100	100	刘宇宁一周不直播，棚友集体受不了！想念到发疯	Liu Yuning didn't live stream for a week, and his studio friends couldn't take it collectively! They missed him so much that they went crazy.	刘宇宁一周不直播，粉丝集体受不了！想念到发疯	Liu Yuning didn't live stream for a week, and his fans couldn't take it anymore! They missed him so much they went crazy.	Liu Yuning hasn’t streamed for a week, all his fans can’t stand it and miss him terribly.
B-PYA-001	PYA	84.35	96.58	12.22	75.90	76.94	1.04	0	100	100	xql日常太甜了，羡慕死了	XQL's daily life is too sweet, I'm so envious	小情侣日常太甜了，羡慕死了	The little couple's daily life is too sweet, I'm so jealous.	this couple's daily life is too sweet, I'm so jealous
B-PYA-003	PYA	86.93	93.51	6.58	78.79	81.43	2.64	0	100	100	xql之间的默契真的绝了	The chemistry between XQL is really amazing.	小情侣之间的默契真的绝了	The chemistry between the little couple is really amazing.	the chemistry between this couple is insane
B-PYA-004	PYA	83.38	96.59	13.21	64.65	74.38	9.74	0	100	100	全网最甜xql非他们莫属	The sweetest xql on the internet is definitely them.	全网最甜小情侣非他们莫属	They are definitely the sweetest couple in the whole network.	the sweetest couple on the internet has to be them
B-PYA-005	PYA	77.45	97.02	19.58	75.22	82.59	7.37	0	0	0	看到别人去欧洲旅游的照片，xmsl	Seeing others' photos of traveling in Europe, xmsl	看到别人去欧洲旅游的照片，羡慕死了	I'm so envious seeing photos of others traveling in Europe.	Seeing photos of others traveling in Europe makes me so envious.
B-PYA-007	PYA	77.51	93.99	16.47	76.61	74.95	-1.66	0	100	100	新剧gkd！等不及了	New drama is great! Can't wait anymore!	新剧搞快点！等不及了	New drama, hurry up! Can't wait any longer!	hurry up with the new drama! can't wait
B-PYA-009	PYA	96.48	99.84	3.36	64.83	80.72	15.89	0	0	0	xgg们推荐一下好用的手机呗	Please recommend some good phones for me.	小哥哥们推荐一下好用的手机呗	Brothers, please recommend some good phones.	boys recommend some good phones pls
B-PYA-010	PYA	90.54	88.19	-2.35	79.63	82.85	3.22	0	0	0	这个xgg好帅，求联系方式	This xgg is so handsome, I want his contact information.	这个小哥哥好帅，求联系方式	This big brother is so handsome, can you share his contact information?	this guy is so handsome, asking for his contact
B-PYA-011	PYA	90.34	94.17	3.82	78.13	71.92	-6.20	0	100	100	jrm帮我看看这个怎么选	jrm, help me see how to choose this	家人们帮我看看这个怎么选	Family, help me see how to choose this.	fam help me figure out which one to pick
B-PYA-012	PYA	97.59	93.38	-4.21	77.58	80.79	3.21	0	100	100	jrm今天发生了一件离谱的事	Something ridiculous happened today.	家人们今天发生了一件离谱的事	Something ridiculous happened to my family today.	fam something wild happened today
B-PYA-013	PYA	85.14	94.05	8.91	71.57	81.36	9.78	0	0	0	8u们觉得这配置怎么样	What do you 8u guys think of this configuration?	吧友们觉得这配置怎么样	What do the forum friends think of this configuration?	what do you tieba folks think of this setup?
B-PYA-014	PYA	89.97	83.31	-6.66	75.37	81.43	6.06	0	0	0	王虹yyds！中国数学家终于拿到菲尔兹奖了	Wang Hong is the best! Chinese mathematicians have finally won the Fields Medal.	王虹永远的神！中国数学家终于拿到菲尔兹奖了	Wang Hong, the eternal god! Chinese mathematicians have finally won the Fields Medal.	Wang Hong is the GOAT! A Chinese mathematician finally won the Fields Medal
B-PYA-015	PYA	84.76	96.57	11.80	70.68	73.70	3.02	0	100	100	这条rs怎么还没上	Why hasn't this RS been posted yet?	这条热搜怎么还没上	Why hasn't this trending topic appeared yet?	why isn't this trending yet
B-PYA-016	PYA	66.61	77.00	10.39	64.23	65.33	1.11	0	100	100	xswl，陈哲远在密逃里也太搞笑了吧	xswl, Chen Zheyuan is also so funny in Keep Running.	笑死我了，陈哲远在密逃里也太搞笑了吧	Lol, Chen Zheyuan is so funny in Keep Running!	Lmao, Chen Zheyuan is just too funny in Great Escape
B-PYA-017	PYA	87.35	96.92	9.57	79.77	81.69	1.91	0	100	100	14个月正是穿lulu的时候	14 months is just the right time to wear Lulu.	14个月正是穿Lululemon的时候	14 months is just the right time to wear Lululemon.	14 months is prime Lululemon season
B-PYA-018	PYA	84.51	84.44	-0.07	80.44	65.72	-14.72	0	0	0	dd，中国女排3比2逆转美国太牛了	DD, the Chinese women's volleyball team's comeback against the US with a 3-2 victory was amazing!	顶顶，中国女排3比2逆转美国太牛了	Dingding, the Chinese women's volleyball team's 3-2 comeback against the US was amazing!	Bump, China women's volleyball 3-2 comeback against USA is amazing
B-PYA-019	PYA	87.69	96.68	8.98	76.71	77.17	0.46	0	0	0	rt，大家帮我看看这手机值不值	rt, everyone please help me check if this phone is worth it	如图，大家帮我看看这手机值不值	As shown in the picture, everyone please help me check if this phone is worth it.	see pic help me check if this phone is worth it
B-PYA-020	PYA	84.73	87.22	2.49	80.79	77.40	-3.38	0	0	0	jrs怎么看腾讯这个泄密处理？	What's jrs's view on Tencent's handling of this data leak?	家人们怎么看腾讯这个泄密处理？	What do everyone think about Tencent's handling of this data leak?	Fam, what do you think of Tencent's leak handling?
B-PYA-021	PYA	76.42	81.16	4.74	71.66	75.22	3.56	0	0	0	srds，赛里木湖打人这事不能就这么算了	srds, the incident of someone being beaten at Sayram Lake cannot just be let go.	虽然但是，赛里木湖打人这事不能就这么算了	Although, the incident of someone hitting someone else at Sayram Lake can't just be brushed aside like this.	Be that as it may, the Sarim Lake beating incident can't just be let go like this
B-PYA-022	PYA	87.55	86.15	-1.40	57.41	79.70	22.29	0	0	0	白色真是yyds	White is really the best.	白色真是永远的神	White is really the eternal god.	white is truly the GOAT
B-PYA-023	PYA	83.87	94.72	10.85	76.98	78.93	1.95	0	0	0	u1s1，317万年终奖确实让人眼红	u1s1, a year-end bonus of 3.17 million is indeed envy-worthy.	有一说一，317万年终奖确实让人眼红	Frankly speaking, a year-end bonus of 3.17 million is indeed envy-worthy.	To be honest, a 3.17 million year-end bonus does make people envious
B-PYA-024	PYA	92.04	93.74	1.71	76.82	77.55	0.74	0	100	100	XHS上好多人在讨论	Many people are discussing on XHS.	小红书上好多人在讨论	Many people are discussing on Xiaohongshu.	so many people talking about it on Xiaohongshu
B-PYA-025	PYA	81.11	90.38	9.28	68.77	79.08	10.31	0	0	0	显卡涨价这消息直接让我blx了	The news that graphics card prices have increased directly made me blx.	显卡涨价这消息直接让我玻璃心了	The news that graphics card prices have gone up immediately made me feel really sensitive.	The GPU price hike news really triggered my fragile heart
B-PYA-026	PYA	80.79	90.13	9.34	44.74	62.44	17.70	0	0	0	好好好 好一个kpop拉子(bushi)	Okay okay, what a K-pop fan (not really)	好好好 好一个kpop拉子(不是)	Okay, okay, what a K-pop fangirl (not really)	ok ok ok what a kpop lesbian (not)
B-PYA-027	PYA	78.50	87.65	9.14	61.07	76.64	15.57	0	0	0	某些景区管理真是yygq，表面道歉背后照样	Some scenic area management is really out of touch, apologizing on the surface but continuing as before behind the scenes.	某些景区管理真是阴阳怪气，表面道歉背后照样	Some scenic area management is really full of double standards, apologizing on the surface but acting the same way behind the scenes.	Some scenic area management is really passive-aggressive, apologizing on the surface but same behind the scenes
B-PYA-028	PYA	69.90	72.84	2.94	63.57	83.10	19.53	0	0	0	nb！这个操作太秀了	NB! This operation is too cool.	牛逼！这个操作太秀了	Awesome! This move is so cool.	Sick move! Absolute W
B-PYA-029	PYA	82.97	80.83	-2.14	60.44	71.62	11.18	100	100	0	50亿离婚案的瓜我吃了，dbq我不站队	I've had my fill of the 500 million divorce case drama, sorry I'm not taking sides.	50亿离婚案的瓜我吃了，对不起我不站队	I've had my share of the 500 million divorce case drama, sorry I won't take sides.	I’ve followed the 5-billion divorce drama, sorry, I’m not taking sides.
B-PYA-030	PYA	94.72	94.96	0.23	67.95	69.38	1.42	100	100	0	这就是尊贵的b站用户🤣🤣🤣	This is the esteemed Bilibili user 🤣🤣🤣	这就是尊贵的B站用户🤣🤣🤣	This is the esteemed Bilibili user 🤣🤣🤣	this is what being a distinguished Bilibili user looks like 🤣🤣🤣
B-PYA-031	PYA	79.16	81.52	2.36	63.87	77.89	14.01	0	0	0	王虹从垫底到菲尔兹奖，这波直接nb	Wang Hong went from the bottom to the Fields Medal; this move is directly awesome.	王虹从垫底到菲尔兹奖，这波直接牛逼	Wang Hong went from the bottom to the Fields Medal; this move is directly awesome.	Wang Hong from bottom to Fields Medal, this move is just insane
B-PYA-032	PYA	94.51	100.00	5.49	64.95	82.02	17.07	0	100	100	xjj们推荐一下好用的手机呗	Please recommend some good phones for me.	小姐姐们推荐一下好用的手机呗	Girls, please recommend some good phones.	girls recommend some good phones pls
B-PYA-033	PYA	89.75	81.94	-7.80	70.80	67.65	-3.15	0	0	0	bl粉丝太能控评了	BL fans are too good at controlling reviews.	白鹿粉丝太能控评了	White Deer's fans are too good at controlling the comments.	Bai Lu fans are too good at controlling the comments
B-PYA-034	PYA	86.91	78.05	-8.86	77.76	80.25	2.49	0	0	0	会聊天的男生真的yyds	Boys who are good at chatting are really the best.	会聊天的男生真的永远的神	A boy who can chat well is really a forever god.	guys who can flirt are truly the GOAT
B-PYA-035	PYA	81.14	71.59	-9.55	81.21	81.51	0.30	100	0	-100	哈哈哈哈哈哈哈笑死，我们00真的老kpop人了	Hahahahaha, I died laughing. We Gen Zs are really old K-pop fans now.	哈哈哈哈哈哈哈笑死，我们2000年后出生的人真的老kpop人了	Hahahahaha, I died laughing. People born after 2000 are really becoming old K-pop fans now.	lmaooo us Gen Z are such veteran kpop fans
B-PYA-036	PYA	73.37	83.67	10.30	68.46	78.38	9.92	0	0	0	减脂党狂喜！番茄鸡蛋燕麦粥yyds	Fat-loss enthusiasts will be thrilled! Tomato, egg, and oatmeal porridge is the ultimate choice.	减脂党狂喜！番茄鸡蛋燕麦粥永远的神	Fat-loss enthusiasts will be thrilled! Tomato, egg, and oatmeal porridge is forever the best.	diet crew rejoice! tomato egg oatmeal is the GOAT
B-PYA-037	PYA	90.57	94.05	3.48	80.72	79.20	-1.52	0	100	100	jrs帮我看看这鱼竿行不行	jrs, help me check if this fishing rod is good or not	家人们帮我看看这鱼竿行不行	Family, help me check if this fishing rod is good or not.	fam help me check if this fishing rod is any good
B-PYA-038	PYA	87.54	84.57	-2.97	61.98	72.68	10.70	0	0	0	一个会调情的男生真的YYDS	A flirty guy is really the best.	一个会调情的男生真的永远的神	A flirty guy is really a god forever.	a guy who knows how to flirt is truly the GOAT
B-PYA-039	PYA	90.60	99.12	8.52	77.19	80.21	3.01	0	0	0	bdjw这个怎么用	How to use bdjw	不懂就问这个怎么用	Ask if you don't know how to use this	asking cuz idk how do I use this
B-PYA-040	PYA	63.20	85.69	22.49	63.38	79.31	15.93	0	100	100	蓝盈莹第一场戏好像就是撞棺紫砂	Blue Yingying's first scene seemed to be the collision with the zisha coffin.	蓝盈莹第一场戏好像就是撞棺自杀	Lan Yingying's first scene seemed to be where she committed suicide by crashing into a coffin.	Lan Yingying's first scene was literally suicide by coffin smash
B-PYA-041	PYA	90.39	83.64	-6.74	76.70	73.40	-3.30	0	0	0	泰奶+Gelato yyds！！！	Thai milk tea + Gelato yyds!!!	泰奶+Gelato 永远的神！！！	Thai milk + Gelato forever the god!!!	Thai milk tea + Gelato is the GOAT!!!
B-PYA-042	PYA	84.88	92.54	7.66	71.17	71.36	0.18	0	0	0	yygq什么呢，有话直说不行吗	What does yygq mean? Can't you just say it directly?	阴阳怪气什么呢，有话直说不行吗	What's with the sarcastic tone? Can't you just speak plainly?	what are you being passive-aggressive about just say it straight
B-PYA-043	PYA	80.45	95.48	15.03	73.93	64.64	-9.29	0	100	100	zqsg追星好累	ZQSG, chasing stars is so tiring.	真情实感追星好累	It's really tiring to chase stars with genuine feelings.	chasing idols with genuine feelings is exhausting
B-PYA-044	PYA	73.50	78.56	5.07	83.88	81.87	-2.02	0	100	100	u1s1，这个视频做得真好	u1s1, this video is really well done.	有一说一，这个视频做得真好	Frankly speaking, this video is really well made.	Fr, this video slaps
B-PYA-045	PYA	49.54	51.51	1.98	57.34	53.12	-4.22	0	0	0	别再吃麻辣烫！干拌麻辣拌才是yyds	Don't eat spicy hot pot anymore! Dry mixed spicy hot pot is the real yyds.	别再吃麻辣烫！干拌麻辣拌才是永远的神	No more spicy hot pot! Dry mixed spicy hot pot is the eternal god.	stop eating malatang! dry-mixed mala ban is the GOAT
B-PYA-046	PYA	76.23	70.50	-5.73	57.68	69.38	11.70	0	0	0	这吧里xfxy的，天天吵架	This bar's xfxy, they argue every day.	这吧里血风血雨的，天天吵架	This bar is full of blood and storms, everyone argues every day.	this forum is so chaotic fighting every day smh
B-PYA-047	PYA	64.11	64.60	0.49	64.21	80.55	16.34	0	100	100	srds他还是很有实力的	He is still quite capable.	虽然但是他还是很有实力的	Although, he is still very capable.	sthough he still got bars
B-PYA-048	PYA	81.95	86.13	4.18	78.61	76.83	-1.78	0	0	0	xswl 这都能洗？	xswl Can this even be washed?	笑死我了 这都能洗？	Lol, you can actually wash this?	lmao you can defend even this?
B-PYA-049	PYA	89.93	100.00	10.07	78.80	84.49	5.69	0	0	0	rwkk这到底是什么鱼	What kind of fish is this, rwkk?	让我看看这到底是什么鱼	Let me see what kind of fish this is.	lemme see what fish is this
B-PYA-050	PYA	73.80	83.63	9.83	64.16	62.42	-1.75	0	0	0	dd我一下	Call me a moment.	滴滴我一下	Give me a ride with Didi.	hit me up
B-PYA-051	PYA	92.68	88.68	-4.00	75.85	64.83	-11.02	0	0	0	tcl，我真的太菜了	TCL, I'm really bad at this.	太菜了，我真的太菜了	Too bad, I'm really too bad.	I'm way too noob
B-PYA-052	PYA	92.19	89.98	-2.21	56.33	55.78	-0.55	0	0	0	夏天就好这一口！！天妇罗冰锅yyds！！	This is exactly what we need in summer!! Tempura ice pot is the best ever!!	夏天就好这一口！！天妇罗冰锅永远的神！！	This is exactly what we need in summer!! The tempura ice pot is forever the god!!	summer vibes!! tempura ice pot is the GOAT!!
B-PYA-053	PYA	80.85	68.71	-12.13	69.15	63.66	-5.49	0	0	0	xswl这弱智吧的帖子太搞笑了	The post from xswl in this stupid forum is so funny.	笑死我了这弱智吧的帖子太搞笑了	This post from the Weak Intelligence Bar is so funny, it killed me.	lmao the posts in this dumbass forum are too funny
B-PYA-054	PYA	83.84	68.22	-15.62	47.85	54.83	6.98	0	0	0	马到成功yyds	Success at first attempt, yyds	马到成功永远的神	Forever the god of instant success	May you succeed effortlessly, it’s top tier!
B-PYA-055	PYA	71.94	75.18	3.24	53.37	70.84	17.48	0	0	0	这操作nb啊，大佬带带我	This operation is awesome, senior please take me under your wing	这操作牛逼啊，大佬带带我	This operation is awesome, senior please take me under your wing	this play is sick bro carry me
B-PYA-056	PYA	77.98	72.92	-5.06	39.88	44.10	4.22	100	100	0	这个cp太好磕了	This CP is so good to ship.	这个配对太好磕了	This pairing is so good to ship.	this ship is too good fr fr
B-PYA-057	PYA	76.63	66.58	-10.05	54.76	60.69	5.93	100	0	-100	这俩离不开浓妆美颜强凹ABC	They can't do without heavy makeup, beautification, and strongly emphasizing ABC.	这俩离不开浓妆美颜强凹American Born Chinese	"These two can't be separated from heavy makeup, beautification, and strongly emphasizing ""American Born Chinese."""	these two can't go without heavy makeup + filters trying to act all ABC
B-PYA-058	PYA	85.70	77.97	-7.72	65.54	47.22	-18.32	0	0	0	kdl，这对CP太甜了	kdl, this CP is so sweet	磕到了，这对CP太甜了	Hit my head, this CP is too sweet.	I'm shipping it this CP is too sweet
B-PYA-059	PYA	84.67	85.65	0.98	67.04	73.58	6.54	0	0	0	山航yyds	Shanhai Airlines is the best.	山航永远的神	Shanhai Airlines' eternal god	Shandong Airlines is the GOAT
B-PYA-060	PYA	83.05	87.83	4.78	40.79	40.00	-0.80	0	0	0	cpf又在磕了	cpf is shipping again	CP粉又在磕了	CP fans are shipping again.	shippers shipping again
B-PYA-061	PYA	69.19	58.29	-10.90	46.30	42.55	-3.75	0	0	0	dddd，支持UP主！	dddd, support the UP主!	顶顶顶顶，支持UP主！	Top, top, top, supporting the UP主!	bump bump bump bump support the creator!
B-PYA-062	PYA	83.20	93.89	10.69	76.59	77.35	0.76	0	0	0	xswl打印机都沦没墨了	xswl My printer is out of ink.	笑死我了打印机都沦没墨了	Lol, the printer even ran out of ink.	lmao even the printer ran out of ink
B-PYA-063	PYA	85.71	96.00	10.29	57.28	68.96	11.68	100	100	0	fs们太能打了	The fans are too good at fighting.	粉丝们太能打了	The fans are too enthusiastic.	fans are too cracked
B-PYA-064	PYA	92.12	91.88	-0.24	84.67	79.37	-5.30	0	0	0	ssfd，这个太恐怖了	ssfd, this is too terrifying.	瑟瑟发抖，这个太恐怖了	Shivering with fear, this is too terrifying.	shook this is too scary
B-PYA-065	PYA	64.72	92.45	27.73	57.45	74.45	16.99	0	100	100	bt，时常因为不够bt而觉得跟这个世界格格不入	BT, often feeling out of place with the world because it's not BT enough.	变态，时常因为不够变态而觉得跟这个世界格格不入	Pervert, often feeling out of place in this world because I'm not perverted enough.	pervert always feeling out of place cuz I'm not weird enough lol
B-PYA-066	PYA	92.63	83.80	-8.83	79.16	80.44	1.29	0	0	0	这图谁发明的，xswl	Who came up with this picture, xswl	这图谁发明的，笑死我了	Who came up with this picture? It's killing me with laughter.	who invented this image lmao
B-PYA-067	PYA	66.57	86.57	20.00	68.45	62.23	-6.22	0	0	0	tcl这游戏技术，菜到抠脚	This TCL game technology is so bad it's embarrassing.	太菜了这游戏技术，菜到抠脚	The gaming skills are too bad, so bad it's embarrassing.	too noob this game skill noob to the extreme
B-PYA-068	PYA	83.76	93.13	9.37	73.23	77.06	3.83	0	100	100	zqsg追了这么多年，终于更新了	After following zqsg for so many years, it has finally been updated.	真情实感追了这么多年，终于更新了	After following it with genuine feelings for so many years, it's finally been updated.	been following with real feelings for years finally an update
B-PYA-069	PYA	75.39	88.51	13.12	70.59	76.47	5.88	0	0	0	Xswl就说有没有美味大餐吧哈哈哈哈哈哈哈	"Xswl just said something like ""whether there is a delicious meal"" hahahahaha"	笑死我了就说有没有美味大餐吧哈哈哈哈哈哈哈	Haha, you made me laugh so hard, just say if there's a delicious meal or not, hahahahaha	lmao just tell me if there's a feast hahahahaha
B-PYA-070	PYA	99.03	77.24	-21.79	85.98	77.60	-8.37	100	100	0	nsdd，你说得对	nsdd, you are right.	你说得对，你说得对	You're right, you're right.	nsdd you're right
B-PYA-071	PYA	61.42	31.99	-29.42	65.61	66.43	0.82	0	0	0	xswl一人血书求这个短剧拍真人版	xswl writes a blood letter to request a live-action version of this short drama	笑死我了一人血书求这个短剧拍真人版	Laughed myself to death, one person's blood-written plea for this short play to be made into a live-action series.	lmao starting a one-person petition for a live-action version
B-PYA-072	PYA	93.09	98.70	5.61	84.44	85.82	1.38	0	100	100	szd，这个是真的	szd, this is real	是真的，这个是真的	It's true, this is true.	it's legit this is the real deal
B-PYA-073	PYA	87.61	86.28	-1.34	49.04	38.37	-10.66	100	100	0	pyq，朋友圈见	pyq, see you on the Moments	朋友圈，朋友圈见	Moments, see you in Moments	see you in Moments
B-PYA-074	PYA	75.40	83.71	8.31	71.51	79.07	7.56	0	0	0	这个耳朵前后的颜色变化xswl	The color change before and after this ear xswl	这个耳朵前后的颜色变化笑死我了	The color change before and after this ear killed me with laughter.	the color change before and after this ear lmao
B-PYA-075	PYA	97.80	97.11	-0.70	84.80	86.90	2.10	100	100	0	dbq，对不起我错了	dbq, sorry I was wrong	对不起，对不起我错了	Sorry, sorry, I was wrong.	sry sorry I was wrong
B-PYA-076	PYA	87.53	81.74	-5.79	80.69	73.20	-7.48	0	0	0	xswl皇帝的新衣	xswl The Emperor's New Clothes	笑死我了皇帝的新衣	Laughing to death at The Emperor's New Clothes	lmao emperor's new clothes
B-PYA-077	PYA	86.38	91.05	4.67	75.95	84.49	8.53	0	0	0	哈哈哈哈哈xswl	Hahahaha xswl	哈哈哈哈哈笑死我了	Hahaha, I died laughing.	hahahahaha lmao
B-PYA-078	PYA	60.68	87.69	27.01	35.82	77.45	41.63	0	0	0	真的栓Q了家人们	Thank you so much, family.	真的受够了家人们	I'm really fed up with my family.	I've really had enough, guys.
B-PYA-079	PYA	87.41	91.08	3.67	77.56	63.10	-14.46	0	0	0	8u🚪什么意思	8u.🚪 What does it mean?	吧友们什么意思	"What does ""bar friends"" mean?"	tieba bros what does this mean
B-PYA-080	PYA	70.77	76.63	5.86	65.54	68.78	3.24	0	0	0	什么成分？xdm锐评。	What ingredients? XDM's sharp comments.	什么成分？兄弟们锐评。	What ingredients? Brothers give your honest reviews.	what's their deal? bros rate.
B-PYA-081	PYA	78.24	96.02	17.78	60.68	69.70	9.01	0	100	100	氪金也能让各家fs满意	Spending money can also satisfy various FSs.	氪金也能让各家粉丝满意	Spending money can also satisfy the fans of each faction.	spending money can also satisfy every camp's fans
B-PYA-082	PYA	73.78	73.81	0.03	64.03	66.01	1.98	0	0	0	咱姐硬生生从良子嘴里抠出3w多粉丝	We forcibly extracted over 30,000 followers from Liangzi's mouth.	咱姐硬生生从良子嘴里抠出3万多粉丝	We forcibly extracted over 30,000 followers from Liangzi's mouth.	Our sis somehow pulled more than thirty thousand followers out of Liangzi.
B-PYA-083	PYA	76.13	77.87	1.74	73.16	68.12	-5.04	0	0	0	她俩要是有cpf这都能当谈过的证据了	If they had a CPF, this could serve as evidence that they had talked.	她俩要是有CP粉这都能当谈过的证据了	If they had any CP fans, this could serve as evidence that they've been together.	if they had shippers this could count as dating proof
B-PYA-084	PYA	86.47	98.98	12.51	78.57	86.70	8.13	0	0	0	塔图姆NB	Tatum NB	塔图姆牛逼	Tatum is awesome.	Tatum is insane.
B-PYA-085	PYA	93.59	91.73	-1.86	62.98	77.53	14.55	0	0	0	想吃肉质Q弹的就买散养老公鸡	If you want tender and elastic meat, buy a free-range rooster.	想吃肉质紧实弹牙的就买散养老公鸡	If you want meat that is firm and chewy, buy a free-range rooster.	if you want bouncy meat buy free-range rooster
B-PYA-086	PYA	90.31	98.47	8.17	76.49	68.75	-7.74	0	0	0	yysy，两边都看完了	yysy, I've watched both sides.	有一说一，两边都看完了	To be fair, I've watched both sides.	To be honest, I watched both sides
B-MIX-001	MIX	95.62	80.45	-15.17	78.90	62.97	-15.93	100	100	0	这首歌的hook太洗脑了，循环一天	The hook of this song is so catchy, I've been looping it all day.	这首歌的记忆点太洗脑了，循环一天	The catchy parts of this song are so earwormy, I looped it all day.	this song's hook is so catchy, been looping all day
B-MIX-002	MIX	93.75	94.26	0.51	71.07	79.00	7.94	100	0	-100	短视频前3秒就是hook，抓不住人就划走了	The first 3 seconds of a short video is the hook; if it doesn't catch the viewer's attention, they will swipe away.	短视频前3秒就是吸引人的部分，抓不住人就划走了	The first 3 seconds of a short video are the attention-grabbing part; if it doesn't catch people's interest, they will swipe away.	the first 3 seconds of a short video is the hook, lose them and they scroll away
B-MIX-003	MIX	98.49	99.72	1.24	79.44	84.30	4.87	100	100	0	新专辑终于drop了，等了好久	The new album has finally dropped, been waiting for it for a long time.	新专辑终于发布了，等了好久	The new album has finally been released, it's been a long wait.	the new album finally dropped, been waiting forever
B-MIX-004	MIX	94.07	94.69	0.61	78.86	79.37	0.51	100	100	0	这个品牌下周drop新款，必须抢	This brand is dropping a new collection next week; I have to get it.	这个品牌下周推出新款，必须抢	This brand is launching a new model next week; we must get it first.	this brand is dropping new styles next week, gotta grab them
B-MIX-005	MIX	91.04	94.80	3.76	74.68	80.43	5.74	100	100	0	这波clutch操作直接翻盘，太牛了	This clutch play directly turned the game around, so awesome!	这波关键时刻的操作直接翻盘，太牛了	This critical move during the key moment directly turned the situation around. It's amazing!	this clutch play turned the game around, insane
B-MIX-006	MIX	63.77	83.16	19.39	68.57	73.33	4.76	100	0	-100	决赛最后一分钟clutch绝杀	Clutch win in the final minute of the championship game	决赛最后一分钟关键时刻绝杀	A game-winning move in the final minute of the championship.	clutch buzzer-beater in the final minute of the finals
B-MIX-007	MIX	98.60	99.93	1.33	83.35	85.13	1.78	100	100	0	这游戏画质也就mid水平，玩法也一般	The graphics of this game are only mid-level, and the gameplay is also average.	这游戏画质也就一般水平，玩法也一般	The graphics of this game are just average, and so is the gameplay.	this game's graphics are just mid, gameplay is average too
B-MIX-008	MIX	89.53	83.46	-6.07	69.73	73.03	3.30	100	0	-100	这套穿搭直接slay全场	This outfit directly slays the whole crowd.	这套穿搭直接秒杀全场	This outfit completely outshines everyone else.	this outfit slays the whole room
B-MIX-009	MIX	82.72	80.12	-2.60	51.17	79.26	28.09	100	0	-100	王虹这波演讲直接slay	Wang Hong's speech totally slayed.	王虹这波演讲直接秒杀全场	Wang Hong's speech directly swept the entire audience away.	Wang Hong's speech just slayed
B-MIX-010	MIX	97.51	92.41	-5.10	86.29	82.87	-3.43	100	100	0	上班就是当NPC，每天重复同样的台词	Working is like being an NPC, repeating the same lines every day.	上班就是当非玩家角色，每天重复同样的台词	Working a job is like being a non-player character, repeating the same lines every day.	going to work is being an NPC, repeating the same lines every day
B-MIX-011	MIX	98.96	92.64	-6.33	85.72	79.49	-6.22	100	0	-100	别当NPC了，做自己生活的主角	Stop being an NPC; be the main character of your own life.	别当非玩家角色了，做自己生活的主角	Don't be a non-player character; be the main character of your own life.	stop being an NPC, be the main character of your own life
B-MIX-012	MIX	71.82	92.86	21.04	70.90	78.05	7.15	0	100	100	i人沦为e人玩具，太真实了	i-people become toys for e-people, it's too realistic	内向者沦为外向者玩具，太真实了	Introverts become toys for extroverts, too true.	introverts becoming playthings for extroverts, too real
B-MIX-013	MIX	81.71	90.25	8.54	68.47	81.85	13.37	0	0	0	e人累了一周还要爬起来继续嗨	An e-person is tired after a whole week but still has to get up and keep having fun.	外向的人累了一周还要爬起来继续嗨	An outgoing person who's been tired for a whole week still gets up and continues to have fun.	extroverts have been tired all week and still have to get up and keep partying
B-MIX-014	MIX	78.57	87.51	8.94	47.44	75.13	27.69	100	0	-100	刻在骨子里的秀粉DNA瞬间苏醒	The deep-rooted EXO-L DNA instantly awakens.	刻在骨子里的秀粉基因瞬间苏醒	The deep-rooted EXO fan genes instantly awaken.	the idol fan DNA embedded in my bones instantly awakened
B-MIX-015	MIX	99.89	95.33	-4.56	82.81	84.60	1.79	100	0	-100	POV：你是最后一个知道消息的人	POV: You are the last one to know.	视角：你是最后一个知道消息的人	Perspective: You are the last person to know the news.	POV: you're the last person to find out
B-MIX-016	MIX	98.90	98.56	-0.34	76.56	83.95	7.39	100	0	-100	当地人真的好chill，十一点上班六点下班	The locals are really chill, starting work at 11 AM and finishing at 6 PM.	当地人真的好悠闲放松，十一点上班六点下班	The locals are really relaxed and leisurely, starting work at 11 a.m. and finishing at 6 p.m.	the locals are so chill, starting work at 11 and off at 6
B-MIX-017	MIX	100.00	99.59	-0.41	77.75	85.64	7.88	100	0	-100	这个视频太cringe了，看不下去	This video is so cringe, I can't watch it.	这个视频太尴尬了，看不下去	This video is too embarrassing; I can't watch it.	this video is too cringe, can't even watch
B-MIX-018	MIX	93.33	98.92	5.59	77.76	85.96	8.20	100	100	0	这个行为好sus，不对劲	This behavior is so suspicious, something's wrong.	这个行为好可疑，不对劲	This behavior is very suspicious, something is wrong.	this behavior is so sus, something's off
B-MIX-019	MIX	87.41	82.94	-4.47	75.08	80.53	5.44	0	0	0	别flex了，谁不知道你有钱	Stop showing off, who doesn't know you're rich.	别炫耀了，谁不知道你有钱	Stop showing off; who doesn't know you're rich.	stop flexing, everyone knows you're rich
B-MIX-020	MIX	96.39	96.84	0.45	80.02	80.37	0.35	100	100	0	这首歌被hype过头了，其实一般	This song is overhyped; it's actually just so-so.	这首歌被炒作过头了，其实一般	This song has been overhyped; it's actually just so-so.	this song got way too much hype, it's actually just average
B-MIX-021	MIX	98.61	97.40	-1.22	81.17	82.25	1.08	100	100	0	今天又偶遇crush了，太巧了	I ran into my crush again today, what a coincidence!	今天又偶遇暗恋对象了，太巧了	I met the person I have a crush on again today, what a coincidence.	ran into my crush again today, what a coincidence
B-MIX-022	MIX	72.32	95.18	22.85	63.56	83.49	19.93	100	100	0	我ship的CP终于官宣了	My shipped CP has finally made it official.	我支持的情侣组合终于官宣了	The couple I support has finally officially announced their relationship.	the ship I've been rooting for finally went official
B-MIX-023	MIX	93.11	96.50	3.38	78.97	84.17	5.19	100	100	0	作为stan我必须说偶像这次回归太棒了	As Stan, I have to say this comeback by the idol is amazing.	作为狂热粉我必须说偶像这次回归太棒了	As a die-hard fan, I must say this comeback by my idol is amazing.	as a stan I gotta say the idol's comeback is amazing
B-MIX-024	MIX	97.46	98.63	1.17	81.29	81.71	0.42	100	100	0	期待偶像的comeback，新专辑什么时候发	Looking forward to the idol's comeback, when will the new album be released?	期待偶像的回归，新专辑什么时候发	Looking forward to the idol's comeback. When is the new album coming out?	looking forward to the idol's comeback, when's the new album dropping
B-MIX-025	MIX	94.00	96.04	2.04	75.16	80.25	5.09	100	0	-100	这也太离谱了吧我直接emo	This is too ridiculous, I'm directly feeling emotional.	这也太离谱了吧我直接抑郁	This is too ridiculous; I'm feeling depressed already.	this is so outrageous I'm literally emo rn
B-MIX-026	MIX	90.61	86.47	-4.14	79.47	80.63	1.16	0	0	0	看到317万年终奖我直接emo了	Seeing my year-end bonus of 3.17 million, I immediately felt emotional.	看到317万年终奖我直接情绪低落了	Seeing the year-end bonus of 3.17 million, I immediately felt down.	Seeing the 3.17 million year-end bonus, I got all emo
B-MIX-027	MIX	93.58	81.50	-12.08	70.13	75.73	5.60	0	0	0	掉san了，这个太恐怖了	Lost my mind, this is too terrifying.	掉san值了，这个太恐怖了	The San value dropped, this is too scary.	lost my sanity this is too scary bruh
B-MIX-028	MIX	88.03	84.18	-3.85	72.49	74.56	2.08	100	0	-100	王虹这波citywalk直接从北大走到菲尔兹奖	Wang Hong's citywalk went straight from Peking University to the Fields Medal.	王虹这波城市漫步直接从北大走到菲尔兹奖	Wang Hong's urban stroll directly went from Peking University to the Fields Medal.	Wang Hong's citywalk took her all the way from Peking University to the Fields Medal
B-MIX-029	MIX	92.30	95.06	2.76	66.88	80.71	13.84	0	0	0	在上海街头随性citywalk	Strolling casually on the streets of Shanghai	在上海街头随性城市漫步	Strolling casually through the streets of Shanghai	casual city walk on Shanghai streets
B-MIX-030	MIX	93.22	93.07	-0.16	79.55	80.41	0.86	100	100	0	中国女排这vibe太强了，3比2逆转太燃	The vibe of the Chinese women's volleyball team is too strong; the comeback win with a score of 3-2 is so exciting.	中国女排这氛围太强了，3比2逆转太燃	The atmosphere of the Chinese women's volleyball team is so strong, the 3-2 comeback is so exciting.	China women's volleyball's vibe is so strong, the 3-2 comeback is so inspiring
B-MIX-031	MIX	96.11	89.08	-7.03	74.26	77.92	3.66	100	0	-100	这番属于ACGN圈的经典之作了	This is a classic work in the ACGN community.	这番属于动漫游文圈的经典之作了	This is a classic work from the anime, game, and light novel community.	this anime is a classic in the ACGN circle
B-MIX-032	MIX	91.98	93.88	1.90	74.43	79.61	5.18	0	0	0	50亿离婚案这drama程度堪比韩剧	The drama of a 5 billion divorce case is as intense as a K-drama.	50亿离婚案这戏剧性程度堪比韩剧	The dramatic nature of this 5 billion divorce case is comparable to a K-drama.	The drama level of the 5 billion divorce case rivals a Korean drama
B-MIX-033	MIX	96.55	95.55	-1.00	68.80	80.16	11.36	100	0	-100	今日OOTD分享	Today's OOTD share	今日穿搭分享	Today's Outfit Sharing	today's OOTD drop
B-MIX-034	MIX	78.69	83.02	4.32	70.11	72.70	2.60	100	0	-100	赛里木湖这波操作太low了，景区管理丢人	The operation at Sayram Lake is too low-class; the scenic area management is embarrassing.	赛里木湖这波操作太低级了，景区管理丢人	This move by Sayram Lake is too amateurish; the scenic area management is embarrassing.	Sarim Lake's move this time is too low-class, scenic area management is embarrassing
B-MIX-035	MIX	100.00	98.55	-1.45	83.82	79.02	-4.80	100	0	-100	OMG这也太好看了	OMG this is so beautiful	我的天这也太好看了	My goodness, this is way too beautiful.	OMG this looks so good
B-MIX-036	MIX	85.66	91.09	5.43	54.85	70.88	16.02	0	0	0	腾讯这波泄密事件直接social death了	Tencent's data leak incident has directly caused a social death.	腾讯这波泄密事件直接社会性死亡了	Tencent's data leak incident has directly led to its social death.	Tencent's leak incident this time resulted in total social suicide
B-MIX-037	MIX	97.06	93.11	-3.95	83.92	80.81	-3.10	100	0	-100	这游戏全DLC都买了，花了好几百	I bought all the DLCs for this game, which cost hundreds of dollars.	这游戏全可下载内容都买了，花了好几百	I bought all the downloadable content for this game, which cost hundreds.	bought all the DLC spent several hundred
B-MIX-038	MIX	97.11	97.84	0.72	73.84	80.39	6.55	0	0	0	显卡涨价涨成这样，简直是price离谱	The graphics card prices have gone up so much, it's simply unreasonable.	显卡涨价涨成这样，简直是价格离谱	The graphics card prices have risen to such an extent that they are simply outrageous.	GPU prices going up this much, the price is just outrageous
B-MIX-039	MIX	99.12	85.13	-13.99	80.37	84.28	3.92	100	0	-100	这个GMV变高了	This GMV has increased.	这个商品交易总额变高了	The total volume of this commodity trade has increased.	this GMV went up
B-MIX-040	MIX	97.14	96.52	-0.62	78.60	81.59	2.99	100	100	0	过度分享这件事真的太trigger了，边界感很重要	Over-sharing is really triggering; having boundaries is very important.	过度分享这件事真的太触发了，边界感很重要	Over-sharing is really triggering; having boundaries is important.	Oversharing is really triggering. Boundaries matter.
B-MIX-041	MIX	95.05	95.94	0.89	81.84	79.06	-2.78	100	100	0	这个meme太火了	This meme is too popular.	这个梗太火了	This meme is too popular.	this meme is too fire lol
B-MIX-042	MIX	83.50	82.61	-0.89	67.81	68.18	0.37	100	100	0	陈哲远在密逃里的reaction太搞笑了	"Chen Zheyuan's reactions in ""Keep Running"" are too funny."	陈哲远在密逃里的反应太搞笑了	"Chen Zheyuan's reactions in ""Keep Running"" are so funny."	Chen Zheyuan's reaction in the escape room show is too funny
B-MIX-043	MIX	95.84	80.27	-15.57	71.37	75.07	3.70	100	0	-100	用来换做成AGI的概率	The probability of being converted into AGI	用来换做成通用人工智能的概率	The probability used to switch into general artificial intelligence	probability of achieving AGI
B-MIX-044	MIX	94.66	95.40	0.74	81.42	80.99	-0.44	100	100	0	50亿离婚案这个level太高了，普通人理解不了	The level of a 5 billion divorce case is too high for ordinary people to understand.	50亿离婚案这个级别太高了，普通人理解不了	The level of a 5 billion divorce case is too high for ordinary people to understand.	The level of the 5 billion divorce case is too high, ordinary people can't understand
B-MIX-045	MIX	95.78	92.97	-2.81	76.24	79.42	3.18	100	0	-100	cosplay得很好，很像	Cosplayed very well, looks very similar.	角色扮演得很好，很像	The role was played very well, very lifelike.	cosplay done right looks so similar
B-MIX-046	MIX	96.81	96.42	-0.39	83.67	84.24	0.56	100	100	0	这个app一到发售就崩	This app crashed as soon as it was released.	这个应用一到发售就崩	This app crashed as soon as it was released.	this app crashes every launch
B-MIX-047	MIX	96.25	98.84	2.59	74.77	85.42	10.65	0	0	0	这个角色太OP了	This character is too OP.	这个角色太强了	This character is too strong.	this character is way too overpowered
B-MIX-048	MIX	91.25	81.66	-9.58	74.51	56.69	-17.82	100	100	0	lpl历史上有像清算48同样力度的清算吗？	In the history of LPL, has there been a purge as intense as the 48 incident?	LPL历史上有像清算48同样力度的清算吗？	In LPL's history, has there been a ban as severe as the 48-day one?	has there ever been a reckoning as hard as '48' in LPL history?
B-MIX-049	MIX	84.95	87.58	2.63	84.26	77.81	-6.45	0	0	0	加个buff，变得更强	Add a buff and become stronger	加个增益，变得更强	Add a boost, become stronger	add a power-up get stronger ez
B-MIX-050	MIX	100.00	99.12	-0.88	84.73	84.22	-0.51	100	100	0	这个logo设计得好	This logo is well designed.	这个品牌标识设计得好	The brand logo is well designed.	this logo is well designed
B-MIX-051	MIX	84.58	82.91	-1.67	58.81	80.10	21.29	100	0	-100	被nerf了，变弱了	It was nerfed and became weaker.	被削弱了，变弱了	Weakened, become weaker	got nerfed got weaker smh
B-MIX-052	MIX	97.02	97.37	0.35	82.73	83.69	0.96	0	0	0	我刚才去打apex了	I just went to play Apex.	我刚才去打Apex了	I just went to play Apex.	just went to play Apex
B-MIX-053	MIX	98.96	100.00	1.04	84.87	83.43	-1.44	100	100	0	GDP十强省份变了	The top ten provinces by GDP have changed.	国内生产总值十强省份变了	The top ten provinces in GDP have changed.	GDP top 10 provinces changed
B-MIX-054	MIX	91.87	84.28	-7.59	71.07	83.97	12.90	0	0	0	GG了，完了	GG, it's over.	完了，完了	Done, done	It's game over, we're done for.
B-MIX-055	MIX	78.44	75.66	-2.78	47.92	47.07	-0.85	0	0	0	就是在cp里吃瓜	It's just watching the drama in the CP.	就是在搭档组合里吃瓜	Just watching and not participating in the partner duo setup.	just watching the drama in the ship
B-MIX-056	MIX	86.19	98.22	12.03	51.46	60.78	9.33	0	100	100	图样森破，你太天真了	You're too naive, this is a trap.	Too young too simple，你太天真了	Too young, too simple, you're too naive.	too young too simple you're too naive
B-MIX-057	MIX	96.90	96.69	-0.21	87.35	86.50	-0.85	100	0	-100	这个AI太厉害了	This AI is amazing.	这个人工智能太厉害了	This artificial intelligence is amazing.	this AI is way too OP fr
B-MIX-058	MIX	72.89	74.49	1.60	42.43	46.37	3.94	100	100	0	carry全场，带飞	carry the whole game, lead to victory	带飞全场，带飞	Carry the whole team, carry everyone	carrying the whole squad what a carry
B-MIX-059	MIX	97.63	96.54	-1.08	85.00	84.66	-0.34	100	0	-100	她学的是泰语又不是IT	She studied Thai language, not IT.	她学的是泰语又不是信息技术	She studied Thai language, not information technology.	she studies Thai not IT
B-MIX-060	MIX	92.15	99.40	7.25	80.99	79.88	-1.11	100	100	0	VIP通道真快	The VIP channel is really fast.	贵宾通道真快	The VIP lane is really fast.	VIP lane is so fast
B-MIX-061	MIX	78.81	47.48	-31.33	51.53	47.39	-4.14	0	0	0	solo一下，单挑	Show off, one-on-one battle	单挑一下，单挑	Pick a fight, pick a fight	solo it 1v1 me bro
B-MIX-062	MIX	98.69	100.00	1.31	80.68	84.79	4.10	0	0	0	这个PK谁赢了	Who won this PK?	这个对决谁赢了	Who won this showdown?	who won this duel
B-MIX-063	MIX	87.16	84.91	-2.25	74.18	75.53	1.35	100	100	0	因凡蒂诺和FIFA演都不演了，这是纯把梅西世界杯金球奖给抢劫了	Infantino and FIFA aren't even putting on a show anymore; this is a pure robbery of Messi's World Cup Golden Ball.	因凡蒂诺和国际足联演都不演了，这是纯把梅西世界杯金球奖给抢劫了	Infantino and FIFA don't even bother putting on a show anymore; this is a pure robbery of Messi's World Cup Golden Ball.	Infantino and FIFA aren't even hiding it anymore straight up robbed Messi of the World Cup Golden Ball
B-MIX-064	MIX	97.85	98.09	0.25	83.29	83.81	0.52	100	100	0	做个SPA放松一下	Get a spa treatment to relax.	做个水疗放松一下	Get a spa treatment to relax.	getting a spa to relax
B-MIX-065	MIX	88.88	90.93	2.04	76.54	56.21	-20.33	100	100	0	这个DJ太嗨了	This DJ is too energetic.	这个唱片骑师太嗨了	This DJ is too hype.	this DJ is too lit
B-MIX-066	MIX	87.97	86.81	-1.16	77.50	71.79	-5.71	0	0	0	Rush E 朗朗PK街头钢琴家	Rush E Langlang vs. Street Pianist	Rush E 朗朗对决街头钢琴家	Rush E: Lang Lang Duels the Street Pianist	Rush E Lang Lang versus street pianist
B-MIX-067	MIX	79.05	80.05	1.00	79.01	77.56	-1.46	0	100	100	这动漫OP太好听了，循环播放	This anime OP is so good, I'm playing it on loop.	这动漫片头曲太好听了，循环播放	This anime opening song is so good, I'm playing it on loop.	this anime opening slaps on loop
B-MIX-068	MIX	97.44	96.79	-0.64	83.82	84.34	0.53	100	0	-100	买个iPad记笔记	Buy an iPad to take notes.	买个平板电脑记笔记	Buy a tablet to take notes.	getting an iPad for notes
B-MIX-069	MIX	83.17	63.30	-19.87	63.20	57.96	-5.25	0	100	100	抖音的bgm怎么突然变得那么难听了到处都是想问问你敢不敢还有那天我经过一片花园	Why did Douyin's BGM suddenly become so bad? It's everywhere. I want to ask if you dare to, and that day I passed by a garden.	抖音的背景音乐怎么突然变得那么难听了到处都是想问问你敢不敢还有那天我经过一片花园	"Why did the background music on Douyin suddenly become so unpleasant everywhere? It's all ""Do you dare, do you dare..."" I want to ask you. That day I passed by a garden."	why has Douyin's background music gotten so bad everywhere it's either 'I Want to Ask If You Dare' or 'That Day I Passed a Garden'
B-MIX-070	MIX	98.47	98.97	0.50	83.60	81.39	-2.21	0	0	0	这个PPT做得好	This PPT is well done.	这个演示文稿做得好	This presentation is well done.	this PowerPoint is well made
B-MIX-071	MIX	80.48	80.37	-0.11	52.21	72.91	20.70	0	0	0	法法这期ooc了吧	Is Fafa OOC this time?	法法这期脱离扮演角色了吧	Has FaFa finally stepped out of her role this time?	Fafa was so out of character this episode bruh
B-MIX-072	MIX	84.55	86.93	2.38	73.14	81.75	8.61	0	100	100	3.5h通关	3.5h clear	3.5小时通关	Clear in 3.5 hours	beat the game in 3.5 hours
B-MIX-073	MIX	94.08	87.33	-6.75	70.71	66.05	-4.65	100	0	-100	这个ins风好看	This Instagram-style look is beautiful.	这个网红风好看	This looks good in the internet celebrity style.	this Instagram aesthetic looks good
B-MIX-074	MIX	86.86	95.08	8.22	74.76	82.04	7.28	0	0	0	我的文化水平belike	My cultural level is like this	我的文化水平就像这样	My level of education is like this.	my education level be like lmao
B-MIX-075	MIX	99.81	99.89	0.08	77.00	82.20	5.20	100	100	0	来杯matcha	A cup of matcha	来杯抹茶	A cup of matcha	a cup of matcha
B-MIX-076	MIX	99.84	99.92	0.08	81.66	85.17	3.51	100	0	-100	店员花一秒钟get到你的意思了	The clerk took a second to get your meaning.	店员花一秒钟理解到你的意思了	The clerk took a second to understand what you meant.	the clerk took one second to get your meaning
B-MIX-077	MIX	98.80	95.92	-2.88	81.89	79.64	-2.24	100	0	-100	这个vlog拍得好	This vlog is well made.	这个视频博客拍得好	This video blog is well shot.	this vlog is well shot
B-MIX-078	MIX	92.32	91.11	-1.21	71.47	76.21	4.75	0	0	0	学习上problem不能发作	Problems in study cannot be allowed to occur.	学习上问题不能发作	Problems in study must not arise.	can't let the issue flare up during studying
B-MIX-079	MIX	94.46	94.37	-0.09	75.72	78.61	2.89	100	100	0	好久没有笑的这么开心了，必须收藏起来emo了再看	I haven't laughed this happily for a long time; I must save it and watch it again when I'm feeling down.	好久没有笑的这么开心了，必须收藏起来抑郁了再看	I haven't laughed this happily for a long time; I must save it to watch when I'm feeling down.	haven't laughed this hard in ages saving it to watch when I'm feeling down fr
B-MIX-080	MIX	86.38	86.87	0.49	77.87	76.00	-1.87	100	100	0	cult导演后悔道剧组没有你	"The director of ""Cult"" regretted that the production team didn't have you."	邪典导演后悔道剧组没有你	The cult director regretted that the production team didn't have you.	cult director regrets not having you on set
B-MIX-081	MIX	57.80	57.67	-0.13	65.38	62.11	-3.27	0	0	0	从技术舞美上讲是挺牛，但从意识上讲buff快叠满了	Technically, the stage production is pretty impressive, but in terms of awareness, the buffs are almost maxed out.	从技术舞美上讲是挺牛，但从意识上讲增益快叠满了	Technically, the stage effects are pretty impressive, but in terms of awareness, the buffs stack up quickly.	technically the stage design is pretty sick but ideologically the power-ups are almost fully stacked
B-MIX-082	MIX	76.82	73.10	-3.73	75.37	80.65	5.28	100	100	0	上了初中就开始恶化了，甚至游戏也会拖一会儿再启动，作业拖到ddl就算是期末周也学不进去	It started to get worse when I entered middle school, even games would take a while to launch, and I would procrastinate on homework until the deadline, and even during the final week, I couldn't get into studying.	上了初中就开始恶化了，甚至游戏也会拖一会儿再启动，作业拖到截止日期就算是期末周也学不进去	It started to get worse when I entered middle school; even launching games would take some time, and I would procrastinate on homework until the deadline, and even during final exam week, I couldn't get myself to study.	middle school hit different even games I delay homework till deadline even in finals week can't focus smh
B-MIX-083	MIX	84.08	95.25	11.17	62.93	76.03	13.09	0	100	100	ddl就在眼前了还在摆烂	DDL is right in front of us and you're still slacking off.	截止日期就在眼前了还在摆烂	The deadline is right around the corner, and you're still slacking off.	deadline is right there and you're still slacking
B-MIX-084	MIX	99.85	86.06	-13.78	83.75	79.81	-3.94	100	0	-100	asmr助眠真的有用吗	Is ASMR for sleep really effective?	自发性知觉经络反应助眠真的有用吗	Is the Spontaneous Perception Meridian Response for Sleep Aid really effective?	does ASMR for sleep actually work
B-MIX-085	MIX	96.08	91.22	-4.86	74.05	77.32	3.27	100	0	-100	超mean老奶一般是英语老师	Super mean old ladies are usually English teachers.	超刻薄老奶一般是英语老师	An overly strict old woman is usually an English teacher.	Super mean old ladies are usually English teachers
B-MIX-086	MIX	88.95	89.81	0.86	67.53	77.89	10.36	0	0	0	绝对音感的正确用法belike	The correct way to use perfect pitch is like this	绝对音感的正确用法是这样	The correct way to use perfect pitch is like this.	The correct usage of absolute pitch be like
B-HOM-096	HOM	89.70	91.05	1.35	64.74	76.97	12.23	100	0	-100	孩好像真的很困了，但是一直被麻麻薅过来薅过去配合拍视频	The kid seems really sleepy, but has been dragged back and forth by Mom to cooperate with filming the video.	孩好像真的很困了，但是一直被妈妈薅过来薅过去配合拍视频	The kid seems really tired, but has been constantly pulled back and forth by the mother to cooperate with filming the video.	the kid really seems sleepy, but keeps getting dragged back and forth by mom to pose for the video
B-HOM-097	HOM	93.85	96.28	2.43	67.44	75.32	7.87	0	0	0	哈哈哈哈哈，不好意思哈哈哈哈哈没崩住	Hahahaha, sorry, couldn't hold it back, hahahaha.	哈哈哈哈哈，不好意思哈哈哈哈哈没绷住	Hahahaha, sorry, I couldn't hold it back, hahahaha.	hahaha, sorry hahaha I couldn't hold it together
B-HOM-098	HOM	89.28	78.34	-10.95	70.37	56.70	-13.66	0	0	0	淦，忘记原版了，有谁能补一下？	Gan, forgot the original version, who can help me out?	干，忘记原版了，有谁能补一下？	Dry, forgot the original, can someone else take over?	damn, I forgot the original, can anyone fill it in?
B-HOM-099	HOM	76.72	68.41	-8.31	67.80	63.97	-3.83	0	0	0	你们要是给我炮儿玩似了我看什么啊	If you give me a gun to play with, what am I supposed to watch?	你们要是给我炮儿玩死了我看什么啊	If you give me the gun to play with and I end up killing someone, what am I going to look at?	if you guys play my Pao'er to death, what am I supposed to watch?
B-PYA-087	PYA	91.62	90.89	-0.73	72.98	72.97	-0.01	0	0	0	快别TM说了，抓紧睡半个钟头，不然去早餐店要迟到了	Shut up, just get some sleep for half an hour, or else you'll be late for the breakfast shop.	快别他妈说了，抓紧睡半个钟头，不然去早餐店要迟到了	Shut up, get some sleep for half an hour, or else you'll be late for the breakfast shop.	stop freaking talking and grab half an hour of sleep, or you'll be late for the breakfast shop
B-NEO-087	NEO	95.40	95.28	-0.13	82.52	83.47	0.95	0	0	0	某种意义上来看他也是个神人	In a certain sense, he is also a god-like person.	某种意义上来看他也是个行为离谱的人	In a way, he is also a person who behaves in an outrageous manner.	in a certain sense he's also an absolute character
B-NEO-088	NEO	75.36	88.49	13.13	64.82	69.32	4.50	0	100	100	我都不知道出新图了，作业自己跑我脸上了	I didn't even know there was a new image out, and the homework ran onto my face by itself.	我都不知道出新图了，攻略自己跑我脸上了	I didn't even know there was a new map out, and the guide just slapped me in the face.	I didn't even know a new stage was out, and the guide just ran right into my face
B-NEO-089	NEO	92.98	99.59	6.61	77.77	79.85	2.09	0	0	0	无论从哪个层面来看，都是吊炸了	It's awesome from every perspective.	无论从哪个层面来看，都是厉害极了	It's amazing from every perspective.	no matter how you look at it, it's insanely awesome
B-NEO-090	NEO	73.34	95.82	22.49	73.68	80.15	6.46	0	0	0	应该是的，不然怎么会气到把国粹给说出来了	Probably so, otherwise how could he be so angry as to reveal the national treasure.	应该是的，不然怎么会气到把脏话给说出来了	Probably, otherwise how could he get so angry as to swear.	must be, otherwise how would he get so angry that the swear words came out
B-NEO-091	NEO	86.18	90.95	4.78	66.78	74.37	7.59	0	0	0	说个冷知识，来俊臣的父亲名叫来操，是个挺生草的名字	Here's a cold fact: Lai Junchen's father was named Lai Cao, a rather rustic name.	说个冷知识，来俊臣的父亲名叫来操，是个挺搞笑的名字	Here's a cold fact: Lai Junchen's father was named Lai Cao, which is quite a funny name.	fun fact: Lai Junchen's father was named Lai Cao, which is a pretty hilarious name
B-NEO-092	NEO	60.01	76.83	16.82	65.32	69.60	4.28	0	100	100	他不是好了，而是知道自己要凉了	He is not fine, but he knows that he is about to be in trouble.	他不是好了，而是知道自己要完蛋了	He is not fine; he knows he is about to be finished.	he's not better, he just knows he's done for
B-NEO-093	NEO	83.37	87.43	4.06	68.14	72.01	3.88	0	0	0	置顶评论官方链接是淘宝就知道成分了	The official link in the pinned comment is Taobao, so you can know the ingredients.	置顶评论官方链接是淘宝就知道背景了	The official link for the top comment is Taobao, so you know the background.	the pinned official link is Taobao, that alone tells you what they're really about
B-NEO-094	NEO	92.05	94.94	2.89	76.42	80.37	3.94	0	0	0	逆天。。我现在开车老走错路	Unbelievable. I keep taking the wrong roads while driving.	离谱。。我现在开车老走错路	Unbelievable... I keep taking wrong turns while driving.	wild… I keep taking wrong turns when driving now
B-MIX-087	MIX	72.13	69.83	-2.29	45.18	52.52	7.35	100	0	-100	发现没火的作者belike	The author who didn't catch fire would be like	发现没火的作者就是这样	The author who didn't catch fire is just like this.	discovering an underrated creator be like
B-MIX-088	MIX	91.89	86.59	-5.30	70.76	74.30	3.53	100	100	0	第一次尝试做这么长的动画 感觉k帧速度有所提升绝宝二周年快乐!	First time trying to make such a long animation, feel like my keyframe speed has improved. Happy 2nd anniversary, Jue Bao!	第一次尝试做这么长的动画 感觉打关键帧速度有所提升绝宝二周年快乐!	First time trying to make such a long animation, I feel my keyframe setting speed has improved. Happy 2nd anniversary, Jue Bao!	first time making such a long animation, my keyframing speed has improved — happy 2nd anniversary Juebao!
B-MIX-089	MIX	84.18	84.84	0.66	74.81	73.12	-1.68	100	100	0	或许它真的是福利最好的fps	Maybe it's really the FPS with the best welfare.	或许它真的是福利最好的第一人称射击游戏	Perhaps it's really the first-person shooter with the best welfare.	maybe it really is the FPS with the best freebies
B-MIX-090	MIX	89.53	91.39	1.86	74.37	71.03	-3.35	0	100	100	杨博文四代唯一C位队长	Yang Bowen is the only C-position captain in four generations.	杨博文四代唯一中心位队长	Yang Bowen, the only central position captain for four generations.	Yang Bowen, Gen 4's only center-position captain
B-HOM-100	NEO	61.82	72.19	10.37	66.53	70.12	3.59	100	100	0	明显，队友大概率寄了，和上司有关，但扳机似乎记忆出现问题，咬死队友还活着，变相保护了上司，所以被上司放了	Obviously, the teammate was probably dead, related to the boss, but the trigger seemed to have memory issues, insisting that the teammate was still alive, indirectly protecting the boss, so was let off by the boss.	明显，队友大概率死了，和上司有关，但扳机似乎记忆出现问题，咬死队友还活着，变相保护了上司，所以被上司放了	Obviously, the teammate was likely dead, and it was related to the superior, but the trigger seemed to have memory issues, insisting that the teammate was still alive, indirectly protecting the superior, and thus was let off by the superior.	clearly the teammate is most likely dead and the boss is involved, but Trigger's memory seems broken — she insists the teammate is alive, which indirectly shielded the boss, so the boss let her go
B-HOM-101	HOM	70.23	69.52	-0.71	76.56	79.06	2.50	0	100	100	怪兽：我已经破坏掉了你所有能获取光的办法，看你还怎么变身 迪迦：你钱包的钱还有多少？ 怪兽：全花光了 迪迦：恰！	"Monster: I've destroyed all the ways you could get light. How are you going to transform now?  
Digamma: How much money do you have left in your wallet?  
Monster: It's all spent.  
Digamma: Perfect!"	怪兽：我已经破坏掉了你所有能获取光的办法，看你还怎么变身 迪迦：你钱包的钱还有多少？ 怪兽：全花光了 迪迦：吃！	"Monster: I've destroyed all the ways you could get light. How are you going to transform now?  
Digamma: How much money do you have left in your wallet?  
Monster: It's all spent.  
Digamma: Eat!"	Monster: I've destroyed every way you could gather light, let's see you transform now. Tiga: How much money is left in your wallet? Monster: All spent. Tiga: Nom!
B-HOM-102	HOM	62.54	71.59	9.05	67.51	75.71	8.20	100	100	0	人定不了天，一切的一切还是按照历史轨迹走，我记得是三段历史走向，猪脚心累了	Humans can't determine the heavens; everything still follows its historical course. I remember there are three historical directions, and the protagonist is mentally exhausted.	人定不了天，一切的一切还是按照历史轨迹走，我记得是三段历史走向，主角心累了	Man cannot determine the heavens; everything still follows its historical course. I remember there are three historical directions, and the protagonist's heart is exhausted.	man can't defy heaven, everything still follows the track of history — I remember there were three historical branches, and the protagonist is exhausted
B-HOM-103	HOM	84.65	84.01	-0.64	74.83	78.92	4.09	0	0	0	笑成猪头最好笑是因为！！！我本来就觉得很好笑哈哈哈，看到这个蚌不住了！！！	Laughing until my face looks like a pig is the funniest thing because!!! I thought it was already hilarious, hahaha, and seeing this I couldn't hold it in anymore!!!	笑成猪头最好笑是因为！！！我本来就觉得很好笑哈哈哈，看到这个绷不住了！！！	Laughing until my face looks like a pig is the funniest thing because!!! I thought it was already hilarious, hahaha, and I couldn't hold it in anymore when I saw this!!!	the pig-head laugh is the funniest because!!! I already found it hilarious hahaha, and seeing this I just lost it!!!
B-HOM-104	HOM	81.86	81.72	-0.13	70.45	74.76	4.31	100	100	0	真旅行青蛙！  去哪了 会给麻麻带明信片回来  真好	Real traveling frog! Going somewhere and bringing postcards back for Mom is really nice.	真旅行青蛙！  去哪了 会给妈妈带明信片回来  真好	Real traveling frog! Going somewhere and bringing postcards back for Mom is really nice.	a real Travel Frog! wherever it goes, it brings postcards back for mom — so sweet
B-HOM-105	HOM	91.07	90.38	-0.69	74.72	77.79	3.07	100	100	0	兄dei，这么好的猪 你舍得一次性吃完吗（于谦声）	Bro, such a good pig, would you be willing to eat it all at once? (Yu Qian's voice)	兄弟，这么好的猪 你舍得一次性吃完吗（于谦声）	Bro, would you be willing to eat such a good pig all at once? (Yu Qian's voice)	bro, such a fine pig — could you really bear to eat it all in one go? (in Yu Qian's voice)
B-HOM-106	NEO	49.78	61.61	11.83	59.45	54.76	-4.69	0	100	100	这高达味怎么这么重啊，真的是百合拯救了萝卜？	Why is this Kaohsiung Lily so heavy, is it really the Lily that saved the Radish?	这高达味怎么这么重啊，真的是百合拯救了机器人？	Why is this Kaohsiung so heavy, is it really the Lily that saved the robot?	why does this feel so much like Gundam — did yuri really save the mecha genre?
B-HOM-107	HOM	88.92	93.08	4.16	67.65	66.37	-1.29	0	0	0	淦，为什么要让我凌晨刷到，睡不着觉了()	淦, why did I see this in the early morning? I can't sleep now. ()	干，为什么要让我凌晨刷到，睡不着觉了()	Why did I see this in the middle of the night? I can't sleep now.	damn, why did I have to scroll onto this in the middle of the night, now I can't sleep ()
B-HOM-108	HOM	94.31	93.45	-0.86	74.11	77.75	3.65	0	0	0	免责声明，此为系统自动播放，与我无瓜	Disclaimer: This is an automated system message, not related to me.	免责声明，此为系统自动播放，与我无关	Disclaimer: This is an automated system message, and I am not responsible for it.	disclaimer: this was autoplayed by the system, nothing to do with me
B-HOM-109	HOM	82.88	88.23	5.35	67.61	72.40	4.79	100	0	-100	又第一了 带领兄弟萌再冲一次～～～～	Number one again! Let's take the brothers and go for another try ~~~~	又第一了 带领兄弟们再冲一次～～～～	Number one again! Let's go for another round with the team ~~~~	number one again — leading the bros for one more charge~~~~
B-HOM-110	HOM	36.40	81.85	45.45	43.06	46.63	3.57	0	0	0	预计会火，火钳刘明	It is expected to be popular, Liu Ming with tongs.	预计会火，火前留名	Expected to become popular, leave your name before it does	this is going to blow up, leaving my name here before it does
B-HOM-111	HOM	46.13	72.79	26.66	60.64	57.68	-2.96	0	0	0	扳机歪了，前来还怨	The trigger is bent, yet you still blame me.	扳机歪了，前来还愿	The trigger is bent, coming back to fulfill the wish.	my pull for Trigger went off-banner — here to repay my vow
B-HOM-112	HOM	97.56	98.40	0.84	74.64	82.21	7.57	100	100	0	梅森：这我可太熟辣！	Mason: I'm very familiar with this!	梅森：这我可太熟啦！	Mason: I'm very familiar with this!	Mason: now this I know all too well!
B-HOM-114	HOM	94.96	97.01	2.05	79.83	82.18	2.36	100	100	0	我不行了我笑得要噶了	I can't take it anymore, I'm going to die from laughing.	我不行了我笑得要挂了	I can't take it anymore, I'm going to die from laughing.	I can't take it, I'm about to die laughing
B-HOM-115	HOM	78.06	82.83	4.77	68.75	72.92	4.17	0	0	0	活到老学到老,似了也要学习	Learn as long as you live, and keep learning even when it seems to be over.	活到老学到老,死了也要学习	Live and learn, even after death one should learn.	live and learn — keep studying even when you're dead
B-HOM-116	HOM	71.88	81.27	9.39	56.14	63.52	7.38	0	0	0	太好辣，是拐杖星人，我们没救了	Too spicy, they are cane aliens, we are doomed	太好啦，是拐杖星人，我们没救了	Great, it's a Cane Alien, we're doomed.	oh great, it's the crutch alien, we're doomed
B-HOM-117	HOM	72.00	70.57	-1.43	70.24	69.41	-0.83	0	0	0	老八胃大，无需多盐	Old Eighth has a big stomach, no need for extra salt.	老八胃大，无需多言	Old Eighth has a big stomach, no need to say more.	Laoba has a big stomach — no more words needed
B-HOM-118	HOM	86.04	99.15	13.10	79.75	85.14	5.39	0	0	0	雾草这幕太美了	This scene with Mist Grass is so beautiful.	卧槽这幕太美了	Wow, this scene is so beautiful.	holy crap this scene is gorgeous
B-HOM-119	NEO	87.59	100.00	12.41	78.14	85.67	7.53	0	100	100	欧内该，我什么都愿意做	Ou Nei Ge, I'm willing to do anything.	拜托了，我什么都愿意做	Please, I'm willing to do anything.	please, I'll do anything
B-HOM-120	HOM	85.25	92.64	7.38	59.35	52.46	-6.89	100	100	0	果然混元是个妹纸	Guo Ran Hunyuan is a girl.	果然混元是个妹子	"Sure, the translation of the sentence ""果然混元是个妹子"" into English is:

""Turns out Hunyuan is a girl."""	so Hunyuan really is a girl after all
B-HOM-121	HOM	77.22	71.16	-6.06	46.91	66.09	19.19	0	0	0	年轻人不讲武德！耗子尾汁	Young people don't follow the code of conduct! Keep going!	年轻人不讲武德！好自为之	Young people shouldn't lack morality in their conduct! Take good care of yourself.	young people have no martial virtue! you'd better behave yourselves
B-HOM-122	HOM	80.64	72.19	-8.44	59.83	43.44	-16.39	0	0	0	官方踏马自黑，这下别人黑不了了	The official is self-criticizing, so no one else can criticize them now.	官方他妈自黑，这下别人黑不了了	The official's mother started the self-roast, so now no one else can roast them.	the officials are freaking roasting themselves, now nobody else can roast them
B-HOM-123	HOM	88.65	97.95	9.30	67.65	77.83	10.18	0	0	0	这俩老男人的沙雕人生	The Silly Life of These Two Old Men	这俩老男人的傻屌人生	The stupid lives of these two old men	the goofball life of these two old guys
B-HOM-124	HOM	83.99	96.39	12.40	56.51	82.51	26.00	0	100	100	被天使蚊过的嗓子	A throat bitten by mosquito angels	被天使吻过的嗓子	A voice kissed by an angel	a voice kissed by an angel
B-HOM-125	HOM	98.62	99.21	0.59	61.50	80.97	19.47	100	100	0	上一个视频就是不讲内个	The previous video didn't mention that thing.	上一个视频就是不讲那个	The previous video didn't mention that.	the last video just wouldn't talk about that
B-HOM-127	HOM	71.52	87.48	15.96	62.12	53.53	-8.59	0	100	100	可以四了这游戏	You can play this game.	可以死了这游戏	I can die from this game.	this game can just die already
B-HOM-128	HOM	86.10	82.50	-3.59	57.26	81.44	24.18	100	100	0	全体欣赏阴乐	Appreciate the somber music as a whole.	全体欣赏音乐	Appreciate the music as a group.	everyone, enjoy the music
B-HOM-129	HOM	63.20	67.80	4.60	42.56	54.01	11.45	0	0	0	锁呐区甲亢哥	Lock Na Qu Hyperthyroid Brother	唢呐区甲亢哥	Shawna District Hyperthyroid Brother	suona-section Speed
B-HOM-130	HOM	88.64	100.00	11.36	73.06	77.43	4.37	0	100	100	哎你怎么似了	Hey, how come you look like that?	哎你怎么死了	Hey, how come you died?	hey, how come you died
B-HOM-131	HOM	79.62	92.55	12.93	61.52	81.68	20.16	0	100	100	密码的，很久没笑得这么无语了	Password, I haven't laughed so helplessly in a long time.	妈的，很久没笑得这么无语了	Damn, I haven't laughed so helplessly in a long time.	damn, it's been ages since I laughed this speechlessly
B-PYA-088	PYA	91.12	91.28	0.16	81.61	82.51	0.90	100	100	0	不是，我TM哪来的教材，你在逗我呢	No, where the hell would I get teaching materials from? You're teasing me.	不是，我他妈哪来的教材，你在逗我呢	No, where the hell would I get teaching materials from? You're teasing me.	wait, where the hell would I get a textbook, are you kidding me
B-PYA-089	PYA	96.85	99.69	2.85	80.26	82.27	2.01	0	100	100	md，这军方也这么乱，难怪市民们这么乐观，哈哈	MD, the military is also so chaotic, no wonder the citizens are so optimistic, hahaha	妈的，这军方也这么乱，难怪市民们这么乐观，哈哈	Damn, the military is also so chaotic, no wonder the citizens are so optimistic, hahaha	damn, even the military is this chaotic, no wonder the citizens are so optimistic, haha
B-PYA-090	PYA	90.82	92.27	1.45	75.00	76.23	1.23	0	0	0	wc我想要高斯裤子的链接，真的好帅	I want the link to the Gaussian pants, they are really cool.	卧槽我想要高斯裤子的链接，真的好帅	Damn, I want the link to the Gaussian pants, they really look cool	whoa I want the link to Gauss's pants, they look so cool
B-PYA-091	PYA	92.20	88.20	-4.00	65.57	74.51	8.93	0	0	0	WC，这都能被发现啊	WC, how could this be discovered?	卧槽，这都能被发现啊	Wow, they can even find this?	whoa, even this got noticed
B-PYA-092	PYA	96.48	100.00	3.52	84.13	85.75	1.62	0	0	0	woc太萌了	Woc is so cute.	卧槽太萌了	Wow, so cute!	omg so cute
B-PYA-093	PYA	81.37	90.36	8.99	76.28	77.30	1.02	0	100	100	dbq小啵有点像触电了	dbq Xiao Bo felt a bit like she got an electric shock	对不起小啵有点像触电了	Sorry, Xiao Bo feels a bit like he's been electrocuted.	sorry but Xiaobo kind of looks electrocuted
B-PYA-094	PYA	89.30	96.90	7.59	80.13	83.40	3.27	0	0	0	无线能源是基于无线水的原理吗？(bushi)	Is wireless energy based on the principle of wireless water? (bushi)	无线能源是基于无线水的原理吗？(不是)	Is wireless energy based on the principle of wireless water? (No)	is wireless energy based on the principle of wireless water? (jk)
B-PYA-095	PYA	92.80	94.52	1.73	80.13	76.44	-3.68	0	0	0	光明，赐予我力量（bushi）	Light, grant me strength (bushi)	光明，赐予我力量（不是）	Light, grant me strength (no)	light, grant me power (jk)
B-PYA-096	PYA	96.13	99.83	3.70	79.33	82.81	3.48	0	100	100	这么说我才发现字幕不是视频自带的hhhh	So I just realized the subtitles aren't part of the video hhhh	这么说我才发现字幕不是视频自带的哈哈哈哈	Oh, so I just realized the subtitles aren't part of the video itself, hahaha.	now that you mention it, I just realized the subtitles aren't part of the video hahaha
B-PYA-097	PYA	76.13	78.13	2.00	69.19	69.83	0.65	0	100	100	完了疑似吉米被吓疯了hh	It's done, Jimmy is probably scared out of his mind hh	完了疑似吉米被吓疯了哈哈	It's done, Jimmy is probably scared out of his mind haha	uh oh, Jimmy seems scared out of his mind haha
B-PYA-098	PYA	91.14	94.80	3.66	78.13	80.07	1.94	0	100	100	看清楚材质吧，pdd很多都是聚酯纤维，你问客服没几个敢说是纯棉的	Look at the material clearly. Many products on PDD are polyester. When you ask customer service, few dare to say it's 100% cotton.	看清楚材质吧，拼多多很多都是聚酯纤维，你问客服没几个敢说是纯棉的	Look at the material clearly. Many products on Pinduoduo are made of polyester. Few customer service representatives dare to say it's 100% cotton when you ask.	check the fabric carefully — a lot of stuff on Pinduoduo is polyester, and few customer-service reps dare claim it's pure cotton
B-PYA-099	PYA	69.94	85.32	15.38	55.40	62.63	7.23	0	0	0	27W收藏4W点赞服了不提醒还不知道........	27K collections, 4K likes, I'm amazed. Didn't even know to remind me...	27万收藏4万点赞服了不提醒还不知道........	270,000 collections, 40,000 likes, I'm impressed. Didn't even know if not reminded...	270k saves and 40k likes, unbelievable — I wouldn't even have known without the reminder……
B-PYA-100	PYA	88.17	86.65	-1.53	76.32	77.04	0.73	0	0	0	20w收藏3w点赞	20k collections, 3k likes	20万收藏3万点赞	200,000 collections 30,000 likes	200k saves, 30k likes
B-PYA-101	PYA	87.03	95.20	8.17	75.45	82.19	6.74	0	0	0	啊？60w围攻45w的城，对方还以骑兵为主？？！	What? 60k besieging a city with 45k defenders, and the defenders are mainly cavalry??!	啊？60万围攻45万的城，对方还以骑兵为主？？！	What? A city with 450,000 people being attacked by 600,000? And the enemy is mainly cavalry?!	what? 600k besieging a city of 450k, and the enemy is mostly cavalry??!
B-PYA-102	PYA	69.65	76.15	6.50	60.76	62.64	1.88	0	0	0	“义人，就是ta，欺负我。”	"""The righteous one, that is, ta, bullied me."""	“义人，就是他，欺负我。”	"""The righteous one, he bullied me."""	Righteous one, it was them — they bullied me.
B-PYA-103	PYA	53.26	60.40	7.15	46.32	68.50	22.17	0	100	100	好装好假好ex	Easy to install, easy to fake, good EX.	好装好假好恶心	Easy to install, easy to fake, so disgusting.	so pretentious, so fake, so gross
B-PYA-104	PYA	57.90	81.34	23.44	44.31	38.33	-5.98	0	100	100	死yxh滚远点	Die, yxh, and get lost.	死营销号滚远点	Die marketing account, get lost.	damn clickbait accounts, get lost
B-PYA-106	PYA	69.58	81.46	11.89	66.76	70.73	3.98	0	0	0	牛啊，我怎么幻听出歌词了(bushi)	Cows, how did I hallucinate the lyrics (bushi)	牛啊，我怎么幻听出歌词了(不是)	Cows, how come I hallucinated the lyrics (no, I didn't)	impressive — why am I hallucinating lyrics out of this (jk)
B-PYA-107	PYA	80.49	85.51	5.03	68.33	70.92	2.59	0	100	100	心灵感应原版就是致敬火花hhh	The original telepathy is a tribute to the spark hhh	心灵感应原版就是致敬火花哈哈哈	Telepathy original is a tribute to the spark hahaha	the original Telepathy really is a homage to Spark hahaha
B-PYA-108	PYA	87.80	81.04	-6.76	76.30	54.14	-22.16	0	0	0	woc瞬间高清修补版	Woc Instant HD Repair Version	卧槽瞬间高清修补版	Wocao Instant HD Repair Version	whoa, instantly the HD restored version
B-NEO-096	NEO	88.55	88.04	-0.52	81.28	80.11	-1.17	0	0	0	泪目，我一直不知道自己想做什么，感觉选择的大都错了，已经索性不想选择了...糟糕啊...	Tears, I've never known what I want to do, feeling like most of my choices have been wrong, so I've just given up trying to choose... It's terrible...	眼泛泪光，我一直不知道自己想做什么，感觉选择的大都错了，已经索性不想选择了...糟糕啊...	Eyes glistening with tears, I've never known what I really want to do. It feels like most of my choices have been wrong, so I've just given up trying to choose... This is terrible...	tearing up — I've never known what I want to do, feels like most of my choices were wrong, and now I've simply stopped choosing… this is bad…
B-NEO-097	NEO	83.83	86.45	2.62	84.13	84.46	0.33	0	0	0	10后，上一次看是三年前了，但是也泪目了	10 years later, the last time I watched it was three years ago, but I still got teary-eyed.	10后，上一次看是三年前了，但是也落泪了	Ten years later, the last time I watched it was three years ago, but I still cried.	born after 2010 — last watched this three years ago, but it still made me tear up
B-NEO-098	NEO	79.85	81.68	1.83	71.84	77.41	5.56	0	0	0	虽然整个乐队前期像拼好队一样，但是结局随着独角兽的回归写的还是不错的	Although the whole band in the early stages was like assembling a team, the ending was still well written with the return of the unicorn.	虽然整个乐队前期像拼凑起来的队伍一样，但是结局随着独角兽的回归写的还是不错的	Although the whole band in the early stages seemed like a patchwork team, the ending was still well written with the return of the unicorn.	even though the band felt like a thrown-together group-buy squad early on, the ending with the unicorn's return was written pretty well
B-NEO-099	NEO	86.40	87.01	0.61	76.18	75.93	-0.25	0	0	0	“苏新皓你好的太突出”这句话的含金量还在上升	"The value of the statement ""Su Xinhao, you are too outstanding"" is still rising."	“苏新皓你好的太突出”这句话的价值还在提升	"The value of the statement ""Su Xinhao, you are too outstanding"" is still increasing."	"the line ""Su Xinhao, your hello is too striking"" keeps proving truer and truer"
B-NEO-100	NEO	85.80	93.43	7.63	68.30	67.32	-0.98	0	0	0	扎格列斯之手的含金量还在上升！	The value of the Zagros Hand is still rising!	扎格列斯之手的价值还在提升！	The value of the Zagreus Hand is still rising!	the Hand of Zagreus keeps proving its worth!
B-NEO-101	NEO	56.25	58.08	1.83	53.34	66.06	12.73	0	0	0	红温了，把打野怪爆的装备给炸了，你好歹拿一些吧	The red buff is up, and I blew up the equipment dropped by the jungle monster. You might as well take some.	气急了，把打野怪爆的装备给炸了，你好歹拿一些吧	Angry, I blew up the equipment dropped by the monster. You should at least take some.	he's fuming — blew up the gear dropped from jungle monsters, at least take some of it, man
B-NEO-102	NEO	74.18	77.79	3.61	63.99	70.50	6.51	0	0	0	反派看到了硬控他的回忆……	The antagonist saw the hard-control memories of him...	反派看到了完全控制住他的回忆……	The antagonist saw his memories completely under control...	the villain saw the memories that completely transfixed him……
B-NEO-103	NEO	93.55	92.14	-1.41	68.61	72.39	3.78	0	0	0	我还以为是9.9元拼好饭呢	I thought it was a 9.9 yuan group meal.	我还以为是9.9元拼单买的饭呢	I thought it was a meal I bought through a group purchase for 9.9 yuan.	I thought it was a 9.9-yuan group-buy meal deal
B-NEO-104	NEO	75.11	70.96	-4.14	63.41	66.30	2.89	100	0	-100	向佐药水哥梦幻联动！	Xiang Zuo and the Elixir Brother's Dream Collaboration!	向佐药水哥跨界合作！	Zuo Xiang and Yaoke Shui Ge collaborate across industries!	Xiang Zuo and Yaoshui-ge, a dream crossover!
B-NEO-105	NEO	73.50	87.87	14.37	56.10	63.61	7.51	0	0	0	电子榨菜配跳跳糖	Electronic pickles with popping candy	下饭视频配跳跳糖	Dinner-time videos with popping candy	comfort-viewing video paired with popping candy
B-NEO-106	NEO	91.64	97.15	5.51	62.14	82.92	20.78	0	0	0	这声音绝绝子	This sound is amazing.	这声音好极了	This sound is great.	this voice is simply divine
B-NEO-107	NEO	81.80	85.49	3.69	67.41	74.48	7.07	0	0	0	假师傅让拜，真师傅反而不让拜，难绷了	Fake masters ask you to bow, but real masters actually don't want you to bow. It's hard to take.	假师傅让拜，真师傅反而不让拜，让人无语了	Fake masters ask you to bow, but real masters actually don't want you to bow, which is beyond words.	the fake master lets you bow to him, but the real master won't — I can't even
B-NEO-108	NEO	96.64	96.62	-0.02	73.08	81.90	8.83	0	0	0	一想到一睁眼就有倒计时就难绷	Just thinking about having a countdown as soon as I open my eyes is hard to bear.	一想到一睁眼就有倒计时就受不了	I can't stand the thought of having a countdown as soon as I open my eyes.	the thought of waking up to a countdown every day just breaks me
B-MIX-092	MIX	92.17	82.03	-10.14	77.62	69.73	-7.89	100	100	0	完全不给队友上buff的机会	Completely not giving the teammates any chance to apply buffs.	完全不给队友上增益的机会	Completely not giving the teammates any opportunity to apply buffs.	gives teammates zero chance to apply buffs
B-MIX-093	MIX	75.76	26.87	-48.89	41.39	45.39	4.00	100	0	-100	不会侵蚀后全是boss吧	Won't it all be bosses after that?	不会侵蚀后全是头目吧	If it doesn't erode, will all be the leaders?	don't tell me everything after the corruption is a boss
B-MIX-094	MIX	94.86	91.72	-3.15	63.17	67.29	4.12	100	0	-100	顾客：心平气和.jpg	Customer: Calm and Composed.jpg	顾客：心平气和的表情包	Customer: Calm and composed emoji	customer: calm-and-composed.jpg
B-MIX-095	MIX	94.12	96.29	2.18	79.08	79.15	0.07	100	100	0	海皇cpu高速运转中……	Sea Emperor CPU operating at high speed...	海皇大脑高速运转中……	The Sea King's brain is operating at high speed...	the Sea Emperor's CPU is running at full speed……
B-MIX-096	MIX	87.78	87.02	-0.76	68.16	78.39	10.23	100	0	-100	可以无限卡bug，站起来再躺下去，站起来再躺下去。	You can infinitely exploit the bug, stand up and lie down again, stand up and lie down again.	可以无限卡漏洞，站起来再躺下去，站起来再躺下去。	You can exploit the loophole infinitely, standing up and lying down again, standing up and lying down again.	you can exploit the bug endlessly — stand up, lie back down, stand up, lie back down.
B-MIX-097	MIX	47.37	56.00	8.63	45.03	50.13	5.10	0	100	100	在扳机的视频里刷什么悠真真的很ky好吧	What are you doing watching Yuzuki in the trigger's video, it's really awkward, okay?	在扳机的视频里刷什么悠真真的很不会看气氛好吧	What are you watching Usami in the trigger's video? You really can't read the atmosphere, can you?	spamming Harumasa comments on a Trigger video is honestly so tone-deaf, okay
B-MIX-098	MIX	93.94	75.22	-18.72	69.21	76.36	7.14	100	100	0	别什么过场都搞qte，破坏连贯	Don't use QTEs for every cutscene, it breaks the flow.	别什么过场都搞快速反应事件，破坏连贯	Don't make every cutscene a quick-time event that breaks the coherence.	stop putting QTEs in every cutscene, it ruins the flow
B-MIX-099	MIX	93.70	93.79	0.09	55.00	63.27	8.27	100	0	-100	不是哥们，怎么pv就删了。	Bro, why did you delete the PV?	不是哥们，怎么宣传片就删了。	Bro, why was the promotional video deleted?	wait bro, why did the PV get deleted.
B-MIX-100	MIX	99.95	99.28	-0.67	83.98	82.79	-1.19	100	100	0	要是做出这样的mod，那就有意思了	If someone made a mod like that, it would be interesting.	要是做出这样的模组，那就有意思了	If such a mod were made, it would be interesting.	if someone made a mod like this, that would be fun
B-MIX-101	MIX	96.66	94.63	-2.02	77.25	71.26	-5.99	100	0	-100	omg！这是谁家的小孩这么有出息啊啊啊啊啊	Oh my god! Whose kid is this, so accomplished!	我的天！这是谁家的小孩这么有出息啊啊啊啊啊	My goodness! Whose child is this, so accomplished!	omg! whose kid is this, so talented ahhhh
B-MIX-102	MIX	94.66	94.18	-0.47	75.30	74.57	-0.73	100	100	0	很多老外不知道田一鸣叫什么，就叫他super idol	Many foreigners don't know what Tian Yiming is called, so they just call him Super Idol.	很多老外不知道田一鸣叫什么，就叫他超级偶像	Many foreigners don't know what Tian Yiming is called, so they call him Super Idol.	many foreigners don't know Tian Yiming's name, so they just call him super idol
B-MIX-103	MIX	70.85	78.18	7.34	55.24	75.43	20.19	0	0	0	知名up主老番茄视频内容不慎跌回五年前的水平	A well-known UP主, Laositan, accidentally dropped the quality of his video content back to the level it was five years ago.	知名视频作者老番茄视频内容不慎跌回五年前的水平	The well-known video creator Laotangguo's video content accidentally dropped back to the level of five years ago.	famous uploader LaoFanQie's video content has accidentally slipped back to its level five years ago
B-MIX-104	MIX	98.57	94.91	-3.67	81.41	63.70	-17.71	100	100	0	我打个csgo心跳都能160	My heart rate can reach 160 just from playing CS:GO.	我打个反恐精英心跳都能160	My heart rate can reach 160 when I play Counter-Strike.	my heart rate hits 160 just playing CS:GO
B-MIX-105	MIX	99.37	99.76	0.39	56.02	87.75	31.73	100	0	-100	回答我，鸟为什么会飞？ Look at my eye, tell me why!	Answer me, why can birds fly? Look at my eye, tell me why!	回答我，鸟为什么会飞？ 看着我的眼睛，告诉我为什么！	Answer me, why can birds fly? Look into my eyes and tell me why!	answer me, why can birds fly? Look at my eye, tell me why!
B-MIX-106	MIX	96.30	95.14	-1.17	82.95	81.67	-1.28	100	100	0	这里应该说的是welcome to shaolin 吧	"It should be ""Welcome to Shaolin"" here."	这里应该说的是欢迎来到少林 吧	"It should be ""Welcome to Shaolin"" here."	what he should have said here is welcome to Shaolin, right
B-MIX-107	MIX	92.64	82.82	-9.82	67.70	61.06	-6.64	100	100	0	这BGM给我干天津去了	This BGM sent me straight to Tianjin.	这背景音乐给我干天津去了	This background music is giving me Tianjin vibes.	this BGM just teleported me straight to Tianjin
B-MIX-108	MIX	73.15	67.13	-6.03	68.71	67.10	-1.61	100	100	0	小八和啵哝就像是妈妈带了个teenager出来我服了。	Xiaoba and Bonong are like a mom bringing out a teenager; I'm just amazed.	小八和啵哝就像是妈妈带了个青少年出来我服了。	Xiaoba and Bonong are like a mom taking out a teenager, I'm impressed.	Xiaoba and Bonong are just like a mom taking a teenager out, I can't with them.
B-MIX-109	MIX	91.23	84.98	-6.25	83.80	79.56	-4.24	100	100	0	其实我不仅是rapper，我还是DJ，香蜜湖你听见了吗	Actually, I'm not just a rapper, I'm also a DJ. Have you heard of Xiangmi Lake?	其实我不仅是说唱歌手，我还是打碟师，香蜜湖你听见了吗	Actually, I'm not just a rapper, I'm also a DJ. Have you heard the Xiangmi Lake?	actually I'm not just a rapper, I'm also a DJ — Xiangmi Lake, can you hear me
B-MIX-110	MIX	79.50	67.88	-11.62	68.91	62.55	-6.36	100	0	-100	我家小逻怎么成敌方boss单位了？还有精英干员长颈鹿	Why has my Xiao Luo become the enemy boss unit? And also the elite operator Giraffe?	我家小逻怎么成敌方头目单位了？还有精英干员长颈鹿	How did my little Lao become the enemy commander unit? And also the elite operator Giraffe?	how did my Xiaoluo become an enemy boss unit? and there's an elite operator giraffe too
B-MIX-111	MIX	90.47	81.27	-9.21	53.65	54.46	0.81	100	100	0	看得ptsd犯了	PTSD is triggered.	看得创伤后应激障碍犯了	PTSD is triggered.	watching this triggered my PTSD
B-MIX-112	MIX	94.29	93.75	-0.54	76.41	77.88	1.48	100	0	-100	我独自拯救一切Pro max	I save everything alone Pro max	我独自拯救一切加强版	I Save Everything Alone Plus Enhanced Edition	I Alone Save Everything, Pro Max edition
B-MIX-113	MIX	92.73	91.91	-0.82	68.20	70.08	1.88	100	100	0	那是债主催债了bro	That's the creditor coming to collect the debt, bro.	那是债主催债了兄弟	That's the creditor coming to collect the debt, brother.	that's the creditor coming to collect, bro
B-MIX-114	MIX	83.13	82.80	-0.32	72.14	77.87	5.73	100	0	-100	姐！邀请宋雨琦上节目！E人很适合！章昊也是！	Sis! Invite Song Yuqi to the show! She's very suitable as an extrovert! Zhang Hao is also!	姐！邀请宋雨琦上节目！外向的人很适合！章昊也是！	Sis! Invite Song Yuqi to the show! Outgoing people are very suitable! Zhang Hao is also!	sis! invite Song Yuqi onto the show! extroverts are perfect for it! Zhang Hao too!
B-MIX-115	MIX	80.90	83.88	2.97	78.23	75.50	-2.73	0	100	100	好阳光啊，这一定是相互救赎的少女乐队故事吧www	What a sunny day, this must be a story about a girl band's mutual redemption www	好阳光啊，这一定是相互救赎的少女乐队故事吧哈哈哈	What a sunny day, this must be a story about a girl band redemption, hahaha	so wholesome — this must be a girls-band story of mutual redemption lol
B-MIX-116	MIX	86.65	85.06	-1.60	80.22	83.96	3.73	100	0	-100	小时候我没有cp这个概念，一直认为这俩只是朋友	I didn't have the concept of a romantic relationship (CP) when I was young, and I always thought they were just friends.	小时候我没有情侣配对这个概念，一直认为这俩只是朋友	I didn't have the concept of romantic pairing when I was young, and I always thought they were just friends.	as a kid I had no concept of shipping — I always thought these two were just friends
B-MIX-117	MIX	89.33	89.08	-0.25	81.24	81.73	0.50	100	0	-100	妹妹在cos商鞅吗	Is your sister cosplaying as Shang Yang?	妹妹在扮演商鞅吗	Is your younger sister playing the role of Shang Yang?	is the girl cosplaying Shang Yang
B-MIX-118	MIX	98.47	94.98	-3.49	80.07	76.48	-3.59	100	100	0	哎呀，蚊子得了MVP！	Oh no, the mosquito got the MVP!	哎呀，蚊子得了全场最佳！	Oh, the mosquito was the MVP of the whole thing!	oops, the mosquito got the MVP!
B-MIX-119	MIX	94.06	97.05	2.99	83.28	80.96	-2.32	100	100	0	这都ai配音了，字幕当然也是ai啊	It's all AI voice acting now, so the subtitles are AI-generated as well.	这都人工智能配音了，字幕当然也是人工智能啊	With AI doing the voice-over, the subtitles are naturally AI-generated as well.	the voiceover is already AI, so of course the subtitles are AI too
B-MIX-120	MIX	97.30	96.80	-0.50	78.40	73.10	-5.31	100	100	0	谁还没看我都会伤心的OK？	If anyone hasn't seen it, I'll be sad, OK?	谁还没看我都会伤心的好吗？	If anyone hasn't seen it, I'll be sad, okay?	if anyone hasn't watched this yet I'll be sad, OK?
B-MIX-121	MIX	76.45	76.25	-0.21	44.87	53.87	9.00	100	100	0	少看一天b站都剪不出来	Watch Bilibili one day less and you can't even make a compilation.	少看一天哔哩哔哩都剪不出来	Watch Bilibili one day less and you can't even make a clip.	skip even one day of Bilibili and you couldn't edit this
B-MIX-122	MIX	97.72	97.74	0.02	84.07	84.32	0.25	100	100	0	只是一个道歉，but这个道歉的代价实在太高	Just an apology, but the cost of this apology is simply too high.	只是一个道歉，但是这个道歉的代价实在太高	Just an apology, but the cost of this apology is simply too high.	it's just an apology, but the price of this apology is way too high
B-MIX-123	MIX	92.91	92.36	-0.55	77.07	83.08	6.01	100	0	-100	记者会？不，个人show time	Press conference? No, it's my personal show time.	记者会？不，个人表演时间	Press conference? No, it's my personal performance time.	a press conference? no, it's personal show time
B-MIX-124	MIX	67.63	89.08	21.46	58.14	79.53	21.39	100	0	-100	这一场演得不好，应该喊cut重来	This take was bad; we should call cut and do it again.	这一场演得不好，应该喊停重来	This performance was bad, we should call a stop and start over.	this scene was badly acted, someone should call cut and redo it
B-MIX-125	MIX	96.90	97.25	0.35	82.33	84.09	1.76	100	100	0	喝水这part我真的笑了	I really laughed at this part about drinking water.	喝水这部分我真的笑了	I really laughed at this part about drinking water.	the water-drinking part genuinely made me laugh
B-MIX-126	MIX	98.94	97.69	-1.26	74.22	82.64	8.42	100	0	-100	中式恐怖，真的next level	Chinese-style horror is really next level.	中式恐怖，真的更上一层楼	Chinese-style horror has truly reached new heights.	Chinese-style horror, truly next level
B-MIX-127	MIX	98.56	96.49	-2.07	82.45	83.14	0.69	100	0	-100	他们都在好奇那个npc是谁扮的	They are all wondering who played that NPC.	他们都在好奇那个非玩家角色是谁扮的	They are all wondering who played that non-player character.	they're all wondering who played that NPC
B-MIX-128	MIX	93.59	90.93	-2.66	80.78	73.75	-7.03	0	100	100	os好想看张桂源也来一期	I really want to see Zhang Guiyuan come on for an episode too.	内心独白好想看张桂源也来一期	I really want to see Zhang Guiyuan do an episode of inner monologue too.	inner monologue: I really want to see Zhang Guiyuan do an episode too
B-MIX-129	MIX	97.06	95.92	-1.14	76.57	74.36	-2.21	100	0	-100	我已经走在了country road 上了	I have already set foot on the country road.	我已经走在了乡间小路 上了	I have already set foot on the country path.	I'm already walking on the country road
B-MIX-130	MIX	87.30	93.97	6.67	59.93	73.55	13.62	0	0	0	从来没有get到他颜值	Never got his good looks.	从来没有领略到他颜值	Never experienced his good looks.	I've never gotten the appeal of his looks
B-MIX-131	MIX	95.07	95.53	0.47	64.97	72.50	7.54	100	100	0	看哪一只eye啊sir	Which eye to look at, sir?	看哪一只眼啊长官	Which eye to look at, sir?	looking at which eye, sir
B-MIX-132	MIX	96.46	97.00	0.53	40.39	81.24	40.85	100	100	0	天磊：what can I say	Tian Lei: what can I say	天磊：我能说什么	Tian Lei: What can I say	Tianlei: what can I say
B-MIX-133	MIX	79.15	78.60	-0.55	75.67	79.38	3.71	100	100	0	唉，我去，真的有比利诶。该不会是暗示sp比利吧	Oh my, there's really a Billy here. It's not hinting at SP Billy, is it?	唉，我去，真的有比利诶。该不会是暗示特殊版比利吧	Oh my, there's really a Billy here. It's not hinting at the special edition Billy, is it?	whoa, there really is a Billy — could this be hinting at an SP Billy
B-MIX-134	MIX	87.74	87.64	-0.10	62.65	74.56	11.90	0	100	100	摊主，我也是你们play中的一环吗	Vendor, am I also part of your game?	摊主，我也是你们角色扮演中的一环吗	Vendor, am I also part of your role-playing?	stall owner, am I also part of your roleplay
B-MIX-135	MIX	90.85	83.56	-7.29	56.18	77.77	21.60	100	100	0	抽me,please抽me	Pick me, please pick me	抽我,请抽我	Pick me, please pick me	draw me, please draw me
B-MIX-136	MIX	96.59	97.46	0.87	76.75	81.51	4.76	100	0	-100	boss已进入二阶段	boss has entered the second phase	头目已进入二阶段	The leader has entered phase two.	the boss has entered phase two
B-MIX-137	MIX	96.75	88.48	-8.26	73.79	75.72	1.93	100	0	-100	这里是以为他要长期练，mcn没沟通好	It was assumed he would train for a long time, but the MCN didn't communicate properly.	这里是以为他要长期练，传媒公司没沟通好	It was assumed he would train for a long time, and the media company didn't communicate properly.	here they thought he'd be training long-term — the MCN agency didn't communicate properly
B-MIX-138	MIX	63.26	69.19	5.94	66.83	80.78	13.95	0	0	0	加拉赫上线一年了还在c	Galah has been online for a year and is still c.	加拉赫上线一年了还在当主力	Galah has been online for a year and is still the main player.	Gallagher has been out for a year and is still carrying
B-MIX-139	MIX	89.36	79.31	-10.05	69.01	78.10	9.08	100	0	-100	直伤+超击破+dot伤害	Direct damage + Critical break + DoT damage	直伤+超击破+持续伤害	Direct hit + Critical break + Sustained damage	direct damage + super break + DoT damage
B-HOM-133	PYA	86.09	85.65	-0.44	60.20	63.66	3.46	100	100	0	兄dei  成佛吧   修仙太难了	Bro, become a Buddha, cultivation is too hard.	兄弟  成佛吧   修仙太难了	Brother, become a Buddha. Cultivation is too difficult.	bro, just become a buddha — cultivating immortality is too hard
B-HOM-134	HOM	74.76	66.58	-8.18	77.36	76.41	-0.95	0	0	0	我真怕药水一拳给向左打晕过去	I'm really afraid the potion will knock Xiao Zuo out with one punch.	我真怕药水一拳给向佐打晕过去	I'm really afraid the potion will knock Wong Cho-leung out with one punch.	I'm really afraid Yaoshui will knock Xiang Zuo out with one punch
B-HOM-135	HOM	78.56	78.87	0.31	73.13	74.48	1.35	0	100	100	甲亢哥：我还能再看亿遍	Hyperthyroid Brother: I can watch it another billion times.	甲亢哥：我还能再看一亿遍	Hyperthyroid Brother: I can watch it another hundred million times.	Jiakang Bro: I could watch this a hundred million more times
B-NEO-109	NEO	86.44	92.74	6.30	71.37	70.63	-0.74	0	0	0	逆天，吴国给日本朝贡都来了	Unbelievable, the Wu Kingdom has even come to pay tribute to Japan.	离谱，吴国给日本朝贡都来了	Unbelievable, the State of Wu has even sent tribute to Japan.	outrageous — now we've even got the Wu kingdom paying tribute to Japan
B-NEO-110	NEO	74.58	77.88	3.30	62.61	70.70	8.10	0	100	100	泪目了，米哈游你坏事做尽	Tears, miHoYo, you've done nothing but bad things.	感动落泪了，米哈游你坏事做尽	Moved to tears, miHoYo, you've done nothing but evil.	I teared up — miHoYo, you've done every evil deed there is
B-NEO-111	NEO	73.99	87.42	13.43	64.01	78.40	14.39	100	0	-100	双非大学生，还没进厂。光看这个社会环境已经感觉自己燃尽了	A student from a non-985 and non-211 university, hasn't even started working yet. Just looking at this social environment already makes me feel completely burned out.	非重点大学的大学生，还没进厂。光看这个社会环境已经感觉自己精疲力竭了	College students from non-key universities haven't even entered the workforce. Just by observing the social environment, they already feel completely exhausted.	a non-elite-university student who hasn't even started working yet — just looking at this social environment I already feel burned out
B-NEO-112	NEO	91.78	89.96	-1.82	75.29	67.95	-7.33	0	0	0	看勇哥直播，各种神人	Watch Brother Yong's live stream, full of all kinds of amazing people	看勇哥直播，各种行为离谱的人	Watch Brother Yong's live stream, people with all kinds of outrageous behaviors	watching Brother Yong's streams, you see all kinds of absolute characters
B-NEO-113	NEO	70.05	77.64	7.59	77.09	75.97	-1.12	100	0	-100	太真实了，想到的那句话发现他可能听不懂于是在后面加点补丁	Too realistic. I thought of that sentence but realized he might not understand it, so I added some patches afterward.	太真实了，想到的那句话发现他可能听不懂于是在后面加点补充说明	It's too true; I thought of a phrase but realized he might not understand it, so I added some supplementary explanation afterward.	so true — you think of a comeback, realize he might not get it, and then tack some patches onto it
B-NEO-114	NEO	93.51	88.60	-4.91	69.72	81.76	12.04	0	0	0	为什么能匹到这么多神人	Why can I match with so many amazing people?	为什么能匹配到这么多行为离谱的人	Why can so many people with strange behaviors be matched?	how do I keep getting matched with so many absolute characters
B-NEO-115	NEO	90.36	90.97	0.61	70.74	81.08	10.35	0	0	0	所以男主在嘎掉的威胁下领悟了？	So the male lead realized it under the threat of being killed?	所以男主在死掉的威胁下领悟了？	So the male lead realized it under the threat of death?	so the male lead had his awakening under the threat of getting offed?
B-MIX-140	MIX	75.83	74.32	-1.51	65.58	58.25	-7.32	100	0	-100	这个zzz不会要给他出个动画吧？	Wouldn't they make an anime out of this zzz?	这个绝区零不会要给他出个动画吧？	Would they make an anime for this Sakuzyo?	don't tell me ZZZ is going to make an anime for him?
B-MIX-141	MIX	84.97	93.88	8.92	56.72	80.87	24.15	0	0	0	怎么说呢 很怀疑up主的精神状态	How to put it, I'm very doubtful about the mental state of the up主 (content creator)	怎么说呢 很怀疑视频作者的精神状态	How to say... I really doubt the mental state of the video's author.	how do I put it — I seriously question this uploader's state of mind
B-MIX-143	MIX	90.20	89.40	-0.80	69.58	72.59	3.01	0	100	100	他和背后的 n pc 格格不入	He doesn't fit in with the n PCs behind him.	他和背后的 非玩家角色 格格不入	He stands out from the non-player characters behind him.	he's completely out of place next to the NPC behind him
B-MIX-145	NEO	81.53	78.91	-2.62	73.45	74.01	0.56	0	0	0	甲亢哥：我DNA动了	Hyperthyroid Brother: My DNA is moving	甲亢哥：我本能被唤醒了	Hyperthyroid Brother: My primal instincts have been awakened.	Jiakang Bro: my DNA just moved
B-MIX-146	MIX	87.61	83.62	-3.99	67.00	66.49	-0.51	100	0	-100	bro以为自己在演致命ID	"Bro thinks he's acting in ""Identity Thief."""	这哥们以为自己在演致命ID	"This guy thinks he's in the movie ""Identity Thief."""	bro thinks he's starring in Identity
B-MIX-147	MIX	95.99	93.17	-2.82	72.25	70.72	-1.53	0	0	0	干嘛突然cos班主任	Why are you suddenly cosplaying as the homeroom teacher?	干嘛突然扮演班主任	Why suddenly play the role of the homeroom teacher?	why are you suddenly cosplaying as the homeroom teacher
B-MIX-148	MIX	96.86	85.86	-11.00	72.89	73.05	0.16	100	0	-100	神作，没见过的mad种类呢	A masterpiece, a type of MAD I've never seen before.	神作，没见过的混剪视频种类呢	Amazing work, a type of mixed video I've never seen before.	a masterpiece — a kind of MAD I've never seen before
B-PYA-109	PYA	87.94	89.87	1.94	50.38	67.05	16.67	0	100	100	拍了拍博士的石棺盖子hhhhh	Patted the doctor's stone coffin lid hhhhh	拍了拍博士的石棺盖子哈哈哈哈哈	Patted the doctor's stone coffin lid and laughed hahaha	gave the Doctor's stone coffin lid a little pat hahaha
B-PYA-110	PYA	95.37	99.06	3.69	42.14	84.44	42.30	100	100	0	万恶的zi ben jia	Evil capitalists	万恶的资本家	Evil capitalists	the evil capitalists
B-PYA-111	PYA	76.85	83.22	6.37	68.96	63.51	-5.44	0	100	100	就说问啥听不到，nnd只带了一个耳机	Just say why you can't hear, nnd only wore one earphone	就说问啥听不到，奶奶的只带了一个耳机	Just say why you can't hear, damn it, I only brought one headphone	no wonder he said he couldn't hear anything — damn it, he only brought one earbud
