uid	category	xcomet_noisy	xcomet_clean	xcomet_d	kiwi_noisy	kiwi_clean	kiwi_d	nta_noisy	nta_clean	nta_d	src_noisy	hyp_noisy	src_clean	hyp_clean	ref_en
B-HOM-001	HOM	88.81	97.78	8.97	61.32	84.10	22.78	0	100	100	酱紫也行？那我也试试	Is that okay too? Then I'll give it a try.	这样子也行？那我也试试	This works too? Then I'll give it a try.	this works? then let me try too
B-HOM-002	HOM	98.62	99.77	1.15	62.84	81.64	18.80	0	0	0	你怎么酱紫说话，人家会误会的	Why do you talk like that? People will misunderstand.	你怎么这样子说话，人家会误会的	Why do you talk like that? People will misunderstand.	why do you talk like that, people will misunderstand
B-HOM-003	HOM	100.00	100.00	0.00	82.88	83.26	0.37	0	0	0	各位童鞋注意了，期末考试要来了	Attention, students, final exams are coming.	各位同学注意了，期末考试要来了	Attention students, final exams are coming.	attention classmates, final exams are coming
B-HOM-004	HOM	90.90	95.92	5.02	77.79	81.03	3.24	0	100	100	童鞋们帮我看看这道题怎么做	Kids, help me figure out how to do this problem.	同学们帮我看看这道题怎么做	Classmates, can you help me figure out how to do this problem?	classmates help me figure out this problem
B-HOM-005	HOM	94.69	97.01	2.33	71.02	82.53	11.51	100	100	0	我真的好稀饭这个博主，太搞笑了	I really like this blogger, they're so funny.	我真的好喜欢这个博主，太搞笑了	I really like this blogger, they're so funny.	I really like this creator, too funny
B-HOM-006	HOM	90.07	97.45	7.38	62.83	86.91	24.09	0	0	0	你是不是稀饭我？直说嘛	Are you in love with me? Just say it.	你是不是喜欢我？直说嘛	Are you in love with me? Just say it.	do you like me? just say it
B-HOM-007	HOM	94.55	95.07	0.52	74.78	83.51	8.73	100	100	0	今天又是杯具的一天，出门忘带钥匙	Today is another tragic day; I forgot my keys when I left the house.	今天又是悲剧的一天，出门忘带钥匙	Today is another tragic day; I forgot my keys when I left home.	another tragic day, forgot my keys going out
B-HOM-008	HOM	91.77	100.00	8.23	53.73	84.30	30.57	100	100	0	人生就是一个杯具接着一个杯具	Life is just one tragedy after another.	人生就是一个悲剧接着一个悲剧	Life is just one tragedy after another.	life is one tragedy after another
B-HOM-009	HOM	93.31	96.60	3.29	62.86	81.25	18.39	100	100	0	游戏过于神金，不确定先从哪里笑起	The game is too crazy/bonkers, I don't know where to start laughing.	游戏过于神经，不确定先从哪里笑起	The game is too crazy, I don't know where to start laughing.	this game is so unhinged, not sure where to start laughing
B-HOM-010	HOM	91.16	89.42	-1.74	62.30	63.05	0.75	100	100	0	都说我做饭神金，今天就做神金给你们吃	Everyone says I'm crazy about cooking, so today I'll cook something crazy for you to eat.	都说我做饭神经，今天就做神经给你们吃	They all say I'm crazy about cooking, so today I'll cook up some crazy for you to eat.	y'all say I'm crazy in the kitchen, so today I'm cooking crazy for you
B-HOM-011	HOM	97.12	95.70	-1.42	62.20	81.51	19.31	100	0	-100	世界上最神金的行为	The most insane behavior in the world	世界上最神经的行为	The craziest behavior in the world	the most unhinged behavior in the world
B-HOM-012	HOM	73.51	75.54	2.03	49.97	56.32	6.35	0	0	0	被这离谱的主播笑拥了	I was laughing so hard at this ridiculous streamer.	被这离谱的主播笑晕了	I was cracking up at this ridiculous streamer.	I'm dead from this absurd streamer
B-HOM-013	HOM	56.01	91.65	35.64	57.98	71.06	13.08	0	0	0	笑拥了！带货主播推荐的迷惑水果太离谱了吧	I'm sold! The confusing fruits recommended by the live-streamer are too outrageous, right?	笑晕了！带货主播推荐的迷惑水果太离谱了吧	I'm dying of laughter! The confusing fruits recommended by the live-streamer are too outrageous!	I’m dying laughing! Those weird fruits promoted by live stream sales hosts are ridiculous.
B-HOM-014	HOM	80.75	93.06	12.31	76.03	76.75	0.72	0	0	0	新来的00后程序员写的代码，看到这段注释真的快把我笑拥了	The code written by the new Gen Z programmer, this comment really made me laugh so hard I almost hugged myself.	新来的00后程序员写的代码，看到这段注释真的快把我笑晕了	The code written by the new Gen Z programmer, this comment really made me laugh out loud.	the new Gen Z programmer's code, seeing this comment almost killed me laughing
B-HOM-016	NEO	92.87	92.62	-0.25	58.48	68.64	10.16	0	0	0	考试没复习直接寄，明年再来	I failed the exam because I didn't study for it. I'll try again next year.	考试没复习直接完了，明年再来	The exam was a disaster because I didn't study; I'll try again next year.	didn't study for the exam, it's over, see you next year
B-HOM-018	HOM	72.62	80.66	8.04	35.85	46.68	10.83	0	0	0	火钳流明，这帖子要火	The post is going to be popular.	火前留名，这帖子要火	Marking my spot before this post goes viral.	leaving a name before this blows up, this post is about to go viral
B-HOM-019	HOM	87.62	96.59	8.97	55.08	85.31	30.23	0	0	0	雀食好笑，不骗你	It's really funny, I'm not lying to you.	确实好笑，不骗你	It's really funny, no kidding.	it's genuinely funny, no cap
B-HOM-021	HOM	98.11	99.09	0.98	80.57	84.65	4.08	0	0	0	沃草，这无人机表演太震撼了	Wow, this drone show is amazing!	我操，这无人机表演太震撼了	Holy shit, this drone show is amazing!	holy crap, this drone show is insane
B-HOM-023	HOM	79.55	91.91	12.36	67.77	41.24	-26.52	0	100	100	你想peach呢，哪有这么好的事	You want peach, but there's no such good thing.	你想屁吃呢，哪有这么好的事	You're dreaming, there's no such good thing.	you're dreaming, how can something that good happen
B-HOM-024	HOM	86.35	93.76	7.41	77.19	82.78	5.59	0	100	100	别虾扯蛋了，老师说的都是真的吗	Stop bullshitting, is what the teacher said all true?	别瞎扯淡了，老师说的都是真的吗	Stop talking nonsense, is what the teacher said all true?	stop talking BS, is what the teacher said even true
B-HOM-025	HOM	72.80	76.04	3.24	47.09	54.50	7.41	0	0	0	先报上自己的分数啊搞辣菜	First, report your own score, then talk about the others.	先报上自己的分数啊搞拉踩	First, report your own score, then you can compare it to others.	dropping your score first before throwing shade smh
B-HOM-026	HOM	94.47	99.43	4.96	55.59	76.68	21.09	0	100	100	蚌埠住了，腾讯这泄密处理速度也太快了吧	I can't believe it, Tencent's speed in handling this leak is insane!	绷不住了，腾讯这泄密处理速度也太快了吧	I can't hold it in anymore, Tencent's speed in handling this leak is too fast!	I can't hold it in anymore, Tencent's speed in handling this leak is just too fast
B-HOM-027	HOM	83.90	85.06	1.16	78.52	79.38	0.86	0	0	0	嗷利给，西班牙第一了	Oh, awesome! Spain is number one!	奥利给，西班牙第一了	Olé, Spain is number one!	Aigoo Spain took first place let's gooo
B-HOM-028	HOM	71.02	85.19	14.17	48.42	78.11	29.68	0	0	0	这配置针不戳，性价比拉满	This configuration is really good, offering excellent value for money.	这配置真不错，性价比拉满	This configuration is really good, offering excellent value for money.	This setup slaps, value for money off the charts
B-HOM-029	HOM	55.31	51.64	-3.67	49.51	60.56	11.04	0	0	0	赛里木湖这操作针不戳啊，景区打人还能辞退就完事了？	This move by Sayram Lake is really something; they can just fire someone after they assault someone in the scenic area and that's the end of it?	赛里木湖这操作真不错啊，景区打人还能辞退就完事了？	This move by Sayram Lake is really something. Someone gets beaten at the scenic spot and all that happens is a dismissal?	Sarim Lake's handling is just great, beating people at a scenic spot and just firing them is that it?
B-HOM-030	HOM	94.49	94.87	0.38	52.36	75.70	23.34	0	0	0	蚌埠住了，这也太好笑了吧	I can't stop laughing, that's too funny.	绷不住了，这也太好笑了吧	I can't take it anymore, that's too funny!	bruh I can't hold it in this is too funny lmao
B-HOM-031	HOM	92.73	89.67	-3.05	79.56	78.19	-1.37	0	0	0	卧槽317万年终奖就这么没了？	Holy crap, my 3.17 million year-end bonus just vanished like that?	我操317万年终奖就这么没了？	My 3.17 million year-end bonus just disappeared like that?	Wtf, 3.17 million year-end bonus just gone like that?
B-HOM-032	HOM	72.74	73.69	0.94	42.05	75.61	33.56	0	0	0	你就耗子尾汁吧，别折腾了	You're just asking for trouble, stop making things worse.	你就好自为之吧，别折腾了	You'll have to take responsibility for your own actions; stop making trouble.	watch yourself bro stop messing around
B-HOM-033	HOM	89.97	89.24	-0.73	63.48	69.84	6.37	100	100	0	王虹这波属实深藏blue了，拿完奖还这么低调	Wang Hong really kept a low profile this time, winning an award and still being so modest.	王虹这波属实深藏不露了，拿完奖还这么低调	Wang Hong really kept a low profile this time; she's still so humble after winning the award.	Wang Hong has truly been hiding her talents, so low-key after winning the award
B-HOM-034	HOM	96.07	95.75	-0.32	53.01	76.39	23.38	0	0	0	蚌埠住了这也太搞笑了	I can't stop laughing, this is too funny.	绷不住了这也太搞笑了	I can't take it anymore, this is too funny.	can't hold it in anymore this is way too funny fr
B-HOM-035	HOM	79.10	94.41	15.30	48.89	79.33	30.45	0	100	100	看到50亿离婚案的消息我直接蓝瘦香菇	When I saw the news about the 5 billion divorce case, I was directly heartbroken.	看到50亿离婚案的消息我直接难受想哭	The news of the 5 billion divorce case makes me feel so sad I want to cry.	Seeing the news about the 5 billion divorce case, I'm so sad I could cry
B-HOM-036	HOM	84.71	93.38	8.67	52.01	84.07	32.06	0	0	0	针不戳，这个视频做得真好	This video is really well made.	真不错，这个视频做得真好	That's really good, this video is very well made.	not bad this video is actually fire
B-HOM-037	HOM	83.93	85.61	1.67	59.36	71.49	12.13	0	0	0	这景区管理duck不必，7个人打一个司机	The management of this scenic area is unnecessarily excessive, with seven people ganging up on one driver.	这景区管理大可不必，7个人打一个司机	The management of this scenic area is completely unnecessary; seven people ganging up on one driver.	This scenic area management is totally unnecessary, 7 people beating one driver
B-HOM-038	HOM	98.34	98.57	0.23	58.41	84.52	26.12	0	0	0	这个颜色灰常好看	This color is very beautiful.	这个颜色非常好看	This color is very beautiful.	this color looks really good ngl
B-HOM-039	HOM	81.35	77.31	-4.04	57.78	54.19	-3.59	0	0	0	腾讯这波操作属于是虾仁猪心了	Tencent's move is truly a stab in the heart.	腾讯这波操作属于是杀人诛心了	Tencent's move is like killing someone and then punishing their heart.	Tencent's move this time is truly adding insult to injury
B-HOM-040	HOM	86.23	86.72	0.48	57.83	61.26	3.42	0	0	0	有内味了，就是这个感觉	That's the vibe, that's the feeling.	有那味了，就是这个感觉	That's the vibe, that's the feeling.	got that vibe this is the feeling
B-HOM-041	HOM	72.74	81.87	9.13	74.80	76.39	1.59	0	0	0	泄密被辞退永不录用，这员工只能耗子喂汁了	Leaked information led to dismissal and will never be rehired; this employee can only feed the rats.	泄密被辞退永不录用，这员工只能好自为之了	Fired for the leak and never to be rehired, this employee will have to make their own way.	Fired for leaking and never to be rehired, this employee better watch out
B-HOM-042	HOM	95.09	97.82	2.73	69.41	78.60	9.19	0	0	0	这部剧的女主造型好康	The female lead's styling in this drama is really good-looking.	这部剧的女主造型好看	The female lead's styling in this drama is beautiful.	the female lead's look in this drama is gorgeous
B-HOM-043	HOM	46.91	45.03	-1.88	24.51	27.43	2.92	0	0	0	耗子尾汁，好自为之吧	You've made your bed, now lie in it.	好自为之，好自为之吧	You've made your bed, now lie in it.	Learn your lesson and shape up.
B-HOM-044	HOM	83.95	89.56	5.61	48.24	81.87	33.63	0	0	0	这个操作太虾仁了	This operation is too cruel.	这个操作太吓人了	This operation is too scary.	this play is straight up terrifying
B-HOM-045	HOM	68.42	69.74	1.32	51.43	59.10	7.67	100	100	0	中国女排这波直接丸辣，美国队不服不行	The Chinese women's volleyball team is completely done for this round; the U.S. team is undeniably impressive.	中国女排这波直接完啦，美国队不服不行	The Chinese women's volleyball team is completely done for this round; the US team is undeniably good.	China's women's volleyball team is done for this time, the US team has to admit defeat
B-HOM-046	HOM	92.37	96.09	3.72	58.46	71.06	12.59	100	100	0	鸭力好大，快要顶不住了	The pressure is immense, I'm almost at my breaking point.	压力好大，快要顶不住了	The pressure is immense; I'm about to break.	the pressure is so high can't hold on anymore
B-HOM-047	HOM	91.53	99.12	7.59	27.95	87.62	59.68	100	100	0	窝五碎！！！	I'm five!	我五岁！！！	I'm five!	I'm five years old!!!
B-HOM-048	HOM	83.98	89.59	5.61	72.32	77.94	5.63	0	0	0	赛里木湖这事整得灰常离谱	The matter of Sayram Lake is extremely outrageous.	赛里木湖这事整得非常离谱	The situation with Sayram Lake is completely outrageous.	The Sarim Lake incident is really outrageous
B-HOM-049	HOM	91.77	92.57	0.79	83.20	84.67	1.47	0	0	0	看完这帖子我直接笑嘻了	I laughed so hard after reading this post.	看完这帖子我直接笑死了	I laughed so hard after reading this post.	after reading this post I'm dead lmao
B-HOM-050	HOM	94.24	98.45	4.22	59.32	85.71	26.39	100	100	0	看完这个视频我蕉绿了	After watching this video, I'm so anxious.	看完这个视频我焦虑了	Watching this video made me anxious.	after watching this vid I'm straight up anxious
B-HOM-051	HOM	92.94	98.26	5.32	39.71	82.50	42.79	100	0	-100	看完女排比赛我直接鸭梨山大	After watching the women's volleyball game, I'm under immense pressure.	看完女排比赛我直接压力山大	After watching the women's volleyball match, I felt incredibly stressed.	After watching the women's volleyball match, I'm under enormous pressure
B-HOM-052	HOM	61.75	89.29	27.54	64.59	64.77	0.19	0	100	100	笑鼠了！一会抛梗一会接梗	The mouse laughed! Throwing out jokes one moment, picking them up the next.	笑死了！一会抛梗一会接梗	Dying with laughter! They're constantly throwing out and picking up on each other's jokes.	dying of laughter! one sec they set up the joke next sec they're playing along
B-HOM-053	HOM	89.43	89.87	0.44	58.83	62.75	3.92	100	0	-100	测评娃哈哈高透史莱姆好好康	Wahaha High Transparency Slime is really good.	测评娃哈哈高透史莱姆好好看	The Wahaha high-transparency slime is so beautiful.	reviewing Wahaha's crystal clear slime it looks so good
B-HOM-054	HOM	92.02	97.31	5.29	56.93	83.82	26.89	0	0	0	窝巢，这也太厉害了吧	Holy cow, this is amazing!	我操，这也太厉害了吧	Holy shit, this is amazing!	wtf this is too insane bruh
B-HOM-055	HOM	78.89	94.28	15.39	74.12	82.36	8.24	0	0	0	笑的想鼠	Laughing like a mouse	笑的想死	Dying of laughter	laughing till I die
B-HOM-056	HOM	59.12	84.94	25.82	54.49	74.86	20.37	0	0	0	这里是孙吧忏悔室，一人忏悔一件你觉得最厨神的事	"This is the Sun Bar Confession Room. Everyone, confess one thing you've done that you think is the most ""chef-like"" (over-the-top/obsessive/fanatical)."	这里是孙吧忏悔室，一人忏悔一件你觉得最畜生的事	This is the Sun Bar Confession Room. Everyone, confess one thing you've done that you think is the most beastly.	welcome to Sun Bar confessional drop your most savage moment
B-HOM-057	HOM	95.58	87.02	-8.56	68.18	72.30	4.12	0	0	0	关于玉玉症表妹喜欢上我的故事	The story of my cousin with depression falling in love with me.	关于抑郁症表妹喜欢上我的故事	The story of my cousin falling in love with me, regarding depression.	the story of how my depressed cousin fell for me
B-HOM-058	HOM	90.22	92.61	2.39	71.66	82.82	11.16	0	100	100	这是我女朋友 羡慕吗笑抽们🤣	This is my girlfriend, jealous? 😂	这是我女朋友 羡慕吗小丑们🤣	This is my girlfriend. Jealous, clowns? 🤣	this is my gf. jealous you clowns? 🤣
B-HOM-059	HOM	75.31	63.91	-11.39	55.63	64.51	8.88	100	0	-100	麻辣烫我只认元娘娘，口味多好7	Malatang, I only recognize Yuan Niangniang; how good are the flavors?	麻辣烫我只认元娘娘，口味多好吃	For Malatang, I only recognize Yuan Niangniang; her flavors are so delicious.	I only trust Yuan Niangniang for malatang it's so good
B-HOM-060	HOM	76.17	90.16	13.99	64.69	59.59	-5.10	0	0	0	可爱的小香猪变成了温暖的答辩	The cute mini pig became a warm defense.	可爱的小香猪变成了温暖的大便	The cute mini pig turned into warm feces.	a cute little guinea pig turned into warm crap
B-HOM-061	HOM	97.10	96.97	-0.13	79.12	85.16	6.04	0	100	100	我要笑亖了卧槽	I'm dying of laughter, holy shit.	我要笑死了卧槽	I'm going to die laughing, holy shit.	I'm gonna die laughing oh shit
B-HOM-062	HOM	82.34	97.63	15.29	50.15	77.93	27.78	0	0	0	时间长了搞亖你	Given enough time, I'll get you.	时间长了搞死你	Given enough time, I'll kill you.	I'll work you to death over time
B-HOM-063	HOM	89.91	75.64	-14.27	61.15	47.11	-14.04	100	0	-100	笑亖了家人们谁懂啊	I'm dying of laughter, my friends, who understands?	笑死了家人们谁懂啊	I'm dying, fam, who understands?	dying of laughter fam who understands
B-HOM-064	HOM	71.02	98.15	27.12	50.28	87.63	37.35	0	0	0	她居然紫砂了	She actually bought a Yixing clay teapot.	她居然自杀了	She actually committed suicide.	she actually offed herself
B-HOM-065	HOM	52.44	53.55	1.10	73.23	75.39	2.16	100	100	0	小哥：我真妹骗人！！我真给白衣女鬼送过餐！！你不知道哟！我魂都快没了，那餐是一点都没撒！！没办法，这就是哥的实力！	Little Brother: I really didn't lie!! I really delivered food to the female ghost in white!! You wouldn't know! I almost lost my soul, and not a single drop of that meal was spilled!! No way, that's just my skill!	小哥：我真没骗人！！我真给白衣女鬼送过餐！！你不知道哟！我魂都快没了，那餐是一点都没撒！！没办法，这就是哥的实力！	Little Brother: I really didn't lie!! I really delivered food to the female ghost in white!! You wouldn't believe it! I almost lost my soul, and not a single drop of that meal spilled!! No way, that's just my skill!	Bro: I seriously didn't lie!! I really delivered food to the girl ghost in white!! You don't know! I nearly lost my soul, not a single drop spilled on that delivery! No choice, this is bro's skill!
B-HOM-066	HOM	61.85	76.13	14.28	47.94	49.80	1.86	0	100	100	博主成功把中二拍成沙子了	The blogger successfully turned the chuunibyou into sand.	博主成功把中二拍成傻子了	The blogger successfully turned the chuunibyou into a fool.	The blogger successfully made the edgy act look like a fool
B-HOM-067	HOM	79.92	88.33	8.41	65.24	79.43	14.19	0	0	0	肺雾才需要爱情，神都是孤独的	Only lungs need love; gods are lonely.	废物才需要爱情，神都是孤独的	Only trash needs love; even gods are lonely.	Only the weak yearn for love; gods are destined to be alone.
B-HOM-068	HOM	95.42	98.28	2.87	67.92	83.70	15.78	0	0	0	我在学校哭别人鸟都不鸟我	I cried at school, and no one even batted an eyelid.	我在学校哭别人理都不理我	I cried at school and no one even bothered to care.	I cried at school and nobody even paid attention to me
B-HOM-069	HOM	82.09	90.27	8.18	51.10	60.57	9.48	0	0	0	现场偷挖被抓,夺笋呐!	Caught red-handed digging on site, how outrageous!	现场偷挖被抓,多损呐!	Caught in the act of illegal digging, how damaging!	Caught digging secretly on site, so savage!
B-HOM-070	HOM	87.62	87.50	-0.12	44.99	79.41	34.42	0	100	100	这个特效针不戛！	This special effect is really cool!	这个特效真不尬！	This special effect isn't awkward at all!	This special effect is really not cringe!
B-HOM-071	HOM	82.96	93.93	10.97	36.74	66.77	30.03	100	100	0	要泥寡,雨女无瓜!	It's none of your business, Rain Woman has nothing to do with it!	要你管,与你无关!	Mind your own business, it's none of your concern!	Mind your own business, it's none of your business!
B-HOM-072	HOM	76.59	99.58	22.99	43.22	80.11	36.89	0	100	100	依托答辩是什么意思	"What does ""yituo dabian"" mean?"	一坨大便是什么意思	What does a pile of shit mean?	What does 'a pile of shit' mean?
B-HOM-073	HOM	93.29	98.37	5.08	29.70	80.94	51.24	0	100	100	哈哈哈哈哈哈哈夺笋呐	Hahahaha, how could you say that?	哈哈哈哈哈哈哈多损呐	Hahahaha, how mean!	hahahahaha so mean lol
B-HOM-074	HOM	60.26	96.56	36.31	70.43	82.40	11.97	0	100	100	“雨女无瓜”这么好笑吗是挺好笑的	"Is ""rain woman has no melon"" that funny? It's pretty funny."	“与你无关”这么好笑吗是挺好笑的	"Is ""none of your business"" that funny? Yes, it's quite funny."	Is 'none of your business' really that funny? It is pretty funny
B-HOM-075	HOM	71.87	84.45	12.58	50.95	78.36	27.41	0	100	100	还有给	Also, give	还有gay	And there are gays	Also got gay vibes
B-HOM-076	HOM	92.48	93.78	1.30	76.49	81.63	5.15	100	100	0	这显卡价格真是辣鸡，还买什么啊	The price of this graphics card is really garbage, why would anyone buy it?	这显卡价格真是垃圾，还买什么啊	The price of this graphics card is really garbage, why would anyone buy it?	This GPU price is really trash, why even buy it
B-HOM-077	HOM	65.45	75.64	10.19	63.42	69.00	5.58	100	0	-100	我丢！上班路上刷到路边广告牌被“风”掀了个角，原来是京东618的整活！这波操作简直泰裤辣！	"OMG! On my way to work, I saw a corner of a billboard ripped by the ""wind,"" but it turned out to be a JD 618 stunt! This move is so cool!"	我丢！上班路上刷到路边广告牌被“风”掀了个角，原来是京东618的整活！这波操作简直太酷啦！	"OMG! On my way to work, I saw a corner of a billboard on the side of the road ""blown up"" by the wind, and it turned out to be a JD 618 stunt! This move is incredibly cool!"	No way! On my way to work I saw a roadside billboard get lifted by the 'wind', turns out it was JD 618's stunt! This move is just too cool!
B-HOM-078	HOM	75.37	87.53	12.16	62.48	71.05	8.57	0	100	100	“泰酷辣”大人三周年	"""Tai Ku La"" Adult's Third Anniversary"	“太酷啦”大人三周年	Too Cool! Adults' 3rd Anniversary	Third anniversary of Lord 'So Cool'
B-HOM-079	HOM	88.36	90.80	2.43	50.59	66.58	15.99	0	0	0	前车：不二？	The car in front: Not two?	前车：不是？	Front car: Isn't it?	The car in front: Wait, what?
B-HOM-080	HOM	62.45	91.71	29.26	68.30	74.35	6.05	0	0	0	10店睡，身体还以为是午休呢，凌晨又把他们叫醒了	The ten shops were asleep, and their bodies thought it was a nap, but then they were woken up again in the early hours of the morning.	10点睡，身体还以为是午休呢，凌晨又把他们叫醒了	If you go to bed at 10 PM, your body will think it's just a nap, and then wake you up again in the early hours of the morning.	Going to sleep at 10, my body thought it was nap time, then woke me up at dawn
B-HOM-081	HOM	53.81	97.28	43.47	43.02	70.16	27.14	0	100	100	tree 波Q	tree wave Q	三杀	Triple Kill	Triple kill
B-HOM-082	HOM	55.64	57.72	2.09	51.75	60.07	8.32	0	0	0	笑死我了粽横天虾至今一直在罚时闯过了零个关卡	I'm dying laughing. Zongheng Tianxia has been penalized for time and has passed zero levels.	笑死我了纵横天下至今一直在罚时闯过了零个关卡	I'm dying of laughter. I've been playing this game for ages, and it's still penalizing me for time. I haven't even cleared a single level.	Dying of laughter, the one who conquers the world has been in timeout, passing zero challenges
B-HOM-083	HOM	53.11	84.18	31.08	40.21	51.17	10.95	0	0	0	怎么达不溜小兵了	Why are you a minion now?	怎么打不了小兵了	Why can't I attack the minions/minions anymore?	Why can't I target the minions?
B-HOM-084	HOM	83.31	97.61	14.30	75.60	78.68	3.07	0	100	100	！？雀潮？！	!? Sparrow Tide?!	！？雀巢？！	!?Nestle?!	!? Nestle!?
B-HOM-085	HOM	100.00	100.00	0.00	81.91	84.66	2.75	0	0	0	此人知识面级广	This person has a very broad range of knowledge.	此人知识面极广	This person has a very broad range of knowledge.	This person's knowledge is extremely broad
B-HOM-086	HOM	91.51	95.66	4.15	82.73	83.85	1.12	0	100	100	蛇：卧槽，怎么又是他	Snake: Holy crap, why him again?	蛇：我的天，怎么又是他	Snake: Oh my god, it's him again.	Snake: Oh my god, why is it him again
B-HOM-087	HOM	71.34	80.79	9.45	67.87	73.39	5.51	0	100	100	生物钟:补药呀！我才调整好	Biological clock: What a tonic! I just got adjusted.	生物钟:不要呀！我才调整好	Biological clock: Oh no! I just got adjusted.	Biological clock: No! I just got it adjusted
B-HOM-088	HOM	77.37	88.40	11.03	61.28	72.98	11.70	0	0	0	鸡本功来了，视频就有了。起飞！	When the basic chicken skills are here, the video will be here. Take off!	基本功来了，视频就有了。起飞！	The basics are here, and the video will be too. Let's go!	When the basic skills kick in, the video just takes off! Liftoff!
B-HOM-089	HOM	56.52	88.25	31.73	55.62	85.25	29.63	0	0	0	食不食油饼	Do you eat oil pancakes?	是不是有病	Are you sick?	Are you out of your mind?
B-HOM-090	HOM	39.30	99.29	59.99	40.90	83.26	42.36	0	0	0	香精煎鱼食不食	Should I eat fish fried with essence?	想进监狱是不是	Do you want to go to jail?	Do you want to end up in prison?
B-HOM-091	HOM	85.30	86.22	0.92	77.41	74.99	-2.43	0	0	0	立马去郊区浇筑一个刚进混凝土的地下堡垒	Immediately go to the suburbs and cast an underground fortress with freshly poured concrete.	立马去郊区浇筑一个钢筋混凝土的地下堡垒	Immediately go to the suburbs to cast a reinforced concrete underground fortress.	Head to the suburbs right away and build an underground bunker with rebar concrete
B-HOM-092	HOM	96.80	97.58	0.78	52.61	64.15	11.54	0	0	0	鸡本功扎实	Solid foundation in the basics.	基本功扎实	Solid foundation.	Solid basic skills
B-HOM-093	HOM	95.71	99.92	4.21	60.40	76.64	16.23	100	100	0	蚌不住了	I can't hold it anymore.	绷不住了	I can't hold it in anymore.	Can't hold it in anymore
B-HOM-094	HOM	82.80	93.39	10.59	70.69	81.05	10.36	0	100	100	冷芝士：袜子不是茶包	Cold Cheese: Socks are not teabags.	冷知识：袜子不是茶包	Fun fact: Socks are not teabags	Fun fact: socks are not tea bags
B-HOM-095	HOM	72.68	78.71	6.03	62.79	69.78	7.00	100	100	0	就说00这一套真的超级好看的，我可以安心的似了	Just say that 00's outfit is really super beautiful, I can die in peace.	就说00这一套真的超级好看的，我可以安心的死了	Just say 00's outfit is super beautiful, I can die in peace.	This 00 outfit is really super good-looking, I can finally rest in peace
B-NEO-002	NEO	95.37	95.86	0.50	83.11	83.53	0.42	100	100	0	我们不是供人围观的工具人！	We are not tools for people to gawk at!	我们不是供人围观的工具！	We are not tools for people to gawk at!	we're not tools for people to watch!
B-NEO-003	NEO	87.19	87.39	0.20	79.24	78.63	-0.61	0	100	100	又被割韭菜了，这理财产品全是坑	I got fleeced again; this financial product is a total rip-off.	又被宰了，这理财产品全是坑	Got ripped off again, these financial products are all scams.	I got ripped off again, this wealth management product is full of traps.
B-NEO-004	NEO	93.89	94.30	0.41	79.58	80.91	1.33	0	0	0	品牌联名就是割韭菜，质量差价格高	Brand collaborations are just a way to rip people off; the quality is poor and the prices are high.	品牌联名就是坑人，质量差价格高	Brand collaborations are a rip-off; the quality is poor and the prices are high.	Co-branded products are just a way to rip off customers with poor quality and high prices.
B-NEO-005	NEO	92.55	93.47	0.92	78.77	84.65	5.88	0	0	0	别带节奏了，事情不是你想的那样	Don't jump to conclusions, things aren't what you think.	别煽动舆论了，事情不是你想的那样	Don't incite public opinion; things aren't the way you think.	stop stirring things up, it's not what you think
B-NEO-006	NEO	94.71	98.28	3.57	76.04	83.70	7.66	0	0	0	评论区全是在带节奏的，真相没人关心	The comments section is full of people stirring things up; nobody cares about the truth.	评论区全是在煽动舆论的，真相没人关心	The comments section is full of people inciting public opinion; no one cares about the truth.	comments section full of people stirring drama, nobody cares about the truth
B-NEO-007	NEO	85.90	98.09	12.18	50.37	81.25	30.88	0	0	0	杠精无处不在，说啥都要反驳	Keyboard warriors are everywhere, always ready to argue about anything.	抬杠的人无处不在，说啥都要反驳	People who like to argue are everywhere; they'll contradict anything you say.	contrarians are everywhere, they rebut everything you say
B-NEO-008	NEO	99.76	97.95	-1.81	81.26	81.92	0.66	100	0	-100	遇到杠精最好的办法就是不理他	The best way to deal with a contrarian is to ignore them.	遇到抬杠的人最好的办法就是不理他	The best way to deal with someone who likes to argue is to ignore them.	the best way to deal with a contrarian is to ignore them
B-NEO-009	NEO	64.09	80.93	16.83	65.10	76.90	11.80	0	0	0	芭比Q了，半夜点外卖忘备注别敲门	Barbie Q'd, forgot to add a note to the delivery order not to knock on the door when ordering late-night takeout.	完了，半夜点外卖忘备注别敲门	Done, I forgot to add a note not to knock when I ordered takeout late at night.	I'm cooked, ordered delivery at midnight and forgot to leave a note saying don't knock
B-NEO-010	NEO	89.79	96.89	7.10	53.08	81.37	28.29	0	0	0	选择你的躲藏点，被抓到就芭比Q了	Choose your hiding spot, get caught and you're toast.	选择你的躲藏点，被抓到就完了	Choose your hiding spot, getting caught means it's over.	pick your hiding spot, if you get caught you're done for
B-NEO-011	NEO	68.96	93.72	24.76	72.62	82.85	10.23	0	0	0	看到肯德基9.9的那一刻，我的班味瞬间就没了	"The moment I saw KFC's 9.9 deal, my ""class flavor"" instantly disappeared."	看到肯德基9.9的那一刻，我的上班疲惫感瞬间就没了	The moment I saw KFC's 9.9 deal, my work fatigue instantly disappeared.	the moment I saw KFC 9.9, my work exhaustion instantly vanished
B-NEO-012	NEO	89.76	96.00	6.24	72.10	68.14	-3.96	0	0	0	人一旦染上班味，这辈子就去不掉了	"Once a person acquires the ""office worker"" scent, it will never leave them for the rest of their lives."	人一旦染上上班的气息，这辈子就去不掉了	Once a person gets a taste of working, it's with them for life.	once you catch the work vibe, it never leaves you
B-NEO-013	NEO	58.35	77.13	18.78	61.38	70.08	8.69	0	0	0	十多块的塔斯汀五件套，横扫我一天班味	The Taz Tings five-piece set for a little over ten yuan, swept away the weariness of my day's work.	十多块的塔斯汀五件套，横扫我一天上班的疲惫感	The Tas-Ting five-piece set, costing a little over ten yuan, sweeps away the fatigue of my workday.	a 10-something yuan Tastien 5-piece meal wipes away my whole day of work fatigue
B-NEO-014	NEO	80.21	75.13	-5.07	67.25	73.92	6.67	0	0	0	净化班味，用了这头像直接演绎出我的精神状态	"Purifying the ""class flavor,"" using this avatar directly illustrates my mental state."	净化上班的疲惫感，用了这头像直接演绎出我的精神状态	Purify the fatigue of work, using this avatar directly interprets my mental state.	cleansing away the work fatigue — this avatar perfectly captures my mental state
B-NEO-015	NEO	64.63	76.36	11.73	58.55	69.81	11.26	100	0	-100	等等党赢麻了，建议收藏	"The ""wait-and-see"" party has won big, highly recommend saving this."	等待降价的人赢得非常彻底，建议收藏	Those who waited for the price drop won very thoroughly; it's recommended to save this advice.	the wait-for-a-deal crew won big time, saving this
B-NEO-016	NEO	94.57	95.29	0.72	66.54	77.31	10.77	0	0	0	看似输了实际赢麻了	It may seem like a loss, but in reality, it's a huge win.	看似输了实际赢得非常彻底	What seemed like a loss was actually a complete victory.	looks like they lost but actually won big
B-NEO-017	NEO	86.77	78.36	-8.42	64.98	64.48	-0.51	0	0	0	纯爱战神轰然倒地	The god of pure love fell to the ground with a crash.	只支持纯爱的人轰然倒地	Those who only support pure love fall to the the ground with a crash.	the pure love warrior has fallen
B-NEO-018	NEO	98.05	94.45	-3.60	70.83	80.17	9.35	0	0	0	谨以此片献给每一位纯爱战神	This film is dedicated to every warrior of pure love.	谨以此片献给每一位只支持纯爱的人	This film is dedicated to everyone who only supports pure love.	dedicating this film to every pure love warrior out there
B-NEO-019	NEO	81.73	94.11	12.38	70.77	86.78	16.01	0	100	100	兄弟们我润美国了	Brothers, I'm off to America.	兄弟们我移民美国了	Brothers, I've immigrated to the United States.	bros I emigrated to the US
B-NEO-020	NEO	92.65	94.62	1.97	74.46	82.47	8.01	0	0	0	公司要黄了的5个征兆，当公司开始严抓考勤，你该考虑润了	5 signs a company is about to go under: When a company starts to crack down on attendance, you should consider leaving.	公司要黄了的5个征兆，当公司开始严抓考勤，你该考虑跑了	5 signs your company is going under: when the company starts cracking down on attendance, you should consider leaving.	5 signs your company is going under, when they start cracking down on attendance, you should consider bouncing
B-NEO-021	NEO	92.44	89.85	-2.59	79.34	76.72	-2.63	100	0	-100	赛博朋克2077，极致嘴臭极致享受	Cyberpunk 2077: Ultimate trash talk, ultimate enjoyment.	赛博朋克2077，极致骂人极致享受	Cyberpunk 2077: The ultimate insult, the ultimate enjoyment.	Cyberpunk 2077, ultimate trash talk ultimate enjoyment
B-NEO-023	NEO	94.03	94.08	0.05	78.53	78.12	-0.41	100	0	-100	孙红雷演技炸裂，20万人打出7.5分	Sun Honglei's acting is explosive, with 200,000 people giving it a 7.5 rating.	孙红雷演技极其震撼，20万人打出7.5分	Sun Honglei's acting is incredibly powerful, with 200,000 people giving it a 7.5 rating.	Sun Honglei's acting is absolutely insane, 200k people rated 7.5
B-NEO-024	NEO	85.19	88.37	3.17	67.53	75.61	8.08	100	100	0	赛博诵经让老外陷入疯狂	Cyber-chanting drives foreigners crazy.	虚拟诵经让老外陷入疯狂	Virtual chanting drives foreigners crazy.	cyber chanting is driving foreigners crazy
B-NEO-025	NEO	87.19	88.16	0.98	74.88	76.52	1.64	100	0	-100	国庆宅家的赛博生活	Cyber life at home during the National Day holiday	国庆宅家的虚拟网络生活	Virtual online life at home during the National Day holiday	National Day stay-at-home cyber life
B-NEO-026	NEO	51.38	53.16	1.78	68.38	67.19	-1.18	0	0	0	高考第一批显眼包出现了，青蛙玩偶花式助阵	The first batch of eye-catching items for the Gaokao has appeared: frog dolls are making a fancy appearance to show their support.	高考第一批爱出风头的人出现了，青蛙玩偶花式助阵	The show-offs from the first batch of Gaokao students have appeared, with frog mascots providing fancy support.	the first batch of attention-seekers at the college entrance exam showed up, frog mascots cheering in style
B-NEO-027	NEO	72.30	87.27	14.96	63.19	69.57	6.38	0	0	0	电子榨菜输出中，午饭点准时到	"Electronic ""zhacai"" is being output, lunch will arrive on time."	适合吃饭时看的视频输出中，午饭点准时到	Among the videos suitable for watching during meals, the lunch-time video arrives punctually.	my mealtime video is on, right on time for lunch
B-NEO-028	NEO	90.62	94.34	3.72	77.48	82.61	5.12	0	100	100	这个综艺太下饭了，一口气看完	This variety show is so enjoyable, I watched it all in one go.	这个综艺太适合吃饭时看了，一口气看完	This variety show is perfect for watching while eating; I watched it all in one go.	this variety show is perfect meal content, binged the whole thing
B-NEO-029	NEO	81.04	80.65	-0.39	69.23	58.98	-10.25	100	0	-100	发疯文学必备文案，笑死我了	"Essential copy for ""going crazy"" literature, it made me laugh so hard."	宣泄式文字表达必备文案，笑死我了	Coping mechanism for venting through writing, I'm dying of laughter.	must-have lines for unhinged-rant posting, I'm dying laughing
B-NEO-030	NEO	99.43	100.00	0.57	81.24	86.07	4.83	100	100	0	社恐人的噩梦，大型聚会	The nightmare of a social phobic, a large gathering.	社交恐惧症患者的噩梦，大型聚会	A nightmare for people with social phobia: large gatherings	a socially anxious person's worst nightmare, a huge gathering
B-NEO-031	NEO	81.80	94.98	13.18	73.10	83.71	10.61	100	100	0	找不到原剧了，这个当代餐先看	I can't find the original show, so I'll watch this contemporary substitute for now.	找不到原剧了，这个当替代品先看	Can't find the original show, so I'll watch this as a substitute for now.	can't find the original, using this as a substitute for now
B-NEO-032	NEO	90.22	87.05	-3.17	79.99	73.00	-6.99	100	0	-100	花2000买nike感觉自己好像大冤种	Spending 2000 on Nike makes me feel like a big sucker.	花2000买nike感觉自己好像大冤大头	Spending 2000 on Nike makes me feel like I'm being ripped off.	spent 2k on nikes feeling like a total sucker
B-NEO-033	NEO	89.78	76.75	-13.03	66.50	63.51	-2.99	0	0	0	腾讯这波泄密直接破防了，317万说没就没	Tencent was completely caught off guard by this leak; 3.17 million just disappeared.	腾讯这波泄密直接崩溃了，317万说没就没	Tencent's latest leak has completely collapsed, 3.17 million just gone.	Tencent's leak move really triggered a breakdown, 3.17 million gone just like that
B-NEO-034	NEO	63.08	84.72	21.64	70.86	77.32	6.46	0	100	100	梅老板今年真可怜，这么强的个人发挥啥没有得到	Boss Mei is really pitiful this year; such a strong individual performance didn't get him anything.	梅西今年真可怜，这么强的个人发挥啥没有得到	Messi is really pitiful this year; he had such strong individual performances but got nothing.	Messi had a rough year insane individual performance but got nothing
B-NEO-035	NEO	79.76	68.51	-11.25	70.14	63.54	-6.60	100	0	-100	吃瓜吃到自己头上了，腾讯泄密员工就是本人	The gossip has come back to bite me; I am the Tencent employee who leaked the information.	看热闹看到自己头上了，腾讯泄密员工就是本人	Watching the show until it landed on my own head, I am the Tencent employee who leaked the information.	I was following the drama, only to realize I’m the Tencent staff member who leaked the information
B-NEO-036	NEO	78.41	85.15	6.75	41.61	78.25	36.64	0	0	0	别搁这凡尔赛了，显摆啥呢	Stop showing off with your humblebragging.	别搁这炫耀了，显摆啥呢	Stop showing off, what are you trying to prove?	stop humble bragging already what are you flexing
B-NEO-037	NEO	98.36	100.00	1.64	82.87	86.04	3.17	0	0	0	显卡市场太内卷了，价格涨得离谱	The graphics card market is too competitive, and prices have risen to an absurd degree.	显卡市场竞争太激烈了，价格涨得离谱	The graphics card market is too competitive, and prices have risen ridiculously.	The GPU market is hyper-competitive, prices rising outrageously
B-NEO-038	NEO	92.08	70.16	-21.91	71.19	69.99	-1.21	100	100	0	这帖子水分太大，灌水灌的	This post is too watered down, full of spam.	这帖子水分太大，刷帖刷的	This post is too watered down, it's been spammed.	this post is so watered down pure spam
B-NEO-039	NEO	92.59	98.47	5.88	73.14	80.94	7.80	0	100	100	打工人看完317万年终奖直接躺平了	After seeing the 3.17 million year-end bonus, the workers just lay flat.	打工人看完317万年终奖直接放弃了	After seeing the 3.17 million year-end bonus, the workers simply gave up.	Workers gave up striving after seeing the 3.17 million year-end bonus.
B-NEO-040	NEO	80.21	94.76	14.54	71.41	81.90	10.49	0	0	0	这剧情给我整破防了	This plot really got to me.	这剧情给我整崩溃了	This plot is driving me crazy.	this plot totally broke me fr fr
B-NEO-041	NEO	82.93	93.42	10.49	57.06	80.19	23.14	100	0	-100	这员工凡尔赛式晒年终奖，结果翻车了	This employee's humblebrag about their year-end bonus backfired.	这员工炫耀式晒年终奖，结果翻车了	This employee showed off their year-end bonus, and it backfired.	This employee flaunted their year-end bonus in a humble-brag way, and it backfired
B-NEO-042	NEO	95.53	99.54	4.01	58.04	83.27	25.23	0	0	0	这手机信号拉胯到离谱	The phone signal is ridiculously bad.	这手机信号差到离谱	The phone signal is ridiculously bad.	this phone signal is garbage to an absurd degree
B-NEO-043	NEO	92.08	86.02	-6.06	76.82	63.78	-13.04	0	0	0	你这个行为真的很下头	Your behavior is really off-putting.	你这个行为真的很扫兴	Your behavior is really a buzzkill.	your behavior is such a turnoff rn
B-NEO-044	NEO	86.93	87.39	0.45	72.74	76.10	3.37	100	100	0	赛里木湖这事太下头了，景区管理太离谱	The situation with Sayram Lake is really disappointing; the scenic area management is too outrageous.	赛里木湖这事太让人失望了，景区管理太离谱	The situation with Sayram Lake is so disappointing; the scenic area management is too outrageous.	The Sarim Lake incident is too disappointing, scenic area management is outrageous
B-NEO-045	NEO	96.23	93.13	-3.11	76.35	71.71	-4.64	100	0	-100	他这个人好油腻	He's such a sleazy person.	他这个人好油滑	He's a very slick person.	this guy is so sleazy ick
B-NEO-046	NEO	83.99	95.07	11.09	61.06	75.24	14.19	0	0	0	没绷住破绷了	Couldn't hold it together and broke down.	没绷住笑了	Couldn't help but laugh.	couldn't hold it in and totally lost it laughing
B-NEO-047	NEO	80.68	92.83	12.15	72.81	75.17	2.36	100	100	0	中国女排逆转美国，这波操作太上头了	The Chinese women's volleyball team came from behind to beat the US, that was an incredibly exciting performance!	中国女排逆转美国，这波操作太让人激动了	The Chinese women's volleyball team's comeback victory against the US was incredibly exciting!	China women's volleyball reversed against USA, this move is so hype
B-NEO-048	NEO	86.72	85.17	-1.54	70.27	76.42	6.14	0	0	0	天天水经验，也不发点有用的帖子	Gaining experience every day, but not posting anything useful.	天天刷经验，也不发点有用的帖子	Brushing up on experience every day, but not posting anything useful.	farming XP every day never posting anything useful
B-NEO-049	NEO	93.93	94.44	0.50	60.23	63.86	3.63	100	100	0	这主播开挂实锤了，封号吧	This streamer has been caught red-handed cheating, ban their account.	这主播作弊实锤了，封号吧	This streamer has been caught red-handed cheating, ban their account.	this streamer is confirmed cheating, ban them
B-NEO-050	NEO	97.59	85.61	-11.98	78.58	75.64	-2.94	100	100	0	内耗太严重了	Internal friction is too serious.	内部消耗太严重了	Internal consumption is too severe.	internal friction is too serious smh
B-NEO-051	NEO	94.49	93.35	-1.15	50.05	72.91	22.86	0	100	100	互联网嘴替实锤	Internet mouthpiece confirmed	互联网代言人实锤	Internet spokesperson confirmed	confirmed internet mouthpiece
B-NEO-052	NEO	27.00	33.78	6.77	43.14	54.32	11.17	0	0	0	无职孝子还在嘴硬洗，服了	Unemployed filial sons are still stubbornly defending themselves, I'm so done.	无职盲目辩护者还在嘴硬洗，服了	The unemployed, blind defenders are still stubbornly trying to justify it, I'm so done.	Mushoku Tensei stans still hard-stanning give up
B-NEO-053	NEO	81.13	96.04	14.91	61.99	78.66	16.67	0	0	0	双持党表示苹果和华为都不够用	Dual-wielders say neither Apple nor Huawei is enough.	同时用两部手机的人表示苹果和华为都不够用	People who use two phones at the same time say that neither Apple nor Huawei is enough.	dual-phone gang saying neither Apple nor Huawei is enough
B-NEO-054	NEO	81.71	86.63	4.92	32.01	72.88	40.88	0	0	0	被种草了	I've been influenced to buy it.	被推荐心动了	I was moved by the recommendation.	got recommended I'm tempted to buy
B-NEO-055	NEO	95.65	95.12	-0.53	43.98	70.45	26.47	0	100	100	拔草了不买	I've decided against buying it.	打消购买念头了不买	Decided not to buy it.	nah I'm not buying
B-NEO-056	NEO	83.68	95.92	12.24	42.91	83.75	40.84	0	0	0	他好会整活	He's really good at creating a buzz.	他好会搞怪	He's very good at being mischievous.	he's so good at being funny lol
B-NEO-057	NEO	84.73	98.70	13.97	39.75	83.36	43.60	0	0	0	这个太炸了	This is too lit.	这个太震撼了	This is so shocking.	this is too insane
B-NEO-058	NEO	58.10	69.71	11.61	55.19	68.25	13.06	0	0	0	景区打人还理直气壮的，真是绝绝子	Someone hit people in the scenic area and was still self-righteous, that's really something else.	景区打人还理直气壮的，真是绝了	Someone hit people in the scenic area and still had the nerve to be self-righteous, that's just incredible.	Beating people at a scenic spot and still acting righteous, truly absolutely outrageous
B-NEO-059	NEO	81.53	84.63	3.11	35.34	83.89	48.55	0	0	0	破防了	I'm touched.	心理防线崩溃了	The psychological defense line collapsed.	I'm emotionally broken
B-NEO-060	NEO	90.08	100.00	9.92	60.58	86.16	25.59	0	100	100	这个太上头了	This is too much.	这个太上瘾了	This is too addictive.	this is too addictive can't stop
B-NEO-061	NEO	77.07	85.29	8.22	79.08	86.01	6.93	0	0	0	他好会营业	He's very good at business.	他好会讨好粉丝	He's very good at currying favor with fans.	he's so good at playing to his fans
B-NEO-062	NEO	93.43	96.30	2.87	64.41	78.77	14.36	0	100	100	香港🇭🇰打车有这么卷吗？又难？	Is it really that hard to get a taxi in Hong Kong? And so difficult?	香港🇭🇰打车竞争有这么激烈吗？又难？	Is the competition for taxis in Hong Kong really that fierce? And difficult?	is getting a taxi in HK this intense? so hard?
B-NEO-063	NEO	94.04	87.02	-7.02	69.29	78.41	9.12	0	0	0	这帖子纯纯的钓鱼经验，别当真	This post is pure clickbait, don't take it seriously.	这帖子纯纯的骗经验，别当真	This post is purely for gaining experience, don't take it seriously.	this post is pure bait for engagement don't fall for it
B-NEO-064	NEO	89.94	95.97	6.03	53.99	82.29	28.30	0	0	0	纯纯的牛马人生	A life of pure toil.	纯纯的打工人人生	A pure working-class life	pure wage slave life
B-NEO-065	NEO	78.96	98.71	19.75	78.38	86.14	7.76	0	0	0	是我不够糖吗	Am I not sweet enough?	是我不够傻吗	Am I not foolish enough?	am I not dumb enough? bruh
B-NEO-066	NEO	100.00	100.00	0.00	85.42	86.44	1.02	100	100	0	这何意味啊	What does this mean?	这什么意思啊	What does this mean?	what does this even mean
B-NEO-067	NEO	88.35	94.94	6.60	33.95	39.62	5.67	100	100	0	摆烂了，爱咋咋地	I've given up, whatever happens, happens.	放弃了，爱咋咋地	I've given up, whatever happens, happens.	I give up whatever happens happens
B-NEO-068	NEO	88.91	88.39	-0.52	56.57	79.80	23.23	0	0	0	摆烂一天算了	Just give in for a day.	放弃一天算了	Just give up for a day.	let me rot for a day whatever
B-NEO-069	NEO	79.02	93.66	14.65	45.72	76.02	30.30	0	0	0	内卷太严重了，打工人伤不起	The involution is too severe; workers can't afford it.	过度竞争太严重了，打工人伤不起	Over-competition is too severe; workers can't bear it.	the rat race is too intense workers can't take it
B-NEO-070	NEO	92.12	93.12	1.00	74.04	77.84	3.80	0	0	0	这波操作属实逆天了	This move is truly mind-blowing.	这波操作属实超乎想象了	This move was truly beyond imagination.	this play is straight up insane
B-NEO-071	NEO	66.98	75.72	8.74	48.61	69.44	20.83	0	0	0	内卷到头秃，躺平又心慌	Intense competition makes you bald, but lying flat makes you anxious.	过度竞争到头秃，躺平又心慌	Excessive competition leads to burnout, but lying flat makes me anxious.	rat race till you're bald quit competing but still anxious
B-NEO-072	NEO	83.25	94.12	10.87	77.83	83.75	5.93	0	0	0	不是哥们儿	Not buddy	不是吧，哥们儿	No way, man.	no way bro come on
B-NEO-073	NEO	95.95	93.74	-2.21	80.25	84.09	3.84	100	100	0	说出一个旅游热度很低但实际很夯的城市	Name a city that is not a popular tourist destination but is actually amazing.	说出一个旅游热度很低但实际很高的城市	Name a city that is considered to have low tourism popularity but is actually very popular.	name a city that's low-key but actually great
B-NEO-074	NEO	91.65	94.48	2.83	48.99	77.34	28.35	0	0	0	这波操作直接拉胯了	This move really backfired.	这波操作直接失常了	This move has completely gone awry.	this play literally underperformed
B-NEO-075	NEO	86.77	86.03	-0.74	51.86	67.07	15.21	100	0	-100	这操作绝绝子，直接给我整不会了	This is amazing, it's left me speechless.	这操作绝佳，直接给我整不会了	This move is excellent, it completely stumped me.	this play is amazing left me speechless
B-NEO-076	NEO	71.18	79.80	8.62	71.88	73.17	1.29	100	0	-100	谁能能理解这种崩溃的心情，辛辛苦苦备考许久，就等着政审上岸，结果栽在了学历断层上	Who can understand this feeling of collapse? After studying hard for so long, just waiting for the political review to pass, I ended up failing because of an educational background discrepancy.	谁能能理解这种崩溃的心情，辛辛苦苦备考许久，就等着政审成功，结果栽在了学历断层上	Who can understand this feeling of collapse? After studying hard for so long, just waiting for the political review to succeed, I ended up failing because of an educational background gap.	who understands this despair? prepped for ages waiting to pass the political review only to get rejected by an education gap
B-NEO-077	NEO	84.61	96.55	11.93	65.79	73.13	7.33	0	100	100	为什么留子都不爱和老外谈？	Why don't Chinese girls like dating foreigners?	为什么留学生都不爱和老外谈？	Why don't international students like to date foreigners?	why don't international students like dating foreigners? real talk
B-NEO-078	NEO	72.22	93.29	21.07	73.26	74.08	0.83	0	0	0	哈包穿上衣服不习惯了	Harbao is not used to wearing clothes anymore.	哈兰德穿上衣服不习惯了	Haaland is not used to wearing clothes.	not used to Haaland wearing clothes
B-NEO-079	NEO	82.33	86.87	4.54	59.24	64.24	5.00	100	100	0	洗澡5分钟老公社死一整年	My husband will be socially dead for a whole year if I take a 5-minute shower.	洗澡5分钟老公社会性死亡一整年	My husband would be socially dead for a whole year if I took a 5-minute shower.	5-min shower and my husband is socially dead for a whole year rip
B-NEO-080	NEO	51.83	77.67	25.84	38.25	54.16	15.91	0	0	0	直接破防了家人们	I'm directly triggered, everyone.	直接心态失控了家人们	My mindset directly spiraled out of control, everyone.	totally broke down mentally fam
B-NEO-081	NEO	97.09	98.82	1.73	79.90	79.03	-0.87	100	100	0	月薪不够5w不能这么活	A monthly salary of less than 50,000 yuan means you can't live like this.	月薪不够5万不能这么活	If your monthly salary isn't at least 50,000, you can't live like this.	Can't live like this if monthly salary isn't even 50k
B-NEO-082	NEO	64.34	71.63	7.30	65.25	80.00	14.75	0	0	0	爷青回	My youth is back.	爷的青春回来了	My youth is back.	Nostalgia hits hard.
B-NEO-083	NEO	65.38	100.00	34.62	38.36	87.51	49.15	0	0	0	难他天？	Is he difficult?	难道他真的是天才？	Is he really a genius?	Turns out he's a genius?
B-NEO-084	NEO	91.86	99.12	7.26	48.49	83.09	34.61	0	0	0	基操	Basic operation	基本操作	Basic operations	Just basic mechanics
B-NEO-085	NEO	89.67	86.45	-3.22	55.60	76.41	20.81	0	0	0	你这肯定是低段位炸鱼罢了	You're definitely just a low-level smurf.	你这肯定是低段位欺负水平差的玩家罢了	You must be a low-level player bullying those with less skill.	You must be just smurfing in low rank
B-NEO-086	NEO	80.87	88.32	7.45	79.38	76.08	-3.30	0	100	100	刘宇宁一周不直播，棚友集体受不了！想念到发疯	Liu Yuning hasn't live-streamed for a week, and his studio friends can't take it anymore! They miss him like crazy.	刘宇宁一周不直播，粉丝集体受不了！想念到发疯	Liu Yuning not live-streaming for a week has driven fans collectively crazy! They miss him to the point of madness.	Liu Yuning hasn’t streamed for a week, all his fans can’t stand it and miss him terribly.
B-PYA-001	PYA	84.70	95.90	11.19	74.11	78.55	4.45	0	100	100	xql日常太甜了，羡慕死了	XQL's daily life is too sweet, I'm so envious.	小情侣日常太甜了，羡慕死了	The young couple's daily life is too sweet, I'm so envious.	this couple's daily life is too sweet, I'm so jealous
B-PYA-003	PYA	87.40	99.24	11.84	79.22	83.55	4.33	0	100	100	xql之间的默契真的绝了	The chemistry between XQL is truly amazing.	小情侣之间的默契真的绝了	The chemistry between the young couple is truly amazing.	the chemistry between this couple is insane
B-PYA-004	PYA	97.51	99.04	1.52	70.55	79.89	9.33	100	100	0	全网最甜xql非他们莫属	They are undoubtedly the sweetest couple on the internet.	全网最甜小情侣非他们莫属	They are undoubtedly the sweetest couple on the internet.	the sweetest couple on the internet has to be them
B-PYA-005	PYA	94.95	99.86	4.92	53.38	85.03	31.65	0	100	100	看到别人去欧洲旅游的照片，xmsl	Seeing other people's photos of their trips to Europe, I'm so jealous.	看到别人去欧洲旅游的照片，羡慕死了	Seeing photos of other people traveling to Europe makes me so envious.	Seeing photos of others traveling in Europe makes me so envious.
B-PYA-007	PYA	92.98	95.78	2.80	63.71	74.31	10.60	100	100	0	新剧gkd！等不及了	The new drama, hurry up and release it! I can't wait!	新剧搞快点！等不及了	New drama, hurry up! Can't wait!	hurry up with the new drama! can't wait
B-PYA-009	PYA	99.39	100.00	0.61	71.81	80.43	8.62	100	100	0	xgg们推荐一下好用的手机呗	Hey guys, can you recommend a good phone?	小哥哥们推荐一下好用的手机呗	Hey guys, can you recommend some good phones?	boys recommend some good phones pls
B-PYA-010	PYA	90.06	99.24	9.18	79.42	84.99	5.58	0	100	100	这个xgg好帅，求联系方式	This xgg is so handsome, please give me his contact information.	这个小哥哥好帅，求联系方式	This guy is so handsome, I need his contact information.	this guy is so handsome, asking for his contact
B-PYA-011	PYA	90.59	94.17	3.58	78.65	71.92	-6.72	0	100	100	jrm帮我看看这个怎么选	JRM, help me figure out how to choose this.	家人们帮我看看这个怎么选	Family, help me see how to choose this.	fam help me figure out which one to pick
B-PYA-012	PYA	82.70	94.93	12.23	79.63	75.99	-3.64	0	100	100	jrm今天发生了一件离谱的事	JRM had something outrageous happen today.	家人们今天发生了一件离谱的事	Family, something outrageous happened today.	fam something wild happened today
B-PYA-013	PYA	93.27	95.50	2.23	78.08	80.23	2.15	0	0	0	8u们觉得这配置怎么样	What do you guys think of this configuration?	吧友们觉得这配置怎么样	What do you guys think of this configuration?	what do you tieba folks think of this setup?
B-PYA-014	PYA	85.74	86.31	0.57	66.06	77.84	11.79	100	0	-100	王虹yyds！中国数学家终于拿到菲尔兹奖了	Wang Hong is the GOAT! Chinese mathematicians have finally won the Fields Medal!	王虹永远的神！中国数学家终于拿到菲尔兹奖了	Wang Hong is forever a god! Chinese mathematicians have finally won the the Fields Medal!	Wang Hong is the GOAT! A Chinese mathematician finally won the Fields Medal
B-PYA-015	PYA	85.74	93.08	7.34	69.13	76.93	7.79	0	100	100	这条rs怎么还没上	Why hasn't this RS been listed yet?	这条热搜怎么还没上	Why isn't this trending topic up yet?	why isn't this trending yet
B-PYA-016	PYA	88.15	95.04	6.88	65.68	70.93	5.26	0	0	0	xswl，陈哲远在密逃里也太搞笑了吧	XSWL, Chen Zheyuan is so funny in Great Escape!	笑死我了，陈哲远在密逃里也太搞笑了吧	I'm dying of laughter, Chen Zheyuan is so funny in Great Escape!	Lmao, Chen Zheyuan is just too funny in Great Escape
B-PYA-017	PYA	95.60	96.25	0.64	78.70	83.83	5.12	100	100	0	14个月正是穿lulu的时候	14 months is the perfect time to wear Lululemon.	14个月正是穿Lululemon的时候	14 months is the perfect age to wear Lululemon.	14 months is prime Lululemon season
B-PYA-018	PYA	88.87	80.40	-8.47	78.00	73.55	-4.44	0	0	0	dd，中国女排3比2逆转美国太牛了	Wow, China's women's volleyball team came from behind to beat the US 3-2, that was amazing!	顶顶，中国女排3比2逆转美国太牛了	Awesome, China women's volleyball team came from behind to beat the USA 3-2, that's amazing!	Bump, China women's volleyball 3-2 comeback against USA is amazing
B-PYA-019	PYA	93.50	95.31	1.81	75.84	74.66	-1.18	0	0	0	rt，大家帮我看看这手机值不值	Alright everyone, help me out, is this phone worth it?	如图，大家帮我看看这手机值不值	As shown in the picture, everyone help me see if this phone is worth it.	see pic help me check if this phone is worth it
B-PYA-020	PYA	86.56	89.74	3.18	57.47	77.34	19.88	0	0	0	jrs怎么看腾讯这个泄密处理？	How do the Tieba users view Tencent's handling of this leak?	家人们怎么看腾讯这个泄密处理？	How do you all feel about Tencent's handling of this leak?	Fam, what do you think of Tencent's leak handling?
B-PYA-021	PYA	78.61	78.30	-0.31	62.71	69.38	6.67	0	0	0	srds，赛里木湖打人这事不能就这么算了	Seriously, the assault at Sayram Lake cannot be left unaddressed.	虽然但是，赛里木湖打人这事不能就这么算了	While it's true that there are other considerations, the incident of someone being assaulted at Sayram Lake cannot be simply dismissed.	Be that as it may, the Sarim Lake beating incident can't just be let go like this
B-PYA-022	PYA	86.84	98.10	11.26	55.74	43.19	-12.55	0	100	100	白色真是yyds	White is truly the best.	白色真是永远的神	White is truly the GOAT.	white is truly the GOAT
B-PYA-023	PYA	83.01	95.76	12.75	71.00	70.89	-0.10	0	100	100	u1s1，317万年终奖确实让人眼红	u1s1, a 3.17 million year-end bonus is indeed enviable.	有一说一，317万年终奖确实让人眼红	To be honest, a 3.17 million year-end bonus is indeed enviable.	To be honest, a 3.17 million year-end bonus does make people envious
B-PYA-024	PYA	92.04	96.02	3.98	76.82	80.71	3.89	0	100	100	XHS上好多人在讨论	Many people are discussing on XHS.	小红书上好多人在讨论	Many people are discussing it on Xiaohongshu.	so many people talking about it on Xiaohongshu
B-PYA-025	PYA	90.24	90.83	0.59	71.76	71.58	-0.18	0	0	0	显卡涨价这消息直接让我blx了	The news of graphics card price increases directly made me speechless.	显卡涨价这消息直接让我玻璃心了	The news of graphics card price increases directly broke my heart.	The GPU price hike news really triggered my fragile heart
B-PYA-026	PYA	76.27	91.39	15.12	40.25	48.39	8.13	0	0	0	好好好 好一个kpop拉子(bushi)	Okay, okay, okay, what a K-pop lesbian (not really)	好好好 好一个kpop拉子(不是)	Okay, okay, a K-pop lesbian (not).	ok ok ok what a kpop lesbian (not)
B-PYA-027	PYA	89.60	90.32	0.73	67.84	76.70	8.85	100	100	0	某些景区管理真是yygq，表面道歉背后照样	Some scenic area management is truly passive-aggressive; they apologize on the surface but continue to do as they please behind the scenes.	某些景区管理真是阴阳怪气，表面道歉背后照样	Some scenic area managements are truly passive-aggressive; they apologize on the surface but continue their old ways behind the scenes.	Some scenic area management is really passive-aggressive, apologizing on the surface but same behind the scenes
B-PYA-028	PYA	79.16	74.86	-4.30	68.70	81.82	13.12	0	0	0	nb！这个操作太秀了	NB! That move was too slick.	牛逼！这个操作太秀了	Awesome! That move was so slick.	Sick move! Absolute W
B-PYA-029	PYA	82.25	83.71	1.46	56.05	68.89	12.84	0	100	100	50亿离婚案的瓜我吃了，dbq我不站队	I've heard about the 5 billion divorce case, and I'm not taking sides.	50亿离婚案的瓜我吃了，对不起我不站队	I've heard about the 5 billion divorce case, and I'm sorry, but I'm not taking sides.	I’ve followed the 5-billion divorce drama, sorry, I’m not taking sides.
B-PYA-030	PYA	92.64	92.78	0.14	58.97	61.55	2.59	100	100	0	这就是尊贵的b站用户🤣🤣🤣	This is a distinguished Bilibili user.	这就是尊贵的B站用户🤣🤣🤣	This is a distinguished Bilibili user.	this is what being a distinguished Bilibili user looks like 🤣🤣🤣
B-PYA-031	PYA	87.42	89.51	2.08	57.80	72.63	14.83	0	0	0	王虹从垫底到菲尔兹奖，这波直接nb	Wang Hong went from rock bottom to the the Fields Medal, that's incredibly impressive.	王虹从垫底到菲尔兹奖，这波直接牛逼	Wang Hong went from rock bottom to the the Fields Medal, that's incredibly impressive.	Wang Hong from bottom to Fields Medal, this move is just insane
B-PYA-032	PYA	90.14	99.99	9.85	74.87	82.03	7.16	0	0	0	xjj们推荐一下好用的手机呗	XJJs, could you recommend some good phones?	小姐姐们推荐一下好用的手机呗	Hey ladies, could you recommend some good phones?	girls recommend some good phones pls
B-PYA-033	PYA	89.97	95.58	5.62	73.36	65.58	-7.78	0	100	100	bl粉丝太能控评了	BL fans are really good at controlling comments.	白鹿粉丝太能控评了	The fans of Bai Lu are really good at controlling comments.	Bai Lu fans are too good at controlling the comments
B-PYA-034	PYA	67.74	80.08	12.34	31.87	80.88	49.02	0	0	0	会聊天的男生真的yyds		会聊天的男生真的永远的神	Boys who can chat are truly gods forever.	guys who can flirt are truly the GOAT
B-PYA-035	PYA	80.24	80.49	0.25	80.15	82.50	2.35	100	0	-100	哈哈哈哈哈哈哈笑死，我们00真的老kpop人了	Hahahahahahaha, I'm dying laughing. We Gen Z are truly old K-pop fans.	哈哈哈哈哈哈哈笑死，我们2000年后出生的人真的老kpop人了	Hahahahahahaha, I'm dying laughing. Those of us born after 2000 are truly old-school K-pop fans.	lmaooo us Gen Z are such veteran kpop fans
B-PYA-036	PYA	82.88	67.66	-15.22	53.94	75.32	21.38	100	0	-100	减脂党狂喜！番茄鸡蛋燕麦粥yyds	Fat-loss enthusiasts rejoice! Tomato Egg Oatmeal is the GOAT!	减脂党狂喜！番茄鸡蛋燕麦粥永远的神	Fat-loss enthusiasts rejoice! Tomato Egg Oatmeal is eternally divine.	diet crew rejoice! tomato egg oatmeal is the GOAT
B-PYA-037	PYA	87.69	97.05	9.37	81.12	79.89	-1.23	0	100	100	jrs帮我看看这鱼竿行不行	JRs, help me see if this fishing rod is okay.	家人们帮我看看这鱼竿行不行	Family, help me see if this fishing rod is okay.	fam help me check if this fishing rod is any good
B-PYA-038	PYA	91.97	72.84	-19.13	51.92	75.25	23.33	100	0	-100	一个会调情的男生真的YYDS	A flirty boy is truly the GOAT.	一个会调情的男生真的永远的神	A flirtatious boy is truly a god forever.	a guy who knows how to flirt is truly the GOAT
B-PYA-039	PYA	90.60	100.00	9.40	77.19	84.03	6.84	0	100	100	bdjw这个怎么用	How to use bdjw	不懂就问这个怎么用	If you don't understand, ask how to use this.	asking cuz idk how do I use this
B-PYA-040	PYA	72.94	85.61	12.67	67.38	77.80	10.42	0	100	100	蓝盈莹第一场戏好像就是撞棺紫砂	Lan Yingying's first scene seems to have been crashing into a purple clay coffin.	蓝盈莹第一场戏好像就是撞棺自杀	Lan Yingying's first scene seems to be her committing suicide by crashing into a coffin.	Lan Yingying's first scene was literally suicide by coffin smash
B-PYA-041	PYA	95.23	95.09	-0.14	76.75	77.17	0.42	0	0	0	泰奶+Gelato yyds！！！	Thai milk tea + Gelato is the best!	泰奶+Gelato 永远的神！！！	Thai milk tea + Gelato is the best ever!	Thai milk tea + Gelato is the GOAT!!!
B-PYA-042	PYA	86.97	96.16	9.20	60.52	69.80	9.28	0	0	0	yygq什么呢，有话直说不行吗	What are you being so cryptic about? Can't you just say what you mean?	阴阳怪气什么呢，有话直说不行吗	Why are you being so sarcastic? Can't you just say what you mean?	what are you being passive-aggressive about just say it straight
B-PYA-043	PYA	85.38	92.95	7.57	58.61	72.16	13.55	0	0	0	zqsg追星好累	Being a fan is exhausting.	真情实感追星好累	It's exhausting to be a fan with genuine emotions.	chasing idols with genuine feelings is exhausting
B-PYA-044	PYA	75.03	78.51	3.48	82.71	79.54	-3.17	0	0	0	u1s1，这个视频做得真好	u1s1, this video is really well made.	有一说一，这个视频做得真好	To be fair, this video is really well made.	Fr, this video slaps
B-PYA-045	PYA	73.12	66.96	-6.17	42.14	53.05	10.90	100	0	-100	别再吃麻辣烫！干拌麻辣拌才是yyds	Stop eating Malatang! Dry-mixed Mala-ban is the GOAT!	别再吃麻辣烫！干拌麻辣拌才是永远的神	Stop eating Malatang! Dry-mixed Mala-ban is the real MVP.	stop eating malatang! dry-mixed mala ban is the GOAT
B-PYA-046	PYA	88.06	97.33	9.27	59.51	65.97	6.46	0	0	0	这吧里xfxy的，天天吵架	The drama in this bar is intense, with people fighting all the time.	这吧里血风血雨的，天天吵架	This forum is full of conflict and arguments every day.	this forum is so chaotic fighting every day smh
B-PYA-047	PYA	61.33	70.46	9.13	70.43	83.18	12.75	0	0	0	srds他还是很有实力的	Seriously, he's still very capable.	虽然但是他还是很有实力的	Even so, he is still very capable.	sthough he still got bars
B-PYA-048	PYA	86.83	96.05	9.22	66.63	55.03	-11.60	0	0	0	xswl 这都能洗？	XSWL, they can even whitewash this?	笑死我了 这都能洗？	I'm dying of laughter. How can anyone defend this?	lmao you can defend even this?
B-PYA-049	PYA	87.22	100.00	12.78	72.11	84.49	12.39	0	0	0	rwkk这到底是什么鱼	What kind of fish is rwkk?	让我看看这到底是什么鱼	Let me see what kind of fish this is.	lemme see what fish is this
B-PYA-050	PYA	93.16	88.32	-4.84	73.04	44.25	-28.78	0	0	0	dd我一下	DM me.	滴滴我一下	Ping me on Didi.	hit me up
B-PYA-051	PYA	90.67	84.67	-6.00	68.06	59.67	-8.40	0	0	0	tcl，我真的太菜了	TCL, I'm really terrible.	太菜了，我真的太菜了	I'm so bad, I'm really so bad.	I'm way too noob
B-PYA-052	PYA	82.69	83.57	0.89	50.26	61.35	11.09	0	0	0	夏天就好这一口！！天妇罗冰锅yyds！！	Summer is all about this! The tempura ice pot is the best!	夏天就好这一口！！天妇罗冰锅永远的神！！	Summer is all about this! The tempura ice pot is forever divine!	summer vibes!! tempura ice pot is the GOAT!!
B-PYA-053	PYA	89.07	84.77	-4.31	64.33	71.58	7.25	0	0	0	xswl这弱智吧的帖子太搞笑了	"OMG, the posts on this ""idiot bar"" are hilarious."	笑死我了这弱智吧的帖子太搞笑了	I'm dying of laughter, this post on the imbecile bar is too funny.	lmao the posts in this dumbass forum are too funny
B-PYA-054	PYA	74.26	69.37	-4.88	42.27	46.95	4.68	0	0	0	马到成功yyds	May success come swiftly, you are the GOAT.	马到成功永远的神	May success come immediately, forever a god.	May you succeed effortlessly, it’s top tier!
B-PYA-055	PYA	72.52	74.61	2.09	36.96	71.57	34.62	0	0	0	这操作nb啊，大佬带带我	This is amazing, master, please guide me.	这操作牛逼啊，大佬带带我	This is an awesome move, master, please guide me.	this play is sick bro carry me
B-PYA-056	PYA	74.92	64.28	-10.64	23.58	41.96	18.38	0	100	100	这个cp太好磕了		这个配对太好磕了	This pairing is so shippable.	this ship is too good fr fr
B-PYA-057	PYA	76.18	71.35	-4.83	47.58	57.09	9.52	100	0	-100	这俩离不开浓妆美颜强凹ABC	These two can't do without heavy makeup and beauty filters, forcefully trying to pass as ABCs.	这俩离不开浓妆美颜强凹American Born Chinese	These two can't do without heavy makeup and beauty filters, forcefully trying to emulate American Born Chinese.	these two can't go without heavy makeup + filters trying to act all ABC
B-PYA-058	PYA	84.94	74.82	-10.12	63.66	69.37	5.72	0	0	0	kdl，这对CP太甜了	KDL, this CP is too sweet.	磕到了，这对CP太甜了	I'm so touched, this couple is too sweet.	I'm shipping it this CP is too sweet
B-PYA-059	PYA	96.97	80.77	-16.20	48.40	70.85	22.46	100	0	-100	山航yyds	Shandong Airlines is the GOAT.	山航永远的神	Shandong Airlines is forever divine.	Shandong Airlines is the GOAT
B-PYA-060	PYA	85.54	80.03	-5.51	40.28	29.45	-10.83	0	0	0	cpf又在磕了	CPF is shipping again.	CP粉又在磕了		shippers shipping again
B-PYA-061	PYA	62.21	76.02	13.80	57.38	60.63	3.24	0	0	0	dddd，支持UP主！	dddd, support the UP!	顶顶顶顶，支持UP主！	Absolutely, support the UP master!	bump bump bump bump support the creator!
B-PYA-062	PYA	91.50	81.97	-9.53	62.08	79.03	16.96	0	0	0	xswl打印机都沦没墨了	Even the printer is out of ink.	笑死我了打印机都沦没墨了	I'm dying of laughter, even the printer has run out of ink.	lmao even the printer ran out of ink
B-PYA-063	PYA	87.16	86.46	-0.70	62.71	79.14	16.44	0	100	100	fs们太能打了	FS are too good.	粉丝们太能打了	The fans are too good at fighting.	fans are too cracked
B-PYA-064	PYA	93.63	90.87	-2.76	85.01	79.99	-5.02	0	0	0	ssfd，这个太恐怖了	ssfd, this is too scary.	瑟瑟发抖，这个太恐怖了	Trembling with fear, this is too terrifying.	shook this is too scary
B-PYA-065	PYA	83.85	89.57	5.72	50.63	73.57	22.94	0	100	100	bt，时常因为不够bt而觉得跟这个世界格格不入	Being an ordinary person, I often feel out of place in this world because I'm not extraordinary enough.	变态，时常因为不够变态而觉得跟这个世界格格不入	Perverted, often feeling out of place in this world for not being perverted enough.	pervert always feeling out of place cuz I'm not weird enough lol
B-PYA-066	PYA	93.88	95.75	1.87	76.39	78.95	2.55	0	0	0	这图谁发明的，xswl	Who invented this meme/picture? LOL	这图谁发明的，笑死我了	Who invented this meme/picture? It's hilarious!	who invented this image lmao
B-PYA-067	PYA	82.58	68.64	-13.94	65.60	49.14	-16.46	0	0	0	tcl这游戏技术，菜到抠脚	TCL's gaming skills are so bad they're embarrassing.	太菜了这游戏技术，菜到抠脚	The skill level in this game is so bad, it's like they're fumbling around.	too noob this game skill noob to the extreme
B-PYA-068	PYA	81.60	91.49	9.89	62.26	74.49	12.22	0	0	0	zqsg追了这么多年，终于更新了	After so many years of following, it's finally updated.	真情实感追了这么多年，终于更新了	After following it with such genuine emotion for so many years, it's finally updated.	been following with real feelings for years finally an update
B-PYA-069	PYA	80.75	90.88	10.12	74.53	74.98	0.44	0	0	0	Xswl就说有没有美味大餐吧哈哈哈哈哈哈哈	Xswl, just say if there's a delicious feast, haha!	笑死我了就说有没有美味大餐吧哈哈哈哈哈哈哈	I'm dying laughing, just tell me if there's a delicious feast, hahahahahahaha!	lmao just tell me if there's a feast hahahahaha
B-PYA-070	PYA	98.14	77.24	-20.90	66.08	77.60	11.52	100	100	0	nsdd，你说得对	You're right.	你说得对，你说得对	You're right, you're right.	nsdd you're right
B-PYA-071	PYA	59.51	37.17	-22.34	62.03	68.26	6.22	0	0	0	xswl一人血书求这个短剧拍真人版	XSWL, I'm writing a blood letter begging for a live-action version of this short drama.	笑死我了一人血书求这个短剧拍真人版	I'm dying laughing. I'm writing a blood letter begging for this short play to be made into a live-action version.	lmao starting a one-person petition for a live-action version
B-PYA-072	PYA	95.21	98.94	3.73	80.32	84.31	3.99	0	100	100	szd，这个是真的	SZD, this is real.	是真的，这个是真的	It's real, this one is real.	it's legit this is the real deal
B-PYA-073	PYA	91.22	59.64	-31.58	49.59	47.00	-2.59	100	100	0	pyq，朋友圈见	See you on WeChat Moments.	朋友圈，朋友圈见	See you on WeChat Moments, on WeChat Moments.	see you in Moments
B-PYA-074	PYA	84.90	91.83	6.92	54.99	81.13	26.14	0	0	0	这个耳朵前后的颜色变化xswl	The color change of this ear from front to back is hilarious.	这个耳朵前后的颜色变化笑死我了	The color changes on the front and back of this ear are hilarious.	the color change before and after this ear lmao
B-PYA-075	PYA	95.37	79.91	-15.46	83.39	86.71	3.31	100	100	0	dbq，对不起我错了	DBQ, I'm sorry I was wrong.	对不起，对不起我错了	I'm sorry, I'm sorry, I was wrong.	sry sorry I was wrong
B-PYA-076	PYA	95.93	80.35	-15.59	65.62	72.50	6.88	0	0	0	xswl皇帝的新衣	The Emperor's New Clothes	笑死我了皇帝的新衣	I'm dying laughing at The Emperor's New Clothes.	lmao emperor's new clothes
B-PYA-077	PYA	92.95	94.57	1.63	72.44	85.26	12.82	0	0	0	哈哈哈哈哈xswl	Hahahahaha LOL	哈哈哈哈哈笑死我了	Hahahahaha, I'm dying of laughter.	hahahahaha lmao
B-PYA-078	PYA	79.24	90.61	11.37	37.94	73.81	35.87	0	0	0	真的栓Q了家人们	I'm really speechless, everyone.	真的受够了家人们	I'm really fed up, everyone.	I've really had enough, guys.
B-PYA-079	PYA	85.33	77.42	-7.91	82.46	37.14	-45.32	0	0	0	8u🚪什么意思	What does 8u🚪 mean?	吧友们什么意思	"What does ""ba you men"" mean?"	tieba bros what does this mean
B-PYA-080	PYA	60.08	75.87	15.79	58.58	70.57	11.99	0	0	0	什么成分？xdm锐评。	What are the ingredients? Everyone, give me your sharp reviews.	什么成分？兄弟们锐评。	What are the ingredients? Brothers, give your sharp reviews.	what's their deal? bros rate.
B-PYA-081	PYA	68.05	91.32	23.27	57.83	61.41	3.58	0	100	100	氪金也能让各家fs满意	Even spending money can satisfy various financial services.	氪金也能让各家粉丝满意	Even paying for in-game items can satisfy fans.	spending money can also satisfy every camp's fans
B-PYA-082	PYA	73.09	73.66	0.57	65.57	68.81	3.24	0	0	0	咱姐硬生生从良子嘴里抠出3w多粉丝	Our sister literally dug out over 30,000 fans from Liangzi's mouth.	咱姐硬生生从良子嘴里抠出3万多粉丝	Our sister literally dug out over 30,000 followers from Liangzi's mouth.	Our sis somehow pulled more than thirty thousand followers out of Liangzi.
B-PYA-083	PYA	78.12	79.50	1.38	58.73	70.37	11.63	0	0	0	她俩要是有cpf这都能当谈过的证据了	If those two were a real-life couple, this could be used as evidence that they had dated.	她俩要是有CP粉这都能当谈过的证据了	If they had CP fans, this could be used as proof they had dated.	if they had shippers this could count as dating proof
B-PYA-084	PYA	96.19	99.12	2.93	62.30	86.68	24.38	0	0	0	塔图姆NB	Tatum is awesome.	塔图姆牛逼	Tatum is awesome!	Tatum is insane.
B-PYA-085	PYA	83.91	88.40	4.49	61.84	72.10	10.26	0	0	0	想吃肉质Q弹的就买散养老公鸡	If you want to eat chicken with a springy texture, buy a free-range old rooster.	想吃肉质紧实弹牙的就买散养老公鸡	If you want to eat meat that is firm and springy, buy a free-range old rooster.	if you want bouncy meat buy free-range rooster
B-PYA-086	PYA	98.07	98.32	0.25	76.48	64.29	-12.19	100	0	-100	yysy，两边都看完了	To be honest, I've read both sides.	有一说一，两边都看完了	To be fair, I've seen both sides.	To be honest, I watched both sides
B-MIX-001	MIX	96.87	92.72	-4.15	78.73	70.92	-7.81	100	100	0	这首歌的hook太洗脑了，循环一天	The hook of this song is so catchy, I've had it on repeat all day.	这首歌的记忆点太洗脑了，循环一天	The hook of this song is so catchy it's like brainwashing; I've had it on repeat all day.	this song's hook is so catchy, been looping all day
B-MIX-002	MIX	85.79	90.42	4.63	64.17	69.38	5.21	100	0	-100	短视频前3秒就是hook，抓不住人就划走了	The first 3 seconds of a short video are the hook; if you can't grab people, they'll just swipe away.	短视频前3秒就是吸引人的部分，抓不住人就划走了	The first three seconds of a short video are the captivating part; if you can't grab people, they'll just swipe away.	the first 3 seconds of a short video is the hook, lose them and they scroll away
B-MIX-003	MIX	99.51	99.74	0.22	79.12	83.26	4.14	100	100	0	新专辑终于drop了，等了好久	The new album finally dropped, I've been waiting for ages.	新专辑终于发布了，等了好久	The new album has finally been released, I've been waiting for so long.	the new album finally dropped, been waiting forever
B-MIX-004	MIX	96.68	96.06	-0.61	79.80	82.28	2.49	100	100	0	这个品牌下周drop新款，必须抢	This brand is dropping new products next week, I have to get my hands on them.	这个品牌下周推出新款，必须抢	This brand is launching new products next week, we have to get them.	this brand is dropping new styles next week, gotta grab them
B-MIX-005	MIX	90.48	92.71	2.23	75.56	77.05	1.49	100	100	0	这波clutch操作直接翻盘，太牛了	This clutch play led directly to a comeback, it was amazing!	这波关键时刻的操作直接翻盘，太牛了	The clutch play in that critical moment directly turned the game around; it was amazing!	this clutch play turned the game around, insane
B-MIX-006	MIX	71.49	85.08	13.60	60.39	77.44	17.05	100	0	-100	决赛最后一分钟clutch绝杀	Clutch game-winning shot in the last minute of the the final.	决赛最后一分钟关键时刻绝杀	A last-minute winning goal in the final.	clutch buzzer-beater in the final minute of the finals
B-MIX-007	MIX	98.98	100.00	1.02	83.36	85.13	1.76	100	100	0	这游戏画质也就mid水平，玩法也一般	The game's graphics are only mid-level, and the gameplay is also average.	这游戏画质也就一般水平，玩法也一般	The game's graphics are just average, and the gameplay is also average.	this game's graphics are just mid, gameplay is average too
B-MIX-008	MIX	86.13	86.53	0.40	66.18	80.79	14.61	100	0	-100	这套穿搭直接slay全场	This outfit slays the whole scene.	这套穿搭直接秒杀全场	This outfit is an instant showstopper.	this outfit slays the whole room
B-MIX-009	MIX	74.62	89.67	15.05	54.11	77.08	22.98	0	0	0	王虹这波演讲直接slay	Wang Hong's speech was absolutely amazing.	王虹这波演讲直接秒杀全场	Wang Hong's speech this time completely captivated the audience.	Wang Hong's speech just slayed
B-MIX-010	MIX	99.57	92.62	-6.96	86.15	82.93	-3.22	100	100	0	上班就是当NPC，每天重复同样的台词	Going to work is like being an NPC, repeating the same lines every day.	上班就是当非玩家角色，每天重复同样的台词	Working is like being a non-player character, repeating the same lines every day.	going to work is being an NPC, repeating the same lines every day
B-MIX-011	MIX	97.27	92.51	-4.76	84.78	79.80	-4.97	100	0	-100	别当NPC了，做自己生活的主角	Don't be an NPC, be the protagonist of your own life.	别当非玩家角色了，做自己生活的主角	Don't be a non-player character, be the protagonist of your own life.	stop being an NPC, be the main character of your own life
B-MIX-012	MIX	69.89	91.81	21.92	75.83	77.55	1.72	0	100	100	i人沦为e人玩具，太真实了	The i-person has become an e-person's toy – it's too real.	内向者沦为外向者玩具，太真实了	Introverts becoming toys for extroverts, that's too real.	introverts becoming playthings for extroverts, too real
B-MIX-013	MIX	87.46	95.98	8.53	73.07	79.14	6.07	0	100	100	e人累了一周还要爬起来继续嗨	Even though I've had a tiring week, I still have to get up and continue to party.	外向的人累了一周还要爬起来继续嗨	Extroverts are exhausted after a week but still have to get up and party.	extroverts have been tired all week and still have to get up and keep partying
B-MIX-014	MIX	81.72	74.09	-7.63	72.41	75.26	2.85	100	0	-100	刻在骨子里的秀粉DNA瞬间苏醒	The fangirl DNA etched into my bones instantly reawakened.	刻在骨子里的秀粉基因瞬间苏醒	The fangirl gene, etched into my very being, instantly reawakened.	the idol fan DNA embedded in my bones instantly awakened
B-MIX-015	MIX	100.00	94.22	-5.78	83.30	83.26	-0.04	100	0	-100	POV：你是最后一个知道消息的人	POV: You're the last to know.	视角：你是最后一个知道消息的人	Perspective: You're the last to know.	POV: you're the last person to find out
B-MIX-016	MIX	99.00	97.52	-1.48	74.30	83.99	9.69	100	100	0	当地人真的好chill，十一点上班六点下班	The locals are really chill, they start work at eleven and finish at six.	当地人真的好悠闲放松，十一点上班六点下班	The locals are really laid-back and relaxed, starting work at eleven and finishing at six.	the locals are so chill, starting work at 11 and off at 6
B-MIX-017	MIX	100.00	98.96	-1.04	78.34	85.40	7.06	100	0	-100	这个视频太cringe了，看不下去	This video is too cringe; I can't watch it.	这个视频太尴尬了，看不下去	This video is too embarrassing to watch.	this video is too cringe, can't even watch
B-MIX-018	MIX	94.56	97.16	2.60	59.41	84.78	25.37	100	100	0	这个行为好sus，不对劲	This behavior is so sus, something's not right.	这个行为好可疑，不对劲	This behavior is suspicious, something's not right.	this behavior is so sus, something's off
B-MIX-019	MIX	94.94	91.39	-3.55	72.96	84.34	11.37	100	0	-100	别flex了，谁不知道你有钱	Stop flexing, everyone knows you're rich.	别炫耀了，谁不知道你有钱	Stop showing off, everyone knows you're rich.	stop flexing, everyone knows you're rich
B-MIX-020	MIX	96.04	98.80	2.76	80.12	82.73	2.61	100	100	0	这首歌被hype过头了，其实一般	This song was overhyped; it's actually just okay.	这首歌被炒作过头了，其实一般	This song is overhyped; it's actually just average.	this song got way too much hype, it's actually just average
B-MIX-021	MIX	98.61	98.90	0.29	81.17	82.11	0.94	100	100	0	今天又偶遇crush了，太巧了	I ran into my crush again today, what a coincidence!	今天又偶遇暗恋对象了，太巧了	Today I ran into my crush again, what a coincidence!	ran into my crush again today, what a coincidence
B-MIX-022	MIX	71.98	94.83	22.84	60.85	83.14	22.29	100	100	0	我ship的CP终于官宣了	My ship's couple finally went public.	我支持的情侣组合终于官宣了	The couple I support has finally made their relationship official.	the ship I've been rooting for finally went official
B-MIX-023	MIX	95.28	97.97	2.70	75.58	82.74	7.16	100	0	-100	作为stan我必须说偶像这次回归太棒了	As a stan, I have to say this idol comeback is amazing!	作为狂热粉我必须说偶像这次回归太棒了	As a huge fan, I have to say the idol's comeback this time is amazing!	as a stan I gotta say the idol's comeback is amazing
B-MIX-024	MIX	97.46	98.11	0.65	81.29	80.98	-0.31	100	100	0	期待偶像的comeback，新专辑什么时候发	Looking forward to the idol's comeback, when will the new album be released?	期待偶像的回归，新专辑什么时候发	Looking forward to the idol's return, when will the new album be released?	looking forward to the idol's comeback, when's the new album dropping
B-MIX-025	MIX	95.59	92.85	-2.74	76.70	77.65	0.95	100	0	-100	这也太离谱了吧我直接emo	This is too outrageous, I'm directly emo.	这也太离谱了吧我直接抑郁	This is too outrageous, I'm directly depressed.	this is so outrageous I'm literally emo rn
B-MIX-026	MIX	87.12	91.35	4.23	77.65	82.16	4.52	0	0	0	看到317万年终奖我直接emo了	Seeing a 3.17 million year-end bonus, I directly emo-ed.	看到317万年终奖我直接情绪低落了	Seeing a 3.17 million year-end bonus, I immediately felt depressed.	Seeing the 3.17 million year-end bonus, I got all emo
B-MIX-027	MIX	94.74	87.09	-7.65	75.30	66.79	-8.51	0	0	0	掉san了，这个太恐怖了	I'm losing my mind, this is too terrifying.	掉san值了，这个太恐怖了	My sanity is dropping, this is too terrifying.	lost my sanity this is too scary bruh
B-MIX-028	MIX	88.63	89.18	0.55	71.57	75.53	3.96	100	0	-100	王虹这波citywalk直接从北大走到菲尔兹奖	Wang Hong's citywalk this time went directly from Peking University to the Fields Medal.	王虹这波城市漫步直接从北大走到菲尔兹奖	Wang Hong's urban stroll went directly from Peking University to the Fields Medal.	Wang Hong's citywalk took her all the way from Peking University to the Fields Medal
B-MIX-029	MIX	87.97	97.03	9.06	62.72	81.27	18.55	100	0	-100	在上海街头随性citywalk	Spontaneously citywalking on the streets of Shanghai	在上海街头随性城市漫步	Taking a leisurely urban stroll through the streets of Shanghai	casual city walk on Shanghai streets
B-MIX-030	MIX	97.00	93.40	-3.60	80.53	80.00	-0.53	100	100	0	中国女排这vibe太强了，3比2逆转太燃	The Chinese women's volleyball team's vibe is so strong; the 3-2 comeback victory was incredibly inspiring!	中国女排这氛围太强了，3比2逆转太燃	The atmosphere around the Chinese Women's Volleyball team is incredible; the 3-2 comeback victory was so inspiring!	China women's volleyball's vibe is so strong, the 3-2 comeback is so inspiring
B-MIX-031	MIX	95.96	89.54	-6.42	77.26	77.20	-0.06	100	0	-100	这番属于ACGN圈的经典之作了	This is a classic work belonging to the ACGN community.	这番属于动漫游文圈的经典之作了	This is a classic work belonging to the anime, manga, and game fan community.	this anime is a classic in the ACGN circle
B-MIX-032	MIX	94.79	95.33	0.55	76.34	80.83	4.49	0	0	0	50亿离婚案这drama程度堪比韩剧	The drama of this 5 billion divorce case is comparable to a Korean drama.	50亿离婚案这戏剧性程度堪比韩剧	The dramatic nature of this 5 billion divorce case is comparable to a Korean drama.	The drama level of the 5 billion divorce case rivals a Korean drama
B-MIX-033	MIX	96.08	96.04	-0.04	73.38	78.01	4.63	100	0	-100	今日OOTD分享	Today's OOTD sharing	今日穿搭分享	Today's Outfit Share	today's OOTD drop
B-MIX-034	MIX	70.03	80.89	10.86	62.94	74.81	11.88	100	100	0	赛里木湖这波操作太low了，景区管理丢人	The way Sailimu Lake has handled this is too low; the scenic area management is an embarrassment.	赛里木湖这波操作太低级了，景区管理丢人	The management of Sayram Lake has really stooped to a new low with this move; it's an embarrassment for the scenic area.	Sarim Lake's move this time is too low-class, scenic area management is embarrassing
B-MIX-035	MIX	100.00	99.87	-0.13	84.26	83.54	-0.71	100	0	-100	OMG这也太好看了	OMG, this is so beautiful!	我的天这也太好看了	Oh my god, this is so beautiful!	OMG this looks so good
B-MIX-036	MIX	92.21	75.61	-16.61	57.53	46.87	-10.66	0	0	0	腾讯这波泄密事件直接social death了	Tencent's recent leak has led to a complete social death.	腾讯这波泄密事件直接社会性死亡了	Tencent is basically canceled after this leak.	Tencent's leak incident this time resulted in total social suicide
B-MIX-037	MIX	95.18	93.34	-1.84	83.80	81.74	-2.07	100	0	-100	这游戏全DLC都买了，花了好几百	I bought all the DLC for this game, and it cost me several hundred.	这游戏全可下载内容都买了，花了好几百	I bought all the downloadable content for this game, and it cost me several hundred.	bought all the DLC spent several hundred
B-MIX-038	MIX	98.01	98.27	0.26	73.93	78.27	4.33	0	0	0	显卡涨价涨成这样，简直是price离谱	The price of graphics cards has risen so much, it's simply outrageous.	显卡涨价涨成这样，简直是价格离谱	Graphics card prices have risen so much, it's simply outrageous.	GPU prices going up this much, the price is just outrageous
B-MIX-039	MIX	100.00	87.53	-12.47	78.08	83.31	5.23	100	0	-100	这个GMV变高了	The GMV has increased.	这个商品交易总额变高了	The total transaction value of this product has increased.	this GMV went up
B-MIX-040	MIX	97.11	96.78	-0.33	77.80	81.03	3.23	100	100	0	过度分享这件事真的太trigger了，边界感很重要	Over-sharing is really triggering; a sense of boundaries is very important.	过度分享这件事真的太触发了，边界感很重要	Over-sharing is really triggering; a sense of boundaries is very important.	Oversharing is really triggering. Boundaries matter.
B-MIX-041	MIX	94.82	95.06	0.24	85.61	84.49	-1.13	100	100	0	这个meme太火了	This meme is so popular.	这个梗太火了	This meme is so popular.	this meme is too fire lol
B-MIX-042	MIX	90.02	88.62	-1.40	75.19	70.80	-4.39	100	100	0	陈哲远在密逃里的reaction太搞笑了	Chen Zheyuan's reactions in The Great Escape are hilarious.	陈哲远在密逃里的反应太搞笑了	"Chen Zheyuan's reactions in ""Great Escape"" are hilarious."	Chen Zheyuan's reaction in the escape room show is too funny
B-MIX-043	MIX	90.28	59.79	-30.49	66.75	72.97	6.22	100	0	-100	用来换做成AGI的概率	The probability of exchanging it for AGI	用来换做成通用人工智能的概率	used to exchange for the probability of achieving artificial general intelligence	probability of achieving AGI
B-MIX-044	MIX	93.28	81.10	-12.18	79.59	81.37	1.78	100	100	0	50亿离婚案这个level太高了，普通人理解不了	The 5 billion divorce case is on too high a level; ordinary people can't understand it.	50亿离婚案这个级别太高了，普通人理解不了	A divorce case of this magnitude, involving 5 billion, is on too high a level; ordinary people can't comprehend it.	The level of the 5 billion divorce case is too high, ordinary people can't understand
B-MIX-045	MIX	97.35	88.33	-9.01	79.82	80.43	0.61	100	0	-100	cosplay得很好，很像	The cosplay is very well done and looks very much like the character.	角色扮演得很好，很像	The role-playing was very good, very realistic.	cosplay done right looks so similar
B-MIX-046	MIX	96.81	96.42	-0.39	83.67	84.24	0.56	100	100	0	这个app一到发售就崩	This app crashed as soon as it was released.	这个应用一到发售就崩	This app crashed as soon as it was released.	this app crashes every launch
B-MIX-047	MIX	96.25	98.84	2.59	74.77	85.42	10.65	0	0	0	这个角色太OP了	This character is too OP.	这个角色太强了	This character is too strong.	this character is way too overpowered
B-MIX-048	MIX	87.69	80.09	-7.60	75.27	75.59	0.32	100	100	0	lpl历史上有像清算48同样力度的清算吗？	"Has there ever been a purge in LPL history with the same intensity as the ""liquidation 48"" purge?"	LPL历史上有像清算48同样力度的清算吗？	"Has there ever been a purge in LPL history as impactful as the ""Settlement 48""?"	has there ever been a reckoning as hard as '48' in LPL history?
B-MIX-049	MIX	89.83	80.77	-9.06	84.14	71.05	-13.10	0	0	0	加个buff，变得更强	Add a buff to become stronger.	加个增益，变得更强	Add some gain to make it stronger.	add a power-up get stronger ez
B-MIX-050	MIX	99.12	98.24	-0.88	84.85	83.81	-1.04	100	0	-100	这个logo设计得好	This logo is well-designed.	这个品牌标识设计得好	The brand identity is well-designed.	this logo is well designed
B-MIX-051	MIX	80.19	74.57	-5.62	54.87	75.01	20.14	100	0	-100	被nerf了，变弱了	It was nerfed, becoming weaker.	被削弱了，变弱了	It was weakened.	got nerfed got weaker smh
B-MIX-052	MIX	96.01	96.48	0.47	82.75	83.90	1.14	0	0	0	我刚才去打apex了	I just played Apex.	我刚才去打Apex了	I just played Apex.	just went to play Apex
B-MIX-053	MIX	100.00	99.96	-0.04	84.29	84.01	-0.28	100	100	0	GDP十强省份变了	The top ten GDP provinces have changed.	国内生产总值十强省份变了	The top ten provinces by GDP have changed.	GDP top 10 provinces changed
B-MIX-054	MIX	92.03	90.49	-1.54	59.35	76.32	16.97	0	0	0	GG了，完了	It's over, it's done.	完了，完了	It's over, it's over.	It's game over, we're done for.
B-MIX-055	MIX	67.95	79.56	11.61	48.54	57.25	8.71	0	0	0	就是在cp里吃瓜	Eating melon in a CP.	就是在搭档组合里吃瓜	Just gossiping about the partner combinations	just watching the drama in the ship
B-MIX-056	MIX	82.85	97.24	14.38	66.25	62.37	-3.89	0	100	100	图样森破，你太天真了	The pattern is broken, you are too naive.	Too young too simple，你太天真了	Too young, too simple, you are too naive.	too young too simple you're too naive
B-MIX-057	MIX	96.90	96.53	-0.38	87.35	87.05	-0.30	100	100	0	这个AI太厉害了	This AI is amazing.	这个人工智能太厉害了	This AI is amazing.	this AI is way too OP fr
B-MIX-058	MIX	74.85	69.72	-5.13	44.46	44.38	-0.08	100	0	-100	carry全场，带飞	Carry the whole game, carry to victory	带飞全场，带飞	Lead the whole field, lead	carrying the whole squad what a carry
B-MIX-059	MIX	97.60	95.04	-2.55	83.01	82.91	-0.10	100	0	-100	她学的是泰语又不是IT	She's studying Thai, not IT.	她学的是泰语又不是信息技术	She's studying Thai, not information technology.	she studies Thai not IT
B-MIX-060	MIX	92.15	92.22	0.07	80.99	76.59	-4.40	100	100	0	VIP通道真快	The VIP channel is really fast.	贵宾通道真快	The VIP channel is really fast.	VIP lane is so fast
B-MIX-061	MIX	81.38	81.99	0.61	56.28	65.71	9.43	0	0	0	solo一下，单挑	Just a quick one-on-one.	单挑一下，单挑	Let's have a one-on-one fight.	solo it 1v1 me bro
B-MIX-062	MIX	98.69	100.00	1.31	80.68	85.11	4.43	0	0	0	这个PK谁赢了	Who won this PK?	这个对决谁赢了	Who won this match?	who won this duel
B-MIX-063	MIX	90.98	90.88	-0.10	79.56	78.85	-0.71	100	100	0	因凡蒂诺和FIFA演都不演了，这是纯把梅西世界杯金球奖给抢劫了	Infantino and FIFA aren't even pretending anymore; they've outright robbed Messi of the World Cup Golden Ball.	因凡蒂诺和国际足联演都不演了，这是纯把梅西世界杯金球奖给抢劫了	Infantino and FIFA aren't even pretending anymore; they've outright robbed Messi of his World Cup Golden Ball.	Infantino and FIFA aren't even hiding it anymore straight up robbed Messi of the World Cup Golden Ball
B-MIX-064	MIX	97.98	96.95	-1.03	79.58	85.17	5.59	100	100	0	做个SPA放松一下	Have a spa to relax.	做个水疗放松一下	Get a spa treatment and relax.	getting a spa to relax
B-MIX-065	MIX	83.01	80.54	-2.47	62.81	43.93	-18.88	100	100	0	这个DJ太嗨了	This DJ is too high.	这个唱片骑师太嗨了	This DJ is too high.	this DJ is too lit
B-MIX-066	MIX	80.52	82.21	1.68	74.30	75.02	0.72	0	0	0	Rush E 朗朗PK街头钢琴家	Lang Lang vs. Street Pianist: Rush E	Rush E 朗朗对决街头钢琴家	Lang Lang vs. Street Pianist: Rush E	Rush E Lang Lang versus street pianist
B-MIX-067	MIX	90.70	92.40	1.71	75.22	80.88	5.65	100	100	0	这动漫OP太好听了，循环播放	This anime's opening is so good, I'm playing it on repeat.	这动漫片头曲太好听了，循环播放	The opening song of this anime is so good, I'm playing it on repeat.	this anime opening slaps on loop
B-MIX-068	MIX	96.46	96.79	0.34	84.16	84.34	0.18	100	0	-100	买个iPad记笔记	Get an iPad for taking notes.	买个平板电脑记笔记	Buy a tablet to take notes.	getting an iPad for notes
B-MIX-069	MIX	77.91	83.09	5.17	59.36	60.71	1.35	0	100	100	抖音的bgm怎么突然变得那么难听了到处都是想问问你敢不敢还有那天我经过一片花园	"Why has Douyin's BGM suddenly become so awful? Everywhere I hear ""I want to ask if you dare"" and ""that day I passed by a garden."""	抖音的背景音乐怎么突然变得那么难听了到处都是想问问你敢不敢还有那天我经过一片花园	"Why did Douyin's background music suddenly become so awful? Everywhere I hear ""I want to ask if you dare"" and ""That day I passed by a garden."""	why has Douyin's background music gotten so bad everywhere it's either 'I Want to Ask If You Dare' or 'That Day I Passed a Garden'
B-MIX-070	MIX	98.47	98.97	0.50	83.60	81.39	-2.21	0	0	0	这个PPT做得好	This PPT is well done.	这个演示文稿做得好	This presentation is well done.	this PowerPoint is well made
B-MIX-071	MIX	72.14	70.41	-1.73	45.66	56.66	11.00	0	0	0	法法这期ooc了吧	The Law Law this issue is OOC, right?	法法这期脱离扮演角色了吧	The Law Law this issue has deviated from its role, right?	Fafa was so out of character this episode bruh
B-MIX-072	MIX	95.55	88.97	-6.58	80.71	80.96	0.25	100	100	0	3.5h通关	Finished the game in 3.5 hours	3.5小时通关	Clear the game in 3.5 hours.	beat the game in 3.5 hours
B-MIX-073	MIX	95.01	92.71	-2.30	64.50	66.45	1.94	100	0	-100	这个ins风好看	This Instagrammable style looks good.	这个网红风好看	This influencer style looks good.	this Instagram aesthetic looks good
B-MIX-074	MIX	87.12	91.54	4.42	69.76	81.78	12.02	0	0	0	我的文化水平belike	My education level is probably like this.	我的文化水平就像这样	My cultural level is just like this.	my education level be like lmao
B-MIX-075	MIX	89.30	88.29	-1.01	77.55	78.88	1.34	100	100	0	来杯matcha	I'll have a matcha.	来杯抹茶	I'll have a matcha.	a cup of matcha
B-MIX-076	MIX	99.46	99.54	0.08	81.62	84.46	2.83	0	0	0	店员花一秒钟get到你的意思了	The clerk understood what you meant in a second.	店员花一秒钟理解到你的意思了	The clerk understood what you meant in a second.	the clerk took one second to get your meaning
B-MIX-077	MIX	98.57	94.72	-3.85	81.55	76.74	-4.81	100	0	-100	这个vlog拍得好	This vlog is well-made.	这个视频博客拍得好	This video blog is well-shot.	this vlog is well shot
B-MIX-078	MIX	94.15	93.74	-0.41	64.40	79.79	15.39	0	0	0	学习上problem不能发作	You can't let problems in your studies get the better of you.	学习上问题不能发作	Problems in studies cannot be allowed to fester.	can't let the issue flare up during studying
B-MIX-079	MIX	88.71	93.83	5.12	80.20	79.95	-0.25	0	0	0	好久没有笑的这么开心了，必须收藏起来emo了再看	It's been a long time since I've laughed so happily; I must save this to watch again when I'm feeling emotional.	好久没有笑的这么开心了，必须收藏起来抑郁了再看	I haven't laughed this happily in a long time; I must save it to watch again when I'm depressed.	haven't laughed this hard in ages saving it to watch when I'm feeling down fr
B-MIX-080	MIX	87.55	86.98	-0.58	75.20	75.05	-0.15	100	100	0	cult导演后悔道剧组没有你	Cult director regretted that the crew didn't have you.	邪典导演后悔道剧组没有你	The cult director regretted that the crew didn't have you.	cult director regrets not having you on set
B-MIX-081	MIX	63.06	58.06	-5.00	61.60	69.77	8.17	0	0	0	从技术舞美上讲是挺牛，但从意识上讲buff快叠满了	From a technical stagecraft perspective, it's impressive, but from an ideological perspective, the buffs are almost fully stacked.	从技术舞美上讲是挺牛，但从意识上讲增益快叠满了	From a technical stage design perspective, it's impressive, but from a conceptual perspective, the gains are quickly maxing out.	technically the stage design is pretty sick but ideologically the power-ups are almost fully stacked
B-MIX-082	MIX	64.03	60.10	-3.93	71.15	75.70	4.55	100	100	0	上了初中就开始恶化了，甚至游戏也会拖一会儿再启动，作业拖到ddl就算是期末周也学不进去	Things started to get worse in junior high school; I'd even put off starting a game for a while, and I couldn't bring myself to do homework until the deadline, even during final exam week.	上了初中就开始恶化了，甚至游戏也会拖一会儿再启动，作业拖到截止日期就算是期末周也学不进去	Things started to get worse in junior high school; I'd even put off starting a game for a while, and homework would be left until the deadline, even during final exam week, I couldn't bring myself to study.	middle school hit different even games I delay homework till deadline even in finals week can't focus smh
B-MIX-083	MIX	92.84	95.31	2.47	63.32	75.02	11.71	100	100	0	ddl就在眼前了还在摆烂	The deadline is right around the corner, and you're still slacking off.	截止日期就在眼前了还在摆烂	The deadline is fast approaching, and you're still slacking off.	deadline is right there and you're still slacking
B-MIX-084	MIX	99.85	85.09	-14.76	83.75	80.23	-3.52	100	0	-100	asmr助眠真的有用吗	Is ASMR for sleep really effective?	自发性知觉经络反应助眠真的有用吗	Is the spontaneous perceptual meridian response helpful for sleep, and does it really work?	does ASMR for sleep actually work
B-MIX-085	MIX	96.08	92.25	-3.83	74.05	78.63	4.57	100	100	0	超mean老奶一般是英语老师	Super mean old ladies are usually English teachers.	超刻薄老奶一般是英语老师	Super-mean old ladies are usually English teachers.	Super mean old ladies are usually English teachers
B-MIX-086	MIX	86.67	89.81	3.14	67.50	77.89	10.39	0	0	0	绝对音感的正确用法belike	The correct usage of perfect pitch is like...	绝对音感的正确用法是这样	The correct way to use perfect pitch is like this.	The correct usage of absolute pitch be like
B-HOM-096	HOM	89.94	92.11	2.17	62.63	73.61	10.98	100	100	0	孩好像真的很困了，但是一直被麻麻薅过来薅过去配合拍视频	The child seems really sleepy, but has been pulled back and forth by mom to cooperate with filming videos.	孩好像真的很困了，但是一直被妈妈薅过来薅过去配合拍视频	The child seems really sleepy, but their mom keeps pulling them back and forth to pose for videos.	the kid really seems sleepy, but keeps getting dragged back and forth by mom to pose for the video
B-HOM-097	HOM	92.54	94.43	1.89	67.56	73.31	5.75	0	0	0	哈哈哈哈哈，不好意思哈哈哈哈哈没崩住	Hahahahaha, sorry hahahahaha I couldn't hold it in.	哈哈哈哈哈，不好意思哈哈哈哈哈没绷住	Hahahahaha, I'm sorry hahahahaha I couldn't hold it in.	hahaha, sorry hahaha I couldn't hold it together
B-HOM-098	HOM	97.45	97.77	0.31	79.42	79.09	-0.32	100	100	0	淦，忘记原版了，有谁能补一下？	Damn, I forgot the original version, can anyone provide it?	干，忘记原版了，有谁能补一下？	Damn, I forgot the original version. Can anyone provide it?	damn, I forgot the original, can anyone fill it in?
B-HOM-099	HOM	80.03	71.38	-8.65	65.42	53.73	-11.70	0	100	100	你们要是给我炮儿玩似了我看什么啊	What am I supposed to look at if you're going to play with my cannon?	你们要是给我炮儿玩死了我看什么啊	If you play my cannon to death, what will I have to watch?	if you guys play my Pao'er to death, what am I supposed to watch?
B-PYA-087	PYA	91.15	85.40	-5.75	74.83	77.26	2.43	0	0	0	快别TM说了，抓紧睡半个钟头，不然去早餐店要迟到了	Stop talking already, hurry up and get half an hour of sleep, otherwise we'll be late for the breakfast shop.	快别他妈说了，抓紧睡半个钟头，不然去早餐店要迟到了	Stop talking, for God's sake, hurry up and get half an hour of sleep, otherwise we'll be late for the breakfast place.	stop freaking talking and grab half an hour of sleep, or you'll be late for the breakfast shop
B-NEO-087	NEO	89.94	96.84	6.90	65.73	83.49	17.76	0	0	0	某种意义上来看他也是个神人	In a sense, he's also a marvel.	某种意义上来看他也是个行为离谱的人	In a sense, he's also someone whose behavior is outrageous.	in a certain sense he's also an absolute character
B-NEO-088	NEO	76.54	77.72	1.19	69.86	66.51	-3.35	0	100	100	我都不知道出新图了，作业自己跑我脸上了	I didn't even know there were new images/pictures. The homework just landed right in my lap.	我都不知道出新图了，攻略自己跑我脸上了	I didn't even know there were new images/screenshots; the guide just popped up in front of me.	I didn't even know a new stage was out, and the guide just ran right into my face
B-NEO-089	NEO	94.38	100.00	5.62	78.77	81.03	2.27	0	0	0	无论从哪个层面来看，都是吊炸了	No matter how you look at it, it's awesome.	无论从哪个层面来看，都是厉害极了	No matter how you look at it, it's incredibly impressive.	no matter how you look at it, it's insanely awesome
B-NEO-090	NEO	72.15	90.74	18.58	69.44	79.45	10.01	0	0	0	应该是的，不然怎么会气到把国粹给说出来了	That's probably it, otherwise why would they be so angry they'd blurt out a national treasure?	应该是的，不然怎么会气到把脏话给说出来了	That's probably it, otherwise why would they be so angry they'd swear?	must be, otherwise how would he get so angry that the swear words came out
B-NEO-091	NEO	92.93	95.95	3.02	70.55	78.82	8.28	0	0	0	说个冷知识，来俊臣的父亲名叫来操，是个挺生草的名字	Here's a fun fact: Lai Junchen's father was named Lai Cao, which is a pretty amusing name.	说个冷知识，来俊臣的父亲名叫来操，是个挺搞笑的名字	Here's a fun fact: Lai Junchen's father was named Lai Cao, which is a pretty funny name.	fun fact: Lai Junchen's father was named Lai Cao, which is a pretty hilarious name
B-NEO-092	NEO	77.06	92.53	15.47	69.19	83.09	13.90	0	0	0	他不是好了，而是知道自己要凉了	He's not better; he just knows he's about to be in trouble.	他不是好了，而是知道自己要完蛋了	He's not better; he just knows he's doomed.	he's not better, he just knows he's done for
B-NEO-093	NEO	88.03	83.69	-4.34	67.78	71.89	4.11	0	0	0	置顶评论官方链接是淘宝就知道成分了	The pinned comment's official link is Taobao, so you know what it's made of.	置顶评论官方链接是淘宝就知道背景了	The top comment's official link is Taobao, so you know the background.	the pinned official link is Taobao, that alone tells you what they're really about
B-NEO-094	NEO	94.52	95.20	0.68	77.24	82.33	5.09	0	0	0	逆天。。我现在开车老走错路	Oh my god, I keep taking the wrong turns while driving these days.	离谱。。我现在开车老走错路	That's ridiculous... I keep taking the wrong turns while driving now.	wild… I keep taking wrong turns when driving now
B-MIX-087	MIX	72.69	80.98	8.30	42.64	66.09	23.46	100	0	-100	发现没火的作者belike	Authors who don't get famous be like	发现没火的作者就是这样	This is how you find authors who haven't caught fire yet.	discovering an underrated creator be like
B-MIX-088	MIX	94.21	91.04	-3.17	66.25	70.57	4.32	100	100	0	第一次尝试做这么长的动画 感觉k帧速度有所提升绝宝二周年快乐!	This is my first attempt at making such a long animation. I feel like the keyframing speed has improved. Happy second anniversary, Juebao!	第一次尝试做这么长的动画 感觉打关键帧速度有所提升绝宝二周年快乐!	This is my first time trying to make such a long animation, and I feel like my keyframing speed has improved. Happy second anniversary, Jue Bao!	first time making such a long animation, my keyframing speed has improved — happy 2nd anniversary Juebao!
B-MIX-089	MIX	93.93	92.88	-1.05	79.41	78.34	-1.08	100	100	0	或许它真的是福利最好的fps	Perhaps it really is the FPS with the best benefits.	或许它真的是福利最好的第一人称射击游戏	Perhaps it really is the first-person shooter with the best benefits.	maybe it really is the FPS with the best freebies
B-MIX-090	MIX	87.06	89.76	2.70	70.97	67.63	-3.33	0	0	0	杨博文四代唯一C位队长	Yang Bowen, the only C-position captain in four generations.	杨博文四代唯一中心位队长	Yang Bowen, the only center and captain for four generations.	Yang Bowen, Gen 4's only center-position captain
B-HOM-100	NEO	70.39	73.84	3.45	66.99	69.44	2.45	100	100	0	明显，队友大概率寄了，和上司有关，但扳机似乎记忆出现问题，咬死队友还活着，变相保护了上司，所以被上司放了	Clearly, the teammate is most likely dead, and it's related to the boss, but the trigger seems to have a memory problem, insisting the teammate is still alive, which indirectly protected the boss, so the boss let them go.	明显，队友大概率死了，和上司有关，但扳机似乎记忆出现问题，咬死队友还活着，变相保护了上司，所以被上司放了	It's clear that the teammate is most likely dead, and it's related to the superior. However, the trigger seems to have a memory issue, insisting the teammate is still alive, which indirectly protected the superior, so the superior let them go.	clearly the teammate is most likely dead and the boss is involved, but Trigger's memory seems broken — she insists the teammate is alive, which indirectly shielded the boss, so the boss let her go
B-HOM-101	HOM	83.05	75.23	-7.82	77.78	80.35	2.57	0	100	100	怪兽：我已经破坏掉了你所有能获取光的办法，看你还怎么变身 迪迦：你钱包的钱还有多少？ 怪兽：全花光了 迪迦：恰！	"Monster: I have destroyed all your means of obtaining light. Let's see how you transform now.
Tiga: How much money do you have left in your wallet?
Monster: All spent.
Tiga: Hmph!"	怪兽：我已经破坏掉了你所有能获取光的办法，看你还怎么变身 迪迦：你钱包的钱还有多少？ 怪兽：全花光了 迪迦：吃！	"Monster: I have destroyed all your means of obtaining light. Let's see how you transform now.
Tiga: How much money do you have left in your wallet?
Monster: I spent it all.
Tiga: Eat!"	Monster: I've destroyed every way you could gather light, let's see you transform now. Tiga: How much money is left in your wallet? Monster: All spent. Tiga: Nom!
B-HOM-102	HOM	87.39	88.76	1.36	65.91	79.10	13.18	100	100	0	人定不了天，一切的一切还是按照历史轨迹走，我记得是三段历史走向，猪脚心累了	Man cannot control heaven; everything still follows the historical trajectory. I remember there were three historical paths, and the protagonist is tired.	人定不了天，一切的一切还是按照历史轨迹走，我记得是三段历史走向，主角心累了	Man cannot control heaven; everything still follows the historical trajectory. I remember there were three historical paths, and the protagonist is weary.	man can't defy heaven, everything still follows the track of history — I remember there were three historical branches, and the protagonist is exhausted
B-HOM-103	HOM	77.32	70.64	-6.69	66.62	69.57	2.95	100	100	0	笑成猪头最好笑是因为！！！我本来就觉得很好笑哈哈哈，看到这个蚌不住了！！！	The funniest thing is laughing so hard your face looks like a pig's head because!!! I already thought it was hilarious, hahaha, and seeing this just made me lose it!!!	笑成猪头最好笑是因为！！！我本来就觉得很好笑哈哈哈，看到这个绷不住了！！！	The funniest thing is laughing so hard you look like a pig's head!!! I already thought it was hilarious, hahaha, but seeing this just made me lose it!!!	the pig-head laugh is the funniest because!!! I already found it hilarious hahaha, and seeing this I just lost it!!!
B-HOM-104	HOM	87.58	86.66	-0.92	78.21	75.23	-2.98	100	100	0	真旅行青蛙！  去哪了 会给麻麻带明信片回来  真好	A real traveling frog! Where did it go? It will bring postcards back for mommy. That's so nice.	真旅行青蛙！  去哪了 会给妈妈带明信片回来  真好	A real Journey Frog! Where did it go? It will bring postcards back for mom. That's so nice.	a real Travel Frog! wherever it goes, it brings postcards back for mom — so sweet
B-HOM-105	HOM	87.17	87.37	0.20	70.60	72.05	1.45	100	100	0	兄dei，这么好的猪 你舍得一次性吃完吗（于谦声）	Brother, this is such good pork, can you bear to eat it all at once?	兄弟，这么好的猪 你舍得一次性吃完吗（于谦声）	Brother, this is such good pork, can you bear to eat it all at once?	bro, such a fine pig — could you really bear to eat it all in one go? (in Yu Qian's voice)
B-HOM-106	NEO	72.06	90.09	18.02	46.76	73.42	26.66	100	100	0	这高达味怎么这么重啊，真的是百合拯救了萝卜？	Why does this Gundam taste so strong? Did yuri really save the robot?	这高达味怎么这么重啊，真的是百合拯救了机器人？	Why is this Gundam flavor so strong? Did yuri really save the robots?	why does this feel so much like Gundam — did yuri really save the mecha genre?
B-HOM-107	HOM	93.93	96.35	2.42	77.67	78.30	0.62	100	100	0	淦，为什么要让我凌晨刷到，睡不着觉了()	Damn, why did I have to see this in the the middle of the night? Now I can't sleep.	干，为什么要让我凌晨刷到，睡不着觉了()	Damn, why did I have to see this in the middle of the night? Now I can't sleep.	damn, why did I have to scroll onto this in the middle of the night, now I can't sleep ()
B-HOM-108	HOM	96.17	96.39	0.22	83.27	85.90	2.63	100	100	0	免责声明，此为系统自动播放，与我无瓜	Disclaimer: This is an automatic system playback and has nothing to do with me.	免责声明，此为系统自动播放，与我无关	Disclaimer: This is an automatic system playback and has nothing to do with me.	disclaimer: this was autoplayed by the system, nothing to do with me
B-HOM-109	HOM	86.66	80.92	-5.74	62.03	69.55	7.52	100	100	0	又第一了 带领兄弟萌再冲一次～～～～	First again! Leading the bros to charge once more!	又第一了 带领兄弟们再冲一次～～～～	First again! Let's lead our brothers to charge one more time!	number one again — leading the bros for one more charge~~~~
B-HOM-110	HOM	53.97	78.55	24.58	29.41	45.75	16.34	0	0	0	预计会火，火钳刘明	It's expected to be popular, marking my spot.	预计会火，火前留名	It's expected to be popular, so I'm leaving my mark before it takes off.	this is going to blow up, leaving my name here before it does
B-HOM-111	HOM	50.84	71.15	20.31	77.96	72.65	-5.32	0	0	0	扳机歪了，前来还怨	The trigger is crooked, and they've come back to complain.	扳机歪了，前来还愿	The trigger is crooked, I've come to fulfill my vow.	my pull for Trigger went off-banner — here to repay my vow
B-HOM-112	HOM	97.56	97.36	-0.20	74.64	83.35	8.72	100	0	-100	梅森：这我可太熟辣！	Mason: I'm very familiar with this!	梅森：这我可太熟啦！	Mason: I know this all too well!	Mason: now this I know all too well!
B-HOM-114	HOM	95.14	97.51	2.38	80.05	81.79	1.73	100	100	0	我不行了我笑得要噶了	I can't take it anymore, I'm laughing so hard I'm going to die.	我不行了我笑得要挂了	I can't take it anymore, I'm laughing so hard I'm going to die.	I can't take it, I'm about to die laughing
B-HOM-115	HOM	75.97	84.33	8.36	65.86	74.28	8.42	0	0	0	活到老学到老,似了也要学习	Live and learn, even after death.	活到老学到老,死了也要学习	Live and learn, even after death.	live and learn — keep studying even when you're dead
B-HOM-116	HOM	71.24	72.30	1.06	51.40	65.30	13.89	0	0	0	太好辣，是拐杖星人，我们没救了	It's too hot, it's a cane alien, we're doomed.	太好啦，是拐杖星人，我们没救了	Oh no, it's the Cane People, we're doomed!	oh great, it's the crutch alien, we're doomed
B-HOM-117	HOM	77.73	84.51	6.78	69.14	68.13	-1.01	0	0	0	老八胃大，无需多盐	Lao Ba has a big stomach and doesn't need much salt.	老八胃大，无需多言	Lao Ba has a big stomach, no need to say more.	Laoba has a big stomach — no more words needed
B-HOM-118	HOM	97.86	99.61	1.76	62.05	85.45	23.40	0	0	0	雾草这幕太美了	Holy cow, this scene is so beautiful!	卧槽这幕太美了	Holy shit, this scene is so beautiful.	holy crap this scene is gorgeous
B-HOM-119	NEO	96.18	99.76	3.58	70.14	84.64	14.50	0	100	100	欧内该，我什么都愿意做	Oh, I'd do anything.	拜托了，我什么都愿意做	Please, I'll do anything.	please, I'll do anything
B-HOM-120	HOM	98.58	98.60	0.02	71.42	73.90	2.47	100	100	0	果然混元是个妹纸	As expected, Hunyuan is a girl.	果然混元是个妹子	As expected, Hunyuan is a girl.	so Hunyuan really is a girl after all
B-HOM-121	HOM	48.45	74.38	25.94	35.02	57.04	22.02	0	0	0	年轻人不讲武德！耗子尾汁	Young people are not讲武德! 好自为之!	年轻人不讲武德！好自为之	Young people are not virtuous! You're on your own.	young people have no martial virtue! you'd better behave yourselves
B-HOM-122	HOM	85.62	83.38	-2.24	67.03	68.61	1.58	0	0	0	官方踏马自黑，这下别人黑不了了	The officials are making fun of themselves, so now no one else can criticize them.	官方他妈自黑，这下别人黑不了了	The officials are self-deprecating, so now others can't criticize them.	the officials are freaking roasting themselves, now nobody else can roast them
B-HOM-123	HOM	89.73	97.35	7.62	62.39	78.08	15.69	0	0	0	这俩老男人的沙雕人生	The silly lives of these two old men.	这俩老男人的傻屌人生	The foolish lives of these two old men.	the goofball life of these two old guys
B-HOM-124	HOM	72.87	96.47	23.60	65.97	82.52	16.55	0	100	100	被天使蚊过的嗓子	A throat stung by an angel mosquito.	被天使吻过的嗓子	A voice kissed by an angel.	a voice kissed by an angel
B-HOM-125	HOM	98.28	99.21	0.93	63.71	80.97	17.26	100	100	0	上一个视频就是不讲内个	The previous video didn't mention that.	上一个视频就是不讲那个	The previous video didn't mention that.	the last video just wouldn't talk about that
B-HOM-127	HOM	70.33	92.04	21.70	61.31	55.34	-5.97	0	100	100	可以四了这游戏	This game can be played by four people.	可以死了这游戏	This game is so bad I could die.	this game can just die already
B-HOM-128	HOM	87.82	92.04	4.21	48.77	73.29	24.52	100	100	0	全体欣赏阴乐	Enjoy the dark music.	全体欣赏音乐	Enjoy the music as a whole.	everyone, enjoy the music
B-HOM-129	HOM	68.53	65.01	-3.52	66.28	56.79	-9.49	100	100	0	锁呐区甲亢哥	Hyperthyroidism Guy from Suona District	唢呐区甲亢哥	The Hyperthyroidism Guy in the Suona Section	suona-section Speed
B-HOM-130	HOM	92.01	96.74	4.73	53.24	83.22	29.98	100	100	0	哎你怎么似了	Oh, why are you dead?	哎你怎么死了	Oh, why are you dead?	hey, how come you died
B-HOM-131	HOM	79.93	98.55	18.62	72.26	83.35	11.08	0	100	100	密码的，很久没笑得这么无语了	Regarding the password, it's been a long time since I've laughed so speechlessly.	妈的，很久没笑得这么无语了	Damn, it's been a long time since I've laughed so speechlessly.	damn, it's been ages since I laughed this speechlessly
B-PYA-088	PYA	96.17	96.21	0.05	82.92	83.44	0.52	100	100	0	不是，我TM哪来的教材，你在逗我呢	No, where the hell would I get a textbook? Are you kidding me?	不是，我他妈哪来的教材，你在逗我呢	No, where the hell would I get a textbook? Are you kidding me?	wait, where the hell would I get a textbook, are you kidding me
B-PYA-089	PYA	95.85	95.68	-0.17	80.14	83.35	3.21	100	100	0	md，这军方也这么乱，难怪市民们这么乐观，哈哈	Damn, the military is in such disarray, no wonder the citizens are so optimistic, haha.	妈的，这军方也这么乱，难怪市民们这么乐观，哈哈	Damn, the military is also in such disarray, no wonder the citizens are so optimistic, haha.	damn, even the military is this chaotic, no wonder the citizens are so optimistic, haha
B-PYA-090	PYA	92.74	93.40	0.66	78.70	79.59	0.89	0	100	100	wc我想要高斯裤子的链接，真的好帅	I want the link to the Gauss pants, they're really cool!	卧槽我想要高斯裤子的链接，真的好帅	Holy crap, I want the link to those Gauss pants, they're so cool!	whoa I want the link to Gauss's pants, they look so cool
B-PYA-091	PYA	88.66	92.66	4.00	47.70	71.90	24.20	0	100	100	WC，这都能被发现啊	WC, you found it!	卧槽，这都能被发现啊	Holy crap, how did they even find that?	whoa, even this got noticed
B-PYA-092	PYA	99.85	98.94	-0.91	73.39	85.12	11.73	0	100	100	woc太萌了	Oh my god, that's so cute!	卧槽太萌了	Holy crap, that's so cute!	omg so cute
B-PYA-093	PYA	81.89	75.94	-5.95	76.11	74.94	-1.17	0	100	100	dbq小啵有点像触电了	DBQ Little Bo seems to have been electrocuted.	对不起小啵有点像触电了	I'm sorry, Bepo, it's like I've been electrocuted.	sorry but Xiaobo kind of looks electrocuted
B-PYA-094	PYA	95.95	96.90	0.95	70.40	83.40	13.00	0	0	0	无线能源是基于无线水的原理吗？(bushi)	Is wireless energy based on the principle of wireless water?	无线能源是基于无线水的原理吗？(不是)	Is wireless energy based on the principle of wireless water? (No)	is wireless energy based on the principle of wireless water? (jk)
B-PYA-095	PYA	93.35	96.88	3.54	70.27	68.58	-1.68	100	0	-100	光明，赐予我力量（bushi）	Light, grant me strength (just kidding)	光明，赐予我力量（不是）	Light, grant me strength.	light, grant me power (jk)
B-PYA-096	PYA	97.10	98.86	1.76	81.62	82.25	0.63	0	100	100	这么说我才发现字幕不是视频自带的hhhh	That's when I realized the subtitles weren't embedded in the video, lol.	这么说我才发现字幕不是视频自带的哈哈哈哈	That's when I realized the subtitles weren't embedded in the video, hahaha.	now that you mention it, I just realized the subtitles aren't part of the video hahaha
B-PYA-097	PYA	73.04	88.66	15.62	63.73	67.74	4.01	100	100	0	完了疑似吉米被吓疯了hh	Jimmy, who was suspected, was scared crazy, haha.	完了疑似吉米被吓疯了哈哈	Jimmy was scared crazy, haha.	uh oh, Jimmy seems scared out of his mind haha
B-PYA-098	PYA	92.12	90.59	-1.53	74.13	80.09	5.96	100	100	0	看清楚材质吧，pdd很多都是聚酯纤维，你问客服没几个敢说是纯棉的	Look closely at the material. Many items on Pinduoduo are polyester fiber. If you ask customer service, very few would dare to say they are pure cotton.	看清楚材质吧，拼多多很多都是聚酯纤维，你问客服没几个敢说是纯棉的	Look closely at the the material. Many items on Pinduoduo are polyester fiber. If you ask customer service, very few would dare to say they are pure cotton.	check the fabric carefully — a lot of stuff on Pinduoduo is polyester, and few customer-service reps dare claim it's pure cotton
B-PYA-099	PYA	76.29	90.96	14.67	58.47	53.51	-4.95	0	0	0	27W收藏4W点赞服了不提醒还不知道........	27W saves, 4W likes, I'm speechless. I wouldn't have known if it hadn't reminded me...	27万收藏4万点赞服了不提醒还不知道........	270,000 saves, 40,000 likes, I can't believe I didn't even realize it until now...	270k saves and 40k likes, unbelievable — I wouldn't even have known without the reminder……
B-PYA-100	PYA	77.24	97.81	20.58	67.49	69.23	1.74	0	0	0	20w收藏3w点赞	20w saves, 3w likes	20万收藏3万点赞	200,000 saves, 30,000 likes	200k saves, 30k likes
B-PYA-101	PYA	87.88	91.20	3.31	80.41	82.83	2.42	0	0	0	啊？60w围攻45w的城，对方还以骑兵为主？？！	Huh? 600,000 besieging a city of 450,000, and the enemy is primarily cavalry?!	啊？60万围攻45万的城，对方还以骑兵为主？？！	Huh? 600,000 besieging a city of 450,000, and the enemy is primarily cavalry?!	what? 600k besieging a city of 450k, and the enemy is mostly cavalry??!
B-PYA-102	PYA	78.34	73.42	-4.92	66.99	63.14	-3.85	100	100	0	“义人，就是ta，欺负我。”	The righteous one, that is he, oppresses me.	“义人，就是他，欺负我。”	The righteous man, even he, oppresses me.	Righteous one, it was them — they bullied me.
B-PYA-103	PYA	86.94	96.99	10.06	40.41	77.82	37.41	0	100	100	好装好假好ex	So pretentious, so fake, so extra.	好装好假好恶心	So pretentious, so fake, so disgusting.	so pretentious, so fake, so gross
B-PYA-104	PYA	62.49	76.79	14.30	44.51	44.46	-0.05	0	100	100	死yxh滚远点	Die, yxh, get lost.	死营销号滚远点	Get lost, you clickbait marketing account.	damn clickbait accounts, get lost
B-PYA-106	PYA	81.60	81.30	-0.30	69.98	61.36	-8.62	100	100	0	牛啊，我怎么幻听出歌词了(bushi)	Wow, a cow! How did I hallucinate lyrics? (just kidding)	牛啊，我怎么幻听出歌词了(不是)	Wow, I must be hearing things, I thought I heard lyrics (just kidding).	impressive — why am I hallucinating lyrics out of this (jk)
B-PYA-107	PYA	86.19	91.78	5.59	69.96	75.97	6.00	0	100	100	心灵感应原版就是致敬火花hhh	The original telepathy was a tribute to Spark hhh	心灵感应原版就是致敬火花哈哈哈	The original telepathy was a tribute to Spark, hahaha.	the original Telepathy really is a homage to Spark hahaha
B-PYA-108	PYA	88.81	85.16	-3.65	74.26	70.89	-3.37	0	0	0	woc瞬间高清修补版	WoC Instant HD Restoration Version	卧槽瞬间高清修补版	Holy crap, instant HD repair version	whoa, instantly the HD restored version
B-NEO-096	NEO	84.88	88.06	3.18	82.39	83.51	1.12	0	0	0	泪目，我一直不知道自己想做什么，感觉选择的大都错了，已经索性不想选择了...糟糕啊...	Tears welling up, I've never known what I wanted to do. It feels like most of the choices I've made were wrong, so much so that I've simply stopped wanting to choose anymore... This is terrible...	眼泛泪光，我一直不知道自己想做什么，感觉选择的大都错了，已经索性不想选择了...糟糕啊...	My eyes are welling up with tears. I've never known what I want to do, and it feels like most of the choices I've made were wrong. I've gotten to the point where I don't even want to choose anymore... This is terrible...	tearing up — I've never known what I want to do, feels like most of my choices were wrong, and now I've simply stopped choosing… this is bad…
B-NEO-097	NEO	91.78	92.72	0.94	69.36	71.79	2.43	0	0	0	10后，上一次看是三年前了，但是也泪目了	I was born in the the 2010s, the last time I watched it was three years ago, but it still brought tears to my eyes.	10后，上一次看是三年前了，但是也落泪了	I was born in the 2010s, the last time I watched it was three years ago, but I still cried.	born after 2010 — last watched this three years ago, but it still made me tear up
B-NEO-098	NEO	83.20	85.37	2.17	76.13	80.79	4.66	0	0	0	虽然整个乐队前期像拼好队一样，但是结局随着独角兽的回归写的还是不错的	Although the band initially seemed to be pieced together, the ending, with the return of the unicorn, was well-written.	虽然整个乐队前期像拼凑起来的队伍一样，但是结局随着独角兽的回归写的还是不错的	Although the band initially seemed like a makeshift group, the ending, with the return of the unicorn, was well-written.	even though the band felt like a thrown-together group-buy squad early on, the ending with the unicorn's return was written pretty well
B-NEO-099	NEO	81.41	85.87	4.47	69.49	69.54	0.04	0	0	0	“苏新皓你好的太突出”这句话的含金量还在上升	"The value of the phrase ""Su Xinhao, your 'hello' is too prominent"" is still increasing."	“苏新皓你好的太突出”这句话的价值还在提升	"The value of the sentence ""Su Xinhao, your 'hello' is too prominent"" is still increasing."	"the line ""Su Xinhao, your hello is too striking"" keeps proving truer and truer"
B-NEO-100	NEO	86.21	87.14	0.93	72.00	64.85	-7.14	0	0	0	扎格列斯之手的含金量还在上升！	"The value of ""The Hand of Zagreb"" is still rising!"	扎格列斯之手的价值还在提升！	The value of the Hand of Zagreb is still increasing!	the Hand of Zagreus keeps proving its worth!
B-NEO-101	NEO	53.91	69.34	15.43	52.00	71.39	19.39	0	0	0	红温了，把打野怪爆的装备给炸了，你好歹拿一些吧	The red temperature exploded the equipment dropped by the jungle monsters. You should at least take some.	气急了，把打野怪爆的装备给炸了，你好歹拿一些吧	Furious, I blew up the equipment I got from killing jungle monsters. You could at least take some.	he's fuming — blew up the gear dropped from jungle monsters, at least take some of it, man
B-NEO-102	NEO	78.71	82.10	3.39	64.44	73.16	8.72	0	0	0	反派看到了硬控他的回忆……	The villain saw his memories hard-controlled...	反派看到了完全控制住他的回忆……	The villain saw the memory that completely controlled him...	the villain saw the memories that completely transfixed him……
B-NEO-103	NEO	80.96	93.04	12.08	60.39	74.16	13.77	0	0	0	我还以为是9.9元拼好饭呢	I thought it was a 9.9 yuan Pinhai rice.	我还以为是9.9元拼单买的饭呢	I thought it was a meal bought through a 9.9 yuan group purchase.	I thought it was a 9.9-yuan group-buy meal deal
B-NEO-104	NEO	77.91	67.17	-10.74	57.17	68.76	11.59	0	0	0	向佐药水哥梦幻联动！	Xiang Zuo and Shui Ge (Dream Linkage)!	向佐药水哥跨界合作！	Xiang Zuo and Shui Ge (Water Brother) are collaborating across different fields!	Xiang Zuo and Yaoshui-ge, a dream crossover!
B-NEO-105	NEO	68.45	77.33	8.88	43.80	52.39	8.59	0	0	0	电子榨菜配跳跳糖	Electronic Zha Cai with Pop Rocks	下饭视频配跳跳糖	A video that goes well with food, paired with popping candy.	comfort-viewing video paired with popping candy
B-NEO-106	NEO	91.87	96.53	4.66	66.23	82.75	16.53	0	0	0	这声音绝绝子	That sound is amazing!	这声音好极了	The sound is excellent.	this voice is simply divine
B-NEO-107	NEO	71.93	78.80	6.88	61.36	75.13	13.77	0	0	0	假师傅让拜，真师傅反而不让拜，难绷了	The fake master tells you to worship, but the true master forbids it; it's hard to take.	假师傅让拜，真师傅反而不让拜，让人无语了	Fake masters tell you to worship, while true masters forbid it, which is truly baffling.	the fake master lets you bow to him, but the real master won't — I can't even
B-NEO-108	NEO	95.27	96.93	1.65	71.64	81.24	9.60	0	0	0	一想到一睁眼就有倒计时就难绷	It's hard to deal with the thought of a countdown as soon as I open my eyes.	一想到一睁眼就有倒计时就受不了	I can't stand the thought of a countdown as soon as I open my eyes.	the thought of waking up to a countdown every day just breaks me
B-MIX-092	MIX	93.98	90.55	-3.43	73.94	73.89	-0.05	100	100	0	完全不给队友上buff的机会	Completely no chance for teammates to get buffs.	完全不给队友上增益的机会	Completely denying teammates the chance to gain buffs.	gives teammates zero chance to apply buffs
B-MIX-093	MIX	59.71	51.01	-8.70	42.56	45.86	3.30	100	100	0	不会侵蚀后全是boss吧	It's all bosses after it stops eroding, right?	不会侵蚀后全是头目吧	Won't it be all bosses after it's no longer eroded?	don't tell me everything after the corruption is a boss
B-MIX-094	MIX	95.81	85.99	-9.82	75.04	61.16	-13.88	0	0	0	顾客：心平气和.jpg	Customer: Calm and composed.	顾客：心平气和的表情包	Customer: Calm and collected emoji	customer: calm-and-composed.jpg
B-MIX-095	MIX	96.52	89.57	-6.95	80.21	69.23	-10.98	100	0	-100	海皇cpu高速运转中……	The Sea Emperor CPU is running at high speed...	海皇大脑高速运转中……	The Sea Emperor's mind was racing...	the Sea Emperor's CPU is running at full speed……
B-MIX-096	MIX	83.90	65.35	-18.55	68.23	75.61	7.39	100	0	-100	可以无限卡bug，站起来再躺下去，站起来再躺下去。	You can exploit bugs indefinitely, standing up and lying down repeatedly.	可以无限卡漏洞，站起来再躺下去，站起来再躺下去。	You can exploit the unlimited card loophole, standing up and then lying down, standing up and then lying down.	you can exploit the bug endlessly — stand up, lie back down, stand up, lie back down.
B-MIX-097	MIX	52.46	32.06	-20.40	40.42	44.77	4.35	100	100	0	在扳机的视频里刷什么悠真真的很ky好吧	What Yuma is doing in the trigger video is really tone-deaf, okay?	在扳机的视频里刷什么悠真真的很不会看气氛好吧	What's Yuma doing in the trigger video? He really doesn't know how to read the room.	spamming Harumasa comments on a Trigger video is honestly so tone-deaf, okay
B-MIX-098	MIX	93.10	74.67	-18.43	67.49	75.27	7.78	100	0	-100	别什么过场都搞qte，破坏连贯	Don't make every cutscene a QTE, it ruins the flow.	别什么过场都搞快速反应事件，破坏连贯	Don't make every formality a quick-response event, it disrupts coherence.	stop putting QTEs in every cutscene, it ruins the flow
B-MIX-099	MIX	92.71	92.02	-0.68	65.69	66.82	1.14	100	0	-100	不是哥们，怎么pv就删了。	No, buddy, why was the PV deleted?	不是哥们，怎么宣传片就删了。	No way, guys, how could they delete the promotional video?	wait bro, why did the PV get deleted.
B-MIX-100	MIX	99.60	99.53	-0.07	83.73	83.45	-0.28	100	100	0	要是做出这样的mod，那就有意思了	If a mod like that were made, it would be interesting.	要是做出这样的模组，那就有意思了	It would be interesting if such a module were made.	if someone made a mod like this, that would be fun
B-MIX-101	MIX	96.13	95.19	-0.94	71.95	72.14	0.19	100	100	0	omg！这是谁家的小孩这么有出息啊啊啊啊啊	OMG! Whose child is this, so accomplished!	我的天！这是谁家的小孩这么有出息啊啊啊啊啊	Oh my god! Whose child is this, so accomplished!	omg! whose kid is this, so talented ahhhh
B-MIX-102	MIX	98.57	97.38	-1.19	78.27	76.93	-1.34	100	100	0	很多老外不知道田一鸣叫什么，就叫他super idol	"Many foreigners don't know what Tian Yiming's name is, so they just call him ""super idol."""	很多老外不知道田一鸣叫什么，就叫他超级偶像	Many foreigners don't know what Tian Yiming's name is, so they call him Super Idol.	many foreigners don't know Tian Yiming's name, so they just call him super idol
B-MIX-103	MIX	84.24	92.94	8.71	67.27	77.96	10.69	100	0	-100	知名up主老番茄视频内容不慎跌回五年前的水平	"The well-known Bilibili content creator Lao Fan Qie's video content has unfortunately regressed to the
level of five years ago."	知名视频作者老番茄视频内容不慎跌回五年前的水平	Well-known video creator Lao Fan Qie's video content has unfortunately fallen back to the five-year-ago level.	famous uploader LaoFanQie's video content has accidentally slipped back to its level five years ago
B-MIX-104	MIX	98.83	93.98	-4.85	82.29	60.67	-21.62	0	100	100	我打个csgo心跳都能160	My heart rate can reach 160 just by playing CS: GO.	我打个反恐精英心跳都能160	My heart rate can reach 160 just by playing Counter-Strike.	my heart rate hits 160 just playing CS:GO
B-MIX-105	MIX	99.66	99.68	0.02	56.00	88.20	32.19	100	0	-100	回答我，鸟为什么会飞？ Look at my eye, tell me why!	Answer me, why do birds fly? Look at my eye, tell me why!	回答我，鸟为什么会飞？ 看着我的眼睛，告诉我为什么！	Answer me, why do birds fly? Look into my eyes and tell me why!	answer me, why can birds fly? Look at my eye, tell me why!
B-MIX-106	MIX	97.38	96.57	-0.80	83.42	83.35	-0.07	100	100	0	这里应该说的是welcome to shaolin 吧	"It should be ""welcome to Shaolin"" here, right?"	这里应该说的是欢迎来到少林 吧	"Here, it should be ""Welcome to Shaolin,"" right?"	what he should have said here is welcome to Shaolin, right
B-MIX-107	MIX	86.76	89.52	2.76	64.24	70.18	5.94	100	100	0	这BGM给我干天津去了	This BGM took me to Tianjin.	这背景音乐给我干天津去了	This background music has me feeling like I'm in Tianjin.	this BGM just teleported me straight to Tianjin
B-MIX-108	MIX	51.32	53.76	2.44	65.37	67.22	1.85	100	100	0	小八和啵哝就像是妈妈带了个teenager出来我服了。	Little Eight and Bohnong are like a mom bringing a teenager out, I'm impressed.	小八和啵哝就像是妈妈带了个青少年出来我服了。	Little Hachi and Bohnong are like a mom who brought a teenager out, I'm impressed.	Xiaoba and Bonong are just like a mom taking a teenager out, I can't with them.
B-MIX-109	MIX	87.09	85.91	-1.18	78.54	76.08	-2.46	100	100	0	其实我不仅是rapper，我还是DJ，香蜜湖你听见了吗	Actually, I'm not just a rapper, I'm also a DJ. Xiangmihu, can you hear me?	其实我不仅是说唱歌手，我还是打碟师，香蜜湖你听见了吗	Actually, I'm not just a rapper, I'm also a DJ! Xiangmihu, can you hear me?	actually I'm not just a rapper, I'm also a DJ — Xiangmi Lake, can you hear me
B-MIX-110	MIX	60.93	70.18	9.25	57.19	67.62	10.42	100	0	-100	我家小逻怎么成敌方boss单位了？还有精英干员长颈鹿	Why did my little Arknights character become an enemy boss unit? And there's the elite operator Giraffe.	我家小逻怎么成敌方头目单位了？还有精英干员长颈鹿	How did my little Luo become an enemy leader unit? And the elite operator Giraffe.	how did my Xiaoluo become an enemy boss unit? and there's an elite operator giraffe too
B-MIX-111	MIX	95.04	95.78	0.73	65.50	68.51	3.01	100	0	-100	看得ptsd犯了	It triggered my PTSD.	看得创伤后应激障碍犯了	Seeing it triggered post-traumatic stress disorder.	watching this triggered my PTSD
B-MIX-112	MIX	89.62	94.97	5.35	75.00	76.57	1.56	100	0	-100	我独自拯救一切Pro max	I'll save everything alone Pro max	我独自拯救一切加强版	I'll Save Everything Alone: Enhanced Edition	I Alone Save Everything, Pro Max edition
B-MIX-113	MIX	94.05	92.49	-1.56	66.19	68.24	2.05	100	100	0	那是债主催债了bro	That's the creditor collecting the debt, bro.	那是债主催债了兄弟	That's the creditor collecting the debt, brother.	that's the creditor coming to collect, bro
B-MIX-114	MIX	77.01	89.83	12.82	70.27	78.42	8.14	0	0	0	姐！邀请宋雨琦上节目！E人很适合！章昊也是！	Sis! Invite Song Yuqi to the show! E-types are a great fit! So is Zhang Hao!	姐！邀请宋雨琦上节目！外向的人很适合！章昊也是！	Sis! Invite Song Yuqi to the show! Outgoing people are a great fit! So is Zhang Hao!	sis! invite Song Yuqi onto the show! extroverts are perfect for it! Zhang Hao too!
B-MIX-115	MIX	82.53	81.37	-1.17	75.30	77.09	1.79	0	100	100	好阳光啊，这一定是相互救赎的少女乐队故事吧www	What beautiful sunshine! This must be a story about a girl band that mutually redeems each other, right?	好阳光啊，这一定是相互救赎的少女乐队故事吧哈哈哈	What beautiful sunshine! This must be a story about a girl band that mutually saves each other, hahaha.	so wholesome — this must be a girls-band story of mutual redemption lol
B-MIX-116	MIX	86.23	86.85	0.62	84.04	82.83	-1.21	0	0	0	小时候我没有cp这个概念，一直认为这俩只是朋友	"When I was little, I didn't have the concept of a ""CP""; I always thought those two were just friends."	小时候我没有情侣配对这个概念，一直认为这俩只是朋友	When I was little, I didn't have the concept of couples or dating; I always thought those two were just friends.	as a kid I had no concept of shipping — I always thought these two were just friends
B-MIX-117	MIX	87.13	92.92	5.79	80.20	80.91	0.71	100	0	-100	妹妹在cos商鞅吗	Is my sister cosplaying Shang Yang?	妹妹在扮演商鞅吗	Is my sister playing Shang Yang?	is the girl cosplaying Shang Yang
B-MIX-118	MIX	96.33	98.21	1.88	77.99	76.71	-1.28	100	100	0	哎呀，蚊子得了MVP！	Oh no, the mosquito got MVP!	哎呀，蚊子得了全场最佳！	Oh no, the mosquito got the MVP!	oops, the mosquito got the MVP!
B-MIX-119	MIX	95.02	96.29	1.27	82.92	81.78	-1.14	100	100	0	这都ai配音了，字幕当然也是ai啊	These are all AI voiceovers, so of course the subtitles are also AI.	这都人工智能配音了，字幕当然也是人工智能啊	This is already AI voiceover, so of course the subtitles are also AI.	the voiceover is already AI, so of course the subtitles are AI too
B-MIX-120	MIX	87.08	72.65	-14.43	71.09	56.40	-14.69	100	0	-100	谁还没看我都会伤心的OK？	Anyone who hasn't seen it yet will make me sad, okay?	谁还没看我都会伤心的好吗？	Would anyone who hasn't seen it yet make me sad?	if anyone hasn't watched this yet I'll be sad, OK?
B-MIX-121	MIX	85.06	86.15	1.09	44.78	54.85	10.07	100	100	0	少看一天b站都剪不出来	Even if I watch Bilibili one less day, I can't edit it.	少看一天哔哩哔哩都剪不出来	Even if I watch Bilibili one less day, I can't edit it.	skip even one day of Bilibili and you couldn't edit this
B-MIX-122	MIX	99.88	100.00	0.12	83.88	84.05	0.17	100	100	0	只是一个道歉，but这个道歉的代价实在太高	Just an apology, but the price of this apology is too high.	只是一个道歉，但是这个道歉的代价实在太高	It's just an apology, but the price of this apology is too high.	it's just an apology, but the price of this apology is way too high
B-MIX-123	MIX	93.57	93.40	-0.18	69.65	77.02	7.37	100	0	-100	记者会？不，个人show time	Press conference? No, personal show time	记者会？不，个人表演时间	Press conference? No, it's a one-man show.	a press conference? no, it's personal show time
B-MIX-124	MIX	91.51	90.66	-0.85	68.63	78.82	10.19	100	0	-100	这一场演得不好，应该喊cut重来	"This performance was not good; we should have called ""cut"" and started over."	这一场演得不好，应该喊停重来	This performance was not good; it should be stopped and redone.	this scene was badly acted, someone should call cut and redo it
B-MIX-125	MIX	96.54	96.90	0.35	80.40	84.35	3.95	100	100	0	喝水这part我真的笑了	"I really laughed at the ""drinking water"" part."	喝水这部分我真的笑了	I really laughed at the part about drinking water.	the water-drinking part genuinely made me laugh
B-MIX-126	MIX	97.94	98.16	0.22	79.26	82.62	3.36	100	0	-100	中式恐怖，真的next level	Chinese horror, truly next level.	中式恐怖，真的更上一层楼	Chinese horror has truly reached a new level.	Chinese-style horror, truly next level
B-MIX-127	MIX	97.13	97.49	0.36	80.52	83.83	3.31	100	0	-100	他们都在好奇那个npc是谁扮的	They are all curious about who is playing that NPC.	他们都在好奇那个非玩家角色是谁扮的	They are all curious about who played that non-player character.	they're all wondering who played that NPC
B-MIX-128	MIX	79.51	72.93	-6.58	76.66	73.47	-3.19	0	100	100	os好想看张桂源也来一期	OS really wants to see Zhang Guiyuan have an episode too.	内心独白好想看张桂源也来一期	I really want to see Zhang Guiyuan's inner monologue, and I hope she does an episode too.	inner monologue: I really want to see Zhang Guiyuan do an episode too
B-MIX-129	MIX	98.63	99.36	0.73	71.95	69.39	-2.56	100	100	0	我已经走在了country road 上了	I'm already walking on a country road.	我已经走在了乡间小路 上了	I'm already walking on the country road.	I'm already walking on the country road
B-MIX-130	MIX	93.26	97.28	4.02	67.01	79.79	12.77	0	0	0	从来没有get到他颜值	I've never understood his appeal/attractiveness.	从来没有领略到他颜值	I've never fully appreciated his good looks.	I've never gotten the appeal of his looks
B-MIX-131	MIX	93.86	94.82	0.96	57.50	72.12	14.63	100	100	0	看哪一只eye啊sir	Which eye, sir?	看哪一只眼啊长官	Which eye are you looking at, sir?	looking at which eye, sir
B-MIX-132	MIX	99.19	99.23	0.03	40.29	81.96	41.67	100	100	0	天磊：what can I say	Tianlei: What can I say	天磊：我能说什么	Tianlei: What can I say?	Tianlei: what can I say
B-MIX-133	MIX	94.00	95.72	1.72	72.97	80.77	7.80	100	100	0	唉，我去，真的有比利诶。该不会是暗示sp比利吧	Oh my god, there's really a Billy. Could this be a hint for an SP Billy?	唉，我去，真的有比利诶。该不会是暗示特殊版比利吧	Oh my god, there's really a Billy. Could this be a hint at a special edition Billy?	whoa, there really is a Billy — could this be hinting at an SP Billy
B-MIX-134	MIX	86.28	88.15	1.88	67.13	75.37	8.25	100	100	0	摊主，我也是你们play中的一环吗	Vendor, am I also a part of your play?	摊主，我也是你们角色扮演中的一环吗	Vendor, am I also a part of your role-play?	stall owner, am I also part of your roleplay
B-MIX-135	MIX	91.28	90.32	-0.96	63.45	79.63	16.18	100	100	0	抽me,please抽me	Hit me, please hit me	抽我,请抽我	Hit me, please hit me	draw me, please draw me
B-MIX-136	MIX	99.34	97.27	-2.07	71.19	81.19	10.00	100	0	-100	boss已进入二阶段	The boss has entered phase two.	头目已进入二阶段	The leader has entered the second phase.	the boss has entered phase two
B-MIX-137	MIX	91.38	78.97	-12.42	72.82	73.21	0.39	100	0	-100	这里是以为他要长期练，mcn没沟通好	Here, I thought he was going to practice for a long time, but MCN didn't communicate well.	这里是以为他要长期练，传媒公司没沟通好	Here, he thought it was for long-term practice, and the media company didn't communicate well.	here they thought he'd be training long-term — the MCN agency didn't communicate properly
B-MIX-138	MIX	78.76	84.50	5.73	77.05	79.55	2.50	0	0	0	加拉赫上线一年了还在c	Gallagher has been online for a year and is still in C.	加拉赫上线一年了还在当主力	Gallagher has been a key player for a year now.	Gallagher has been out for a year and is still carrying
B-MIX-139	MIX	92.18	90.00	-2.18	70.54	76.86	6.32	100	100	0	直伤+超击破+dot伤害	Direct damage + Super Break + DoT damage	直伤+超击破+持续伤害	Direct Damage + Super Break + Damage Over Time	direct damage + super break + DoT damage
B-HOM-133	PYA	95.29	93.09	-2.20	70.20	69.78	-0.42	100	100	0	兄dei  成佛吧   修仙太难了	Brother, become a Buddha. Cultivating immortality is too difficult.	兄弟  成佛吧   修仙太难了	Brothers, become Buddhas! Cultivating immortality is too difficult.	bro, just become a buddha — cultivating immortality is too hard
B-HOM-134	HOM	59.77	82.24	22.47	63.17	78.44	15.27	0	100	100	我真怕药水一拳给向左打晕过去	I'm really afraid the potion will knock him out with one punch to the left.	我真怕药水一拳给向佐打晕过去	I'm really afraid the potion will knock Xiang Zuo out with one punch.	I'm really afraid Yaoshui will knock Xiang Zuo out with one punch
B-HOM-135	HOM	79.85	80.24	0.38	78.46	79.79	1.34	0	0	0	甲亢哥：我还能再看亿遍	Hyperthyroidism Guy: I can watch this a billion more times.	甲亢哥：我还能再看一亿遍	Hyperthyroidism Guy: I could watch this a billion more times.	Jiakang Bro: I could watch this a hundred million more times
B-NEO-109	NEO	83.75	79.91	-3.84	57.49	56.55	-0.95	0	100	100	逆天，吴国给日本朝贡都来了	Unbelievable, even the State of Wu paying tribute to Japan has come to pass.	离谱，吴国给日本朝贡都来了	Outrageous, even the State of Wu paying tribute to Japan has come up.	outrageous — now we've even got the Wu kingdom paying tribute to Japan
B-NEO-110	NEO	85.96	88.85	2.89	71.93	75.31	3.39	0	100	100	泪目了，米哈游你坏事做尽	Tears welled up, miHoYo, you've done nothing but evil.	感动落泪了，米哈游你坏事做尽	I was moved to tears, miHoYo, you've done nothing but evil.	I teared up — miHoYo, you've done every evil deed there is
B-NEO-111	NEO	80.77	87.44	6.68	62.99	78.69	15.70	0	0	0	双非大学生，还没进厂。光看这个社会环境已经感觉自己燃尽了	Double non-first-tier university student, not yet entered the factory. Just looking at this social environment, I already feel burnt out.	非重点大学的大学生，还没进厂。光看这个社会环境已经感觉自己精疲力竭了	University students from non-key universities, who haven't even entered the workforce yet, already feel exhausted just by observing the current social environment.	a non-elite-university student who hasn't even started working yet — just looking at this social environment I already feel burned out
B-NEO-112	NEO	92.15	90.88	-1.27	71.93	73.03	1.11	0	0	0	看勇哥直播，各种神人	Watching Brother Yong's live stream, there are all sorts of amazing people.	看勇哥直播，各种行为离谱的人	Watching Brother Yong's live stream, there are all sorts of people with outrageous behavior.	watching Brother Yong's streams, you see all kinds of absolute characters
B-NEO-113	NEO	76.34	77.44	1.10	77.57	78.88	1.31	0	0	0	太真实了，想到的那句话发现他可能听不懂于是在后面加点补丁	It's too real. I realized the phrase I thought of might not be understood by him, so I added some clarification at the end.	太真实了，想到的那句话发现他可能听不懂于是在后面加点补充说明	It's too real. I thought of a sentence but realized he might not understand it, so I added some supplementary explanations afterward.	so true — you think of a comeback, realize he might not get it, and then tack some patches onto it
B-NEO-114	NEO	96.81	92.22	-4.58	63.65	81.19	17.54	100	0	-100	为什么能匹到这么多神人	Why am I matched with so many amazing people?	为什么能匹配到这么多行为离谱的人	Why are so many people with outrageous behaviors matched?	how do I keep getting matched with so many absolute characters
B-NEO-115	NEO	92.63	94.55	1.92	71.34	80.28	8.94	0	0	0	所以男主在嘎掉的威胁下领悟了？	So the male lead had an epiphany under the threat of being killed?	所以男主在死掉的威胁下领悟了？	So the male lead had an epiphany under the threat of death?	so the male lead had his awakening under the threat of getting offed?
B-MIX-140	MIX	76.37	63.11	-13.26	59.09	55.64	-3.45	100	0	-100	这个zzz不会要给他出个动画吧？	This zzz isn't going to get an anime, is it?	这个绝区零不会要给他出个动画吧？	This Honkai: Star Rail wouldn't be getting an anime, would it?	don't tell me ZZZ is going to make an anime for him?
B-MIX-141	MIX	92.83	93.25	0.41	76.41	78.67	2.26	100	100	0	怎么说呢 很怀疑up主的精神状态	How to put it, I really doubt the uploader's mental state.	怎么说呢 很怀疑视频作者的精神状态	How to put it, I really doubt the mental state of the video creator.	how do I put it — I seriously question this uploader's state of mind
B-MIX-143	MIX	89.62	91.72	2.10	56.26	63.20	6.94	100	100	0	他和背后的 n pc 格格不入	He and the NPCs behind him are out of place.	他和背后的 非玩家角色 格格不入	He and the non-player characters behind him are out of place.	he's completely out of place next to the NPC behind him
B-MIX-145	NEO	80.11	73.76	-6.35	77.66	76.91	-0.75	0	0	0	甲亢哥：我DNA动了	Hyperthyroid Guy: My DNA is moving.	甲亢哥：我本能被唤醒了	Hyperthyroidism Guy: My instincts have been awakened.	Jiakang Bro: my DNA just moved
B-MIX-146	MIX	84.79	80.73	-4.06	61.26	69.01	7.74	100	0	-100	bro以为自己在演致命ID	Bro thought he was in a Bourne movie.	这哥们以为自己在演致命ID	This guy thinks he's in The Fatal ID.	bro thinks he's starring in Identity
B-MIX-147	MIX	95.99	98.83	2.84	72.25	72.19	-0.07	0	0	0	干嘛突然cos班主任	Why are you suddenly cosplaying as the homeroom teacher?	干嘛突然扮演班主任	Why are you suddenly acting like a homeroom teacher?	why are you suddenly cosplaying as the homeroom teacher
B-MIX-148	MIX	96.86	87.65	-9.21	71.16	77.13	5.97	100	0	-100	神作，没见过的mad种类呢	A masterpiece, a kind of MAD I've never seen before.	神作，没见过的混剪视频种类呢	A masterpiece, a kind of mixed-cut video I've never seen before.	a masterpiece — a kind of MAD I've never seen before
B-PYA-109	PYA	90.36	89.29	-1.07	72.87	56.59	-16.28	0	100	100	拍了拍博士的石棺盖子hhhhh	He patted the lid of the Doctor's stone coffin hhhhh	拍了拍博士的石棺盖子哈哈哈哈哈	Patted the Doctor's sarcophagus lid, hahahahaha.	gave the Doctor's stone coffin lid a little pat hahaha
B-PYA-110	PYA	93.31	99.06	5.75	42.01	84.44	42.43	100	100	0	万恶的zi ben jia	Evil capitalist	万恶的资本家	Evil capitalists	the evil capitalists
B-PYA-111	PYA	81.88	81.83	-0.06	62.27	60.66	-1.61	100	100	0	就说问啥听不到，nnd只带了一个耳机	Just say why you can't hear anything, damn it, I only brought one earphone.	就说问啥听不到，奶奶的只带了一个耳机	Just say why you can't hear anything, damn it, I only brought one earbud.	no wonder he said he couldn't hear anything — damn it, he only brought one earbud
