uid	category	xcomet_noisy	xcomet_clean	xcomet_d	kiwi_noisy	kiwi_clean	kiwi_d	nta_noisy	nta_clean	nta_d	src_noisy	hyp_noisy	src_clean	hyp_clean	ref_en
B-HOM-001	HOM	95.31	96.89	1.58	52.98	78.57	25.59	0	0	0	酱紫也行？那我也试试	I'll try it too.	这样子也行？那我也试试	I'll try it too.	this works? then let me try too
B-HOM-002	HOM	95.24	97.48	2.25	59.78	76.28	16.50	0	0	0	你怎么酱紫说话，人家会误会的	How can you say that, people will misunderstand	你怎么这样子说话，人家会误会的	How can you talk like that, people will misunderstand	why do you talk like that, people will misunderstand
B-HOM-003	HOM	73.25	94.57	21.32	55.27	79.49	24.22	0	0	0	各位童鞋注意了，期末考试要来了	The final exams are coming, so beware of the shoes.	各位同学注意了，期末考试要来了	The students are aware that the final exams are coming.	attention classmates, final exams are coming
B-HOM-004	HOM	51.52	96.74	45.22	54.18	78.66	24.47	0	100	100	童鞋们帮我看看这道题怎么做	The shoes show me how to do this.	同学们帮我看看这道题怎么做	My classmates showed me how to do this.	classmates help me figure out this problem
B-HOM-005	HOM	62.53	99.12	36.59	51.21	85.97	34.76	0	100	100	我真的好稀饭这个博主，太搞笑了	I'm really a weird blogger, and it's so funny.	我真的好喜欢这个博主，太搞笑了	I really like this blogger, it's so funny	I really like this creator, too funny
B-HOM-006	HOM	75.07	100.00	24.93	41.77	77.22	35.45	0	100	100	你是不是稀饭我？直说嘛	Are you trying to scare me?	你是不是喜欢我？直说嘛	Do you like me?	do you like me? just say it
B-HOM-007	HOM	66.25	93.51	27.26	66.42	79.55	13.12	0	100	100	今天又是杯具的一天，出门忘带钥匙	Today is another day of cups, leaving the house without the keys	今天又是悲剧的一天，出门忘带钥匙	Today is another tragic day, leaving home without the keys.	another tragic day, forgot my keys going out
B-HOM-008	HOM	76.49	99.97	23.48	75.16	84.90	9.74	0	100	100	人生就是一个杯具接着一个杯具	Life is one cup after another.	人生就是一个悲剧接着一个悲剧	Life is one tragedy after another.	life is one tragedy after another
B-HOM-009	HOM	91.08	86.48	-4.60	68.38	71.16	2.78	0	0	0	游戏过于神金，不确定先从哪里笑起	The game is too good to be true, and I'm not sure where to start laughing.	游戏过于神经，不确定先从哪里笑起	The game is so nervous, I'm not sure where to start laughing	this game is so unhinged, not sure where to start laughing
B-HOM-010	HOM	76.46	62.55	-13.91	41.69	50.07	8.39	0	0	0	都说我做饭神金，今天就做神金给你们吃	I'm going to cook for you today.	都说我做饭神经，今天就做神经给你们吃	They all say I cook nerves, today I will cook nerves for you	y'all say I'm crazy in the kitchen, so today I'm cooking crazy for you
B-HOM-011	HOM	81.95	86.14	4.19	65.55	81.60	16.05	0	0	0	世界上最神金的行为	The world's most glamorous act	世界上最神经的行为	The most nervous behavior in the world	the most unhinged behavior in the world
B-HOM-012	HOM	32.26	20.83	-11.43	31.75	36.38	4.63	0	0	0	被这离谱的主播笑拥了	The BBC's 'Show of the Year' is a great example of this.	被这离谱的主播笑晕了	The BBC's 'Show Me the Way' is a comedy about a man who is a radio host.	I'm dead from this absurd streamer
B-HOM-013	HOM	66.91	71.74	4.83	56.64	66.64	10.00	0	0	0	笑拥了！带货主播推荐的迷惑水果太离谱了吧	Laughing! The fruit of the conjuring that the host recommended is so bizarre	笑晕了！带货主播推荐的迷惑水果太离谱了吧	Laughing! The magic fruit recommended by the host is so bizarre	I’m dying laughing! Those weird fruits promoted by live stream sales hosts are ridiculous.
B-HOM-014	HOM	79.17	80.07	0.90	58.46	61.10	2.65	0	0	0	新来的00后程序员写的代码，看到这段注释真的快把我笑拥了	I'm a new programmer who wrote code after 00, and this comment really made me laugh.	新来的00后程序员写的代码，看到这段注释真的快把我笑晕了	I'm a new programmer who wrote code after 00, and this comment really made me laugh.	the new Gen Z programmer's code, seeing this comment almost killed me laughing
B-HOM-016	NEO	70.40	69.25	-1.15	43.76	62.55	18.78	0	0	0	考试没复习直接寄，明年再来	I'm not going to write a review, I'll come back next year.	考试没复习直接完了，明年再来	The exam is not a review, just a quick one, come back next year	didn't study for the exam, it's over, see you next year
B-HOM-018	HOM	68.49	31.92	-36.57	45.94	33.75	-12.19	0	0	0	火钳流明，这帖子要火	The fire is lit, this post is on fire	火前留名，这帖子要火	This post is for you.	leaving a name before this blows up, this post is about to go viral
B-HOM-019	HOM	70.52	89.58	19.06	69.97	82.02	12.06	0	0	0	雀食好笑，不骗你	The birds are funny, they don't lie to you.	确实好笑，不骗你	It's funny, I'm not lying to you.	it's genuinely funny, no cap
B-HOM-021	HOM	97.73	93.37	-4.36	80.41	76.69	-3.72	0	0	0	沃草，这无人机表演太震撼了	Wow, this drone show is so amazing.	我操，这无人机表演太震撼了	I'm so excited about this drone show.	holy crap, this drone show is insane
B-HOM-023	HOM	74.82	75.26	0.44	74.16	50.79	-23.37	0	0	0	你想peach呢，哪有这么好的事	You want peach, what's so good about it?	你想屁吃呢，哪有这么好的事	You want to eat, what's so good?	you're dreaming, how can something that good happen
B-HOM-024	HOM	91.65	82.24	-9.41	76.68	64.00	-12.68	0	0	0	别虾扯蛋了，老师说的都是真的吗	Don't be silly, is everything the teacher said true?	别瞎扯淡了，老师说的都是真的吗	Don't be blind, is everything the teacher says true?	stop talking BS, is what the teacher said even true
B-HOM-025	HOM	63.87	72.16	8.29	33.70	61.43	27.74	0	0	0	先报上自己的分数啊搞辣菜	You can't just write your own score.	先报上自己的分数啊搞拉踩	You should report your score first. Fuck you.	dropping your score first before throwing shade smh
B-HOM-026	HOM	80.60	95.95	15.35	52.28	68.15	15.87	0	0	0	蚌埠住了，腾讯这泄密处理速度也太快了吧	I'm sorry, but the leak was handled too fast by Tencent.	绷不住了，腾讯这泄密处理速度也太快了吧	I can't help it, the speed of the leak is too fast for Tencent.	I can't hold it in anymore, Tencent's speed in handling this leak is just too fast
B-HOM-027	HOM	35.43	75.98	40.55	52.69	82.63	29.93	0	0	0	嗷利给，西班牙第一了	Spain is the first to profit from this.	奥利给，西班牙第一了	Ollie, Spain is first.	Aigoo Spain took first place let's gooo
B-HOM-028	HOM	54.04	59.11	5.07	35.91	47.79	11.87	0	0	0	这配置针不戳，性价比拉满	This is a good design and it's more affordable than the Ramones.	这配置真不错，性价比拉满	This is a nice setup, and it's more affordable than the Ramones.	This setup slaps, value for money off the charts
B-HOM-029	HOM	42.88	56.38	13.50	45.99	62.77	16.78	0	0	0	赛里木湖这操作针不戳啊，景区打人还能辞退就完事了？	The people who are fighting in the scenic area can still resign, but the operation of the Seili Lake is not going to be enough.	赛里木湖这操作真不错啊，景区打人还能辞退就完事了？	The operation at Lake Seiri is great, but is it over when the people who are fighting in the scenic area can resign?	Sarim Lake's handling is just great, beating people at a scenic spot and just firing them is that it?
B-HOM-030	HOM	58.64	94.28	35.64	31.55	70.93	39.37	0	0	0	蚌埠住了，这也太好笑了吧	It's funny how you can't see it.	绷不住了，这也太好笑了吧	I can't stand it, it's funny too	bruh I can't hold it in this is too funny lmao
B-HOM-031	HOM	89.83	67.78	-22.05	55.35	41.54	-13.80	0	0	0	卧槽317万年终奖就这么没了？	The end of the 3.17 million year old prize?	我操317万年终奖就这么没了？	I've been fucking for 3.17 million years, so what?	Wtf, 3.17 million year-end bonus just gone like that?
B-HOM-032	HOM	52.33	75.21	22.88	52.40	69.60	17.19	0	0	0	你就耗子尾汁吧，别折腾了	You can eat your tail, but don't be a bitch.	你就好自为之吧，别折腾了	You can do it yourself, don't be afraid.	watch yourself bro stop messing around
B-HOM-033	HOM	28.64	76.26	47.62	36.45	58.32	21.87	0	0	0	王虹这波属实深藏blue了，拿完奖还这么低调	The rainbow is a deep blue, and the award is so low-key	王虹这波属实深藏不露了，拿完奖还这么低调	Wang Yi's true identity is hidden, and he is so low-key after receiving the award	Wang Hong has truly been hiding her talents, so low-key after winning the award
B-HOM-034	HOM	45.44	97.48	52.04	40.34	74.74	34.40	0	100	100	蚌埠住了这也太搞笑了	It's funny how it's stuck.	绷不住了这也太搞笑了	I can't help it, it's too funny	can't hold it in anymore this is way too funny fr
B-HOM-035	HOM	63.16	78.89	15.73	55.47	71.08	15.61	0	0	0	看到50亿离婚案的消息我直接蓝瘦香菇	I'm a blue-skinned banana when I see the news of 5 billion divorces.	看到50亿离婚案的消息我直接难受想哭	I can't even cry when I see the news of 5 billion divorces.	Seeing the news about the 5 billion divorce case, I'm so sad I could cry
B-HOM-036	HOM	83.21	91.45	8.24	52.15	80.15	28.00	0	0	0	针不戳，这个视频做得真好	This video is very well done.	真不错，这个视频做得真好	This video is really good.	not bad this video is actually fire
B-HOM-037	HOM	50.00	75.06	25.06	51.78	53.44	1.66	0	0	0	这景区管理duck不必，7个人打一个司机	This is a tourist spot that doesn't have to be run by ducks, but by seven people with one driver.	这景区管理大可不必，7个人打一个司机	The area is managed by seven people, one driver.	This scenic area management is totally unnecessary, 7 people beating one driver
B-HOM-038	HOM	95.03	99.19	4.17	63.56	81.87	18.31	0	0	0	这个颜色灰常好看	This gray is beautiful.	这个颜色非常好看	This color is very nice.	this color looks really good ngl
B-HOM-039	HOM	57.91	83.18	25.27	50.28	48.16	-2.12	0	0	0	腾讯这波操作属于是虾仁猪心了	Tencent's operation is the brainchild of Mr. Yang.	腾讯这波操作属于是杀人诛心了	Tencent's operation is a killer.	Tencent's move this time is truly adding insult to injury
B-HOM-040	HOM	74.01	86.95	12.93	51.74	49.90	-1.84	0	0	0	有内味了，就是这个感觉	It's the inside, that's what it feels like.	有那味了，就是这个感觉	I've got that, that's what it feels like.	got that vibe this is the feeling
B-HOM-041	HOM	38.58	73.85	35.27	55.45	76.05	20.60	0	0	0	泄密被辞退永不录用，这员工只能耗子喂汁了	The leaked information was never hired, and the employee was only able to consume the juice of the orange.	泄密被辞退永不录用，这员工只能好自为之了	The employee who leaked the information was fired and never hired, and had no choice but to do so.	Fired for leaking and never to be rehired, this employee better watch out
B-HOM-042	HOM	62.38	98.58	36.20	53.79	81.92	28.13	0	0	0	这部剧的女主造型好康	The actress is doing well.	这部剧的女主造型好看	The actress looks good in this drama.	the female lead's look in this drama is gorgeous
B-HOM-043	HOM	55.94	40.43	-15.50	35.56	42.39	6.83	0	0	0	耗子尾汁，好自为之吧	You can do it yourself.	好自为之，好自为之吧	Be happy with it, be happy with it.	Learn your lesson and shape up.
B-HOM-044	HOM	78.69	90.53	11.84	51.05	82.49	31.44	0	0	0	这个操作太虾仁了	This is too much of a foolish operation.	这个操作太吓人了	This operation is so scary.	this play is straight up terrifying
B-HOM-045	HOM	77.19	79.31	2.12	49.85	62.34	12.49	0	0	0	中国女排这波直接丸辣，美国队不服不行	Chinese women's volleyball is a direct challenge to the US team	中国女排这波直接完啦，美国队不服不行	Chinese women's volleyball is over, and the US team is not going to give up	China's women's volleyball team is done for this time, the US team has to admit defeat
B-HOM-046	HOM	95.98	99.85	3.87	63.82	83.60	19.78	100	100	0	鸭力好大，快要顶不住了	The pressure is too much, I can't stand it.	压力好大，快要顶不住了	The pressure is too much, it's almost unbearable.	the pressure is so high can't hold on anymore
B-HOM-047	HOM	33.66	100.00	66.34	36.73	87.95	51.22	0	100	100	窝五碎！！！	The world is in a state of chaos.	我五岁！！！	I am five years old!!!	I'm five years old!!!
B-HOM-048	HOM	83.52	83.83	0.31	72.86	75.77	2.92	0	100	100	赛里木湖这事整得灰常离谱	The story of Lake Seiri is absolutely bizarre.	赛里木湖这事整得非常离谱	The Lake Seiri incident is very bizarre.	The Sarim Lake incident is really outrageous
B-HOM-049	HOM	83.18	92.20	9.01	81.79	84.28	2.48	0	0	0	看完这帖子我直接笑嘻了	I laughed when I saw this post.	看完这帖子我直接笑死了	I laughed my ass off after reading this post.	after reading this post I'm dead lmao
B-HOM-050	HOM	80.16	99.73	19.58	62.24	85.00	22.76	0	100	100	看完这个视频我蕉绿了	I'm green after watching this video.	看完这个视频我焦虑了	I'm anxious after watching this video.	after watching this vid I'm straight up anxious
B-HOM-051	HOM	76.03	93.85	17.83	66.12	81.78	15.66	0	0	0	看完女排比赛我直接鸭梨山大	I went straight to the university after watching the women's volleyball competition.	看完女排比赛我直接压力山大	I was so stressed after watching the women's volleyball match.	After watching the women's volleyball match, I'm under enormous pressure
B-HOM-052	HOM	39.61	59.49	19.88	46.81	57.74	10.93	0	0	0	笑鼠了！一会抛梗一会接梗	Laughing Mouse! He throws and catches.	笑死了！一会抛梗一会接梗	Laughing! One minute you're throwing it, the next you're grabbing it.	dying of laughter! one sec they set up the joke next sec they're playing along
B-HOM-053	HOM	20.89	20.18	-0.71	29.39	26.31	-3.08	0	0	0	测评娃哈哈高透史莱姆好好康	The video was posted on the social media site of the organization.	测评娃哈哈高透史莱姆好好看	The video was posted on the social media site of the group, which is a part of the group's website.	reviewing Wahaha's crystal clear slime it looks so good
B-HOM-054	HOM	68.25	93.51	25.25	46.72	72.57	25.85	0	0	0	窝巢，这也太厉害了吧	The nest of the monkey, that's too bad.	我操，这也太厉害了吧	Fuck, that's too much.	wtf this is too insane bruh
B-HOM-055	HOM	58.62	97.23	38.61	59.53	81.94	22.41	0	0	0	笑的想鼠	The laughing thinker	笑的想死	Laughing to death	laughing till I die
B-HOM-056	HOM	64.44	60.19	-4.25	56.01	61.75	5.73	0	0	0	这里是孙吧忏悔室，一人忏悔一件你觉得最厨神的事	This is the confession room of the son, one confesses one thing you think is the most divine.	这里是孙吧忏悔室，一人忏悔一件你觉得最畜生的事	This is the confessional of the son, one man confessing to the thing you thought was the most vile.	welcome to Sun Bar confessional drop your most savage moment
B-HOM-057	HOM	80.35	97.02	16.67	70.54	82.03	11.49	0	100	100	关于玉玉症表妹喜欢上我的故事	The story of my cousin who likes me with my eczema	关于抑郁症表妹喜欢上我的故事	The story of my cousin who is depressed and likes me	the story of how my depressed cousin fell for me
B-HOM-058	HOM	83.92	85.67	1.75	64.90	77.20	12.30	0	100	100	这是我女朋友 羡慕吗笑抽们🤣	This is my girlfriend, is she jealous?	这是我女朋友 羡慕吗小丑们🤣	This is my girlfriend. Envy you clowns?	this is my gf. jealous you clowns? 🤣
B-HOM-059	HOM	32.61	29.44	-3.17	40.66	43.78	3.12	100	100	0	麻辣烫我只认元娘娘，口味多好7	I only know the lady, she tastes good.	麻辣烫我只认元娘娘，口味多好吃	I only know the lady, she tastes so good.	I only trust Yuan Niangniang for malatang it's so good
B-HOM-060	HOM	77.41	82.15	4.74	68.72	58.30	-10.42	0	0	0	可爱的小香猪变成了温暖的答辩	The cute little piggy turns into a warm reply	可爱的小香猪变成了温暖的大便	The cute little piggy turned into a warm poop	a cute little guinea pig turned into warm crap
B-HOM-061	HOM	88.75	98.48	9.73	67.95	79.35	11.41	0	0	0	我要笑亖了卧槽	I'm going to laugh my ass off.	我要笑死了卧槽	I'm dying of laughter.	I'm gonna die laughing oh shit
B-HOM-062	HOM	79.71	63.58	-16.13	66.36	57.90	-8.46	0	0	0	时间长了搞亖你	I've been fucking you for a long time.	时间长了搞死你	It's been a long time.	I'll work you to death over time
B-HOM-063	HOM	75.31	75.23	-0.08	55.22	52.17	-3.05	0	0	0	笑亖了家人们谁懂啊	Who knows what the family is laughing at.	笑死了家人们谁懂啊	Who knows what the family is laughing at.	dying of laughter fam who understands
B-HOM-064	HOM	68.00	96.79	28.80	45.06	85.59	40.53	0	100	100	她居然紫砂了	She's really a violet sand.	她居然自杀了	She killed herself.	she actually offed herself
B-HOM-065	HOM	34.53	46.19	11.66	65.77	70.54	4.77	0	100	100	小哥：我真妹骗人！！我真给白衣女鬼送过餐！！你不知道哟！我魂都快没了，那餐是一点都没撒！！没办法，这就是哥的实力！	Little brother: My sister is a liar! I really gave a meal to the white-clad ghost! You don't know my mother! My soul is dying, the meal was not spilt at all! No way, this is my brother's strength!	小哥：我真没骗人！！我真给白衣女鬼送过餐！！你不知道哟！我魂都快没了，那餐是一点都没撒！！没办法，这就是哥的实力！	Little brother: I didn't lie to anyone! I really gave food to the white-clad ghost! You don't know what! My soul is dying, the food didn't spill at all! No way, that's my brother's strength!	Bro: I seriously didn't lie!! I really delivered food to the girl ghost in white!! You don't know! I nearly lost my soul, not a single drop spilled on that delivery! No choice, this is bro's skill!
B-HOM-066	HOM	42.31	47.73	5.42	48.82	38.74	-10.08	0	0	0	博主成功把中二拍成沙子了	Blogger succeeded in making the second half into sand	博主成功把中二拍成傻子了	Blogger successfully shot middle two in the neck	The blogger successfully made the edgy act look like a fool
B-HOM-067	HOM	75.52	69.04	-6.48	72.03	72.46	0.44	0	0	0	肺雾才需要爱情，神都是孤独的	The mist needs love, the gods are lonely	废物才需要爱情，神都是孤独的	Waste needs love, God is lonely	Only the weak yearn for love; gods are destined to be alone.
B-HOM-068	HOM	58.71	95.71	36.99	67.11	84.53	17.41	0	100	100	我在学校哭别人鸟都不鸟我	I cry in school, and no one else's bird cries for me.	我在学校哭别人理都不理我	I cry in school and nobody pays attention to me.	I cried at school and nobody even paid attention to me
B-HOM-069	HOM	66.21	57.57	-8.63	48.28	57.12	8.84	0	0	0	现场偷挖被抓,夺笋呐!	The scene of the robbery, caught, and confiscated!	现场偷挖被抓,多损呐!	The police have arrested the man who was digging at the scene, and he has suffered a lot of damage!	Caught digging secretly on site, so savage!
B-HOM-070	HOM	84.44	75.51	-8.93	47.08	52.73	5.65	0	0	0	这个特效针不戛！	This special effects needle is not sticking!	这个特效真不尬！	This is embarrassing!	This special effect is really not cringe!
B-HOM-071	HOM	25.77	93.42	67.65	32.89	54.38	21.49	0	100	100	要泥寡,雨女无瓜!	Let the mud be, the rain be foolish!	要你管,与你无关!	It's not your business!	Mind your own business, it's none of your business!
B-HOM-072	HOM	40.65	89.27	48.62	60.69	61.96	1.27	0	0	0	依托答辩是什么意思	What Does It Mean to Defend Yourself?	一坨大便是什么意思	What does a little shit mean?	What does 'a pile of shit' mean?
B-HOM-073	HOM	26.52	19.87	-6.65	21.02	26.25	5.22	0	0	0	哈哈哈哈哈哈哈夺笋呐	I'm not going to be able to do it.	哈哈哈哈哈哈哈多损呐	The video was posted on Twitter by the group's leader, the blogger and blogger, and the blogger's friend, the blogger.	hahahahaha so mean lol
B-HOM-074	HOM	33.12	79.52	46.40	42.48	69.79	27.31	0	0	0	“雨女无瓜”这么好笑吗是挺好笑的	The rain lady is so funny, the idiot is so funny.	“与你无关”这么好笑吗是挺好笑的	I'm not related to you. Is that funny? It's funny.	Is 'none of your business' really that funny? It is pretty funny
B-HOM-075	HOM	64.87	88.28	23.41	51.59	72.63	21.04	0	100	100	还有给	And also give	还有gay	And gay, too	Also got gay vibes
B-HOM-076	HOM	85.62	93.29	7.67	77.01	81.38	4.37	0	0	0	这显卡价格真是辣鸡，还买什么啊	The price of this graphics card is a bit high, what else can I buy?	这显卡价格真是垃圾，还买什么啊	The price of this graphic card is rubbish, what else can I buy?	This GPU price is really trash, why even buy it
B-HOM-077	HOM	40.66	43.09	2.43	48.42	53.18	4.76	0	0	0	我丢！上班路上刷到路边广告牌被“风”掀了个角，原来是京东618的整活！这波操作简直泰裤辣！	I lost it! on my way to work, the corner of the billboard was blown off by a hurricane, and it was the whole life of the JD618!	我丢！上班路上刷到路边广告牌被“风”掀了个角，原来是京东618的整活！这波操作简直太酷啦！	I lost it! on my way to work, the corner of the billboard was blown off by a hurricane, and it turned out to be the whole life of the JD618!	No way! On my way to work I saw a roadside billboard get lifted by the 'wind', turns out it was JD 618's stunt! This move is just too cool!
B-HOM-078	HOM	21.26	70.71	49.45	44.56	49.60	5.04	0	0	0	“泰酷辣”大人三周年	The third anniversary of the death of the late President of the Republic of Korea, Liu Bei.	“太酷啦”大人三周年	I'm so excited for your third birthday.	Third anniversary of Lord 'So Cool'
B-HOM-079	HOM	93.57	85.31	-8.26	50.16	60.46	10.30	0	0	0	前车：不二？	Front car: What's wrong?	前车：不是？	Front car: It is not?	The car in front: Wait, what?
B-HOM-080	HOM	61.27	66.44	5.16	60.31	73.76	13.46	0	0	0	10店睡，身体还以为是午休呢，凌晨又把他们叫醒了	10 shops sleep, the body thinks it's lunch break, in the morning they wake up again	10点睡，身体还以为是午休呢，凌晨又把他们叫醒了	At 10 o'clock they go to bed, and their bodies think it's lunchtime, and in the morning they wake up again.	Going to sleep at 10, my body thought it was nap time, then woke me up at dawn
B-HOM-081	HOM	54.68	89.79	35.11	42.50	51.58	9.08	0	0	0	tree 波Q	Tree wave Q	三杀	Three people killed	Triple kill
B-HOM-082	HOM	51.70	18.85	-32.85	43.06	27.01	-16.05	0	0	0	笑死我了粽横天虾至今一直在罚时闯过了零个关卡	I'm laughing my ass off, I've been on the bench for zero penalties so far.	笑死我了纵横天下至今一直在罚时闯过了零个关卡	I've been on the ground for a long time, and I've been on the ground for a long time, and I've been on the ground for a long time.	Dying of laughter, the one who conquers the world has been in timeout, passing zero challenges
B-HOM-083	HOM	77.11	73.77	-3.34	45.14	44.49	-0.65	0	0	0	怎么达不溜小兵了	How can you not be a soldier?	怎么打不了小兵了	How can you not be a soldier?	Why can't I target the minions?
B-HOM-084	HOM	49.84	84.79	34.94	55.84	40.87	-14.96	0	0	0	！？雀潮？！	The tide is coming!	！？雀巢？！	The Nest!	!? Nestle!?
B-HOM-085	HOM	98.68	99.90	1.23	80.23	83.67	3.44	0	0	0	此人知识面级广	This person is very knowledgeable.	此人知识面极广	This man is very knowledgeable.	This person's knowledge is extremely broad
B-HOM-086	HOM	79.63	91.96	12.33	52.69	81.56	28.87	0	0	0	蛇：卧槽，怎么又是他	Snake: How could he be in the pit?	蛇：我的天，怎么又是他	Snake: My God, how could he be?	Snake: Oh my god, why is it him again
B-HOM-087	HOM	78.94	34.06	-44.88	48.20	33.71	-14.49	0	100	100	生物钟:补药呀！我才调整好	Biological clock: I'm the one who's been doing the adjustments	生物钟:不要呀！我才调整好	The clock is not a clock, it is a biological clock.	Biological clock: No! I just got it adjusted
B-HOM-088	HOM	83.40	79.95	-3.45	54.97	54.33	-0.64	0	0	0	鸡本功来了，视频就有了。起飞！	The video is here. Take off!	基本功来了，视频就有了。起飞！	The basic is here, the video is here.	When the basic skills kick in, the video just takes off! Liftoff!
B-HOM-089	HOM	55.27	87.88	32.60	55.89	86.42	30.53	0	0	0	食不食油饼	Eating and not eating oilcake	是不是有病	Is he sick?	Are you out of your mind?
B-HOM-090	HOM	34.48	99.29	64.81	37.05	83.26	46.21	0	0	0	香精煎鱼食不食	The fish is edible.	想进监狱是不是	Do you want to go to jail?	Do you want to end up in prison?
B-HOM-091	HOM	90.84	92.46	1.62	77.31	81.77	4.46	0	0	0	立马去郊区浇筑一个刚进混凝土的地下堡垒	The first thing we did was to go to the suburbs and build an underground fortress that was just made of concrete.	立马去郊区浇筑一个钢筋混凝土的地下堡垒	The next day, the soldiers were sent to the suburbs to build an underground fortress of reinforced concrete.	Head to the suburbs right away and build an underground bunker with rebar concrete
B-HOM-092	HOM	27.19	98.47	71.28	29.20	74.32	45.12	0	0	0	鸡本功扎实	The Bible is not a book of history.	基本功扎实	The basics are solid.	Solid basic skills
B-HOM-093	HOM	96.26	97.43	1.17	49.04	66.22	17.17	0	0	0	蚌不住了	I can't help it.	绷不住了	I can't help it.	Can't hold it in anymore
B-HOM-094	HOM	63.45	70.02	6.57	45.75	47.41	1.66	0	0	0	冷芝士：袜子不是茶包	Cold cheese: The duck is not a tea bag	冷知识：袜子不是茶包	Cold knowledge: the duck is not a tea bag	Fun fact: socks are not tea bags
B-HOM-095	HOM	66.63	66.53	-0.10	65.62	43.92	-21.70	0	100	100	就说00这一套真的超级好看的，我可以安心的似了	"So I'm going to say, ""Oh, this is a really super-looking set of 00, I can safely say that""."	就说00这一套真的超级好看的，我可以安心的死了	I'm going to die in peace.	This 00 outfit is really super good-looking, I can finally rest in peace
B-NEO-002	NEO	97.00	98.26	1.27	82.97	83.46	0.50	100	100	0	我们不是供人围观的工具人！	We are not tools for others to look at!	我们不是供人围观的工具！	We are not tools for people to look at!	we're not tools for people to watch!
B-NEO-003	NEO	21.43	20.21	-1.22	36.71	33.84	-2.86	0	0	0	又被割韭菜了，这理财产品全是坑	And the crops are all gone.	又被宰了，这理财产品全是坑	And the slaughtered one, and the treasure, and the pit.	I got ripped off again, this wealth management product is full of traps.
B-NEO-004	NEO	68.71	67.91	-0.80	61.22	48.70	-12.51	0	0	0	品牌联名就是割韭菜，质量差价格高	"The brand name is ""cut cabbage"", and the quality is different, and the price is high."	品牌联名就是坑人，质量差价格高	The brand name is Pitman, the quality is different, the price is high	Co-branded products are just a way to rip off customers with poor quality and high prices.
B-NEO-005	NEO	81.28	93.60	12.31	69.36	81.94	12.58	0	100	100	别带节奏了，事情不是你想的那样	Don't be so slow, it's not what you think	别煽动舆论了，事情不是你想的那样	Don't stir up the public opinion, it's not what you think.	stop stirring things up, it's not what you think
B-NEO-006	NEO	77.65	95.90	18.24	78.03	84.64	6.62	0	0	0	评论区全是在带节奏的，真相没人关心	The comments section is all about rhythm, and the truth is nobody cares.	评论区全是在煽动舆论的，真相没人关心	The comments section is all about stirring up the public opinion, and nobody cares about the truth.	comments section full of people stirring drama, nobody cares about the truth
B-NEO-007	NEO	21.52	70.26	48.74	36.94	51.44	14.51	0	0	0	杠精无处不在，说啥都要反驳	The truth is that the world is full of geniuses.	抬杠的人无处不在，说啥都要反驳	The arrogant are everywhere, and the arrogant must be answered	contrarians are everywhere, they rebut everything you say
B-NEO-008	NEO	83.45	94.37	10.92	46.35	81.74	35.39	0	0	0	遇到杠精最好的办法就是不理他	The best way to meet a sperm is to ignore him.	遇到抬杠的人最好的办法就是不理他	The best way to meet a bully is to ignore him	the best way to deal with a contrarian is to ignore them
B-NEO-009	NEO	71.08	73.26	2.18	51.99	54.14	2.16	0	0	0	芭比Q了，半夜点外卖忘备注别敲门	Barbie Q, midnight snack, forgot to note not to knock	完了，半夜点外卖忘备注别敲门	The end of the night, midnight sale, forget the note, don't knock.	I'm cooked, ordered delivery at midnight and forgot to leave a note saying don't knock
B-NEO-010	NEO	77.84	88.48	10.64	67.83	74.33	6.50	0	0	0	选择你的躲藏点，被抓到就芭比Q了	Choose your hiding place, get caught, Barbie Q.	选择你的躲藏点，被抓到就完了	Choose your hiding place, and you'll be caught.	pick your hiding spot, if you get caught you're done for
B-NEO-011	NEO	79.62	96.34	16.73	63.74	82.82	19.08	0	0	0	看到肯德基9.9的那一刻，我的班味瞬间就没了	The moment I saw KFC 9.9, my class was gone.	看到肯德基9.9的那一刻，我的上班疲惫感瞬间就没了	The moment I saw KFC 9.9, my tiredness at work instantly disappeared.	the moment I saw KFC 9.9, my work exhaustion instantly vanished
B-NEO-012	NEO	91.77	76.27	-15.51	52.44	57.55	5.11	0	0	0	人一旦染上班味，这辈子就去不掉了	Once you start working, you'll never stop.	人一旦染上上班的气息，这辈子就去不掉了	The breath of a man who goes to work, it stays with him for life	once you catch the work vibe, it never leaves you
B-NEO-013	NEO	26.61	39.40	12.79	43.33	58.66	15.33	0	0	0	十多块的塔斯汀五件套，横扫我一天班味	Five sets of more than a dozen Tasks, sweeping my day	十多块的塔斯汀五件套，横扫我一天上班的疲惫感	Five sets of more than a dozen Tasks to sweep away the fatigue of my day at work	a 10-something yuan Tastien 5-piece meal wipes away my whole day of work fatigue
B-NEO-014	NEO	58.52	71.44	12.93	55.82	55.74	-0.08	0	0	0	净化班味，用了这头像直接演绎出我的精神状态	I'm a purist, and I use this image to directly infer my mental state.	净化上班的疲惫感，用了这头像直接演绎出我的精神状态	I'm going to use this image to directly infer my mental state.	cleansing away the work fatigue — this avatar perfectly captures my mental state
B-NEO-015	NEO	48.68	71.65	22.97	50.57	64.85	14.28	0	0	0	等等党赢麻了，建议收藏	The party won, so I suggest collecting.	等待降价的人赢得非常彻底，建议收藏	The one who waits for the price reduction wins very thoroughly, and the one who suggests collecting	the wait-for-a-deal crew won big time, saving this
B-NEO-016	NEO	86.47	84.84	-1.62	56.03	65.25	9.22	0	0	0	看似输了实际赢麻了	It seems like the loser actually won the game.	看似输了实际赢得非常彻底	The loser actually wins very thoroughly.	looks like they lost but actually won big
B-NEO-017	NEO	41.07	83.28	42.21	35.80	56.60	20.80	0	0	0	纯爱战神轰然倒地	The first is the battle of the sexes.	只支持纯爱的人轰然倒地	The only ones who support pure love are shocked	the pure love warrior has fallen
B-NEO-018	NEO	83.64	97.76	14.12	62.20	81.03	18.83	0	0	0	谨以此片献给每一位纯爱战神	This video is dedicated to every pure warrior god.	谨以此片献给每一位只支持纯爱的人	This video is dedicated to everyone who supports pure love	dedicating this film to every pure love warrior out there
B-NEO-019	NEO	63.03	94.61	31.58	59.99	86.74	26.75	0	100	100	兄弟们我润美国了	Brothers and sisters, I've had enough of America.	兄弟们我移民美国了	Brothers and sisters, I have immigrated to America.	bros I emigrated to the US
B-NEO-020	NEO	59.56	71.23	11.68	59.16	73.85	14.69	0	0	0	公司要黄了的5个征兆，当公司开始严抓考勤，你该考虑润了	5 signs that your company is going yellow, and when your company starts to make a big deal out of it, you should consider it	公司要黄了的5个征兆，当公司开始严抓考勤，你该考虑跑了	5 signs that your company is going yellow, and when your company starts to be strict about your commute, you should consider running away	5 signs your company is going under, when they start cracking down on attendance, you should consider bouncing
B-NEO-021	NEO	59.64	76.48	16.84	38.73	52.28	13.54	0	0	0	赛博朋克2077，极致嘴臭极致享受	Cyberpunk 2077 is a great movie, and it's a great movie.	赛博朋克2077，极致骂人极致享受	Cyberpunk 2077 is a game that is extremely enjoyable to be abused.	Cyberpunk 2077, ultimate trash talk ultimate enjoyment
B-NEO-023	NEO	82.52	84.31	1.79	72.49	73.19	0.70	0	0	0	孙红雷演技炸裂，20万人打出7.5分	Sun Hoon-rae's performance explodes with 200,000 people scoring 7.5 points	孙红雷演技极其震撼，20万人打出7.5分	Sun Hong-Rei's performance was a shock, with 200,000 people scoring 7.5	Sun Honglei's acting is absolutely insane, 200k people rated 7.5
B-NEO-024	NEO	69.88	79.71	9.82	72.51	80.96	8.45	100	100	0	赛博诵经让老外陷入疯狂	The cyberspace recitation of the Quran has driven the old man crazy.	虚拟诵经让老外陷入疯狂	Virtual recitation of the Quran drives elderly people crazy	cyber chanting is driving foreigners crazy
B-NEO-025	NEO	72.57	77.66	5.09	61.27	58.51	-2.76	0	0	0	国庆宅家的赛博生活	The life of a cyborg at the National Day House	国庆宅家的虚拟网络生活	Virtual life at the National Day House	National Day stay-at-home cyber life
B-NEO-026	NEO	40.75	33.29	-7.46	47.43	51.04	3.61	0	0	0	高考第一批显眼包出现了，青蛙玩偶花式助阵	The first kits of the Kogaon are available, and the Frog dolls are flower-like assistants.	高考第一批爱出风头的人出现了，青蛙玩偶花式助阵	The first group of people who love to be out in the wind appeared in the Kogaon, and the frog dolls were flower assistants	the first batch of attention-seekers at the college entrance exam showed up, frog mascots cheering in style
B-NEO-027	NEO	74.73	80.94	6.21	63.35	56.48	-6.87	0	0	0	电子榨菜输出中，午饭点准时到	The e-salad is out, lunch is on time	适合吃饭时看的视频输出中，午饭点准时到	The video output for the meal, lunch is on time	my mealtime video is on, right on time for lunch
B-NEO-028	NEO	70.02	78.52	8.50	45.94	63.27	17.33	0	0	0	这个综艺太下饭了，一口气看完	This show is too good to be true.	这个综艺太适合吃饭时看了，一口气看完	This show is too good to watch while eating, just a quick taste	this variety show is perfect meal content, binged the whole thing
B-NEO-029	NEO	65.91	20.65	-45.26	65.85	34.30	-31.55	0	0	0	发疯文学必备文案，笑死我了	The book is a must read for the literary madness, and it made me laugh out loud.	宣泄式文字表达必备文案，笑死我了	The article was written by a journalist and writer, and it is written by a journalist and writer.	must-have lines for unhinged-rant posting, I'm dying laughing
B-NEO-030	NEO	91.95	99.51	7.57	77.20	84.52	7.32	0	100	100	社恐人的噩梦，大型聚会	The nightmare of socialists, large gatherings	社交恐惧症患者的噩梦，大型聚会	Nightmares of people with social phobia, large gatherings	a socially anxious person's worst nightmare, a huge gathering
B-NEO-031	NEO	79.62	86.29	6.67	63.28	76.72	13.44	0	100	100	找不到原剧了，这个当代餐先看	I can't find the original, but I'll look for the contemporary one.	找不到原剧了，这个当替代品先看	I can't find the original, so I'll look for the replacement.	can't find the original, using this as a substitute for now
B-NEO-032	NEO	90.13	90.08	-0.05	80.00	81.97	1.97	0	0	0	花2000买nike感觉自己好像大冤种	I spent $2000 on a Nike and felt like I was being unfairly treated.	花2000买nike感觉自己好像大冤大头	I spent $2000 on a Nike and felt like a big loser.	spent 2k on nikes feeling like a total sucker
B-NEO-033	NEO	59.66	67.16	7.50	62.99	73.66	10.67	0	0	0	腾讯这波泄密直接破防了，317万说没就没	Tencent's leak has been a direct hit, with 31.7 million saying no to the leak.	腾讯这波泄密直接崩溃了，317万说没就没	Tencent's leak collapsed immediately, with 31.7 million saying no to the leak.	Tencent's leak move really triggered a breakdown, 3.17 million gone just like that
B-NEO-034	NEO	51.50	71.96	20.46	53.90	65.33	11.43	0	100	100	梅老板今年真可怜，这么强的个人发挥啥没有得到	I'm sorry that this year, such a strong individual performance, I didn't get the chance to play.	梅西今年真可怜，这么强的个人发挥啥没有得到	What a pity Messi didn't get such a strong individual this year.	Messi had a rough year insane individual performance but got nothing
B-NEO-035	NEO	38.33	39.66	1.33	41.88	42.29	0.41	0	0	0	吃瓜吃到自己头上了，腾讯泄密员工就是本人	The Tencent leak is the one who is eating the muck and eating himself.	看热闹看到自己头上了，腾讯泄密员工就是本人	The Tencent leak is the person who is the most likely to leak the information to the Chinese government.	I was following the drama, only to realize I’m the Tencent staff member who leaked the information
B-NEO-036	NEO	38.62	45.75	7.13	56.61	47.76	-8.85	0	0	0	别搁这凡尔赛了，显摆啥呢	Look at this Versailles, showing off.	别搁这炫耀了，显摆啥呢	Do not show off, show off.	stop humble bragging already what are you flexing
B-NEO-037	NEO	91.27	99.09	7.82	80.76	84.58	3.83	0	0	0	显卡市场太内卷了，价格涨得离谱	The market for graphics cards is so tight that prices are skyrocketing.	显卡市场竞争太激烈了，价格涨得离谱	The competition is so fierce that the price of the graphics card has skyrocketed.	The GPU market is hyper-competitive, prices rising outrageously
B-NEO-038	NEO	66.91	69.60	2.69	49.47	45.73	-3.74	0	0	0	这帖子水分太大，灌水灌的	This post is too big to be watered.	这帖子水分太大，刷帖刷的	This post is too long to be edited.	this post is so watered down pure spam
B-NEO-039	NEO	72.43	86.67	14.24	52.43	70.27	17.84	0	100	100	打工人看完317万年终奖直接躺平了	The workers were left with nothing after watching the final of the 3.17 million year.	打工人看完317万年终奖直接放弃了	The workers gave up after seeing the 3.17 million year prize	Workers gave up striving after seeing the 3.17 million year-end bonus.
B-NEO-040	NEO	89.87	95.20	5.33	72.19	77.03	4.84	100	0	-100	这剧情给我整破防了	This drama has broken my defenses.	这剧情给我整崩溃了	This whole thing has been a complete disaster for me.	this plot totally broke me fr fr
B-NEO-041	NEO	33.52	62.32	28.80	49.68	82.26	32.58	0	0	0	这员工凡尔赛式晒年终奖，结果翻车了	The employee who won the Versailles trophy was turned over	这员工炫耀式晒年终奖，结果翻车了	Employee shows off his yearly award, ends up in a car accident	This employee flaunted their year-end bonus in a humble-brag way, and it backfired
B-NEO-042	NEO	86.86	97.20	10.34	60.62	79.72	19.09	0	0	0	这手机信号拉胯到离谱	This phone signal is getting weird.	这手机信号差到离谱	This cell phone signal is so bad it's bizarre.	this phone signal is garbage to an absurd degree
B-NEO-043	NEO	90.93	29.34	-61.59	71.62	39.74	-31.88	0	0	0	你这个行为真的很下头	You're really being a jerk.	你这个行为真的很扫兴	You are really doing something right.	your behavior is such a turnoff rn
B-NEO-044	NEO	70.01	74.44	4.43	60.20	77.71	17.52	0	100	100	赛里木湖这事太下头了，景区管理太离谱	The Lake Shire is so bad, the management is so bizarre	赛里木湖这事太让人失望了，景区管理太离谱	The Lake Seiri incident is so disappointing, and the management of the site is so bizarre.	The Sarim Lake incident is too disappointing, scenic area management is outrageous
B-NEO-045	NEO	54.49	54.44	-0.06	54.07	63.07	9.00	0	0	0	他这个人好油腻	He is a very nice man.	他这个人好油滑	He is a very nice man.	this guy is so sleazy ick
B-NEO-046	NEO	78.44	95.99	17.55	32.55	76.03	43.47	0	0	0	没绷住破绷了	I'm not holding my breath.	没绷住笑了	I couldn't stop laughing.	couldn't hold it in and totally lost it laughing
B-NEO-047	NEO	70.81	74.79	3.98	60.36	67.92	7.55	0	100	100	中国女排逆转美国，这波操作太上头了	Chinese female boxer reverses US, this wave is too high	中国女排逆转美国，这波操作太让人激动了	Chinese female boxer reverses US, the operation is too exciting	China women's volleyball reversed against USA, this move is so hype
B-NEO-048	NEO	22.43	28.38	5.95	21.89	45.78	23.89	0	0	0	天天水经验，也不发点有用的帖子	I'm not sure what the problem is, but I'm not sure what the problem is.	天天刷经验，也不发点有用的帖子	I'm not sure how to get a blog post to help me with my daily life.	farming XP every day never posting anything useful
B-NEO-049	NEO	61.22	92.64	31.41	36.29	58.54	22.25	0	0	0	这主播开挂实锤了，封号吧	This show is on, shut it down.	这主播作弊实锤了，封号吧	This host is a cheater, shut it down.	this streamer is confirmed cheating, ban them
B-NEO-050	NEO	76.75	78.57	1.82	76.15	80.25	4.10	0	0	0	内耗太严重了	The internal consumption is too high.	内部消耗太严重了	The internal consumption is too high.	internal friction is too serious smh
B-NEO-051	NEO	68.31	53.52	-14.79	35.51	48.51	13.00	0	100	100	互联网嘴替实锤	Internet mouths for real food	互联网代言人实锤	The Internet Spokesperson is not a fan of the idea.	confirmed internet mouthpiece
B-NEO-052	NEO	30.78	55.93	25.15	59.06	57.63	-1.43	0	0	0	无职孝子还在嘴硬洗，服了	The unemployed son of a father is still trying to wash his mouth, and he is submissive.	无职盲目辩护者还在嘴硬洗，服了	The irresponsible blind advocate is still mouthing off, and giving in.	Mushoku Tensei stans still hard-stanning give up
B-NEO-053	NEO	83.32	96.85	13.53	68.02	71.04	3.02	0	0	0	双持党表示苹果和华为都不够用	Bipartisan says Apple and Huawei are not enough	同时用两部手机的人表示苹果和华为都不够用	People using both phones say Apple and Huawei are not enough	dual-phone gang saying neither Apple nor Huawei is enough
B-NEO-054	NEO	62.17	86.63	24.46	69.31	72.88	3.57	0	0	0	被种草了	The grass is planted	被推荐心动了	I was moved by the recommendation.	got recommended I'm tempted to buy
B-NEO-055	NEO	95.87	69.25	-26.62	44.07	44.20	0.14	0	0	0	拔草了不买	I can't afford to buy it.	打消购买念头了不买	The idea of buying is not buying.	nah I'm not buying
B-NEO-056	NEO	61.12	76.36	15.23	41.19	67.02	25.83	0	0	0	他好会整活	He'll be all right.	他好会搞怪	He's going to be weird.	he's so good at being funny lol
B-NEO-057	NEO	88.01	98.70	10.69	63.61	83.36	19.75	0	0	0	这个太炸了	This is too hot.	这个太震撼了	This is so shocking.	this is too insane
B-NEO-058	NEO	21.58	20.19	-1.39	33.93	33.05	-0.88	0	0	0	景区打人还理直气壮的，真是绝绝子	The view is so beautiful and so clear, it's amazing.	景区打人还理直气壮的，真是绝了	The view is so beautiful and so fresh.	Beating people at a scenic spot and still acting righteous, truly absolutely outrageous
B-NEO-059	NEO	81.88	92.88	11.00	79.34	84.25	4.91	0	0	0	破防了	The defenses are broken.	心理防线崩溃了	The psychological defense collapsed.	I'm emotionally broken
B-NEO-060	NEO	86.47	100.00	13.53	64.17	86.13	21.96	0	100	100	这个太上头了	This is too high.	这个太上瘾了	This is addictive.	this is too addictive can't stop
B-NEO-061	NEO	40.43	83.18	42.76	47.08	75.79	28.71	0	0	0	他好会营业	He's going to be a businessman.	他好会讨好粉丝	He's a good guy to please his fans.	he's so good at playing to his fans
B-NEO-062	NEO	92.08	78.58	-13.50	54.38	61.22	6.84	0	100	100	香港🇭🇰打车有这么卷吗？又难？	Is it that hard to get a ride in Hong Kong?	香港🇭🇰打车竞争有这么激烈吗？又难？	Is the competition for the Hong Kong car hire so fierce?	is getting a taxi in HK this intense? so hard?
B-NEO-063	NEO	86.79	95.92	9.12	83.27	79.83	-3.44	0	0	0	这帖子纯纯的钓鱼经验，别当真	This post is purely a fishing experience, don't take it seriously	这帖子纯纯的骗经验，别当真	This post is pure deception, don't take it seriously	this post is pure bait for engagement don't fall for it
B-NEO-064	NEO	54.60	97.93	43.33	52.96	81.10	28.15	0	0	0	纯纯的牛马人生	The Purity of the Cow Horse	纯纯的打工人人生	The life of a simple worker	pure wage slave life
B-NEO-065	NEO	72.33	96.23	23.90	82.18	82.63	0.45	0	0	0	是我不够糖吗	Is it that I don't have enough sugar?	是我不够傻吗	Is it because I'm not brave enough?	am I not dumb enough? bruh
B-NEO-066	NEO	100.00	100.00	0.00	85.15	86.15	1.00	100	100	0	这何意味啊	What does that mean?	这什么意思啊	What does that mean?	what does this even mean
B-NEO-067	NEO	27.28	81.47	54.20	32.13	44.45	12.32	0	0	0	摆烂了，爱咋咋地	The land of love is full of ruins.	放弃了，爱咋咋地	I'm giving up, I love you	I give up whatever happens happens
B-NEO-068	NEO	71.99	89.12	17.13	53.23	70.41	17.18	0	0	0	摆烂一天算了	It's been a long day.	放弃一天算了	Give up for a day	let me rot for a day whatever
B-NEO-069	NEO	81.88	86.47	4.59	40.34	72.19	31.85	0	0	0	内卷太严重了，打工人伤不起	The violence is too severe to be tolerated	过度竞争太严重了，打工人伤不起	The competition is too great to hurt the workers	the rat race is too intense workers can't take it
B-NEO-070	NEO	80.55	79.47	-1.07	62.88	64.47	1.60	0	0	0	这波操作属实逆天了	This operation is a real coup.	这波操作属实超乎想象了	The operation is more real than you can imagine.	this play is straight up insane
B-NEO-071	NEO	19.15	33.00	13.85	48.32	44.46	-3.85	0	0	0	内卷到头秃，躺平又心慌	I'm all wrapped up in my head, lying there, feeling anxious.	过度竞争到头秃，躺平又心慌	The competition for the title, the calm and the panic	rat race till you're bald quit competing but still anxious
B-NEO-072	NEO	67.93	78.07	10.14	76.33	79.02	2.69	0	0	0	不是哥们儿	Not my brother.	不是吧，哥们儿	No, my brothers.	no way bro come on
B-NEO-073	NEO	69.93	69.28	-0.65	51.74	70.14	18.40	0	0	0	说出一个旅游热度很低但实际很夯的城市	A city that is not very touristy but is actually very noisy	说出一个旅游热度很低但实际很高的城市	Name a city that is low on tourism but high on tourism.	name a city that's low-key but actually great
B-NEO-074	NEO	77.82	81.27	3.45	41.58	54.80	13.22	0	0	0	这波操作直接拉胯了	The operation was a direct hit.	这波操作直接失常了	The wave is just out of control.	this play literally underperformed
B-NEO-075	NEO	54.09	69.68	15.59	41.15	43.86	2.72	0	0	0	这操作绝绝子，直接给我整不会了	This operation is impossible, it's not going to work for me.	这操作绝佳，直接给我整不会了	This is a great operation, I can't do it directly.	this play is amazing left me speechless
B-NEO-076	NEO	38.47	49.57	11.10	63.88	67.19	3.31	0	0	0	谁能能理解这种崩溃的心情，辛辛苦苦备考许久，就等着政审上岸，结果栽在了学历断层上	Who can understand the heart of this collapse, who has worked hard and prepared for a long time, waiting for the government to come ashore, and the result is planted on the academic divide.	谁能能理解这种崩溃的心情，辛辛苦苦备考许久，就等着政审成功，结果栽在了学历断层上	Who can understand the mood of this collapse, the hard work of preparing for the exam, waiting for the success of the political trial, the result of which is planted on the academic divide	who understands this despair? prepped for ages waiting to pass the political review only to get rejected by an education gap
B-NEO-077	NEO	48.85	54.97	6.13	69.42	78.85	9.43	0	0	0	为什么留子都不爱和老外谈？	Why do the children not like to talk to the elders?	为什么留学生都不爱和老外谈？	Why do foreign students hate talking to their elders?	why don't international students like dating foreigners? real talk
B-NEO-078	NEO	79.05	90.40	11.34	59.63	76.80	17.17	0	0	0	哈包穿上衣服不习惯了	I'm not used to wearing clothes.	哈兰德穿上衣服不习惯了	Harland is not used to wearing clothes.	not used to Haaland wearing clothes
B-NEO-079	NEO	75.24	91.15	15.92	53.33	69.05	15.72	0	100	100	洗澡5分钟老公社死一整年	5 minutes of shower, the boss dies for a year	洗澡5分钟老公社会性死亡一整年	5 minutes of bathing, husband socially dead for a year	5-min shower and my husband is socially dead for a whole year rip
B-NEO-080	NEO	82.13	73.91	-8.21	52.49	59.58	7.08	0	0	0	直接破防了家人们	The family was immediately overwhelmed.	直接心态失控了家人们	The immediate mental out of control of the family	totally broke down mentally fam
B-NEO-081	NEO	79.73	97.93	18.20	46.78	78.22	31.44	0	100	100	月薪不够5w不能这么活	5w can't live like this	月薪不够5万不能这么活	I can't live on less than 50,000 a month	Can't live like this if monthly salary isn't even 50k
B-NEO-082	NEO	47.49	57.79	10.31	30.07	60.65	30.58	0	0	0	爷青回	Asphalt is back	爷的青春回来了	The youth of my mother is back.	Nostalgia hits hard.
B-NEO-083	NEO	73.91	100.00	26.09	49.15	87.51	38.36	0	0	0	难他天？	What's wrong with him?	难道他真的是天才？	Is he really a genius?	Turns out he's a genius?
B-NEO-084	NEO	75.45	99.12	23.67	49.50	83.09	33.59	0	0	0	基操	Piano	基本操作	Basic operations	Just basic mechanics
B-NEO-085	NEO	77.36	83.26	5.90	57.74	68.92	11.18	0	0	0	你这肯定是低段位炸鱼罢了	You must be a low-grade fry fish.	你这肯定是低段位欺负水平差的玩家罢了	You must be a low-level bully player.	You must be just smurfing in low rank
B-NEO-086	NEO	52.98	65.43	12.45	44.44	49.97	5.53	0	100	100	刘宇宁一周不直播，棚友集体受不了！想念到发疯	The collective of Shadow Friends can't stand it! misses the madness	刘宇宁一周不直播，粉丝集体受不了！想念到发疯	The fans collectively couldn't stand it! misses the madness	Liu Yuning hasn’t streamed for a week, all his fans can’t stand it and miss him terribly.
B-PYA-001	PYA	66.70	83.76	17.07	58.15	71.73	13.58	0	100	100	xql日常太甜了，羡慕死了	xql everyday is so sweet, envy is dead	小情侣日常太甜了，羡慕死了	The couple's daily life is so sweet, they're dying of envy.	this couple's daily life is too sweet, I'm so jealous
B-PYA-003	PYA	37.83	58.75	20.92	45.78	60.60	14.81	0	0	0	xql之间的默契真的绝了	xql is really dead	小情侣之间的默契真的绝了	The silence between the lovers really broke.	the chemistry between this couple is insane
B-PYA-004	PYA	64.08	73.54	9.46	46.13	53.55	7.42	0	100	100	全网最甜xql非他们莫属	The sweetest thing on the internet is not theirs.	全网最甜小情侣非他们莫属	The sweetest couple on the internet is not theirs.	the sweetest couple on the internet has to be them
B-PYA-005	PYA	90.50	96.00	5.50	72.13	69.37	-2.76	0	0	0	看到别人去欧洲旅游的照片，xmsl	Seeing photos of people traveling to Europe, xmsl	看到别人去欧洲旅游的照片，羡慕死了	I'm dying to see pictures of people travelling to Europe	Seeing photos of others traveling in Europe makes me so envious.
B-PYA-007	PYA	88.17	97.86	9.68	69.88	65.50	-4.39	0	0	0	新剧gkd！等不及了	I can't wait for the new GKD!	新剧搞快点！等不及了	I can't wait for the new show!	hurry up with the new drama! can't wait
B-PYA-009	PYA	72.28	77.32	5.03	58.99	63.35	4.36	0	0	0	xgg们推荐一下好用的手机呗	xgg recommends a good cell phone case for your phone.	小哥哥们推荐一下好用的手机呗	The younger brother recommends a good cell phone case.	boys recommend some good phones pls
B-PYA-010	PYA	81.61	83.26	1.64	69.65	78.80	9.15	0	0	0	这个xgg好帅，求联系方式	This xgg is very cool, contact details	这个小哥哥好帅，求联系方式	This little brother is very cute, contact details	this guy is so handsome, asking for his contact
B-PYA-011	PYA	82.71	86.46	3.75	67.00	63.34	-3.66	0	100	100	jrm帮我看看这个怎么选	JRM, help me see how this works.	家人们帮我看看这个怎么选	My family helped me to see how this is done.	fam help me figure out which one to pick
B-PYA-012	PYA	96.59	91.01	-5.58	84.41	81.83	-2.58	0	100	100	jrm今天发生了一件离谱的事	jrm something strange happened today	家人们今天发生了一件离谱的事	Something strange happened to my family today.	fam something wild happened today
B-PYA-013	PYA	83.77	95.50	11.73	74.06	80.23	6.17	0	0	0	8u们觉得这配置怎么样	8u, how do you feel about this configuration?	吧友们觉得这配置怎么样	What do you guys think of this configuration?	what do you tieba folks think of this setup?
B-PYA-014	PYA	74.46	68.61	-5.85	78.13	81.21	3.08	0	0	0	王虹yyds！中国数学家终于拿到菲尔兹奖了	Wang Huong yyds! Chinese mathematician finally gets Fields Prize	王虹永远的神！中国数学家终于拿到菲尔兹奖了	Wang Niang, the eternal God! Chinese mathematician finally gets Fields Prize	Wang Hong is the GOAT! A Chinese mathematician finally won the Fields Medal
B-PYA-015	PYA	84.72	89.61	4.89	59.59	44.97	-14.61	0	0	0	这条rs怎么还没上	I'm not sure why this rs is still on.	这条热搜怎么还没上	The search is still not working.	why isn't this trending yet
B-PYA-016	PYA	61.64	43.67	-17.97	62.13	65.15	3.02	0	0	0	xswl，陈哲远在密逃里也太搞笑了吧	xswl, Chen Zhe is so funny in the underground too	笑死我了，陈哲远在密逃里也太搞笑了吧	I'm not sure if this is a joke or not, but it's funny that Chen Zheyang is hiding in the country.	Lmao, Chen Zheyuan is just too funny in Great Escape
B-PYA-017	PYA	90.06	96.93	6.87	76.20	79.74	3.54	0	100	100	14个月正是穿lulu的时候	14 months is the time to wear lulu	14个月正是穿Lululemon的时候	14 months is the time to wear Lululemon	14 months is prime Lululemon season
B-PYA-018	PYA	80.15	60.35	-19.81	58.76	45.86	-12.90	0	0	0	dd，中国女排3比2逆转美国太牛了	dd, Chinese female volleyball 3-2 reversed the US too bull	顶顶，中国女排3比2逆转美国太牛了	Chinese volleyball 3-2 to the U.S.	Bump, China women's volleyball 3-2 comeback against USA is amazing
B-PYA-019	PYA	91.56	61.02	-30.54	82.23	44.11	-38.12	0	0	0	rt，大家帮我看看这手机值不值	RT, help me see if this phone is worth anything.	如图，大家帮我看看这手机值不值	I'm not sure if this is the same as the one you're looking at, but it's a good phone.	see pic help me check if this phone is worth it
B-PYA-020	PYA	84.24	92.86	8.62	80.43	83.26	2.83	0	100	100	jrs怎么看腾讯这个泄密处理？	How did the jrs feel about Tencent's handling of the leak?	家人们怎么看腾讯这个泄密处理？	How did the family react to Tencent's handling of the leak?	Fam, what do you think of Tencent's leak handling?
B-PYA-021	PYA	63.25	65.53	2.28	64.44	57.27	-7.17	0	0	0	srds，赛里木湖打人这事不能就这么算了	srds, the Serengeti can't be treated like this	虽然但是，赛里木湖打人这事不能就这么算了	Although, the Serengeti beatings are not just that.	Be that as it may, the Sarim Lake beating incident can't just be let go like this
B-PYA-022	PYA	85.72	80.34	-5.38	48.53	79.89	31.36	0	0	0	白色真是yyds	White is really yyds	白色真是永远的神	White is the eternal God	white is truly the GOAT
B-PYA-023	PYA	75.71	71.47	-4.24	74.86	57.80	-17.06	0	0	0	u1s1，317万年终奖确实让人眼红	The u1s 13,17 million year end prize is indeed eye-catching	有一说一，317万年终奖确实让人眼红	The winner of the 317 millionth annual prize is indeed a sight to behold.	To be honest, a 3.17 million year-end bonus does make people envious
B-PYA-024	PYA	91.86	83.37	-8.49	76.18	62.39	-13.79	0	0	0	XHS上好多人在讨论	Many people at XHS are discussing	小红书上好多人在讨论	Many people discussed the little red book.	so many people talking about it on Xiaohongshu
B-PYA-025	PYA	90.95	92.62	1.67	69.29	74.89	5.60	0	0	0	显卡涨价这消息直接让我blx了	The news of the price hike in the graphics card has made me blx.	显卡涨价这消息直接让我玻璃心了	The news of the price hike in the graphics card has made me cry.	The GPU price hike news really triggered my fragile heart
B-PYA-026	PYA	21.03	64.53	43.50	21.16	48.11	26.95	0	0	0	好好好 好一个kpop拉子(bushi)	I'm not sure if I'm going to be able to do it.	好好好 好一个kpop拉子(不是)	Good, good, good, a kpop rabbit (not that)	ok ok ok what a kpop lesbian (not)
B-PYA-027	PYA	54.41	62.38	7.97	66.59	71.70	5.12	0	0	0	某些景区管理真是yygq，表面道歉背后照样	Some of the sites are run by yygq, and the apology is the same behind the scenes.	某些景区管理真是阴阳怪气，表面道歉背后照样	Some of the management of the sites are really shady, and the apology is not what it seems	Some scenic area management is really passive-aggressive, apologizing on the surface but same behind the scenes
B-PYA-028	PYA	56.72	76.73	20.01	50.85	74.13	23.28	0	0	0	nb！这个操作太秀了	This is a great operation.	牛逼！这个操作太秀了	This is a great trick!	Sick move! Absolute W
B-PYA-029	PYA	62.22	61.82	-0.40	48.52	59.39	10.87	0	100	100	50亿离婚案的瓜我吃了，dbq我不站队	I'm not going to stand in line for the 5 billion divorce cases I've been through.	50亿离婚案的瓜我吃了，对不起我不站队	I'm sorry I didn't join the party, I'm the fool for the 5 billion divorce cases	I’ve followed the 5-billion divorce drama, sorry, I’m not taking sides.
B-PYA-030	PYA	68.35	73.63	5.28	54.37	63.32	8.95	0	0	0	这就是尊贵的b站用户🤣🤣🤣	This is the B-site user	这就是尊贵的B站用户🤣🤣🤣	This is the B-site user 🤣🤣🤣	this is what being a distinguished Bilibili user looks like 🤣🤣🤣
B-PYA-031	PYA	60.18	38.31	-21.87	42.53	41.49	-1.04	0	0	0	王虹从垫底到菲尔兹奖，这波直接nb	From the rainbow to the Fields Prize, this wave is directed by nb	王虹从垫底到菲尔兹奖，这波直接牛逼	From the bottom of the pyramid to the Fields Prize, the Rainbow is a direct result of the current political situation in the country.	Wang Hong from bottom to Fields Medal, this move is just insane
B-PYA-032	PYA	79.79	84.51	4.72	58.91	62.61	3.71	0	100	100	xjj们推荐一下好用的手机呗	xjj, we recommend a good cell phone case	小姐姐们推荐一下好用的手机呗	The girls recommend a good cell phone case.	girls recommend some good phones pls
B-PYA-033	PYA	63.87	73.47	9.59	51.38	59.76	8.38	0	0	0	bl粉丝太能控评了	The bl fans are too much to handle.	白鹿粉丝太能控评了	The White Deer fans are too reserved.	Bai Lu fans are too good at controlling the comments
B-PYA-034	PYA	73.64	42.14	-31.50	50.13	58.84	8.72	0	0	0	会聊天的男生真的yyds	The guys who would chat really yyds	会聊天的男生真的永远的神	The boy who would chat with God forever	guys who can flirt are truly the GOAT
B-PYA-035	PYA	81.27	83.89	2.63	65.93	76.37	10.44	0	0	0	哈哈哈哈哈哈哈笑死，我们00真的老kpop人了	Ha ha ha ha ha ha, we are really old kpop people	哈哈哈哈哈哈哈笑死，我们2000年后出生的人真的老kpop人了	Ha ha ha ha ha ha ha, we who were born after 2000 are really old kpop people	lmaooo us Gen Z are such veteran kpop fans
B-PYA-036	PYA	25.34	25.79	0.44	41.05	39.86	-1.19	0	0	0	减脂党狂喜！番茄鸡蛋燕麦粥yyds	The fat loss party is in full swing!	减脂党狂喜！番茄鸡蛋燕麦粥永远的神	The fat loss party is in full swing!	diet crew rejoice! tomato egg oatmeal is the GOAT
B-PYA-037	PYA	71.32	84.36	13.04	49.67	49.15	-0.52	0	100	100	jrs帮我看看这鱼竿行不行	JRS, help me see if this fish is working.	家人们帮我看看这鱼竿行不行	My family helped me see if this fish could walk.	fam help me check if this fishing rod is any good
B-PYA-038	PYA	79.91	58.22	-21.69	62.87	57.83	-5.04	0	0	0	一个会调情的男生真的YYDS	A guy who would flirt is really YYDS	一个会调情的男生真的永远的神	A boy who would flirt with a real god forever	a guy who knows how to flirt is truly the GOAT
B-PYA-039	PYA	84.77	97.48	12.71	74.55	82.82	8.27	0	0	0	bdjw这个怎么用	What's the use of bdjw?	不懂就问这个怎么用	If you don't know, ask me how to use it.	asking cuz idk how do I use this
B-PYA-040	PYA	56.58	67.80	11.22	51.84	54.90	3.07	0	100	100	蓝盈莹第一场戏好像就是撞棺紫砂	The first act of the Blue Swan is like a coffin-smashing purple sand.	蓝盈莹第一场戏好像就是撞棺自杀	The first act of the Blue Swan is like a suicide by coffin.	Lan Yingying's first scene was literally suicide by coffin smash
B-PYA-041	PYA	21.36	21.44	0.08	21.47	23.65	2.18	0	0	0	泰奶+Gelato yyds！！！	The post is part of our special coverage of the event.	泰奶+Gelato 永远的神！！！	The first thing I did was to make a video of the two of them together.	Thai milk tea + Gelato is the GOAT!!!
B-PYA-042	PYA	78.81	27.77	-51.04	53.66	38.60	-15.06	0	0	0	yygq什么呢，有话直说不行吗	What is the matter with you, that you do not speak plainly?	阴阳怪气什么呢，有话直说不行吗	What is the matter with the devil that he does not speak?	what are you being passive-aggressive about just say it straight
B-PYA-043	PYA	75.30	84.84	9.54	70.09	56.95	-13.13	0	0	0	zqsg追星好累	Zqsg is tired of chasing stars	真情实感追星好累	I'm tired of following the stars.	chasing idols with genuine feelings is exhausting
B-PYA-044	PYA	74.51	77.30	2.79	83.21	67.11	-16.10	0	0	0	u1s1，这个视频做得真好	u1s1, this video is very well done	有一说一，这个视频做得真好	This video is very well done.	Fr, this video slaps
B-PYA-045	PYA	47.62	43.99	-3.63	32.33	45.20	12.87	0	0	0	别再吃麻辣烫！干拌麻辣拌才是yyds	Stop eating the yams!	别再吃麻辣烫！干拌麻辣拌才是永远的神	Don't eat the mucus anymore! The dry mucus is the eternal God	stop eating malatang! dry-mixed mala ban is the GOAT
B-PYA-046	PYA	71.39	74.81	3.42	46.49	65.60	19.12	0	0	0	这吧里xfxy的，天天吵架	Here's the Xfxy, the daily fight	这吧里血风血雨的，天天吵架	There's blood and rain, fighting every day	this forum is so chaotic fighting every day smh
B-PYA-047	PYA	55.08	67.23	12.15	77.88	82.47	4.59	0	0	0	srds他还是很有实力的	Srds he is still very strong	虽然但是他还是很有实力的	But he's still very powerful.	sthough he still got bars
B-PYA-048	PYA	77.33	75.36	-1.97	77.92	77.66	-0.27	0	0	0	xswl 这都能洗？	xswl Can this be washed?	笑死我了 这都能洗？	I'm laughing my ass off. Can you wash all this?	lmao you can defend even this?
B-PYA-049	PYA	91.28	100.00	8.72	80.62	84.49	3.87	0	0	0	rwkk这到底是什么鱼	rwkk what kind of fish is this	让我看看这到底是什么鱼	Let me see what kind of fish this is.	lemme see what fish is this
B-PYA-050	PYA	79.41	60.59	-18.81	52.95	38.82	-14.13	0	0	0	dd我一下	Let me see.	滴滴我一下	Just a little bit.	hit me up
B-PYA-051	PYA	82.49	84.70	2.21	62.35	48.20	-14.15	0	0	0	tcl，我真的太菜了	Tcl, I'm really overreacting	太菜了，我真的太菜了	I'm really over it.	I'm way too noob
B-PYA-052	PYA	25.20	30.92	5.71	27.40	29.04	1.63	0	0	0	夏天就好这一口！！天妇罗冰锅yyds！！	The weather is so hot in the summertime, and the weather is so cold in the wintertime.	夏天就好这一口！！天妇罗冰锅永远的神！！	The summer is over!	summer vibes!! tempura ice pot is the GOAT!!
B-PYA-053	PYA	84.17	74.79	-9.38	69.12	52.28	-16.84	0	0	0	xswl这弱智吧的帖子太搞笑了	xswl this stupid post is so funny	笑死我了这弱智吧的帖子太搞笑了	I'm so sorry, but this post is so funny.	lmao the posts in this dumbass forum are too funny
B-PYA-054	PYA	50.14	39.64	-10.50	44.87	63.90	19.03	0	0	0	马到成功yyds	The horse to success yyds	马到成功永远的神	The horse to the eternal God of Success	May you succeed effortlessly, it’s top tier!
B-PYA-055	PYA	38.13	71.92	33.80	30.60	48.87	18.28	0	0	0	这操作nb啊，大佬带带我	This operation is taking me to the big league.	这操作牛逼啊，大佬带带我	This is a bullshit operation, take me with you.	this play is sick bro carry me
B-PYA-056	PYA	74.06	75.93	1.88	47.66	58.50	10.83	0	0	0	这个cp太好磕了	This cp is so cool.	这个配对太好磕了	This is a great pair.	this ship is too good fr fr
B-PYA-057	PYA	46.55	49.30	2.75	32.62	48.02	15.40	0	0	0	这俩离不开浓妆美颜强凹ABC	The two are inseparable.	这俩离不开浓妆美颜强凹American Born Chinese	The two are inseparable, beautiful and strong, American Born Chinese.	these two can't go without heavy makeup + filters trying to act all ABC
B-PYA-058	PYA	87.97	75.13	-12.83	62.34	47.06	-15.28	0	0	0	kdl，这对CP太甜了	kdl, that's too sweet for CP	磕到了，这对CP太甜了	That's it, that's too sweet for CP	I'm shipping it this CP is too sweet
B-PYA-059	PYA	37.77	44.87	7.09	51.46	63.03	11.57	0	0	0	山航yyds	The Yad Vashem	山航永远的神	The Eternal God of the Mountain	Shandong Airlines is the GOAT
B-PYA-060	PYA	76.31	79.31	3.00	44.86	59.15	14.29	0	0	0	cpf又在磕了	cpf is on again	CP粉又在磕了	CP powder is boiling again	shippers shipping again
B-PYA-061	PYA	60.81	22.40	-38.41	74.07	30.27	-43.80	0	0	0	dddd，支持UP主！	dddd, support the UP chief!	顶顶顶顶，支持UP主！	The UP government has been in power for over a year.	bump bump bump bump support the creator!
B-PYA-062	PYA	84.76	77.19	-7.57	78.19	78.63	0.45	0	0	0	xswl打印机都沦没墨了	The xswl printer is out of ink.	笑死我了打印机都沦没墨了	I'm dying of laughter, my printer is out of ink.	lmao even the printer ran out of ink
B-PYA-063	PYA	78.73	86.51	7.78	57.83	71.37	13.54	0	100	100	fs们太能打了	The fs are too good to be true.	粉丝们太能打了	The fans are so good.	fans are too cracked
B-PYA-064	PYA	93.22	74.96	-18.27	85.24	54.29	-30.95	0	0	0	ssfd，这个太恐怖了	ssfd, this is horrible	瑟瑟发抖，这个太恐怖了	Sithra is terrified.	shook this is too scary
B-PYA-065	PYA	61.92	90.38	28.46	74.32	75.24	0.92	0	100	100	bt，时常因为不够bt而觉得跟这个世界格格不入	bt, often feels out of place in the world because of not having enough bt	变态，时常因为不够变态而觉得跟这个世界格格不入	Perverts, often feeling out of place in the world because they are not perverts enough	pervert always feeling out of place cuz I'm not weird enough lol
B-PYA-066	PYA	91.56	88.19	-3.36	68.93	67.80	-1.14	0	0	0	这图谁发明的，xswl	Who invented this,xswl	这图谁发明的，笑死我了	Whoever invented this is laughing at me.	who invented this image lmao
B-PYA-067	PYA	42.36	64.43	22.07	47.86	42.69	-5.16	0	0	0	tcl这游戏技术，菜到抠脚	Tcl is a game that is technically a game of skill.	太菜了这游戏技术，菜到抠脚	The game is so technically advanced that it's a waste of time.	too noob this game skill noob to the extreme
B-PYA-068	PYA	73.87	82.70	8.83	78.19	57.58	-20.61	0	0	0	zqsg追了这么多年，终于更新了	After years of searching, zqsg is finally updated	真情实感追了这么多年，终于更新了	The real feeling after so many years is finally updated	been following with real feelings for years finally an update
B-PYA-069	PYA	72.77	38.98	-33.79	65.52	49.87	-15.65	0	0	0	Xswl就说有没有美味大餐吧哈哈哈哈哈哈哈	Xswl asked if there was a good meal.	笑死我了就说有没有美味大餐吧哈哈哈哈哈哈哈	I'm not sure if I'm going to be able to eat it, but I'm going to have a nice dinner.	lmao just tell me if there's a feast hahahahaha
B-PYA-070	PYA	99.04	72.49	-26.54	85.42	73.88	-11.54	100	100	0	nsdd，你说得对	nsdd, you are right	你说得对，你说得对	You're right, you're right	nsdd you're right
B-PYA-071	PYA	28.15	35.33	7.18	43.12	45.03	1.90	0	0	0	xswl一人血书求这个短剧拍真人版	xswl a short film about a man who is desperate for blood	笑死我了一人血书求这个短剧拍真人版	I'm laughing my ass off, and I'm asking for blood for this short film.	lmao starting a one-person petition for a live-action version
B-PYA-072	PYA	98.08	98.70	0.62	75.86	85.82	9.96	100	100	0	szd，这个是真的	So, this is true.	是真的，这个是真的	It's true, this is true.	it's legit this is the real deal
B-PYA-073	PYA	79.72	79.39	-0.33	62.31	49.15	-13.16	0	0	0	pyq，朋友圈见	pyq, see you in the circle	朋友圈，朋友圈见	Friends, see you in the circle	see you in Moments
B-PYA-074	PYA	78.00	77.56	-0.45	76.69	76.95	0.26	0	0	0	这个耳朵前后的颜色变化xswl	This ear changes color before and after xswl	这个耳朵前后的颜色变化笑死我了	I'm laughing at the color change in this ear.	the color change before and after this ear lmao
B-PYA-075	PYA	97.80	99.74	1.93	84.80	86.35	1.55	100	100	0	dbq，对不起我错了	dbq, sorry I was wrong	对不起，对不起我错了	Sorry, sorry I was wrong	sry sorry I was wrong
B-PYA-076	PYA	96.00	83.98	-12.03	66.55	79.13	12.58	0	0	0	xswl皇帝的新衣	The Emperor's new clothes	笑死我了皇帝的新衣	I laughed my ass off at the Emperor's new clothes.	lmao emperor's new clothes
B-PYA-077	PYA	43.28	41.39	-1.89	29.87	56.74	26.87	0	0	0	哈哈哈哈哈xswl	I'm not sure what to do.	哈哈哈哈哈笑死我了	I'm not sure what to do.	hahahahaha lmao
B-PYA-078	PYA	58.46	94.43	35.97	27.06	70.81	43.75	0	100	100	真的栓Q了家人们	I'm not sure what to do about it.	真的受够了家人们	I've had enough of this family.	I've really had enough, guys.
B-PYA-079	PYA	87.43	88.66	1.24	81.45	56.36	-25.09	0	0	0	8u🚪什么意思	What does 8u mean?	吧友们什么意思	"What do you mean, ""friends""?"	tieba bros what does this mean
B-PYA-080	PYA	80.27	80.44	0.17	51.75	41.85	-9.89	0	0	0	什么成分？xdm锐评。	What is it? xdm review.	什么成分？兄弟们锐评。	What ingredients?	what's their deal? bros rate.
B-PYA-081	PYA	63.61	60.97	-2.64	44.33	49.62	5.29	0	100	100	氪金也能让各家fs满意	The metal also satisfies the FS family.	氪金也能让各家粉丝满意	The fans are also happy with the gold.	spending money can also satisfy every camp's fans
B-PYA-082	PYA	58.42	51.36	-7.06	47.48	43.15	-4.33	0	0	0	咱姐硬生生从良子嘴里抠出3w多粉丝	She is a hard-working woman who has over 3w fans from her mouth.	咱姐硬生生从良子嘴里抠出3万多粉丝	She has over 30,000 followers from her mouth.	Our sis somehow pulled more than thirty thousand followers out of Liangzi.
B-PYA-083	PYA	73.28	70.74	-2.54	68.85	70.34	1.49	0	0	0	她俩要是有cpf这都能当谈过的证据了	If they had CPF, that would be evidence of what we've been talking about.	她俩要是有CP粉这都能当谈过的证据了	If they had CP powder, that would be evidence of what we've been talking about.	if they had shippers this could count as dating proof
B-PYA-084	PYA	86.47	94.81	8.34	78.57	85.90	7.34	0	0	0	塔图姆NB	Tatum NB	塔图姆牛逼	Tatum is a tough guy.	Tatum is insane.
B-PYA-085	PYA	70.17	60.87	-9.30	49.60	57.08	7.47	0	0	0	想吃肉质Q弹的就买散养老公鸡	If you want to eat meat Q, buy a retired chicken	想吃肉质紧实弹牙的就买散养老公鸡	If you want to eat meat with your teeth, buy a retired chicken.	if you want bouncy meat buy free-range rooster
B-PYA-086	PYA	93.48	76.10	-17.38	72.02	63.14	-8.88	0	0	0	yysy，两边都看完了	Yysy, we've seen both sides.	有一说一，两边都看完了	One way or another, both sides have seen it.	To be honest, I watched both sides
B-MIX-001	MIX	90.81	70.89	-19.91	79.64	59.37	-20.27	100	0	-100	这首歌的hook太洗脑了，循环一天	The hook of this song is so mind-blowing, it's been circulating for a day.	这首歌的记忆点太洗脑了，循环一天	The song's memory is too mind-blowing, cycling through the day	this song's hook is so catchy, been looping all day
B-MIX-002	MIX	66.81	66.96	0.15	63.41	75.39	11.97	100	0	-100	短视频前3秒就是hook，抓不住人就划走了	The first three seconds of the video are the hook, and if you don't catch someone, you're just going to get away.	短视频前3秒就是吸引人的部分，抓不住人就划走了	The first 3 seconds of the video are the most attractive part, and if you don't catch the person, you just skip it.	the first 3 seconds of a short video is the hook, lose them and they scroll away
B-MIX-003	MIX	98.49	98.83	0.34	73.61	80.63	7.03	100	100	0	新专辑终于drop了，等了好久	The long awaited new album finally dropped	新专辑终于发布了，等了好久	The long awaited new album finally released	the new album finally dropped, been waiting forever
B-MIX-004	MIX	95.34	95.09	-0.24	72.35	83.84	11.49	100	100	0	这个品牌下周drop新款，必须抢	This brand is going to drop new ones next week, must grab	这个品牌下周推出新款，必须抢	The brand is launching a new model next week, and it's a must-have.	this brand is dropping new styles next week, gotta grab them
B-MIX-005	MIX	75.86	74.57	-1.30	48.04	60.71	12.67	100	0	-100	这波clutch操作直接翻盘，太牛了	The clutch is flipping over, too bad.	这波关键时刻的操作直接翻盘，太牛了	The operation of this wave at the crucial moment is a direct reversal, too bad.	this clutch play turned the game around, insane
B-MIX-006	MIX	68.70	74.12	5.42	64.93	66.94	2.01	100	0	-100	决赛最后一分钟clutch绝杀	The final minute of the match ended in a clutch draw.	决赛最后一分钟关键时刻绝杀	The final minute of the match was the decisive moment of the match.	clutch buzzer-beater in the final minute of the finals
B-MIX-007	MIX	81.54	83.44	1.90	73.82	76.90	3.08	100	0	-100	这游戏画质也就mid水平，玩法也一般	The game is a mid-level graphic and gameplay.	这游戏画质也就一般水平，玩法也一般	The game is of a similar quality and plays on the same level.	this game's graphics are just mid, gameplay is average too
B-MIX-008	MIX	72.85	71.28	-1.57	47.62	43.92	-3.70	100	0	-100	这套穿搭直接slay全场	This is a slay full-length outfit.	这套穿搭直接秒杀全场	This outfit is a second-best.	this outfit slays the whole room
B-MIX-009	MIX	69.58	62.03	-7.56	45.72	62.65	16.93	0	0	0	王虹这波演讲直接slay	Wang Yi's speech is slaying the world.	王虹这波演讲直接秒杀全场	Wang Niang's speech is a direct sequel to the whole thing.	Wang Hong's speech just slayed
B-MIX-010	MIX	89.52	91.21	1.70	81.68	78.92	-2.76	100	100	0	上班就是当NPC，每天重复同样的台词	The work is being an NPC, repeating the same lines every day.	上班就是当非玩家角色，每天重复同样的台词	The work is about being a non-player character, repeating the same lines every day.	going to work is being an NPC, repeating the same lines every day
B-MIX-011	MIX	98.75	94.73	-4.03	85.96	79.94	-6.02	100	0	-100	别当NPC了，做自己生活的主角	Stop being an NPC and be the protagonist of your own life	别当非玩家角色了，做自己生活的主角	Stop being a non-player character and be the protagonist of your life	stop being an NPC, be the main character of your own life
B-MIX-012	MIX	63.14	95.53	32.40	56.64	74.69	18.05	0	100	100	i人沦为e人玩具，太真实了	It's so real that people become toys.	内向者沦为外向者玩具，太真实了	It's so true that introverts become extroverts' playthings.	introverts becoming playthings for extroverts, too real
B-MIX-013	MIX	68.79	72.08	3.29	58.01	57.35	-0.65	0	100	100	e人累了一周还要爬起来继续嗨	We've been tired for a week, and we're still climbing.	外向的人累了一周还要爬起来继续嗨	Extroverts are tired after a week of climbing and climbing.	extroverts have been tired all week and still have to get up and keep partying
B-MIX-014	MIX	73.15	73.28	0.12	65.60	64.47	-1.13	100	0	-100	刻在骨子里的秀粉DNA瞬间苏醒	The DNA of the Shih Tzu in the bones awakens instantly	刻在骨子里的秀粉基因瞬间苏醒	The Shiitake gene in the bone is instantly awakened	the idol fan DNA embedded in my bones instantly awakened
B-MIX-015	MIX	98.64	90.20	-8.44	83.17	82.83	-0.34	100	0	-100	POV：你是最后一个知道消息的人	POV: You were the last to know	视角：你是最后一个知道消息的人	Perspective: You are the last to know	POV: you're the last person to find out
B-MIX-016	MIX	98.90	98.64	-0.26	72.30	83.45	11.15	100	0	-100	当地人真的好chill，十一点上班六点下班	The locals are really chill, they come to work at 11 and leave at 6.	当地人真的好悠闲放松，十一点上班六点下班	The locals are really relaxed, they come to work at 11 and leave at 6.	the locals are so chill, starting work at 11 and off at 6
B-MIX-017	MIX	98.09	98.96	0.87	81.15	85.40	4.24	100	0	-100	这个视频太cringe了，看不下去	This video is too cringe-y to watch.	这个视频太尴尬了，看不下去	This video is too embarrassing to watch.	this video is too cringe, can't even watch
B-MIX-018	MIX	67.35	97.76	30.41	43.05	77.28	34.23	100	100	0	这个行为好sus，不对劲	This is good, Sus, isn't it?	这个行为好可疑，不对劲	This is a very suspicious behavior, isn't it?	this behavior is so sus, something's off
B-MIX-019	MIX	87.12	92.02	4.90	61.20	80.27	19.06	100	0	-100	别flex了，谁不知道你有钱	Don't flex, who knows you've got money	别炫耀了，谁不知道你有钱	Stop showing off, who doesn't know you're rich	stop flexing, everyone knows you're rich
B-MIX-020	MIX	75.66	62.69	-12.97	51.52	54.13	2.61	100	0	-100	这首歌被hype过头了，其实一般	The song was hyped, in fact, it was hyped.	这首歌被炒作过头了，其实一般	The song is a parody, but it's actually a general one.	this song got way too much hype, it's actually just average
B-MIX-021	MIX	89.39	83.79	-5.60	75.32	68.79	-6.53	100	0	-100	今天又偶遇crush了，太巧了	Today I had another crush, which was a bit of a coincidence.	今天又偶遇暗恋对象了，太巧了	Today I had another chance to fall in love with someone.	ran into my crush again today, what a coincidence
B-MIX-022	MIX	86.34	87.84	1.50	68.79	80.67	11.87	100	0	-100	我ship的CP终于官宣了	The CP of my ship is finally official	我支持的情侣组合终于官宣了	The couple I support is finally official	the ship I've been rooting for finally went official
B-MIX-023	MIX	95.01	97.31	2.30	77.01	81.96	4.95	100	0	-100	作为stan我必须说偶像这次回归太棒了	As a Stan, I have to say that the return of the idol is great.	作为狂热粉我必须说偶像这次回归太棒了	As a fan, I have to say that the return of the idol is great.	as a stan I gotta say the idol's comeback is amazing
B-MIX-024	MIX	86.38	97.64	11.26	67.93	61.86	-6.07	100	0	-100	期待偶像的comeback，新专辑什么时候发	The idol's comeback, when will the new album be released	期待偶像的回归，新专辑什么时候发	When will the new album be released?	looking forward to the idol's comeback, when's the new album dropping
B-MIX-025	MIX	83.54	88.85	5.31	70.81	78.88	8.06	100	0	-100	这也太离谱了吧我直接emo	It's too weird. I'm going straight to the emo.	这也太离谱了吧我直接抑郁	It's weird, I'm just depressed	this is so outrageous I'm literally emo rn
B-MIX-026	MIX	89.87	84.44	-5.43	78.00	78.02	0.02	0	0	0	看到317万年终奖我直接emo了	I was immediately shocked to see the 3.17 million year end award.	看到317万年终奖我直接情绪低落了	I was immediately depressed to see the 3.17 million year end prize.	Seeing the 3.17 million year-end bonus, I got all emo
B-MIX-027	MIX	74.00	77.18	3.18	79.57	65.61	-13.96	0	0	0	掉san了，这个太恐怖了	It's horrible to lose san.	掉san值了，这个太恐怖了	It's horrible to lose san.	lost my sanity this is too scary bruh
B-MIX-028	MIX	64.04	63.22	-0.83	58.52	64.81	6.29	100	0	-100	王虹这波citywalk直接从北大走到菲尔兹奖	Rainbow Citywalk goes straight from North Park to the Fields Prize	王虹这波城市漫步直接从北大走到菲尔兹奖	Wang Niang walks straight from the North Tower to the Fields Prize	Wang Hong's citywalk took her all the way from Peking University to the Fields Medal
B-MIX-029	MIX	93.97	86.56	-7.41	54.48	77.78	23.30	100	0	-100	在上海街头随性citywalk	Citywalk on the streets of Shanghai	在上海街头随性城市漫步	A sexy city stroll through the streets of Shanghai	casual city walk on Shanghai streets
B-MIX-030	MIX	71.91	72.28	0.37	66.92	65.91	-1.01	100	0	-100	中国女排这vibe太强了，3比2逆转太燃	Chinese female boxer, this vibe is too strong, 3-2 reverse is too hot	中国女排这氛围太强了，3比2逆转太燃	Chinese female volleyball is too strong, 3-2 reverse is too hot	China women's volleyball's vibe is so strong, the 3-2 comeback is so inspiring
B-MIX-031	MIX	96.80	93.00	-3.79	73.86	69.46	-4.41	100	0	-100	这番属于ACGN圈的经典之作了	This is a classic from the ACGN circle.	这番属于动漫游文圈的经典之作了	This is a classic of the anime world.	this anime is a classic in the ACGN circle
B-MIX-032	MIX	89.65	83.05	-6.60	65.43	65.40	-0.04	0	0	0	50亿离婚案这drama程度堪比韩剧	5 billion divorces is a drama like a Korean drama	50亿离婚案这戏剧性程度堪比韩剧	5 billion divorces is a drama of Korean drama	The drama level of the 5 billion divorce case rivals a Korean drama
B-MIX-033	MIX	97.83	94.76	-3.07	62.58	74.70	12.12	100	0	-100	今日OOTD分享	OOTD shared today	今日穿搭分享	Today's dress code	today's OOTD drop
B-MIX-034	MIX	63.14	56.63	-6.51	61.79	63.10	1.32	100	100	0	赛里木湖这波操作太low了，景区管理丢人	The operation of the Seiri Lake is too slow, and the management of the site is losing people	赛里木湖这波操作太低级了，景区管理丢人	The operation of the Seiri Lake is too low-level, and the management of the area is losing people	Sarim Lake's move this time is too low-class, scenic area management is embarrassing
B-MIX-035	MIX	100.00	78.99	-21.01	83.82	49.35	-34.47	100	0	-100	OMG这也太好看了	OMG this is so beautiful	我的天这也太好看了	My day is beautiful.	OMG this looks so good
B-MIX-036	MIX	87.44	86.78	-0.66	50.28	62.02	11.73	0	0	0	腾讯这波泄密事件直接social death了	Tencent's leak is a social death	腾讯这波泄密事件直接社会性死亡了	Tencent's leak is a social death	Tencent's leak incident this time resulted in total social suicide
B-MIX-037	MIX	93.00	82.08	-10.93	78.50	63.69	-14.82	100	0	-100	这游戏全DLC都买了，花了好几百	The game's DLC was bought for hundreds of dollars.	这游戏全可下载内容都买了，花了好几百	The game was downloaded and bought for hundreds of dollars.	bought all the DLC spent several hundred
B-MIX-038	MIX	84.17	92.51	8.34	64.63	78.84	14.21	0	0	0	显卡涨价涨成这样，简直是price离谱	The price of the graphics card has gone up, and it's price anomaly.	显卡涨价涨成这样，简直是价格离谱	The price of the graphics card has gone up by such a huge amount that it is a price anomaly.	GPU prices going up this much, the price is just outrageous
B-MIX-039	MIX	99.12	88.16	-10.96	81.68	82.47	0.79	100	0	-100	这个GMV变高了	This GMV is getting higher.	这个商品交易总额变高了	The total volume of this commodity has increased.	this GMV went up
B-MIX-040	MIX	95.27	96.46	1.19	78.87	80.28	1.41	100	100	0	过度分享这件事真的太trigger了，边界感很重要	The over-sharing of this is really too triggering, and boundaries are important.	过度分享这件事真的太触发了，边界感很重要	The over-sharing is really triggering, and the boundaries are important.	Oversharing is really triggering. Boundaries matter.
B-MIX-041	MIX	93.98	88.73	-5.25	82.49	72.68	-9.81	100	0	-100	这个meme太火了	This meme is hot.	这个梗太火了	This is so hot.	this meme is too fire lol
B-MIX-042	MIX	67.32	77.18	9.85	46.74	70.77	24.03	100	100	0	陈哲远在密逃里的reaction太搞笑了	The reaction of the people who were hiding in the back of the bus was funny.	陈哲远在密逃里的反应太搞笑了	The reaction of Chen Zhe, who is on the run, is funny.	Chen Zheyuan's reaction in the escape room show is too funny
B-MIX-043	MIX	95.84	82.15	-13.69	70.09	74.39	4.31	100	0	-100	用来换做成AGI的概率	The probability of being converted to AGI	用来换做成通用人工智能的概率	The probability of being replaced by a general AI	probability of achieving AGI
B-MIX-044	MIX	93.27	93.72	0.45	83.34	82.93	-0.41	100	100	0	50亿离婚案这个level太高了，普通人理解不了	5 billion divorces is too high a level for ordinary people to understand	50亿离婚案这个级别太高了，普通人理解不了	5 billion divorces is too high a level for ordinary people to understand	The level of the 5 billion divorce case is too high, ordinary people can't understand
B-MIX-045	MIX	84.58	66.81	-17.77	63.19	62.65	-0.55	100	0	-100	cosplay得很好，很像	Cosplay is good, it's like	角色扮演得很好，很像	The role is very good, it's like	cosplay done right looks so similar
B-MIX-046	MIX	96.47	96.31	-0.15	81.67	84.16	2.49	100	100	0	这个app一到发售就崩	The app crashed when it was released.	这个应用一到发售就崩	The app crashed as soon as it was released.	this app crashes every launch
B-MIX-047	MIX	96.25	98.84	2.59	74.77	85.42	10.65	0	0	0	这个角色太OP了	This character is too OP.	这个角色太强了	This character is too strong.	this character is way too overpowered
B-MIX-048	MIX	80.56	85.30	4.74	77.37	65.85	-11.52	100	100	0	lpl历史上有像清算48同样力度的清算吗？	Is there ever a liquidation in the history of lpl that is as intense as liquidation 48?	LPL历史上有像清算48同样力度的清算吗？	Is there a similar level of liquidation in LPL's history?	has there ever been a reckoning as hard as '48' in LPL history?
B-MIX-049	MIX	81.68	23.06	-58.62	76.69	27.69	-49.00	0	0	0	加个buff，变得更强	Added buff, got stronger	加个增益，变得更强	"The Bible says that ""the spirit of the world is like a roaring lion""."	add a power-up get stronger ez
B-MIX-050	MIX	100.00	100.00	0.00	84.62	83.15	-1.47	100	100	0	这个logo设计得好	The logo is well designed.	这个品牌标识设计得好	The logo is well designed.	this logo is well designed
B-MIX-051	MIX	85.18	59.91	-25.27	55.47	68.66	13.19	0	0	0	被nerf了，变弱了	I was nervous, I was weak.	被削弱了，变弱了	Weakened, weakened	got nerfed got weaker smh
B-MIX-052	MIX	82.93	84.05	1.12	75.32	76.62	1.30	0	0	0	我刚才去打apex了	I just got off the phone with Apex.	我刚才去打Apex了	I just got off the phone with Apex.	just went to play Apex
B-MIX-053	MIX	100.00	100.00	0.00	85.09	84.26	-0.83	100	100	0	GDP十强省份变了	The 10 provinces with the highest GDP have changed	国内生产总值十强省份变了	The top 10 provinces in terms of GDP have changed	GDP top 10 provinces changed
B-MIX-054	MIX	93.27	94.42	1.15	65.90	81.22	15.33	0	0	0	GG了，完了	GG, finished.	完了，完了	That's it.	It's game over, we're done for.
B-MIX-055	MIX	24.54	26.11	1.57	29.76	42.33	12.57	0	0	0	就是在cp里吃瓜	I'm not sure what I'm going to do.	就是在搭档组合里吃瓜	The only way to get a good life is to eat nuts in a partner's home.	just watching the drama in the ship
B-MIX-056	MIX	60.81	96.53	35.72	44.26	68.26	24.00	0	100	100	图样森破，你太天真了	You are so naive, you are so naive.	Too young too simple，你太天真了	Too young too simple, you are too naive	too young too simple you're too naive
B-MIX-057	MIX	96.17	96.47	0.30	86.44	86.68	0.25	100	100	0	这个AI太厉害了	This AI is so cool.	这个人工智能太厉害了	This AI is so awesome.	this AI is way too OP fr
B-MIX-058	MIX	66.79	28.60	-38.18	40.96	38.20	-2.76	100	0	-100	carry全场，带飞	Carry all the way, carry on	带飞全场，带飞	Take the field, take the field	carrying the whole squad what a carry
B-MIX-059	MIX	99.80	99.50	-0.31	82.51	82.52	0.01	100	100	0	她学的是泰语又不是IT	She is learning Thai, not IT	她学的是泰语又不是信息技术	She is studying Thai, not IT.	she studies Thai not IT
B-MIX-060	MIX	97.48	96.57	-0.91	76.94	76.28	-0.66	100	100	0	VIP通道真快	VIP channel is fast.	贵宾通道真快	The VIP corridor is fast.	VIP lane is so fast
B-MIX-061	MIX	33.79	24.98	-8.82	28.05	33.48	5.44	0	0	0	solo一下，单挑	I'm not sure what I'm going to do.	单挑一下，单挑	The only way to do that is to take a look at the video.	solo it 1v1 me bro
B-MIX-062	MIX	89.29	100.00	10.71	64.60	84.46	19.86	0	100	100	这个PK谁赢了	This PK who won	这个对决谁赢了	Who won this duel?	who won this duel
B-MIX-063	MIX	69.31	56.82	-12.49	64.36	60.03	-4.33	100	100	0	因凡蒂诺和FIFA演都不演了，这是纯把梅西世界杯金球奖给抢劫了	Infantino and FIFA are not performing, this is a robbery of Messi's World Cup gold medal	因凡蒂诺和国际足联演都不演了，这是纯把梅西世界杯金球奖给抢劫了	Infantino and the FIFA World Cup are not playing, it's just a robbery of Messi's World Cup gold medal	Infantino and FIFA aren't even hiding it anymore straight up robbed Messi of the World Cup Golden Ball
B-MIX-064	MIX	96.84	98.57	1.72	84.34	82.91	-1.43	100	100	0	做个SPA放松一下	Take a spa and relax.	做个水疗放松一下	Take a spa to relax	getting a spa to relax
B-MIX-065	MIX	95.18	87.32	-7.87	57.07	45.95	-11.12	100	0	-100	这个DJ太嗨了	This DJ is so stupid.	这个唱片骑师太嗨了	This recording artist is so stupid.	this DJ is too lit
B-MIX-066	MIX	79.89	82.86	2.96	63.44	65.34	1.90	0	0	0	Rush E 朗朗PK街头钢琴家	Rush E. Long Long PK Street pianist and songwriter	Rush E 朗朗对决街头钢琴家	Rush E. Long Long against the Street Pianist	Rush E Lang Lang versus street pianist
B-MIX-067	MIX	83.20	85.90	2.70	76.91	77.64	0.74	0	100	100	这动漫OP太好听了，循环播放	This anime OP is so good, it's been playing on loop.	这动漫片头曲太好听了，循环播放	The opening song of this anime is so good, it's playing in a loop.	this anime opening slaps on loop
B-MIX-068	MIX	96.35	84.34	-12.01	78.04	76.46	-1.58	100	0	-100	买个iPad记笔记	Buy an iPad notebook	买个平板电脑记笔记	I bought a tablet computer and a notebook.	getting an iPad for notes
B-MIX-069	MIX	20.81	51.24	30.43	34.19	61.25	27.07	0	100	100	抖音的bgm怎么突然变得那么难听了到处都是想问问你敢不敢还有那天我经过一片花园	How did the BGM of the gong suddenly become so hard to hear?	抖音的背景音乐怎么突然变得那么难听了到处都是想问问你敢不敢还有那天我经过一片花园	The background music of the whistle suddenly became so hard to hear, and people were asking me if I dared, and the other day I was walking through a garden.	why has Douyin's background music gotten so bad everywhere it's either 'I Want to Ask If You Dare' or 'That Day I Passed a Garden'
B-MIX-070	MIX	97.62	96.49	-1.12	78.60	74.81	-3.79	0	0	0	这个PPT做得好	This PPT is good.	这个演示文稿做得好	This demo is well done.	this PowerPoint is well made
B-MIX-071	MIX	28.44	32.81	4.37	55.11	53.30	-1.81	0	0	0	法法这期ooc了吧	This is the last issue of Law and Justice.	法法这期脱离扮演角色了吧	This is the first time that I have been able to get away from acting.	Fafa was so out of character this episode bruh
B-MIX-072	MIX	83.86	86.67	2.81	77.20	80.58	3.38	0	100	100	3.5h通关	3.5h through	3.5小时通关	3.5 hours of transit	beat the game in 3.5 hours
B-MIX-073	MIX	73.10	64.33	-8.77	51.62	42.63	-8.98	0	0	0	这个ins风好看	This is a nice one.	这个网红风好看	This red wind is beautiful	this Instagram aesthetic looks good
B-MIX-074	MIX	82.01	92.01	10.00	54.46	81.80	27.34	100	0	-100	我的文化水平belike	My cultural level belike	我的文化水平就像这样	My cultural level is like this.	my education level be like lmao
B-MIX-075	MIX	90.27	97.03	6.76	47.21	77.87	30.66	100	0	-100	来杯matcha	Have a match.	来杯抹茶	A cup of tea.	a cup of matcha
B-MIX-076	MIX	99.86	99.66	-0.20	83.25	85.38	2.14	100	0	-100	店员花一秒钟get到你的意思了	The clerk took a second to get what you meant.	店员花一秒钟理解到你的意思了	It took the clerk a second to understand what you meant.	the clerk took one second to get your meaning
B-MIX-077	MIX	98.23	94.21	-4.02	78.14	70.79	-7.35	100	0	-100	这个vlog拍得好	This vlog is good.	这个视频博客拍得好	This video blog is a good one.	this vlog is well shot
B-MIX-078	MIX	90.52	74.33	-16.20	51.08	56.71	5.63	0	0	0	学习上problem不能发作	Learning problems can't be a problem	学习上问题不能发作	No problems with learning	can't let the issue flare up during studying
B-MIX-079	MIX	81.81	61.81	-20.00	68.92	62.64	-6.29	0	0	0	好久没有笑的这么开心了，必须收藏起来emo了再看	I haven't laughed so much in a long time, I have to put the emo away and look at it again.	好久没有笑的这么开心了，必须收藏起来抑郁了再看	I haven't laughed in a long time, so happy, I have to put it away, depressed, and look again.	haven't laughed this hard in ages saving it to watch when I'm feeling down fr
B-MIX-080	MIX	75.85	83.61	7.76	76.57	65.33	-11.24	100	100	0	cult导演后悔道剧组没有你	Cult director regrets the cast without you	邪典导演后悔道剧组没有你	The cult director regrets the drama without you	cult director regrets not having you on set
B-MIX-081	MIX	56.03	57.53	1.50	44.94	54.37	9.43	0	0	0	从技术舞美上讲是挺牛，但从意识上讲buff快叠满了	Technically, it's a good dance, but consciously, it's a buff dance.	从技术舞美上讲是挺牛，但从意识上讲增益快叠满了	The dance is technically a good one, but it's overwhelming in terms of awareness.	technically the stage design is pretty sick but ideologically the power-ups are almost fully stacked
B-MIX-082	MIX	39.55	60.54	20.99	61.79	67.12	5.32	0	100	100	上了初中就开始恶化了，甚至游戏也会拖一会儿再启动，作业拖到ddl就算是期末周也学不进去	The game starts to get worse after the secondary school, and even the game starts to delay for a while, and the assignment is delayed until the end of the DDL, even if it is the last week of the term.	上了初中就开始恶化了，甚至游戏也会拖一会儿再启动，作业拖到截止日期就算是期末周也学不进去	The problem started in middle school, and even the game started to delay for a while, and the assignment was delayed until the deadline, even if it was the end of the semester.	middle school hit different even games I delay homework till deadline even in finals week can't focus smh
B-MIX-083	MIX	62.32	78.57	16.24	38.69	55.56	16.87	0	100	100	ddl就在眼前了还在摆烂	ddl is still in the air	截止日期就在眼前了还在摆烂	The deadline is in sight and it's still looming.	deadline is right there and you're still slacking
B-MIX-084	MIX	94.04	80.66	-13.38	81.18	69.22	-11.96	100	0	-100	asmr助眠真的有用吗	Asmr sleeping pills really work?	自发性知觉经络反应助眠真的有用吗	Is the spontaneous perceptual network response really useful?	does ASMR for sleep actually work
B-MIX-085	MIX	94.28	81.89	-12.39	71.57	76.13	4.56	100	0	-100	超mean老奶一般是英语老师	Super mean grandma is usually an English teacher	超刻薄老奶一般是英语老师	The super-hard-hearted old lady is usually an English teacher.	Super mean old ladies are usually English teachers
B-MIX-086	MIX	84.03	93.00	8.96	48.00	72.65	24.65	100	0	-100	绝对音感的正确用法belike	The correct use of absolute belike	绝对音感的正确用法是这样	This is the correct use of the absolute tone.	The correct usage of absolute pitch be like
B-HOM-096	HOM	43.17	61.04	17.87	46.03	41.16	-4.87	0	0	0	孩好像真的很困了，但是一直被麻麻薅过来薅过去配合拍视频	The child looks really stuck, but has been paralyzed for a long time, and has been helping to make a video.	孩好像真的很困了，但是一直被妈妈薅过来薅过去配合拍视频	The kid looks really stuck, but has been getting picked on all the time.	the kid really seems sleepy, but keeps getting dragged back and forth by mom to pose for the video
B-HOM-097	HOM	31.99	93.95	61.96	35.73	46.24	10.51	0	0	0	哈哈哈哈哈，不好意思哈哈哈哈哈没崩住	I'm sorry it didn't crash, but I'm not sure it's the same as the one that crashed.	哈哈哈哈哈，不好意思哈哈哈哈哈没绷住	I'm sorry, I didn't mean to be rude.	hahaha, sorry hahaha I couldn't hold it together
B-HOM-098	HOM	85.24	51.95	-33.29	68.18	41.35	-26.83	0	0	0	淦，忘记原版了，有谁能补一下？	Forget the original, who can add to it?	干，忘记原版了，有谁能补一下？	For who can add a new thing to a already erased and dried book?	damn, I forgot the original, can anyone fill it in?
B-HOM-099	HOM	75.91	53.04	-22.87	50.65	35.67	-14.98	0	100	100	你们要是给我炮儿玩似了我看什么啊	You're playing with my guns, what do I see?	你们要是给我炮儿玩死了我看什么啊	You're playing dead with my gun.	if you guys play my Pao'er to death, what am I supposed to watch?
B-PYA-087	PYA	85.96	79.92	-6.05	75.89	71.69	-4.20	0	0	0	快别TM说了，抓紧睡半个钟头，不然去早餐店要迟到了	Don't say that, get a half hour of sleep or you'll be late for breakfast.	快别他妈说了，抓紧睡半个钟头，不然去早餐店要迟到了	Don't say shit, get a half hour of sleep or we'll be late for breakfast.	stop freaking talking and grab half an hour of sleep, or you'll be late for the breakfast shop
B-NEO-087	NEO	94.26	95.65	1.39	84.81	71.47	-13.34	0	0	0	某种意义上来看他也是个神人	In a sense, he was a god.	某种意义上来看他也是个行为离谱的人	In a sense, he is also a strange person.	in a certain sense he's also an absolute character
B-NEO-088	NEO	70.89	59.47	-11.42	64.66	43.66	-21.00	0	0	0	我都不知道出新图了，作业自己跑我脸上了	I didn't know I had a new map, and my homework was running in my face.	我都不知道出新图了，攻略自己跑我脸上了	I don't know what the new plan is, but I'm getting my own offensive in the face.	I didn't even know a new stage was out, and the guide just ran right into my face
B-NEO-089	NEO	22.08	20.50	-1.58	33.85	46.29	12.44	0	0	0	无论从哪个层面来看，都是吊炸了	The first is that the government is not doing enough to stop the violence.	无论从哪个层面来看，都是厉害极了	The fact that the government is not able to do anything to stop the violence is a huge blow to the country.	no matter how you look at it, it's insanely awesome
B-NEO-090	NEO	90.84	83.83	-7.00	50.98	71.36	20.38	0	0	0	应该是的，不然怎么会气到把国粹给说出来了	It should be, otherwise how could you have the courage to say that?	应该是的，不然怎么会气到把脏话给说出来了	It should be, otherwise how dare you say dirty words to me.	must be, otherwise how would he get so angry that the swear words came out
B-NEO-091	NEO	46.99	74.18	27.19	62.28	80.92	18.63	0	0	0	说个冷知识，来俊臣的父亲名叫来操，是个挺生草的名字	Speaking of cold wisdom, the father of Lei Junjun's name is Lei Zhu, a name of a man who is very tough.	说个冷知识，来俊臣的父亲名叫来操，是个挺搞笑的名字	To put it bluntly, Lai Junjun's father's name is Lai Fu, which is a funny name.	fun fact: Lai Junchen's father was named Lai Cao, which is a pretty hilarious name
B-NEO-092	NEO	59.41	62.05	2.63	56.63	57.54	0.91	0	0	0	他不是好了，而是知道自己要凉了	He's not well, but he knows he's going to be cool.	他不是好了，而是知道自己要完蛋了	He's not well, but he knows he's going to be fine.	he's not better, he just knows he's done for
B-NEO-093	NEO	81.78	92.17	10.39	54.09	60.65	6.56	0	0	0	置顶评论官方链接是淘宝就知道成分了	The official link is Taobao knows what's in it.	置顶评论官方链接是淘宝就知道背景了	The official link is Taobao, so you know the background.	the pinned official link is Taobao, that alone tells you what they're really about
B-NEO-094	NEO	95.09	94.96	-0.13	57.95	65.18	7.22	0	0	0	逆天。。我现在开车老走错路	I'm driving in the wrong direction now.	离谱。。我现在开车老走错路	I'm driving in the wrong direction now.	wild… I keep taking wrong turns when driving now
B-MIX-087	MIX	55.28	42.50	-12.78	48.05	52.10	4.05	100	0	-100	发现没火的作者belike	"The author of the article ""Finding Fire"" belike"	发现没火的作者就是这样	This is the author who discovered the fire.	discovering an underrated creator be like
B-MIX-088	MIX	19.97	81.50	61.53	26.54	63.53	36.98	0	0	0	第一次尝试做这么长的动画 感觉k帧速度有所提升绝宝二周年快乐!	I'm not sure if I'm going to be able to do this for a while, but I'm going to try to do it for a while, and I'm going to try to do it for a while.	第一次尝试做这么长的动画 感觉打关键帧速度有所提升绝宝二周年快乐!	The first time I tried to make such a long animation, I felt the keystroke speed was increased.	first time making such a long animation, my keyframing speed has improved — happy 2nd anniversary Juebao!
B-MIX-089	MIX	73.82	75.86	2.04	54.31	58.09	3.78	100	100	0	或许它真的是福利最好的fps	Maybe it's really the welfare of the best fps	或许它真的是福利最好的第一人称射击游戏	Maybe it really is Wally's best first-person shooter	maybe it really is the FPS with the best freebies
B-MIX-090	MIX	82.37	89.85	7.48	50.68	54.81	4.12	0	0	0	杨博文四代唯一C位队长	The only C-seeded captain in four generations	杨博文四代唯一中心位队长	The only centre-half captain in four generations	Yang Bowen, Gen 4's only center-position captain
B-HOM-100	NEO	41.66	49.37	7.70	62.12	67.02	4.91	0	100	100	明显，队友大概率寄了，和上司有关，但扳机似乎记忆出现问题，咬死队友还活着，变相保护了上司，所以被上司放了	Obviously, the teammates probably sent it, and it was related to the boss, but the machine seems to have a memory problem, the teammates were still alive, the transformation protected the boss, so the boss let him go	明显，队友大概率死了，和上司有关，但扳机似乎记忆出现问题，咬死队友还活着，变相保护了上司，所以被上司放了	Obviously, the teammate is probably dead, and related to the boss, but the machine seems to have memory problems, the teammate is still alive, the mutation protects the boss, so the boss is released	clearly the teammate is most likely dead and the boss is involved, but Trigger's memory seems broken — she insists the teammate is alive, which indirectly shielded the boss, so the boss let her go
B-HOM-101	HOM	45.69	46.24	0.55	66.67	69.10	2.44	0	100	100	怪兽：我已经破坏掉了你所有能获取光的办法，看你还怎么变身 迪迦：你钱包的钱还有多少？ 怪兽：全花光了 迪迦：恰！	Beast: I've destroyed all your access to light, see how you've changed. Deka: How much money do you have in your wallet? Beast: All the light. Deka: Right!	怪兽：我已经破坏掉了你所有能获取光的办法，看你还怎么变身 迪迦：你钱包的钱还有多少？ 怪兽：全花光了 迪迦：吃！	Beast: I've destroyed all your access to light, see how you've changed. Deka: How much money do you have in your wallet? Beast: All the light. Deka: Eat!	Monster: I've destroyed every way you could gather light, let's see you transform now. Tiga: How much money is left in your wallet? Monster: All spent. Tiga: Nom!
B-HOM-102	HOM	65.50	17.63	-47.87	73.68	40.77	-32.91	0	100	100	人定不了天，一切的一切还是按照历史轨迹走，我记得是三段历史走向，猪脚心累了	I don't know what the future holds, but everything is going to follow the course of history, I remember three stages of history, and the pigs are tired of it.	人定不了天，一切的一切还是按照历史轨迹走，我记得是三段历史走向，主角心累了	I remember three stories, and the protagonist was tired of the story, and I was tired of the story, and I was tired of the story, and I was tired of the story, and I was tired of the story, and I was tired of the story, and I was tired of the story.	man can't defy heaven, everything still follows the track of history — I remember there were three historical branches, and the protagonist is exhausted
B-HOM-103	HOM	51.64	51.89	0.25	45.63	47.93	2.29	0	0	0	笑成猪头最好笑是因为！！！我本来就觉得很好笑哈哈哈，看到这个蚌不住了！！！	I'm not sure why I'm laughing like a pig, but I'm laughing because I'm laughing like a pig!!!	笑成猪头最好笑是因为！！！我本来就觉得很好笑哈哈哈，看到这个绷不住了！！！	I'm not sure why I'm laughing like a pig, but I'm laughing because I'm laughing like a pig!!!	the pig-head laugh is the funniest because!!! I already found it hilarious hahaha, and seeing this I just lost it!!!
B-HOM-104	HOM	69.87	60.36	-9.51	61.65	65.45	3.80	0	0	0	真旅行青蛙！  去哪了 会给麻麻带明信片回来  真好	A true traveling frog! Wherever you go, you'll bring back postcards for your friend.	真旅行青蛙！  去哪了 会给妈妈带明信片回来  真好	A traveling frog! Wherever you go, you'll bring your mother back a postcard.	a real Travel Frog! wherever it goes, it brings postcards back for mom — so sweet
B-HOM-105	HOM	77.86	87.95	10.09	63.46	64.58	1.12	100	100	0	兄dei，这么好的猪 你舍得一次性吃完吗（于谦声）	Brother Dai, such a good pig, can you eat it all at once?	兄弟，这么好的猪 你舍得一次性吃完吗（于谦声）	Brother, such a good pig, can you eat it all at once?	bro, such a fine pig — could you really bear to eat it all in one go? (in Yu Qian's voice)
B-HOM-106	NEO	46.54	46.08	-0.47	62.30	57.49	-4.81	0	100	100	这高达味怎么这么重啊，真的是百合拯救了萝卜？	How heavy is this high-pitched voice, did the lily really save the turnip?	这高达味怎么这么重啊，真的是百合拯救了机器人？	The first question is, how did the yogurt taste so heavy, and did the yogurt really save the robot?	why does this feel so much like Gundam — did yuri really save the mecha genre?
B-HOM-107	HOM	42.93	41.91	-1.02	53.06	48.95	-4.11	0	0	0	淦，为什么要让我凌晨刷到，睡不着觉了()	I can't sleep because I'm brushing my hair in the morning.	干，为什么要让我凌晨刷到，睡不着觉了()	I can't sleep because I'm brushing my hair in the morning.	damn, why did I have to scroll onto this in the middle of the night, now I can't sleep ()
B-HOM-108	HOM	56.23	95.59	39.36	37.52	82.73	45.21	0	100	100	免责声明，此为系统自动播放，与我无瓜	I'm not a fool, I'm a fool for the system to play this.	免责声明，此为系统自动播放，与我无关	Disclaimer, this is an automatic playback for the system, nothing to do with me	disclaimer: this was autoplayed by the system, nothing to do with me
B-HOM-109	HOM	73.21	77.58	4.37	46.35	52.73	6.38	100	100	0	又第一了 带领兄弟萌再冲一次～～～～	And the first one, led by the brother, again.	又第一了 带领兄弟们再冲一次～～～～	And the first one, the brothers lead the charge again.	number one again — leading the bros for one more charge~~~~
B-HOM-110	HOM	35.45	34.24	-1.21	38.74	45.53	6.80	0	0	0	预计会火，火钳刘明	Fire and torchlight expected	预计会火，火前留名	The fire is expected to be contained by the next day.	this is going to blow up, leaving my name here before it does
B-HOM-111	HOM	37.88	45.92	8.05	64.08	48.92	-15.16	0	0	0	扳机歪了，前来还怨	The engine is twisted, come back and complain	扳机歪了，前来还愿	The engine is twisted, come and pay.	my pull for Trigger went off-banner — here to repay my vow
B-HOM-112	HOM	60.42	94.31	33.89	49.62	80.79	31.17	0	0	0	梅森：这我可太熟辣！	I'm so used to this!	梅森：这我可太熟啦！	Mason: I'm so used to this!	Mason: now this I know all too well!
B-HOM-114	HOM	83.79	76.67	-7.11	68.81	60.89	-7.92	0	0	0	我不行了我笑得要噶了	I can't. I laughed so much.	我不行了我笑得要挂了	I can't go. I'm laughing at you.	I can't take it, I'm about to die laughing
B-HOM-115	HOM	66.86	71.03	4.17	58.89	66.67	7.77	0	0	0	活到老学到老,似了也要学习	Living to learn, learning to grow old	活到老学到老,死了也要学习	Live to be old and learn to be old, die to learn	live and learn — keep studying even when you're dead
B-HOM-116	HOM	61.93	60.60	-1.33	42.84	51.02	8.18	0	0	0	太好辣，是拐杖星人，我们没救了	Good for you, it's the Crankshaft Man, we didn't save him	太好啦，是拐杖星人，我们没救了	Good for you, it was the Crankshaft Star, we didn't save it.	oh great, it's the crutch alien, we're doomed
B-HOM-117	HOM	70.89	83.26	12.38	71.62	70.84	-0.78	0	0	0	老八胃大，无需多盐	The old octopus has a big stomach and doesn't need much salt.	老八胃大，无需多言	The old man's stomach is big, no need to say more.	Laoba has a big stomach — no more words needed
B-HOM-118	HOM	76.27	80.40	4.13	69.29	58.61	-10.68	0	0	0	雾草这幕太美了	The mist is so beautiful.	卧槽这幕太美了	The scene in the basement is beautiful.	holy crap this scene is gorgeous
B-HOM-119	NEO	94.59	99.79	5.20	63.72	84.07	20.35	0	100	100	欧内该，我什么都愿意做	I'm willing to do anything for you.	拜托了，我什么都愿意做	Please, I'll do anything	please, I'll do anything
B-HOM-120	HOM	62.50	74.86	12.36	26.69	48.52	21.82	0	0	0	果然混元是个妹纸	I'm sure it's a piece of paper.	果然混元是个妹子	I'm sure the half-breed is a sister.	so Hunyuan really is a girl after all
B-HOM-121	HOM	48.47	54.07	5.60	41.05	38.41	-2.63	0	0	0	年轻人不讲武德！耗子尾汁	Young people don't speak Voodoo!	年轻人不讲武德！好自为之	Young people don't speak Voodoo!	young people have no martial virtue! you'd better behave yourselves
B-HOM-122	HOM	71.02	60.47	-10.55	51.30	54.57	3.26	0	0	0	官方踏马自黑，这下别人黑不了了	The official is black, no one else can be black	官方他妈自黑，这下别人黑不了了	Officials are being disingenuous, no one else can be.	the officials are freaking roasting themselves, now nobody else can roast them
B-HOM-123	HOM	84.97	93.87	8.91	74.04	64.63	-9.41	0	0	0	这俩老男人的沙雕人生	The sand-carved lives of these two old men	这俩老男人的傻屌人生	The life of these two old men	the goofball life of these two old guys
B-HOM-124	HOM	57.35	86.51	29.16	38.64	46.78	8.14	0	100	100	被天使蚊过的嗓子	The monkey with the angel mosquito	被天使吻过的嗓子	The Monkey Kissed by an Angel	a voice kissed by an angel
B-HOM-125	HOM	82.78	94.93	12.16	57.93	77.66	19.73	0	100	100	上一个视频就是不讲内个	The last video is not about the inside.	上一个视频就是不讲那个	The last video is not about that.	the last video just wouldn't talk about that
B-HOM-127	HOM	84.48	93.35	8.87	52.58	46.50	-6.08	0	0	0	可以四了这游戏	I'm not going to play this game.	可以死了这游戏	The game is dead.	this game can just die already
B-HOM-128	HOM	83.78	80.33	-3.45	48.80	67.19	18.39	0	100	100	全体欣赏阴乐	The whole experience is a delight.	全体欣赏音乐	The Whole Appreciation of Music	everyone, enjoy the music
B-HOM-129	HOM	28.61	22.15	-6.46	33.06	25.40	-7.66	0	0	0	锁呐区甲亢哥	Located in the area of the city of Metz	唢呐区甲亢哥	The first is the one in the southern part of the country.	suona-section Speed
B-HOM-130	HOM	83.68	100.00	16.32	71.98	78.29	6.31	0	0	0	哎你怎么似了	What are you like?	哎你怎么死了	How did you die?	hey, how come you died
B-HOM-131	HOM	94.52	95.63	1.10	53.07	74.31	21.25	0	0	0	密码的，很久没笑得这么无语了	I've never laughed so much in a long time.	妈的，很久没笑得这么无语了	Wow, I haven't laughed so much in a long time.	damn, it's been ages since I laughed this speechlessly
B-PYA-088	PYA	74.77	80.64	5.86	62.07	78.39	16.32	0	0	0	不是，我TM哪来的教材，你在逗我呢	No, where did I get my TM, are you kidding me?	不是，我他妈哪来的教材，你在逗我呢	No, I don't have any fucking education. Are you kidding me?	wait, where the hell would I get a textbook, are you kidding me
B-PYA-089	PYA	93.30	96.40	3.11	82.61	83.53	0.92	0	0	0	md，这军方也这么乱，难怪市民们这么乐观，哈哈	md, the military is so messed up, no wonder the citizens are so optimistic, haha	妈的，这军方也这么乱，难怪市民们这么乐观，哈哈	Wow, the military is so messed up, no wonder the citizens are so optimistic, haha	damn, even the military is this chaotic, no wonder the citizens are so optimistic, haha
B-PYA-090	PYA	71.33	62.85	-8.49	57.04	43.88	-13.17	0	0	0	wc我想要高斯裤子的链接，真的好帅	wc I want a link to Gauss's column, really cool	卧槽我想要高斯裤子的链接，真的好帅	I want to link to the Goths, really good.	whoa I want the link to Gauss's pants, they look so cool
B-PYA-091	PYA	82.72	61.93	-20.79	63.97	43.40	-20.57	0	0	0	WC，这都能被发现啊	WC, this is all gonna be discovered.	卧槽，这都能被发现啊	The sink, that's all to be found.	whoa, even this got noticed
B-PYA-092	PYA	86.61	41.66	-44.95	55.48	33.93	-21.55	0	0	0	woc太萌了	Woc is too stupid	卧槽太萌了	The sink is too big.	omg so cute
B-PYA-093	PYA	51.46	81.90	30.44	50.97	71.17	20.20	0	100	100	dbq小啵有点像触电了	dbq is a little bit like a lightning strike	对不起小啵有点像触电了	Sorry, little one, it's like a lightning strike.	sorry but Xiaobo kind of looks electrocuted
B-PYA-094	PYA	95.95	98.46	2.51	70.40	67.63	-2.77	0	0	0	无线能源是基于无线水的原理吗？(bushi)	Is wireless energy based on the principle of wireless water?	无线能源是基于无线水的原理吗？(不是)	Is wireless energy based on the principle of wireless water?	is wireless energy based on the principle of wireless water? (jk)
B-PYA-095	PYA	96.61	93.29	-3.32	73.91	73.63	-0.27	0	0	0	光明，赐予我力量（bushi）	Light, give me strength	光明，赐予我力量（不是）	Light, give me strength (not)	light, grant me power (jk)
B-PYA-096	PYA	23.78	19.34	-4.44	29.29	34.62	5.33	0	0	0	这么说我才发现字幕不是视频自带的hhhh	I'm not sure I'm going to be able to do it, but I'm going to do it.	这么说我才发现字幕不是视频自带的哈哈哈哈	I'm not sure if I'm going to be able to watch the video, but I'm going to be able to watch the video, so I'm not going to be able to watch the video.	now that you mention it, I just realized the subtitles aren't part of the video hahaha
B-PYA-097	PYA	79.80	80.70	0.89	75.51	66.71	-8.80	0	0	0	完了疑似吉米被吓疯了hh	It's over. Jimmy must have been scared out of his mind.	完了疑似吉米被吓疯了哈哈	It's over, Jimmy must have been scared out of his mind.	uh oh, Jimmy seems scared out of his mind haha
B-PYA-098	PYA	82.68	91.24	8.56	82.08	76.75	-5.33	0	0	0	看清楚材质吧，pdd很多都是聚酯纤维，你问客服没几个敢说是纯棉的	Look at the material, most of the pdd is polyester fiber, and if you ask the customer service, few would dare say it's pure cotton.	看清楚材质吧，拼多多很多都是聚酯纤维，你问客服没几个敢说是纯棉的	Look at the material, there are lots of polyester fibers, and if you ask the customer service, few would dare to say that it is pure cotton.	check the fabric carefully — a lot of stuff on Pinduoduo is polyester, and few customer-service reps dare claim it's pure cotton
B-PYA-099	PYA	47.17	67.86	20.69	50.40	62.48	12.08	0	0	0	27W收藏4W点赞服了不提醒还不知道........	27W collection 4W review I'm not sure if I'll be able to remember this yet...	27万收藏4万点赞服了不提醒还不知道........	270,000 collections, 40,000 likes, no warning, not sure yet...	270k saves and 40k likes, unbelievable — I wouldn't even have known without the reminder……
B-PYA-100	PYA	76.40	92.44	16.04	60.60	77.00	16.40	0	0	0	20w收藏3w点赞	20w collections 3w comments	20万收藏3万点赞	200,000 collections and 30,000 likes	200k saves, 30k likes
B-PYA-101	PYA	60.19	58.96	-1.23	72.68	65.36	-7.32	0	0	0	啊？60w围攻45w的城，对方还以骑兵为主？？！	Ah? 60w besieging 45w city, and the other side is dominated by cavalry? !	啊？60万围攻45万的城，对方还以骑兵为主？？！	Or six hundred thousand against the city of four hundred and fifty thousand, and the cavalry prevail against it?	what? 600k besieging a city of 450k, and the enemy is mostly cavalry??!
B-PYA-102	PYA	68.79	67.09	-1.70	49.38	57.00	7.62	100	100	0	“义人，就是ta，欺负我。”	The wicked, that is, the ta, oppress me.	“义人，就是他，欺负我。”	The wicked, he oppresseth me.	Righteous one, it was them — they bullied me.
B-PYA-103	PYA	21.41	20.78	-0.63	29.32	36.11	6.79	0	0	0	好装好假好ex	I'm not a good person.	好装好假好恶心	"I'm not a fan of the ""good"" and ""bad"""	so pretentious, so fake, so gross
B-PYA-104	PYA	42.39	65.86	23.47	40.55	43.22	2.68	0	0	0	死yxh滚远点	Yxh is dead.	死营销号滚远点	The death of the marketing number is far away	damn clickbait accounts, get lost
B-PYA-106	PYA	88.41	87.21	-1.20	56.29	59.32	3.03	0	0	0	牛啊，我怎么幻听出歌词了(bushi)	I can't believe I'm hearing the lyrics.	牛啊，我怎么幻听出歌词了(不是)	I can't believe I'm hearing the lyrics.	impressive — why am I hallucinating lyrics out of this (jk)
B-PYA-107	PYA	70.83	75.33	4.49	58.40	69.88	11.49	0	100	100	心灵感应原版就是致敬火花hhh	The original is a tribute to the spark.	心灵感应原版就是致敬火花哈哈哈	The original is a tribute to the firecracker hahaha	the original Telepathy really is a homage to Spark hahaha
B-PYA-108	PYA	84.19	60.64	-23.54	72.18	53.86	-18.32	0	0	0	woc瞬间高清修补版	woc instant high definition patch	卧槽瞬间高清修补版	The Instant HD patch for the sleeping compartment	whoa, instantly the HD restored version
B-NEO-096	NEO	88.45	55.96	-32.49	71.39	69.77	-1.62	0	0	0	泪目，我一直不知道自己想做什么，感觉选择的大都错了，已经索性不想选择了...糟糕啊...	I don't know what I want to do, I feel like I've made the wrong choice, I'm already tired of choosing... bad...	眼泛泪光，我一直不知道自己想做什么，感觉选择的大都错了，已经索性不想选择了...糟糕啊...	I've been looking at the world with my eyes wide open, and I don't know what I want to do, and I feel like I've made the wrong choice, and I'm not even willing to make the right one... bad...	tearing up — I've never known what I want to do, feels like most of my choices were wrong, and now I've simply stopped choosing… this is bad…
B-NEO-097	NEO	71.96	51.49	-20.48	60.14	62.84	2.70	0	0	0	10后，上一次看是三年前了，但是也泪目了	10 years later, it's been three years since I last saw it, but it's still pretty cool.	10后，上一次看是三年前了，但是也落泪了	10 years later, it's been 3 years since I last saw it, but it's still falling.	born after 2010 — last watched this three years ago, but it still made me tear up
B-NEO-098	NEO	66.65	69.25	2.61	67.61	71.25	3.64	0	0	0	虽然整个乐队前期像拼好队一样，但是结局随着独角兽的回归写的还是不错的	Although the whole band's early days were like a good team, the end was good with the return of the unicorn.	虽然整个乐队前期像拼凑起来的队伍一样，但是结局随着独角兽的回归写的还是不错的	Although the whole band's early days were like a band that was put together, the end was written with the return of the unicorn.	even though the band felt like a thrown-together group-buy squad early on, the ending with the unicorn's return was written pretty well
B-NEO-099	NEO	63.03	61.31	-1.71	57.56	51.12	-6.44	0	0	0	“苏新皓你好的太突出”这句话的含金量还在上升	"The gold content of the phrase ""Your goodness is too prominent"" is still rising."	“苏新皓你好的太突出”这句话的价值还在提升	The value of this phrase is still rising.	"the line ""Su Xinhao, your hello is too striking"" keeps proving truer and truer"
B-NEO-100	NEO	84.15	92.65	8.50	70.80	71.10	0.30	0	0	0	扎格列斯之手的含金量还在上升！	The gold content of the Zagreles' hands is still rising!	扎格列斯之手的价值还在提升！	The value of the Zagreles hand is still rising!	the Hand of Zagreus keeps proving its worth!
B-NEO-101	NEO	50.04	54.78	4.75	56.18	60.18	4.00	0	0	0	红温了，把打野怪爆的装备给炸了，你好歹拿一些吧	It's hot, and the monster-blasting equipment is fried, so you can have some.	气急了，把打野怪爆的装备给炸了，你好歹拿一些吧	I'm in a hurry, I've blown up my monster-blasting gear, you can have some	he's fuming — blew up the gear dropped from jungle monsters, at least take some of it, man
B-NEO-102	NEO	74.09	77.49	3.40	56.69	70.43	13.74	0	0	0	反派看到了硬控他的回忆……	The rebels saw the hard-hitting memory of him...	反派看到了完全控制住他的回忆……	The rebels saw his memory completely taken over...	the villain saw the memories that completely transfixed him……
B-NEO-103	NEO	94.03	86.53	-7.50	73.20	75.01	1.80	0	0	0	我还以为是9.9元拼好饭呢	I thought it was $9.9 for a meal.	我还以为是9.9元拼单买的饭呢	I thought it was $9.9 for a single meal.	I thought it was a 9.9-yuan group-buy meal deal
B-NEO-104	NEO	25.20	20.08	-5.12	36.71	34.68	-2.03	0	0	0	向佐药水哥梦幻联动！	The dream of the medicine man is connected to the dream of the medicine man!	向佐药水哥跨界合作！	The blog post is part of a series of posts by the author of the blog.	Xiang Zuo and Yaoshui-ge, a dream crossover!
B-NEO-105	NEO	50.17	61.53	11.36	46.76	48.25	1.49	0	0	0	电子榨菜配跳跳糖	Electronic spinach with sugar	下饭视频配跳跳糖	The video below shows a dance with sugar	comfort-viewing video paired with popping candy
B-NEO-106	NEO	87.65	95.67	8.02	46.69	82.47	35.78	0	0	0	这声音绝绝子	This is the best sound.	这声音好极了	It sounds great.	this voice is simply divine
B-NEO-107	NEO	31.12	29.16	-1.96	56.16	65.27	9.11	0	100	100	假师傅让拜，真师傅反而不让拜，难绷了	False teachers make us pray, true teachers make us pray without saying anything, it's hard	假师傅让拜，真师傅反而不让拜，让人无语了	False teachers make people pray, true teachers make people pray instead of praying, leaving people speechless	the fake master lets you bow to him, but the real master won't — I can't even
B-NEO-108	NEO	93.68	98.78	5.10	59.66	73.59	13.93	0	0	0	一想到一睁眼就有倒计时就难绷	The idea of a countdown is hard to believe.	一想到一睁眼就有倒计时就受不了	The thought of a countdown is unbearable.	the thought of waking up to a countdown every day just breaks me
B-MIX-092	MIX	94.72	48.80	-45.93	65.16	44.10	-21.06	100	0	-100	完全不给队友上buff的机会	The teammates were not given a chance to buff.	完全不给队友上增益的机会	The team's performance is not good enough to be considered a team.	gives teammates zero chance to apply buffs
B-MIX-093	MIX	41.80	56.14	14.34	36.99	41.80	4.80	100	0	-100	不会侵蚀后全是boss吧	I'm not going to be the boss after all.	不会侵蚀后全是头目吧	It's not all about the head after the erosion.	don't tell me everything after the corruption is a boss
B-MIX-094	MIX	92.37	75.30	-17.07	77.65	59.20	-18.45	100	0	-100	顾客：心平气和.jpg	The customer: Peace and tranquility.jpg	顾客：心平气和的表情包	Customer: The peace of mind and the smile of the package	customer: calm-and-composed.jpg
B-MIX-095	MIX	87.71	85.29	-2.42	71.73	77.49	5.76	100	100	0	海皇cpu高速运转中……	The CPU is running at full speed...	海皇大脑高速运转中……	The Emperor's brain is running at high speed...	the Sea Emperor's CPU is running at full speed……
B-MIX-096	MIX	48.95	19.68	-29.27	53.87	28.76	-25.11	100	0	-100	可以无限卡bug，站起来再躺下去，站起来再躺下去。	You can do infinite bugs, get up and go to bed, get up and go to bed.	可以无限卡漏洞，站起来再躺下去，站起来再躺下去。	"The game is called ""The Game"", and it is a game that is played by two players, who can play an unlimited number of cards."	you can exploit the bug endlessly — stand up, lie back down, stand up, lie back down.
B-MIX-097	MIX	24.16	26.75	2.58	32.09	42.35	10.25	0	0	0	在扳机的视频里刷什么悠真真的很ky好吧	What's the video of the screen brushed in the camera?	在扳机的视频里刷什么悠真真的很不会看气氛好吧	I'm not sure what to do with the video of the machine, but it's really not looking good.	spamming Harumasa comments on a Trigger video is honestly so tone-deaf, okay
B-MIX-098	MIX	79.52	65.12	-14.40	49.23	58.23	9.00	100	0	-100	别什么过场都搞qte，破坏连贯	Don't mess up the QTE, break the coherence	别什么过场都搞快速反应事件，破坏连贯	The only thing that is missing is the quick reaction event, which destroys the coherence.	stop putting QTEs in every cutscene, it ruins the flow
B-MIX-099	MIX	12.23	26.49	14.27	38.29	40.57	2.27	0	0	0	不是哥们，怎么pv就删了。	No, no, no, no, no, no, no, no, no, no, no, no, no, no, no, no. How could you have deleted that?	不是哥们，怎么宣传片就删了。	No, no, no, no, no, no, no, no, no, no, no, no, no. How could they have deleted the video?	wait bro, why did the PV get deleted.
B-MIX-100	MIX	97.72	96.71	-1.01	80.00	76.37	-3.63	100	100	0	要是做出这样的mod，那就有意思了	If you make a mod like this, it's interesting.	要是做出这样的模组，那就有意思了	And it's interesting to make a module like this.	if someone made a mod like this, that would be fun
B-MIX-101	MIX	91.01	94.29	3.28	63.11	66.63	3.52	100	0	-100	omg！这是谁家的小孩这么有出息啊啊啊啊啊	omg! whose baby is this?	我的天！这是谁家的小孩这么有出息啊啊啊啊啊	My God! Whose baby is this?	omg! whose kid is this, so talented ahhhh
B-MIX-102	MIX	92.99	91.67	-1.32	59.75	59.72	-0.03	100	100	0	很多老外不知道田一鸣叫什么，就叫他super idol	Many foreigners don't know what he is called, but they call him super idol.	很多老外不知道田一鸣叫什么，就叫他超级偶像	Many foreigners who don't know what he is called, call him Super Idol	many foreigners don't know Tian Yiming's name, so they just call him super idol
B-MIX-103	MIX	62.95	79.94	16.99	64.34	67.97	3.64	0	0	0	知名up主老番茄视频内容不慎跌回五年前的水平	The popular up-and-coming Tomatoes video has been unintentionally dropped to the level of five years ago.	知名视频作者老番茄视频内容不慎跌回五年前的水平	The content of the video by the famous video author, Tomato, has fallen to the level of five years ago.	famous uploader LaoFanQie's video content has accidentally slipped back to its level five years ago
B-MIX-104	MIX	78.32	46.84	-31.48	59.06	75.43	16.37	100	0	-100	我打个csgo心跳都能160	I bet you a CSGO's heart rate is 160	我打个反恐精英心跳都能160	I bet the anti-terrorist elite have a heart rate of 160	my heart rate hits 160 just playing CS:GO
B-MIX-105	MIX	95.55	97.84	2.29	47.36	87.70	40.35	100	100	0	回答我，鸟为什么会飞？ Look at my eye, tell me why!	Look at my eye, tell me why!	回答我，鸟为什么会飞？ 看着我的眼睛，告诉我为什么！	Answer me, why does the bird fly? Look into my eyes, tell me why!	answer me, why can birds fly? Look at my eye, tell me why!
B-MIX-106	MIX	94.52	71.86	-22.66	81.18	56.72	-24.46	100	0	-100	这里应该说的是welcome to shaolin 吧	This is supposed to be Welcome to Shaolin.	这里应该说的是欢迎来到少林 吧	I should say welcome to Jungle Boy.	what he should have said here is welcome to Shaolin, right
B-MIX-107	MIX	79.91	93.06	13.15	58.77	66.32	7.55	100	100	0	这BGM给我干天津去了	This BGM gave me to go to Tianjin	这背景音乐给我干天津去了	This background music gave me a chance to go to Tianjin	this BGM just teleported me straight to Tianjin
B-MIX-108	MIX	18.16	18.98	0.82	14.93	16.11	1.18	100	100	0	小八和啵哝就像是妈妈带了个teenager出来我服了。	"""I'm not a teenager, I'm a teenager, I'm a teenager, I'm a teenager, I'm a teenager, I'm a teenager, I'm a teenager, I'm a teenager, I'm a teenager, I'm a teenager, I'm a teenager, I'm a teenager, I was a teenager, I was a teenager, I was a teenager, I was a teenager."	小八和啵哝就像是妈妈带了个青少年出来我服了。	"""I'm not a teenager, I'm a teenager, I'm a teenager, I'm a teenager, I'm a teenager, I'm a teenager, I'm a teenager, I'm a teenager, I'm a teenager, I'm a teenager, I'm a teenager, I'm a teenager, I was born in the year of the year of the year."	Xiaoba and Bonong are just like a mom taking a teenager out, I can't with them.
B-MIX-109	MIX	78.82	65.84	-12.98	77.57	62.02	-15.54	100	100	0	其实我不仅是rapper，我还是DJ，香蜜湖你听见了吗	I'm not just a rapper, I'm a DJ, honey lake, you hear me?	其实我不仅是说唱歌手，我还是打碟师，香蜜湖你听见了吗	I'm not only a rapper, I'm also a rapper, honey lake, did you hear?	actually I'm not just a rapper, I'm also a DJ — Xiangmi Lake, can you hear me
B-MIX-110	MIX	63.50	63.57	0.07	41.04	41.83	0.79	100	0	-100	我家小逻怎么成敌方boss单位了？还有精英干员长颈鹿	How did my little logical unit become the enemy's boss unit?	我家小逻怎么成敌方头目单位了？还有精英干员长颈鹿	How did my little logical family become the enemy's top unit?	how did my Xiaoluo become an enemy boss unit? and there's an elite operator giraffe too
B-MIX-111	MIX	69.96	75.13	5.17	61.30	56.01	-5.29	100	0	-100	看得ptsd犯了	It looks like PTSD.	看得创伤后应激障碍犯了	It looks like post-traumatic stress disorder did it.	watching this triggered my PTSD
B-MIX-112	MIX	92.81	92.51	-0.30	82.10	69.25	-12.84	100	0	-100	我独自拯救一切Pro max	I saved everything by myself. Pro max.	我独自拯救一切加强版	I saved everything by myself	I Alone Save Everything, Pro Max edition
B-MIX-113	MIX	77.88	74.06	-3.83	48.37	57.66	9.29	100	100	0	那是债主催债了bro	That's the debt sponsor, bro.	那是债主催债了兄弟	That's the brother who sponsored the debt.	that's the creditor coming to collect, bro
B-MIX-114	MIX	33.66	50.46	16.80	43.90	47.76	3.86	0	100	100	姐！邀请宋雨琦上节目！E人很适合！章昊也是！	Sister, invite your umbrella to the show! E-man is perfect!	姐！邀请宋雨琦上节目！外向的人很适合！章昊也是！	Sister, invite the umbrella to the show! It's suitable for extroverts!	sis! invite Song Yuqi onto the show! extroverts are perfect for it! Zhang Hao too!
B-MIX-115	MIX	88.52	88.38	-0.14	64.98	63.56	-1.43	0	0	0	好阳光啊，这一定是相互救赎的少女乐队故事吧www	This must be the story of a girl band who saved each other.	好阳光啊，这一定是相互救赎的少女乐队故事吧哈哈哈	This must be the story of a girl band who saved each other.	so wholesome — this must be a girls-band story of mutual redemption lol
B-MIX-116	MIX	86.96	75.85	-11.11	79.64	77.06	-2.58	0	0	0	小时候我没有cp这个概念，一直认为这俩只是朋友	I didn't have the concept of CP when I was a kid, I always thought they were just friends.	小时候我没有情侣配对这个概念，一直认为这俩只是朋友	I didn't have a partner when I was a kid, so I always thought of them as just friends.	as a kid I had no concept of shipping — I always thought these two were just friends
B-MIX-117	MIX	55.35	79.82	24.47	38.98	59.86	20.88	0	0	0	妹妹在cos商鞅吗	Is your sister in a cosy bargain?	妹妹在扮演商鞅吗	Is your sister playing the role of a merchant?	is the girl cosplaying Shang Yang
B-MIX-118	MIX	96.73	85.80	-10.93	80.91	60.41	-20.50	100	0	-100	哎呀，蚊子得了MVP！	The mosquito won the MVP!	哎呀，蚊子得了全场最佳！	The mosquitoes have the best of the best!	oops, the mosquito got the MVP!
B-MIX-119	MIX	92.34	91.91	-0.43	82.66	81.22	-1.44	100	100	0	这都ai配音了，字幕当然也是ai啊	It's all AI-dubbed, and of course AI-subtitled.	这都人工智能配音了，字幕当然也是人工智能啊	It's all AI-dubbed, and of course, the subtitles are AI-dubbed.	the voiceover is already AI, so of course the subtitles are AI too
B-MIX-120	MIX	59.94	75.77	15.83	45.25	66.28	21.02	100	0	-100	谁还没看我都会伤心的OK？	I'm not going to be sad, OK?	谁还没看我都会伤心的好吗？	Who hasn't seen me get sad?	if anyone hasn't watched this yet I'll be sad, OK?
B-MIX-121	MIX	56.61	71.89	15.28	45.13	39.26	-5.87	0	0	0	少看一天b站都剪不出来	The B-station is not cut out for less than a day.	少看一天哔哩哔哩都剪不出来	I can't cut it off in less than a day.	skip even one day of Bilibili and you couldn't edit this
B-MIX-122	MIX	100.00	100.00	-0.00	83.81	83.99	0.18	100	100	0	只是一个道歉，but这个道歉的代价实在太高	It's just an apology, but the price of that apology is too high.	只是一个道歉，但是这个道歉的代价实在太高	It's just an apology, but the price of that apology is too high.	it's just an apology, but the price of this apology is way too high
B-MIX-123	MIX	87.41	82.01	-5.39	52.28	60.69	8.41	100	100	0	记者会？不，个人show time	No, personal show time	记者会？不，个人表演时间	No, the individual show time	a press conference? no, it's personal show time
B-MIX-124	MIX	87.02	78.35	-8.67	60.04	78.60	18.56	100	0	-100	这一场演得不好，应该喊cut重来	"This is a bad performance, should be called ""cut"""	这一场演得不好，应该喊停重来	This is a bad show, it should be called off.	this scene was badly acted, someone should call cut and redo it
B-MIX-125	MIX	95.32	89.98	-5.34	60.26	79.75	19.49	100	100	0	喝水这part我真的笑了	I really laughed at this part.	喝水这部分我真的笑了	I really laughed at the water part.	the water-drinking part genuinely made me laugh
B-MIX-126	MIX	95.74	95.62	-0.11	76.85	72.33	-4.52	100	0	-100	中式恐怖，真的next level	Chinese horror, really next level	中式恐怖，真的更上一层楼	Chinese horror, really a step up	Chinese-style horror, truly next level
B-MIX-127	MIX	95.32	93.17	-2.15	77.51	77.26	-0.25	100	0	-100	他们都在好奇那个npc是谁扮的	They all wonder who the NPC is.	他们都在好奇那个非玩家角色是谁扮的	They were all wondering who the non-player character was.	they're all wondering who played that NPC
B-MIX-128	MIX	52.15	71.10	18.94	49.37	58.92	9.55	0	0	0	os好想看张桂源也来一期	I'm looking forward to seeing Zhang's source.	内心独白好想看张桂源也来一期	I'm just saying that I'm looking forward to seeing Zhang's new issue.	inner monologue: I really want to see Zhang Guiyuan do an episode too
B-MIX-129	MIX	90.66	94.97	4.31	70.02	68.81	-1.21	100	100	0	我已经走在了country road 上了	I've been on the country road.	我已经走在了乡间小路 上了	I've been walking on the country trail	I'm already walking on the country road
B-MIX-130	MIX	79.53	91.17	11.64	49.80	69.39	19.59	100	0	-100	从来没有get到他颜值	Never get to his value	从来没有领略到他颜值	I never understood his value.	I've never gotten the appeal of his looks
B-MIX-131	MIX	94.53	84.34	-10.19	57.04	70.69	13.65	100	100	0	看哪一只eye啊sir	Look at that eye, sir.	看哪一只眼啊长官	Look at that eye, Chief.	looking at which eye, sir
B-MIX-132	MIX	98.45	99.39	0.94	30.75	65.96	35.21	100	100	0	天磊：what can I say	What can I say?	天磊：我能说什么	What can I say?	Tianlei: what can I say
B-MIX-133	MIX	32.88	76.46	43.58	43.08	61.70	18.62	0	100	100	唉，我去，真的有比利诶。该不会是暗示sp比利吧	Oh, I'm going, I really have to go. Shouldn't that be a hint?	唉，我去，真的有比利诶。该不会是暗示特殊版比利吧	Oh, I'm going, there really is a Billy. Shouldn't that be a special Billy?	whoa, there really is a Billy — could this be hinting at an SP Billy
B-MIX-134	MIX	77.05	83.76	6.71	47.19	62.70	15.51	0	100	100	摊主，我也是你们play中的一环吗	I'm a part of your game, Mr. Stallman.	摊主，我也是你们角色扮演中的一环吗	I'm a part of your role playing, too, Mr. Stallman.	stall owner, am I also part of your roleplay
B-MIX-135	MIX	80.19	77.38	-2.81	57.71	58.09	0.38	100	100	0	抽me,please抽me	Smoke me, please smoke me	抽我,请抽我	Smoke me, please smoke me	draw me, please draw me
B-MIX-136	MIX	96.63	84.96	-11.66	78.35	55.96	-22.40	100	0	-100	boss已进入二阶段	Boss has entered phase two.	头目已进入二阶段	The first is in phase two.	the boss has entered phase two
B-MIX-137	MIX	66.13	31.34	-34.79	48.43	40.16	-8.27	0	0	0	这里是以为他要长期练，mcn没沟通好	I think he's here for a long time, but he's not communicating well.	这里是以为他要长期练，传媒公司没沟通好	The media is not communicating well, and the media is not communicating well.	here they thought he'd be training long-term — the MCN agency didn't communicate properly
B-MIX-138	MIX	56.30	61.78	5.47	65.90	74.16	8.26	0	0	0	加拉赫上线一年了还在c	Garakh online after a year	加拉赫上线一年了还在当主力	Garakh online for a year and still the main force	Gallagher has been out for a year and is still carrying
B-MIX-139	MIX	83.31	80.62	-2.69	47.93	72.80	24.87	100	0	-100	直伤+超击破+dot伤害	The first one is a direct hit, the second one is a super hit, and the third one is a dot hit.	直伤+超击破+持续伤害	Direct injury + over-hit + sustained injury	direct damage + super break + DoT damage
B-HOM-133	PYA	75.25	90.52	15.27	74.93	81.70	6.77	100	100	0	兄dei  成佛吧   修仙太难了	Brother Dai, become a monk. It's too hard to be a monk.	兄弟  成佛吧   修仙太难了	Brother, become a Buddha. It's too hard to be a monk.	bro, just become a buddha — cultivating immortality is too hard
B-HOM-134	HOM	41.49	63.60	22.11	55.02	71.44	16.42	0	0	0	我真怕药水一拳给向左打晕过去	I was afraid the potion would hit me left.	我真怕药水一拳给向佐打晕过去	I was afraid that the potion would kill Zhou.	I'm really afraid Yaoshui will knock Xiang Zuo out with one punch
B-HOM-135	HOM	92.57	93.03	0.46	66.89	65.70	-1.19	0	100	100	甲亢哥：我还能再看亿遍	I can watch it a million times.	甲亢哥：我还能再看一亿遍	I can watch it a hundred million times.	Jiakang Bro: I could watch this a hundred million more times
B-NEO-109	NEO	64.93	62.37	-2.56	48.39	36.35	-12.04	0	0	0	逆天，吴国给日本朝贡都来了	The day after, the Emperor of the Yang Family paid tribute to Japan	离谱，吴国给日本朝贡都来了	Weird, but the Yankees are paying tribute to Japan	outrageous — now we've even got the Wu kingdom paying tribute to Japan
B-NEO-110	NEO	26.51	54.69	28.18	41.90	49.77	7.88	0	0	0	泪目了，米哈游你坏事做尽	It's time for Mika to do his worst.	感动落泪了，米哈游你坏事做尽	I'm so moved, Micah, that you're doing something bad.	I teared up — miHoYo, you've done every evil deed there is
B-NEO-111	NEO	73.03	67.85	-5.18	45.32	53.57	8.25	0	0	0	双非大学生，还没进厂。光看这个社会环境已经感觉自己燃尽了	The two non-university students, who have not yet entered the factory.	非重点大学的大学生，还没进厂。光看这个社会环境已经感觉自己精疲力竭了	The students of non-core universities, who have not yet entered the factory.	a non-elite-university student who hasn't even started working yet — just looking at this social environment I already feel burned out
B-NEO-112	NEO	73.47	70.47	-3.00	69.83	67.32	-2.51	0	0	0	看勇哥直播，各种神人	Watch the live broadcast of the Yonge brothers, all kinds of gods	看勇哥直播，各种行为离谱的人	Watching the live broadcast of Yong Brother, people who behave in strange ways	watching Brother Yong's streams, you see all kinds of absolute characters
B-NEO-113	NEO	65.49	43.48	-22.01	59.84	63.86	4.02	100	0	-100	太真实了，想到的那句话发现他可能听不懂于是在后面加点补丁	It's so real, the thought of the words that he might not understand is patched in the back.	太真实了，想到的那句话发现他可能听不懂于是在后面加点补充说明	It was so real, that the thought of the words he could not understand was added to the back of the sentence with a full stop.	so true — you think of a comeback, realize he might not get it, and then tack some patches onto it
B-NEO-114	NEO	74.00	94.62	20.62	69.57	83.63	14.06	0	0	0	为什么能匹到这么多神人	Why so many gods?	为什么能匹配到这么多行为离谱的人	Why do you match so many people who behave so strangely?	how do I keep getting matched with so many absolute characters
B-NEO-115	NEO	89.31	92.13	2.82	68.12	82.17	14.05	0	0	0	所以男主在嘎掉的威胁下领悟了？	So the man came to his senses under the threat of being fired?	所以男主在死掉的威胁下领悟了？	So the man came to his senses under the threat of death?	so the male lead had his awakening under the threat of getting offed?
B-MIX-140	MIX	71.23	69.15	-2.08	56.77	59.17	2.40	100	0	-100	这个zzz不会要给他出个动画吧？	Thiszzz isn't going to give him an animation, is he?	这个绝区零不会要给他出个动画吧？	The Zero Zone isn't going to give him an animation, is it?	don't tell me ZZZ is going to make an anime for him?
B-MIX-141	MIX	78.54	97.63	19.09	69.58	83.40	13.82	0	0	0	怎么说呢 很怀疑up主的精神状态	What can I say? I'm very suspicious of the upper-class mindset.	怎么说呢 很怀疑视频作者的精神状态	What can I say, I'm very suspicious of the mental state of the video's author.	how do I put it — I seriously question this uploader's state of mind
B-MIX-143	MIX	87.02	90.69	3.67	69.65	72.93	3.28	0	100	100	他和背后的 n pc 格格不入	He and the n pc behind him are not compatible.	他和背后的 非玩家角色 格格不入	He and the non-player characters behind him are not compatible.	he's completely out of place next to the NPC behind him
B-MIX-145	NEO	91.11	32.67	-58.44	61.77	48.89	-12.88	0	0	0	甲亢哥：我DNA动了	My DNA is on the move.	甲亢哥：我本能被唤醒了	I could have been woken up.	Jiakang Bro: my DNA just moved
B-MIX-146	MIX	80.74	79.42	-1.32	61.25	68.50	7.25	100	0	-100	bro以为自己在演致命ID	Bro thinks he's playing deadly id	这哥们以为自己在演致命ID	These guys think they're playing deadly ID	bro thinks he's starring in Identity
B-MIX-147	MIX	85.45	97.98	12.53	61.35	82.39	21.04	0	0	0	干嘛突然cos班主任	Why are you suddenly the director of the cos class?	干嘛突然扮演班主任	Why are you suddenly acting like a class leader?	why are you suddenly cosplaying as the homeroom teacher
B-MIX-148	MIX	76.13	76.98	0.85	45.58	47.02	1.44	100	0	-100	神作，没见过的mad种类呢	God made, mad species never seen	神作，没见过的混剪视频种类呢	The video is a mix of videos that I have never seen before.	a masterpiece — a kind of MAD I've never seen before
B-PYA-109	PYA	70.78	74.42	3.65	55.42	52.46	-2.96	0	0	0	拍了拍博士的石棺盖子hhhhh	I'm going to take a picture of the casket cover of Dr. Pathhhhh	拍了拍博士的石棺盖子哈哈哈哈哈	I took a picture of the casket cover of Dr. Pat.	gave the Doctor's stone coffin lid a little pat hahaha
B-PYA-110	PYA	81.27	97.49	16.23	70.61	84.49	13.89	0	100	100	万恶的zi ben jia	The evil Zi Ben Jia	万恶的资本家	The evil capitalist	the evil capitalists
B-PYA-111	PYA	75.20	51.20	-24.00	53.13	57.96	4.82	0	0	0	就说问啥听不到，nnd只带了一个耳机	I can't hear you, I only have a headset.	就说问啥听不到，奶奶的只带了一个耳机	I asked my mother, who couldn't hear, and she had only one earpiece.	no wonder he said he couldn't hear anything — damn it, he only brought one earbud
