uid	category	xcomet_noisy	xcomet_clean	xcomet_d	kiwi_noisy	kiwi_clean	kiwi_d	nta_noisy	nta_clean	nta_d	src_noisy	hyp_noisy	src_clean	hyp_clean	ref_en
B-HOM-001	HOM	93.91	95.63	1.72	61.38	84.08	22.71	0	0	0	酱紫也行？那我也试试	Is this okay? Then I’ll try it too.	这样子也行？那我也试试	Is this okay? Then I’ll try it too.	this works? then let me try too
B-HOM-002	HOM	98.10	95.70	-2.40	63.42	80.05	16.63	0	0	0	你怎么酱紫说话，人家会误会的	Why are you talking like that? People will misunderstand you.	你怎么这样子说话，人家会误会的	How are you speaking like that? People will misunderstand you.	why do you talk like that, people will misunderstand
B-HOM-003	HOM	99.24	99.53	0.29	81.86	83.12	1.26	0	0	0	各位童鞋注意了，期末考试要来了	Everyone, pay attention, the final exam is coming!	各位同学注意了，期末考试要来了	Everyone, please pay attention, the final exam is coming!	attention classmates, final exams are coming
B-HOM-004	HOM	95.65	96.08	0.43	82.46	83.39	0.92	0	100	100	童鞋们帮我看看这道题怎么做	Hey guys, can you help me figure out how to solve this problem?	同学们帮我看看这道题怎么做	Could my classmates help me figure out how to solve this problem?	classmates help me figure out this problem
B-HOM-005	HOM	95.14	97.01	1.87	71.61	82.53	10.92	100	100	0	我真的好稀饭这个博主，太搞笑了	I really love this blogger, they're so funny.	我真的好喜欢这个博主，太搞笑了	I really like this blogger, they're so funny.	I really like this creator, too funny
B-HOM-006	HOM	66.43	100.00	33.57	42.04	86.19	44.15	0	100	100	你是不是稀饭我？直说嘛	Are you looking down on me, Rice Ball? Just say it.	你是不是喜欢我？直说嘛	Do you like me? Just say it.	do you like me? just say it
B-HOM-007	HOM	94.74	98.36	3.62	77.20	83.57	6.38	0	100	100	今天又是杯具的一天，出门忘带钥匙	Today was a complete disaster, I forgot my keys when I went out.	今天又是悲剧的一天，出门忘带钥匙	Today is another tragic day; I forgot my keys when I went out.	another tragic day, forgot my keys going out
B-HOM-008	HOM	89.59	100.00	10.41	57.47	84.30	26.82	0	100	100	人生就是一个杯具接着一个杯具	Life is one disaster after another.	人生就是一个悲剧接着一个悲剧	Life is just one tragedy after another.	life is one tragedy after another
B-HOM-009	HOM	84.27	94.82	10.56	64.80	81.03	16.23	0	0	0	游戏过于神金，不确定先从哪里笑起	The game is too overwhelmingly grand and fantastical, making it uncertain where to begin laughing.	游戏过于神经，不确定先从哪里笑起	The game is too tense, I’m not sure where to start laughing.	this game is so unhinged, not sure where to start laughing
B-HOM-010	HOM	88.08	89.60	1.51	73.63	63.08	-10.55	0	0	0	都说我做饭神金，今天就做神金给你们吃	Everyone says I'm a god at cooking, so today I'm going to cook something amazing for you all.	都说我做饭神经，今天就做神经给你们吃	They all say I'm a terrible cook, so today I'm going to make a terrible meal for you all.	y'all say I'm crazy in the kitchen, so today I'm cooking crazy for you
B-HOM-011	HOM	82.90	94.40	11.50	73.03	78.79	5.76	0	0	0	世界上最神金的行为	The most divine and golden deed in the world	世界上最神经的行为	The most nerve-wracking behavior in the world.	the most unhinged behavior in the world
B-HOM-012	HOM	58.18	83.18	25.00	55.36	55.05	-0.32	0	0	0	被这离谱的主播笑拥了	Was laughed at and charmed by this outrageous streamer.	被这离谱的主播笑晕了	I almost laughed myself silly at the crazy streamer.	I'm dead from this absurd streamer
B-HOM-013	HOM	82.79	81.29	-1.50	63.46	62.70	-0.77	0	0	0	笑拥了！带货主播推荐的迷惑水果太离谱了吧	Laughing my head off! The mind-boggling fruits recommended by the live stream merchant are so outrageous!	笑晕了！带货主播推荐的迷惑水果太离谱了吧	Laughing out of breath! The ridiculously bizarre fruit recommended by the live streaming merchant is insane!	I’m dying laughing! Those weird fruits promoted by live stream sales hosts are ridiculous.
B-HOM-014	HOM	91.38	92.09	0.70	74.59	77.38	2.80	0	0	0	新来的00后程序员写的代码，看到这段注释真的快把我笑拥了	The code written by a new generation (Z) programmer, seeing this comment, almost made me burst out laughing.	新来的00后程序员写的代码，看到这段注释真的快把我笑晕了	The code written by a new generation (Z) programmer, seeing this comment, almost made me burst out laughing.	the new Gen Z programmer's code, seeing this comment almost killed me laughing
B-HOM-016	NEO	91.14	80.12	-11.02	50.42	69.24	18.82	0	0	0	考试没复习直接寄，明年再来	Without studying, you're doomed; you'll fail, and you'll have to try again next year.	考试没复习直接完了，明年再来	If you don't study for the exam, you're done for – you’ll have to try again next year.	didn't study for the exam, it's over, see you next year
B-HOM-018	HOM	63.34	78.47	15.13	50.37	70.53	20.16	0	0	0	火钳流明，这帖子要火	Fire gauge lumens, this post needs to go viral.	火前留名，这帖子要火	Leave a name before the fire, this post needs to go viral.	leaving a name before this blows up, this post is about to go viral
B-HOM-019	HOM	51.70	96.64	44.94	55.06	84.46	29.40	0	0	0	雀食好笑，不骗你	It’s amusing to see a magpie eating, don’t deceive me.	确实好笑，不骗你	That’s really funny, I’m not kidding.	it's genuinely funny, no cap
B-HOM-021	HOM	97.93	97.09	-0.84	82.20	84.45	2.25	0	100	100	沃草，这无人机表演太震撼了	Wow, that drone show was so amazing!	我操，这无人机表演太震撼了	Damn, that drone performance was incredible!	holy crap, this drone show is insane
B-HOM-023	HOM	70.74	70.04	-0.70	69.04	47.93	-21.11	0	0	0	你想peach呢，哪有这么好的事	What do you want with a peach? There’s nothing good about it.	你想屁吃呢，哪有这么好的事	You're looking for trouble, you know that? There's no good thing like that.	you're dreaming, how can something that good happen
B-HOM-024	HOM	92.97	97.03	4.06	71.39	82.52	11.13	0	100	100	别虾扯蛋了，老师说的都是真的吗	Don't be a complete idiot, are the teacher's words true?	别瞎扯淡了，老师说的都是真的吗	Stop talking nonsense, are all the teacher's words true?	stop talking BS, is what the teacher said even true
B-HOM-025	HOM	68.92	60.98	-7.94	61.75	56.06	-5.69	0	0	0	先报上自己的分数啊搞辣菜	Let's report our scores first, and then make spicy vegetables.	先报上自己的分数啊搞拉踩	Let's be honest and report your scores first to avoid embarrassment.	dropping your score first before throwing shade smh
B-HOM-026	HOM	94.86	97.89	3.02	59.01	76.49	17.49	0	100	100	蚌埠住了，腾讯这泄密处理速度也太快了吧	It's unbelievable how quickly Tencent handled this leak!	绷不住了，腾讯这泄密处理速度也太快了吧	I can't hold it in, the speed at which Tencent handled this leak is just too fast!	I can't hold it in anymore, Tencent's speed in handling this leak is just too fast
B-HOM-027	HOM	73.26	73.83	0.57	76.96	79.87	2.91	0	0	0	嗷利给，西班牙第一了	Wow, Spain is number one!	奥利给，西班牙第一了	Ole, Spain is number one!	Aigoo Spain took first place let's gooo
B-HOM-028	HOM	68.38	70.64	2.26	46.54	77.40	30.86	0	0	0	这配置针不戳，性价比拉满	This configuration is perfect, it’s incredibly high value for the price.	这配置真不错，性价比拉满	This configuration is really good, it’s incredibly cost-effective.	This setup slaps, value for money off the charts
B-HOM-029	HOM	57.34	56.17	-1.18	45.90	54.35	8.45	0	0	0	赛里木湖这操作针不戳啊，景区打人还能辞退就完事了？	This lake is a total bust – the authorities just brush it off, and the park just fires the person who assaulted someone?	赛里木湖这操作真不错啊，景区打人还能辞退就完事了？	This Lake Seljimo is really handling this well, isn't it? The scenic area just fires someone and then brushes it off?	Sarim Lake's handling is just great, beating people at a scenic spot and just firing them is that it?
B-HOM-030	HOM	86.67	99.14	12.47	52.44	79.88	27.44	0	100	100	蚌埠住了，这也太好笑了吧	That’s so hilarious!	绷不住了，这也太好笑了吧	I can’t hold it in, this is too funny!	bruh I can't hold it in this is too funny lmao
B-HOM-031	HOM	86.49	94.10	7.61	80.27	79.69	-0.58	0	0	0	卧槽317万年终奖就这么没了？	What the hell? A 31.7 million yuan end-of-year bonus just disappeared?!	我操317万年终奖就这么没了？	What happened to my 3.17 million year-end bonus?!	Wtf, 3.17 million year-end bonus just gone like that?
B-HOM-032	HOM	64.03	76.83	12.79	43.93	74.61	30.68	0	0	0	你就耗子尾汁吧，别折腾了	Go to hell, just leave it alone.	你就好自为之吧，别折腾了	You should just do it yourself, don't overdo it.	watch yourself bro stop messing around
B-HOM-033	HOM	73.80	85.84	12.04	62.82	61.98	-0.85	0	0	0	王虹这波属实深藏blue了，拿完奖还这么低调	Wang Hong really went deep into the blue this time, still so low-key after taking all the awards.	王虹这波属实深藏不露了，拿完奖还这么低调	Wang Hong really held back this time, she’s so low-key after taking the award.	Wang Hong has truly been hiding her talents, so low-key after winning the award
B-HOM-034	HOM	82.94	97.84	14.90	53.38	75.71	22.34	0	100	100	蚌埠住了这也太搞笑了	This is so funny!	绷不住了这也太搞笑了	I can’t hold it in, this is so funny!	can't hold it in anymore this is way too funny fr
B-HOM-035	HOM	70.38	85.76	15.38	50.14	82.34	32.19	0	100	100	看到50亿离婚案的消息我直接蓝瘦香菇	Seeing the news about 50 billion divorce cases, I just felt utterly devastated and deflated.	看到50亿离婚案的消息我直接难受想哭	Seeing the news about 50 billion divorce cases made me feel really upset and want to cry.	Seeing the news about the 5 billion divorce case, I'm so sad I could cry
B-HOM-036	HOM	69.53	91.96	22.43	74.19	82.37	8.18	0	0	0	针不戳，这个视频做得真好	Needle doesn't pierce, this video is really well made.	真不错，这个视频做得真好	That’s really good, this video is made very well.	not bad this video is actually fire
B-HOM-037	HOM	70.38	60.43	-9.96	59.40	72.68	13.27	0	0	0	这景区管理duck不必，7个人打一个司机	The management of this scenic area doesn’t need to be complicated; 7 people need one driver.	这景区管理大可不必，7个人打一个司机	The management of this scenic area needn't be a big deal; just hire a driver for seven people.	This scenic area management is totally unnecessary, 7 people beating one driver
B-HOM-038	HOM	98.34	98.57	0.23	58.41	84.52	26.12	0	0	0	这个颜色灰常好看	This color is very beautiful.	这个颜色非常好看	This color is very beautiful.	this color looks really good ngl
B-HOM-039	HOM	80.51	83.23	2.72	57.44	65.72	8.28	0	0	0	腾讯这波操作属于是虾仁猪心了	This move by Tencent is truly outrageous/disgusting/a complete mess.	腾讯这波操作属于是杀人诛心了	This move by Tencent is really heartless and ruthless.	Tencent's move this time is truly adding insult to injury
B-HOM-040	HOM	77.23	75.85	-1.38	65.06	54.87	-10.18	0	0	0	有内味了，就是这个感觉	It’s got depth, it’s just this feeling.	有那味了，就是这个感觉	That’s the feeling, that’s the taste of it.	got that vibe this is the feeling
B-HOM-041	HOM	68.09	85.57	17.48	72.87	78.89	6.02	0	0	0	泄密被辞退永不录用，这员工只能耗子喂汁了	The leaked information resulted in dismissal and a permanent ban from employment; this employee is left to starve.	泄密被辞退永不录用，这员工只能好自为之了	The leaked information resulted in dismissal and a permanent ban from employment; this employee is left to fend for themselves.	Fired for leaking and never to be rehired, this employee better watch out
B-HOM-042	HOM	93.80	97.86	4.06	70.99	81.04	10.06	100	0	-100	这部剧的女主造型好康	The female lead in this drama has a really attractive/gorgeous/appealing look.	这部剧的女主造型好看	The female lead in this drama has a good look.	the female lead's look in this drama is gorgeous
B-HOM-043	HOM	43.93	60.06	16.13	35.52	43.27	7.75	0	0	0	耗子尾汁，好自为之吧	Let's do it, shall we?	好自为之，好自为之吧	Look out for yourself, look out for yourself!	Learn your lesson and shape up.
B-HOM-044	HOM	82.38	96.06	13.68	45.46	83.82	38.36	0	100	100	这个操作太虾仁了	This operation is so lame.	这个操作太吓人了	This operation is terrifying.	this play is straight up terrifying
B-HOM-045	HOM	66.76	71.17	4.41	58.63	60.30	1.67	0	100	100	中国女排这波直接丸辣，美国队不服不行	China’s volleyball team absolutely crushed it – the US team has no choice but to be impressed.	中国女排这波直接完啦，美国队不服不行	China’s volleyball team just finished it off – the US team won’t be happy about that.	China's women's volleyball team is done for this time, the US team has to admit defeat
B-HOM-046	HOM	79.70	94.42	14.71	55.91	69.48	13.58	0	0	0	鸭力好大，快要顶不住了	The strength is so great, it’s about to burst.	压力好大，快要顶不住了	It’s so stressful, I’m about to break.	the pressure is so high can't hold on anymore
B-HOM-047	HOM	63.02	100.00	36.98	36.91	87.95	51.03	0	100	100	窝五碎！！！	I'm broken!!!	我五岁！！！	I am five years old!!!	I'm five years old!!!
B-HOM-048	HOM	82.47	78.98	-3.49	67.67	75.20	7.53	100	0	-100	赛里木湖这事整得灰常离谱	This situation with Lake Seljimo is really bizarre/odd/outlandish.	赛里木湖这事整得非常离谱	This whole thing about Lake Seljimo is incredibly bizarre.	The Sarim Lake incident is really outrageous
B-HOM-049	HOM	91.84	92.50	0.66	83.79	85.02	1.23	0	0	0	看完这帖子我直接笑嘻了	I burst out laughing after reading this post.	看完这帖子我直接笑死了	I burst out laughing after reading this post.	after reading this post I'm dead lmao
B-HOM-050	HOM	83.44	99.06	15.61	70.82	85.90	15.08	0	100	100	看完这个视频我蕉绿了	I turned green after watching this video.	看完这个视频我焦虑了	After watching this video, I felt anxious.	after watching this vid I'm straight up anxious
B-HOM-051	HOM	83.95	97.10	13.15	39.28	80.51	41.23	0	0	0	看完女排比赛我直接鸭梨山大	After watching the volleyball match, I was completely overwhelmed.	看完女排比赛我直接压力山大	After watching the volleyball match, I felt incredibly stressed.	After watching the women's volleyball match, I'm under enormous pressure
B-HOM-052	HOM	63.85	31.53	-32.32	52.32	39.88	-12.44	0	0	0	笑鼠了！一会抛梗一会接梗	Laughing hyenas! Throwing a stick one moment, picking it up the next.	笑死了！一会抛梗一会接梗	That’s hilarious! Sometimes I throw a roadblock, sometimes I clear it.	dying of laughter! one sec they set up the joke next sec they're playing along
B-HOM-053	HOM	68.65	69.06	0.40	43.77	53.71	9.94	100	0	-100	测评娃哈哈高透史莱姆好好康	Evaluation doll, haha, high-translucent slime, good health.	测评娃哈哈高透史莱姆好好看	Evaluation doll, haha, high-translucent slime, so cute!	reviewing Wahaha's crystal clear slime it looks so good
B-HOM-054	HOM	94.38	95.32	0.95	50.93	82.79	31.85	0	0	0	窝巢，这也太厉害了吧	Wow, that’s incredible!	我操，这也太厉害了吧	Damn, this is incredible!	wtf this is too insane bruh
B-HOM-055	HOM	69.78	97.42	27.64	72.79	82.85	10.06	0	100	100	笑的想鼠	Smiling like a mouse	笑的想死	Laughing until you die	laughing till I die
B-HOM-056	HOM	78.54	65.54	-12.99	69.10	69.92	0.82	0	0	0	这里是孙吧忏悔室，一人忏悔一件你觉得最厨神的事	This is Sun Ba’s Confession Room, where one person confesses the most shameful thing you can imagine.	这里是孙吧忏悔室，一人忏悔一件你觉得最畜生的事	This is Sun Ba’s Confession Room. One person will confess the most animal-like thing they feel.	welcome to Sun Bar confessional drop your most savage moment
B-HOM-057	HOM	71.45	90.89	19.44	63.14	78.92	15.77	0	0	0	关于玉玉症表妹喜欢上我的故事	"About my cousin falling for my story (referring to the ""Yuyuan Syndrome"")."	关于抑郁症表妹喜欢上我的故事	My cousin who suffers from depression fell in love with my story.	the story of how my depressed cousin fell for me
B-HOM-058	HOM	82.50	84.86	2.36	60.07	65.62	5.55	0	100	100	这是我女朋友 羡慕吗笑抽们🤣	Is my girlfriend jealous? You guys are laughing 😂	这是我女朋友 羡慕吗小丑们🤣	Is my girlfriend envious, you clowns? 😂	this is my gf. jealous you clowns? 🤣
B-HOM-059	HOM	42.69	43.46	0.76	48.42	50.60	2.17	0	0	0	麻辣烫我只认元娘娘，口味多好7	Spicy and numbing noodles, I only recognize the Moon Maiden, so many delicious flavors.	麻辣烫我只认元娘娘，口味多好吃	Spicy and numbing noodles, I only recognize the Moon Maiden, the flavors are so delicious.	I only trust Yuan Niangniang for malatang it's so good
B-HOM-060	HOM	70.16	90.38	20.22	58.85	57.80	-1.04	0	0	0	可爱的小香猪变成了温暖的答辩	The cute little piglets transformed into a warm defense/presentation.	可爱的小香猪变成了温暖的大便	The cute little piglets turned into warm poop.	a cute little guinea pig turned into warm crap
B-HOM-061	HOM	93.15	96.64	3.50	82.40	83.57	1.16	0	0	0	我要笑亖了卧槽	I'm about to burst out laughing, damn it.	我要笑死了卧槽	I'm dying of laughter, damn it.	I'm gonna die laughing oh shit
B-HOM-062	HOM	82.46	89.78	7.32	58.72	54.51	-4.22	0	0	0	时间长了搞亖你	It’s going to be a long time before I give up on you.	时间长了搞死你	You'll be dead someday.	I'll work you to death over time
B-HOM-063	HOM	64.43	36.37	-28.06	47.53	44.68	-2.86	0	0	0	笑亖了家人们谁懂啊	Laughing, everyone, who knows?	笑死了家人们谁懂啊	That's hilarious, guys, I don't get it!	dying of laughter fam who understands
B-HOM-064	HOM	93.13	98.15	5.02	63.28	87.63	24.35	0	0	0	她居然紫砂了	She turned purple.	她居然自杀了	She actually committed suicide.	she actually offed herself
B-HOM-065	HOM	42.56	52.17	9.61	69.84	72.78	2.94	0	100	100	小哥：我真妹骗人！！我真给白衣女鬼送过餐！！你不知道哟！我魂都快没了，那餐是一点都没撒！！没办法，这就是哥的实力！	Little Brother: Damn it, I’m lying! I actually delivered meals to the white ghost! You don’t know! I almost died, and I didn’t drop a single bite! There’s nothing I could do, this is just my strength!	小哥：我真没骗人！！我真给白衣女鬼送过餐！！你不知道哟！我魂都快没了，那餐是一点都没撒！！没办法，这就是哥的实力！	Little Brother: I really didn’t lie to you!! I really did deliver meals to the white-haired ghost!! You don’t know! I almost lost my soul, and I didn’t drop a single bite!! There’s nothing I can do, this is just my strength!	Bro: I seriously didn't lie!! I really delivered food to the girl ghost in white!! You don't know! I nearly lost my soul, not a single drop spilled on that delivery! No choice, this is bro's skill!
B-HOM-066	HOM	76.85	76.88	0.03	41.73	44.55	2.82	0	100	100	博主成功把中二拍成沙子了	The blogger successfully turned mid-tier works into trash.	博主成功把中二拍成傻子了	The blogger successfully turned a mid-tier shota into a fool.	The blogger successfully made the edgy act look like a fool
B-HOM-067	HOM	55.93	76.22	20.29	69.19	72.46	3.27	0	0	0	肺雾才需要爱情，神都是孤独的	Lungs need mist, and they need love; gods are all lonely.	废物才需要爱情，神都是孤独的	Waste needs love, gods are all lonely.	Only the weak yearn for love; gods are destined to be alone.
B-HOM-068	HOM	92.01	98.90	6.89	65.47	84.78	19.31	0	100	100	我在学校哭别人鸟都不鸟我	Nobody cares when I cry at school.	我在学校哭别人理都不理我	I cried at school, and no one even bothered to pay attention to me.	I cried at school and nobody even paid attention to me
B-HOM-069	HOM	74.63	76.34	1.71	48.26	52.37	4.11	0	0	0	现场偷挖被抓,夺笋呐!	The scene of digging up the site was caught, shame on you!	现场偷挖被抓,多损呐!	The scene of the theft was caught, what a disaster!	Caught digging secretly on site, so savage!
B-HOM-070	HOM	72.35	97.60	25.25	43.94	72.78	28.85	0	100	100	这个特效针不戛！	This effect needs to keep going!	这个特效真不尬！	This effect isn't cringey at all!	This special effect is really not cringe!
B-HOM-071	HOM	26.45	87.91	61.46	35.33	61.74	26.41	0	100	100	要泥寡,雨女无瓜!	You want to play with water, Water Sprite has no melon!	要你管,与你无关!	It’s none of your business, you’re not involved!	Mind your own business, it's none of your business!
B-HOM-072	HOM	61.90	92.37	30.47	48.00	64.39	16.39	0	100	100	依托答辩是什么意思	“Relying on a defense” or “What is relying on a defense?”	一坨大便是什么意思	A pile of feces / A large pile of shit	What does 'a pile of shit' mean?
B-HOM-073	HOM	74.00	93.02	19.02	35.89	65.32	29.43	0	100	100	哈哈哈哈哈哈哈夺笋呐	That's hilarious!	哈哈哈哈哈哈哈多损呐	That’s so mean! / That’s so awful! / That’s so cruel!	hahahahaha so mean lol
B-HOM-074	HOM	67.55	93.68	26.12	73.74	72.04	-1.70	0	0	0	“雨女无瓜”这么好笑吗是挺好笑的	Is “Rain Woman has no melon” that funny? It’s quite funny.	“与你无关”这么好笑吗是挺好笑的	Isn't that funny? “与你无关” is quite funny.	Is 'none of your business' really that funny? It is pretty funny
B-HOM-075	HOM	49.09	84.53	35.45	28.83	80.52	51.68	0	100	100	还有给	There is still/are still.	还有gay	There are gay people too.	Also got gay vibes
B-HOM-076	HOM	90.43	95.37	4.93	78.89	79.82	0.93	0	0	0	这显卡价格真是辣鸡，还买什么啊	This graphics card price is awful, what are you even buying it for?	这显卡价格真是垃圾，还买什么啊	This graphics card price is awful, what am I supposed to buy?	This GPU price is really trash, why even buy it
B-HOM-077	HOM	51.40	54.74	3.33	58.08	64.40	6.31	0	0	0	我丢！上班路上刷到路边广告牌被“风”掀了个角，原来是京东618的整活！这波操作简直泰裤辣！	I dropped my phone! While walking to work, an advertisement sign by the roadside was blown off by the wind, revealing it was a stunt for JD's 618 sale! This is absolutely amazing/incredible!	我丢！上班路上刷到路边广告牌被“风”掀了个角，原来是京东618的整活！这波操作简直太酷啦！	I dropped my phone! While walking to work, an advertisement sign by the roadside was blown off by the wind, revealing it was a stunt for JD's 618 sale! This operation is seriously amazing!	No way! On my way to work I saw a roadside billboard get lifted by the 'wind', turns out it was JD 618's stunt! This move is just too cool!
B-HOM-078	HOM	76.68	72.62	-4.06	62.94	52.66	-10.28	0	100	100	“泰酷辣”大人三周年	Mr. Tai Koola’s third anniversary	“太酷啦”大人三周年	That’s so cool! Celebrating three years with the amazing [Name]!	Third anniversary of Lord 'So Cool'
B-HOM-079	HOM	74.76	60.74	-14.01	50.95	49.85	-1.10	0	0	0	前车：不二？	Previous case: unique?	前车：不是？	Previous cases: aren't they?	The car in front: Wait, what?
B-HOM-080	HOM	44.75	67.34	22.59	66.21	80.09	13.87	0	0	0	10店睡，身体还以为是午休呢，凌晨又把他们叫醒了	Ten shops were sleeping, and I thought it was lunchtime, but I woke them up again around midnight.	10点睡，身体还以为是午休呢，凌晨又把他们叫醒了	I slept for 10 hours, my body felt like it was a midday nap, and then I woke them up again around midnight.	Going to sleep at 10, my body thought it was nap time, then woke me up at dawn
B-HOM-081	HOM	58.00	97.28	39.28	48.37	70.16	21.79	0	100	100	tree 波Q	Tree Bo Q	三杀	Triple Kill	Triple kill
B-HOM-082	HOM	50.10	56.09	5.99	44.92	47.18	2.26	0	0	0	笑死我了粽横天虾至今一直在罚时闯过了零个关卡	That’s hilarious! I’ve been stuck on zero levels for so long in penalty time.	笑死我了纵横天下至今一直在罚时闯过了零个关卡	"It made me laugh so hard I could die, I've dominated the world (or ""conquered everything"") and I've still cleared zero gates/levels."	Dying of laughter, the one who conquers the world has been in timeout, passing zero challenges
B-HOM-083	HOM	81.88	80.21	-1.67	54.96	50.05	-4.91	0	0	0	怎么达不溜小兵了	How do you get past the little soldiers?	怎么打不了小兵了	I can't get any infantrymen.	Why can't I target the minions?
B-HOM-084	HOM	91.80	98.66	6.86	78.91	83.06	4.16	0	100	100	！？雀潮？！	?! Swarm of Sparrows?!	！？雀巢？！	!? Nestlé?!	!? Nestle!?
B-HOM-085	HOM	98.82	99.12	0.30	82.81	84.91	2.10	0	100	100	此人知识面级广	This person has a broad knowledge base.	此人知识面极广	This person has an extremely broad knowledge base.	This person's knowledge is extremely broad
B-HOM-086	HOM	91.33	95.80	4.47	82.16	83.96	1.80	0	100	100	蛇：卧槽，怎么又是他	Snake: “Damn it, it’s him again!”	蛇：我的天，怎么又是他	Snake: Oh my god, it’s him again.	Snake: Oh my god, why is it him again
B-HOM-087	HOM	78.19	94.46	16.28	67.38	78.71	11.33	0	100	100	生物钟:补药呀！我才调整好	Biological clock: Supplement! I just adjusted it.	生物钟:不要呀！我才调整好	Biological clock: No way! I just adjusted it.	Biological clock: No! I just got it adjusted
B-HOM-088	HOM	59.60	91.69	32.08	46.27	72.31	26.04	0	0	0	鸡本功来了，视频就有了。起飞！	Chicken Run is coming out, and so do the videos. Let’s go!	基本功来了，视频就有了。起飞！	The fundamentals are in place, and the video is coming together. Let’s go!	When the basic skills kick in, the video just takes off! Liftoff!
B-HOM-089	HOM	52.98	88.25	35.26	69.45	85.25	15.80	0	0	0	食不食油饼	Don't eat oil cakes.	是不是有病	Are you sick?	Are you out of your mind?
B-HOM-090	HOM	31.45	99.06	67.61	53.71	83.20	29.49	0	0	0	香精煎鱼食不食	Fragrant oil-fried fish, eaten or not eaten.	想进监狱是不是	Do you want to go to prison?	Do you want to end up in prison?
B-HOM-091	HOM	83.90	92.64	8.74	70.85	83.93	13.08	0	0	0	立马去郊区浇筑一个刚进混凝土的地下堡垒	Go immediately to the suburbs and pour a basement fortress with freshly poured concrete.	立马去郊区浇筑一个钢筋混凝土的地下堡垒	Go immediately to the suburbs and build a reinforced concrete underground bunker.	Head to the suburbs right away and build an underground bunker with rebar concrete
B-HOM-092	HOM	87.30	98.75	11.45	50.93	70.74	19.81	0	100	100	鸡本功扎实	Solid foundation in poultry science.	基本功扎实	Solid foundation/basic skills	Solid basic skills
B-HOM-093	HOM	84.46	98.77	14.31	45.35	74.36	29.01	0	100	100	蚌不住了	Can't stop (anymore)	绷不住了	Can't hold it anymore	Can't hold it in anymore
B-HOM-094	HOM	85.32	96.46	11.14	67.10	81.86	14.75	0	100	100	冷芝士：袜子不是茶包	Cold cheese: Socks are not tea bags.	冷知识：袜子不是茶包	Fun fact: Socks are not tea bags.	Fun fact: socks are not tea bags
B-HOM-095	HOM	62.21	86.51	24.29	53.06	69.06	16.00	0	0	0	就说00这一套真的超级好看的，我可以安心的似了	It’s really amazing, I can relax and enjoy it completely.	就说00这一套真的超级好看的，我可以安心的死了	Let's just say this whole set is seriously amazing, and I can totally relax and be at peace.	This 00 outfit is really super good-looking, I can finally rest in peace
B-NEO-002	NEO	95.37	95.86	0.50	83.11	83.53	0.42	100	100	0	我们不是供人围观的工具人！	We are not tools for people to gawk at!	我们不是供人围观的工具！	We are not tools for people to gawk at!	we're not tools for people to watch!
B-NEO-003	NEO	83.05	86.61	3.55	78.04	75.56	-2.48	0	100	100	又被割韭菜了，这理财产品全是坑	They’ve been fleeced again, these investment products are all scams.	又被宰了，这理财产品全是坑	Got ripped off again, these financial products are all traps.	I got ripped off again, this wealth management product is full of traps.
B-NEO-004	NEO	79.92	92.71	12.79	62.59	75.19	12.60	0	0	0	品牌联名就是割韭菜，质量差价格高	Brand collaborations are just harvesting the masses, low quality with high prices.	品牌联名就是坑人，质量差价格高	Brand collaborations are just ripping people off – poor quality at high prices.	Co-branded products are just a way to rip off customers with poor quality and high prices.
B-NEO-005	NEO	78.98	94.63	15.65	62.23	84.25	22.02	0	100	100	别带节奏了，事情不是你想的那样	Don't bring the beat, things aren't how you think they are.	别煽动舆论了，事情不是你想的那样	Don't stir up public opinion, things aren't as you think they are.	stop stirring things up, it's not what you think
B-NEO-006	NEO	92.75	97.54	4.79	81.17	84.41	3.23	0	0	0	评论区全是在带节奏的，真相没人关心	The comment section is all about hype, no one cares about the truth.	评论区全是在煽动舆论的，真相没人关心	The comment section is entirely focused on stirring up public opinion, and nobody cares about the truth.	comments section full of people stirring drama, nobody cares about the truth
B-NEO-007	NEO	86.43	88.07	1.64	53.61	76.78	23.17	0	0	0	杠精无处不在，说啥都要反驳	Keyboard warriors are everywhere, always arguing and refuting everything.	抬杠的人无处不在，说啥都要反驳	People are arguing everywhere, and they dispute everything.	contrarians are everywhere, they rebut everything you say
B-NEO-008	NEO	84.86	92.13	7.26	52.91	82.14	29.23	0	0	0	遇到杠精最好的办法就是不理他	The best way to deal with a keyboard warrior is to ignore him.	遇到抬杠的人最好的办法就是不理他	The best way to deal with someone who is arguing is to ignore them.	the best way to deal with a contrarian is to ignore them
B-NEO-009	NEO	63.08	71.91	8.83	66.03	71.44	5.41	0	0	0	芭比Q了，半夜点外卖忘备注别敲门	Barbie is done, I ordered takeout in the middle of the night and forgot the notes, don't knock on the door.	完了，半夜点外卖忘备注别敲门	Done, ordered takeout at midnight and forgot the notes, don’t knock on the door.	I'm cooked, ordered delivery at midnight and forgot to leave a note saying don't knock
B-NEO-010	NEO	82.57	98.64	16.07	61.21	81.96	20.75	0	0	0	选择你的躲藏点，被抓到就芭比Q了	Choose your hiding spot, or you’ll be Barbie-Q’d.	选择你的躲藏点，被抓到就完了	Choose your hiding spot, and if you get caught, you’re done.	pick your hiding spot, if you get caught you're done for
B-NEO-011	NEO	78.79	93.62	14.83	69.59	81.75	12.16	0	0	0	看到肯德基9.9的那一刻，我的班味瞬间就没了	The moment I saw KFC’s 9.9 promotion, my appetite vanished instantly.	看到肯德基9.9的那一刻，我的上班疲惫感瞬间就没了	The moment I saw KFC’s 9.9 promotion, my workday fatigue instantly disappeared.	the moment I saw KFC 9.9, my work exhaustion instantly vanished
B-NEO-012	NEO	82.84	92.79	9.95	71.13	79.88	8.76	0	0	0	人一旦染上班味，这辈子就去不掉了	Once a person is tainted by bad habits, they can never truly get rid of them in this lifetime.	人一旦染上上班的气息，这辈子就去不掉了	Once a person gets used to the atmosphere of going to work, they can never truly escape it for the rest of their life.	once you catch the work vibe, it never leaves you
B-NEO-013	NEO	64.57	76.53	11.96	59.07	71.72	12.65	0	0	0	十多块的塔斯汀五件套，横扫我一天班味	Over a dozen pieces of Tassting five-piece set, sweeping my whole day of deliciousness.	十多块的塔斯汀五件套，横扫我一天上班的疲惫感	A set of Tassting five-piece items costing over ten dollars completely wiped out my fatigue from a day at work.	a 10-something yuan Tastien 5-piece meal wipes away my whole day of work fatigue
B-NEO-014	NEO	70.50	89.96	19.46	63.87	74.94	11.07	0	0	0	净化班味，用了这头像直接演绎出我的精神状态	The purified class flavor, using this avatar directly portrayed my mental state.	净化上班的疲惫感，用了这头像直接演绎出我的精神状态	Purifying the fatigue of working, this avatar directly portrays my mental state.	cleansing away the work fatigue — this avatar perfectly captures my mental state
B-NEO-015	NEO	21.96	67.65	45.69	29.98	70.38	40.40	0	0	0	等等党赢麻了，建议收藏	"Let's see, this is a bit slangy. Here's a good translation:

“The CCP is going to get completely destroyed, save this!”"	等待降价的人赢得非常彻底，建议收藏	Those who wait for a price drop will win completely, so it’s advised to save it.	the wait-for-a-deal crew won big time, saving this
B-NEO-016	NEO	87.68	88.58	0.89	58.08	67.84	9.76	100	0	-100	看似输了实际赢麻了	It seems like you lost, but actually you won big.	看似输了实际赢得非常彻底	It appears to have lost, but in reality won very thoroughly.	looks like they lost but actually won big
B-NEO-017	NEO	85.75	77.38	-8.37	57.21	65.41	8.21	0	0	0	纯爱战神轰然倒地	Pure love god collapsed with a thunderous crash.	只支持纯爱的人轰然倒地	Only those who believe in pure love collapsed in a heap.	the pure love warrior has fallen
B-NEO-018	NEO	89.00	94.45	5.45	59.30	80.17	20.87	100	0	-100	谨以此片献给每一位纯爱战神	Dedicated to every pure love warrior in this film.	谨以此片献给每一位只支持纯爱的人	This film is dedicated to everyone who only supports pure love.	dedicating this film to every pure love warrior out there
B-NEO-019	NEO	87.93	94.69	6.76	70.82	86.81	15.99	0	100	100	兄弟们我润美国了	Brothers, I’ve arrived in the US.	兄弟们我移民美国了	Brothers, I have immigrated to the United States.	bros I emigrated to the US
B-NEO-020	NEO	90.91	93.20	2.29	75.81	80.67	4.86	0	0	0	公司要黄了的5个征兆，当公司开始严抓考勤，你该考虑润了	5 signs a company is about to fail, and you should consider leaving when it starts strictly enforcing attendance.	公司要黄了的5个征兆，当公司开始严抓考勤，你该考虑跑了	5 signs a company is about to fail, and you should consider leaving when it starts strictly enforcing attendance.	5 signs your company is going under, when they start cracking down on attendance, you should consider bouncing
B-NEO-021	NEO	84.78	80.44	-4.34	68.28	62.48	-5.80	0	0	0	赛博朋克2077，极致嘴臭极致享受	Cyberpunk 2077, extreme cynicism, extreme enjoyment.	赛博朋克2077，极致骂人极致享受	Cyberpunk 2077: The more you rage, the more you enjoy it.	Cyberpunk 2077, ultimate trash talk ultimate enjoyment
B-NEO-023	NEO	94.14	97.98	3.84	77.38	77.46	0.09	100	0	-100	孙红雷演技炸裂，20万人打出7.5分	Sun Honglei’s performance was explosive, with 200,000 viewers giving it a 7.5 out of 10.	孙红雷演技极其震撼，20万人打出7.5分	Sun Honglei’s acting is extremely stunning, with 200,000 people giving it a 7.5 out of 10.	Sun Honglei's acting is absolutely insane, 200k people rated 7.5
B-NEO-024	NEO	83.40	88.37	4.97	65.69	75.61	9.93	100	100	0	赛博诵经让老外陷入疯狂	Cyber scriptures drive foreigners crazy.	虚拟诵经让老外陷入疯狂	Virtual chanting drives foreigners crazy.	cyber chanting is driving foreigners crazy
B-NEO-025	NEO	79.10	85.17	6.07	44.47	67.27	22.80	100	0	-100	国庆宅家的赛博生活	Cyber Life During National Holiday Lockdown	国庆宅家的虚拟网络生活	Virtual online life during National Day stay-at-home period	National Day stay-at-home cyber life
B-NEO-026	NEO	48.25	57.43	9.18	58.87	66.51	7.64	0	100	100	高考第一批显眼包出现了，青蛙玩偶花式助阵	"The first batch of ""xianyanbao"" (visible exhibition bags) has appeared, with frog plushies joining in a variety of styles."	高考第一批爱出风头的人出现了，青蛙玩偶花式助阵	The first wave of attention-seekers has emerged in the Gaokao (national college entrance exam), with frog dolls appearing in elaborate formations.	the first batch of attention-seekers at the college entrance exam showed up, frog mascots cheering in style
B-NEO-027	NEO	73.26	74.38	1.12	72.00	67.94	-4.07	0	100	100	电子榨菜输出中，午饭点准时到	In the electronic pickled cabbage output, lunch arrived on time.	适合吃饭时看的视频输出中，午饭点准时到	Suitable videos for watching while eating are being output, lunch, arrive on time.	my mealtime video is on, right on time for lunch
B-NEO-028	NEO	93.04	95.90	2.86	76.73	83.22	6.49	0	100	100	这个综艺太下饭了，一口气看完	This variety show is so addictive, I watched it all in one sitting.	这个综艺太适合吃饭时看了，一口气看完	This variety show is perfect to watch while eating; I finished the whole thing in one sitting.	this variety show is perfect meal content, binged the whole thing
B-NEO-029	NEO	80.34	73.65	-6.69	64.85	69.19	4.35	100	0	-100	发疯文学必备文案，笑死我了	Essential copywriting for crazed literature, makes me laugh to death.	宣泄式文字表达必备文案，笑死我了	Essential copywriting for expressive, cathartic writing – I’m dying of laughter.	must-have lines for unhinged-rant posting, I'm dying laughing
B-NEO-030	NEO	85.39	98.90	13.52	76.65	84.16	7.51	0	100	100	社恐人的噩梦，大型聚会	Social anxiety's nightmare, large gatherings	社交恐惧症患者的噩梦，大型聚会	Nightmares of patients with social anxiety disorder, large gatherings	a socially anxious person's worst nightmare, a huge gathering
B-NEO-031	NEO	72.62	94.01	21.39	73.10	82.84	9.74	0	100	100	找不到原剧了，这个当代餐先看	I can’t find the original drama anymore, let’s watch this contemporary meal first.	找不到原剧了，这个当替代品先看	I can’t find the original drama anymore, so I’m watching this as a substitute for now.	can't find the original, using this as a substitute for now
B-NEO-032	NEO	89.88	84.99	-4.89	73.42	67.39	-6.03	0	0	0	花2000买nike感觉自己好像大冤种	Spending 2000 yuan on Nike feels like I’m such a sucker.	花2000买nike感觉自己好像大冤大头	It feels like I’m being ripped off buying Nike for 2000.	spent 2k on nikes feeling like a total sucker
B-NEO-033	NEO	53.29	68.79	15.50	46.94	71.19	24.25	0	0	0	腾讯这波泄密直接破防了，317万说没就没	Tencent’s massive data leak completely broke the bank; they promised no refunds and they didn’t give any.	腾讯这波泄密直接崩溃了，317万说没就没	Tencent’s data leak completely crashed, and they didn’t follow through on their promise of 3.17 million users.	Tencent's leak move really triggered a breakdown, 3.17 million gone just like that
B-NEO-034	NEO	58.27	87.56	29.30	69.56	76.94	7.38	0	100	100	梅老板今年真可怜，这么强的个人发挥啥没有得到	Mei Lao Ban is really pitiful this year, he didn't get any recognition for such strong individual performance.	梅西今年真可怜，这么强的个人发挥啥没有得到	Messi is really pitiful this year, he didn't get any recognition for his incredible individual play.	Messi had a rough year insane individual performance but got nothing
B-NEO-035	NEO	57.86	67.66	9.80	55.51	61.80	6.29	0	0	0	吃瓜吃到自己头上了，腾讯泄密员工就是本人	It’s like watching the melon and ending up with it in your own mouth – the Tencent data leak employee is a perfect example.	看热闹看到自己头上了，腾讯泄密员工就是本人	Watching the fun and ending up regretting it – the Tencent data leak employee is just like that.	I was following the drama, only to realize I’m the Tencent staff member who leaked the information
B-NEO-036	NEO	75.10	80.57	5.47	75.55	77.58	2.03	0	0	0	别搁这凡尔赛了，显摆啥呢	Stop with the Versailles nonsense, what are you showing off for?	别搁这炫耀了，显摆啥呢	Stop showing off, what are you trying to show?	stop humble bragging already what are you flexing
B-NEO-037	NEO	95.16	100.00	4.84	76.96	86.45	9.49	100	0	-100	显卡市场太内卷了，价格涨得离谱	The graphics card market is so fiercely competitive, the prices have gone completely off the charts.	显卡市场竞争太激烈了，价格涨得离谱	The graphics card market is incredibly competitive, and the prices have gone up ridiculously.	The GPU market is hyper-competitive, prices rising outrageously
B-NEO-038	NEO	87.91	77.97	-9.94	65.66	71.56	5.90	0	100	100	这帖子水分太大，灌水灌的	This post is too watered down; it’s just fluff.	这帖子水分太大，刷帖刷的	This post is too promotional and lacks substance; it’s clearly spam.	this post is so watered down pure spam
B-NEO-039	NEO	84.66	85.45	0.79	59.46	76.35	16.89	100	0	-100	打工人看完317万年终奖直接躺平了	Wage earners, after receiving a 31.7 million year-end bonus, just gave up and became completely idle.	打工人看完317万年终奖直接放弃了	The worker quit after receiving a 31.7 million year-end bonus.	Workers gave up striving after seeing the 3.17 million year-end bonus.
B-NEO-040	NEO	86.20	95.97	9.77	68.08	81.75	13.66	100	0	-100	这剧情给我整破防了	This plot completely broke me down.	这剧情给我整崩溃了	This plot is driving me crazy!	this plot totally broke me fr fr
B-NEO-041	NEO	61.31	86.26	24.95	66.81	81.65	14.84	0	0	0	这员工凡尔赛式晒年终奖，结果翻车了	These employees acted overly Versailles-like about their year-end bonuses, and they all crashed and burned.	这员工炫耀式晒年终奖，结果翻车了	This employee’s ostentatious display of their year-end bonus ended in disaster.	This employee flaunted their year-end bonus in a humble-brag way, and it backfired
B-NEO-042	NEO	93.09	96.27	3.18	56.74	80.04	23.30	0	0	0	这手机信号拉胯到离谱	The mobile signal is terrible and ridiculous.	这手机信号差到离谱	The cell signal is terrible, it’s ridiculous.	this phone signal is garbage to an absurd degree
B-NEO-043	NEO	88.89	96.63	7.74	78.07	82.86	4.79	0	0	0	你这个行为真的很下头	That’s really low behavior.	你这个行为真的很扫兴	That behavior is really disappointing.	your behavior is such a turnoff rn
B-NEO-044	NEO	66.37	65.61	-0.76	67.90	69.02	1.12	0	100	100	赛里木湖这事太下头了，景区管理太离谱	This place at Lake Seljimo is really messed up, the scenic area management is outrageous.	赛里木湖这事太让人失望了，景区管理太离谱	This place at Lake Seljimo is so disappointing, the tourist area management is outrageous.	The Sarim Lake incident is too disappointing, scenic area management is outrageous
B-NEO-045	NEO	84.92	82.84	-2.08	53.54	49.69	-3.85	0	0	0	他这个人好油腻	He’s a slippery character.	他这个人好油滑	He’s slippery and cunning.	this guy is so sleazy ick
B-NEO-046	NEO	50.80	90.44	39.64	55.43	60.63	5.20	0	0	0	没绷住破绷了	The bandage broke.	没绷住笑了	Burst out laughing.	couldn't hold it in and totally lost it laughing
B-NEO-047	NEO	79.13	79.50	0.37	67.73	77.30	9.57	0	100	100	中国女排逆转美国，这波操作太上头了	China’s women’s volleyball team overturned the United States – this is too intense!	中国女排逆转美国，这波操作太让人激动了	China’s women’s volleyball team overturned the United States, this wave of action is so exciting!	China women's volleyball reversed against USA, this move is so hype
B-NEO-048	NEO	84.55	93.00	8.44	50.87	69.70	18.83	0	0	0	天天水经验，也不发点有用的帖子	Posting every day with no useful content.	天天刷经验，也不发点有用的帖子	Constantly grinding experience points without posting any useful posts.	farming XP every day never posting anything useful
B-NEO-049	NEO	95.88	98.20	2.32	64.81	69.02	4.20	100	100	0	这主播开挂实锤了，封号吧	This streamer got caught cheating, ban their account.	这主播作弊实锤了，封号吧	This streamer has been caught cheating, ban their account.	this streamer is confirmed cheating, ban them
B-NEO-050	NEO	84.06	85.61	1.55	76.95	75.64	-1.30	0	100	100	内耗太严重了	It’s draining too much energy.	内部消耗太严重了	Internal consumption is too severe.	internal friction is too serious smh
B-NEO-051	NEO	80.81	87.07	6.26	39.77	68.36	28.58	0	0	0	互联网嘴替实锤	Internet mobs are exposed.	互联网代言人实锤	Internet celebrity endorsement confirmed.	confirmed internet mouthpiece
B-NEO-052	NEO	47.19	47.78	0.58	41.65	61.31	19.66	0	0	0	无职孝子还在嘴硬洗，服了	A fatherless filial son still stubbornly refuses to accept help and washes his hands of it, causing a scene.	无职盲目辩护者还在嘴硬洗，服了	A stubbornly defiant, unlicensed lawyer is still clinging to their position and washing their mouth with soap, refusing to concede.	Mushoku Tensei stans still hard-stanning give up
B-NEO-053	NEO	84.19	95.54	11.36	65.34	77.21	11.87	0	0	0	双持党表示苹果和华为都不够用	The Republican Party says that Apple and Huawei are not sufficient.	同时用两部手机的人表示苹果和华为都不够用	People who use two phones at the same time say that neither Apple nor Huawei is sufficient.	dual-phone gang saying neither Apple nor Huawei is enough
B-NEO-054	NEO	71.92	79.79	7.87	33.18	52.79	19.61	0	0	0	被种草了	Being influenced by someone's recommendation	被推荐心动了	Felt fluttered by the recommendation.	got recommended I'm tempted to buy
B-NEO-055	NEO	83.59	98.67	15.07	43.04	75.88	32.84	0	100	100	拔草了不买	Cleared the way, no need to buy.	打消购买念头了不买	I've decided not to buy it.	nah I'm not buying
B-NEO-056	NEO	71.93	96.52	24.59	56.57	77.52	20.95	0	0	0	他好会整活	He's good at making things up / He's creative / He's full of antics	他好会搞怪	He is very funny/quirky.	he's so good at being funny lol
B-NEO-057	NEO	95.28	96.66	1.38	82.30	82.39	0.09	0	0	0	这个太炸了	This is so amazing!	这个太震撼了	This is so overwhelming.	this is too insane
B-NEO-058	NEO	66.03	65.49	-0.55	56.05	52.23	-3.82	0	0	0	景区打人还理直气壮的，真是绝绝子	It’s outrageous that a scenic area assaulted someone and then brazenly justified it – truly fantastic!	景区打人还理直气壮的，真是绝了	It’s shocking that a scenic area’s assault and boasting about it are so brazen.	Beating people at a scenic spot and still acting righteous, truly absolutely outrageous
B-NEO-059	NEO	83.67	93.05	9.38	36.59	84.51	47.92	0	0	0	破防了	Shattered/Destroyed (emotionally)	心理防线崩溃了	The psychological defenses collapsed.	I'm emotionally broken
B-NEO-060	NEO	90.70	100.00	9.30	59.61	85.96	26.35	0	100	100	这个太上头了	This is too intense.	这个太上瘾了	This is so addictive.	this is too addictive can't stop
B-NEO-061	NEO	85.40	88.08	2.68	62.43	85.59	23.17	0	0	0	他好会营业	He’s good at marketing/promotion.	他好会讨好粉丝	He is very good at flattering his fans.	he's so good at playing to his fans
B-NEO-062	NEO	79.38	92.86	13.48	52.20	78.22	26.02	0	0	0	香港🇭🇰打车有这么卷吗？又难？	Is getting a taxi in Hong Kong so competitive/crazy? And difficult?	香港🇭🇰打车竞争有这么激烈吗？又难？	Is the taxi competition in Hong Kong so fierce? And difficult?	is getting a taxi in HK this intense? so hard?
B-NEO-063	NEO	89.27	87.02	-2.25	82.57	78.41	-4.16	0	0	0	这帖子纯纯的钓鱼经验，别当真	This post is purely fishing experience, don't take it seriously.	这帖子纯纯的骗经验，别当真	This post is purely for gaining experience, don't take it seriously.	this post is pure bait for engagement don't fall for it
B-NEO-064	NEO	94.10	92.96	-1.13	48.07	81.44	33.37	0	0	0	纯纯的牛马人生	Pure and simple bovine life	纯纯的打工人人生	Pure and simple worker’s life.	pure wage slave life
B-NEO-065	NEO	78.96	99.18	20.22	78.38	86.73	8.35	0	0	0	是我不够糖吗	Am I not sweet enough?	是我不够傻吗	Am I not stupid enough?	am I not dumb enough? bruh
B-NEO-066	NEO	100.00	100.00	0.00	85.42	86.44	1.02	100	100	0	这何意味啊	What does this mean?	这什么意思啊	What does this mean?	what does this even mean
B-NEO-067	NEO	67.20	87.36	20.16	39.12	39.45	0.33	0	100	100	摆烂了，爱咋咋地	Screw it, do whatever.	放弃了，爱咋咋地	Gave up, whatever happens, let it go.	I give up whatever happens happens
B-NEO-068	NEO	85.26	86.60	1.34	51.68	72.30	20.62	0	0	0	摆烂一天算了	Give up for the day.	放弃一天算了	Give it up for the day.	let me rot for a day whatever
B-NEO-069	NEO	90.45	90.62	0.17	54.59	65.51	10.92	0	0	0	内卷太严重了，打工人伤不起	The competition is so intense and exhausting, it’s heartbreaking for workers.	过度竞争太严重了，打工人伤不起	Over-competition is too intense, workers are suffering.	the rat race is too intense workers can't take it
B-NEO-070	NEO	61.94	88.10	26.16	46.62	75.54	28.92	0	0	0	这波操作属实逆天了	This move is truly heavenly/godlike.	这波操作属实超乎想象了	This operation is truly beyond imagination.	this play is straight up insane
B-NEO-071	NEO	72.27	62.21	-10.05	58.49	77.76	19.27	0	0	0	内卷到头秃，躺平又心慌	Burning out to the point of going bald, lying flat but still feeling anxious.	过度竞争到头秃，躺平又心慌	Over-competition leads to hair loss, lying flat and feeling anxious.	rat race till you're bald quit competing but still anxious
B-NEO-072	NEO	85.59	88.46	2.87	78.20	73.79	-4.41	0	0	0	不是哥们儿	Not buddy.	不是吧，哥们儿	You're kidding, man!	no way bro come on
B-NEO-073	NEO	92.39	95.89	3.50	82.15	83.42	1.27	100	100	0	说出一个旅游热度很低但实际很夯的城市	Name a city that’s not very popular for tourism but is actually very busy.	说出一个旅游热度很低但实际很高的城市	Name a city that’s not very popular for tourism but is actually fantastic.	name a city that's low-key but actually great
B-NEO-074	NEO	85.89	87.23	1.35	43.62	62.66	19.04	0	0	0	这波操作直接拉胯了	This operation completely tanked.	这波操作直接失常了	This move is completely off-base.	this play literally underperformed
B-NEO-075	NEO	59.27	73.22	13.96	49.80	57.98	8.18	100	0	-100	这操作绝绝子，直接给我整不会了	This operation is amazing, it’s completely messing with my head!	这操作绝佳，直接给我整不会了	This operation is fantastic, it completely messed me up.	this play is amazing left me speechless
B-NEO-076	NEO	75.65	79.97	4.33	70.01	72.56	2.55	100	0	-100	谁能能理解这种崩溃的心情，辛辛苦苦备考许久，就等着政审上岸，结果栽在了学历断层上	Who could understand this feeling of collapse? After diligently studying for a long time to pass the political review, you only waited for the opportunity, but ended up falling short due to a gap in your education.	谁能能理解这种崩溃的心情，辛辛苦苦备考许久，就等着政审成功，结果栽在了学历断层上	Who could understand this feeling of collapse? After diligently studying for a long time, waiting for the political review to succeed, and then falling short due to a gap in qualifications.	who understands this despair? prepped for ages waiting to pass the political review only to get rejected by an education gap
B-NEO-077	NEO	80.20	93.20	13.01	76.14	84.29	8.15	0	100	100	为什么留子都不爱和老外谈？	Why do their children not like to talk to foreigners?	为什么留学生都不爱和老外谈？	Why do international students not like talking to foreigners?	why don't international students like dating foreigners? real talk
B-NEO-078	NEO	59.57	91.56	31.98	54.54	72.87	18.33	0	0	0	哈包穿上衣服不习惯了	Ha Bao got used to wearing clothes.	哈兰德穿上衣服不习惯了	Haland was not used to putting on clothes.	not used to Haaland wearing clothes
B-NEO-079	NEO	69.07	76.01	6.95	54.13	53.99	-0.14	0	0	0	洗澡5分钟老公社死一整年	Taking a shower for 5 minutes, husband mortally embarrassed for a whole year.	洗澡5分钟老公社会性死亡一整年	Take a 5-minute shower, husband, social death for a whole year.	5-min shower and my husband is socially dead for a whole year rip
B-NEO-080	NEO	29.01	81.87	52.86	38.32	36.67	-1.66	0	0	0	直接破防了家人们	Let's just go straight for it, everyone.	直接心态失控了家人们	He completely lost it, guys.	totally broke down mentally fam
B-NEO-081	NEO	82.51	83.21	0.69	76.51	76.59	0.09	100	100	0	月薪不够5w不能这么活	A monthly salary of less than 50,000 yuan can't be lived like this.	月薪不够5万不能这么活	A monthly salary of less than 50,000 yuan can't be lived like this.	Can't live like this if monthly salary isn't even 50k
B-NEO-082	NEO	74.68	69.28	-5.40	63.26	79.81	16.55	0	0	0	爷青回	It's a wonderful feeling to be young again.	爷的青春回来了	My youth has returned.	Nostalgia hits hard.
B-NEO-083	NEO	46.46	100.00	53.54	38.07	87.51	49.44	0	0	0	难他天？	How are you?	难道他真的是天才？	Is he really a genius?	Turns out he's a genius?
B-NEO-084	NEO	91.86	99.12	7.26	48.49	83.09	34.61	0	0	0	基操	Basic operation	基本操作	Basic operations	Just basic mechanics
B-NEO-085	NEO	68.21	80.47	12.25	50.28	65.91	15.64	0	0	0	你这肯定是低段位炸鱼罢了	That’s definitely just a low-level fish explosion.	你这肯定是低段位欺负水平差的玩家罢了	That’s clearly just a low-level player bullying due to poor skill.	You must be just smurfing in low rank
B-NEO-086	NEO	90.78	85.82	-4.96	78.36	76.76	-1.60	100	100	0	刘宇宁一周不直播，棚友集体受不了！想念到发疯	Liu Yuning hasn't livestreamed for a week, and the fans are going crazy! They miss him so much they're going insane!	刘宇宁一周不直播，粉丝集体受不了！想念到发疯	Liu Yuning hasn't livestreamed for a week, and his fans are going crazy with missing him! They're going insane with longing.	Liu Yuning hasn’t streamed for a week, all his fans can’t stand it and miss him terribly.
B-PYA-001	PYA	82.07	94.76	12.69	77.24	81.47	4.23	0	100	100	xql日常太甜了，羡慕死了	xqL’s daily life is too sweet, I’m dying of envy.	小情侣日常太甜了，羡慕死了	The daily lives of young couples are so sweet, I'm dying of envy.	this couple's daily life is too sweet, I'm so jealous
B-PYA-003	PYA	97.39	82.46	-14.94	67.18	71.74	4.57	0	100	100	xql之间的默契真的绝了	The chemistry between them is amazing.	小情侣之间的默契真的绝了	The unspoken understanding between a couple is amazing.	the chemistry between this couple is insane
B-PYA-004	PYA	77.12	99.03	21.90	55.15	80.17	25.02	0	100	100	全网最甜xql非他们莫属	The sweetest on the internet, and their world doesn't belong to anyone else.	全网最甜小情侣非他们莫属	They are undoubtedly the sweetest couple online.	the sweetest couple on the internet has to be them
B-PYA-005	PYA	90.16	96.27	6.11	70.45	81.95	11.51	0	0	0	看到别人去欧洲旅游的照片，xmsl	Seeing photos of people traveling in Europe, xmsl	看到别人去欧洲旅游的照片，羡慕死了	I'm so envious seeing photos of people traveling in Europe.	Seeing photos of others traveling in Europe makes me so envious.
B-PYA-007	PYA	87.31	91.93	4.63	78.34	60.71	-17.64	0	0	0	新剧gkd！等不及了	New drama gkd! Can't wait!	新剧搞快点！等不及了	New show, let’s go! I can’t wait!	hurry up with the new drama! can't wait
B-PYA-009	PYA	98.06	100.00	1.94	63.86	80.87	17.01	0	100	100	xgg们推荐一下好用的手机呗	Could you recommend some good phones, please?	小哥哥们推荐一下好用的手机呗	Guys, could you recommend some good phones?	boys recommend some good phones pls
B-PYA-010	PYA	87.94	97.88	9.94	76.05	84.40	8.35	0	100	100	这个xgg好帅，求联系方式	This xgg is so handsome, please give me your contact information.	这个小哥哥好帅，求联系方式	This guy is so handsome, please give me your contact information.	this guy is so handsome, asking for his contact
B-PYA-011	PYA	95.84	91.46	-4.38	67.55	65.49	-2.06	0	100	100	jrm帮我看看这个怎么选	Can you help me figure out how to choose this?	家人们帮我看看这个怎么选	Hey guys, can you take a look at this and tell me how to choose it?	fam help me figure out which one to pick
B-PYA-012	PYA	99.08	87.66	-11.41	78.30	72.19	-6.11	0	0	0	jrm今天发生了一件离谱的事	Something bizarre happened today.	家人们今天发生了一件离谱的事	Something bizarre happened among my friends today.	fam something wild happened today
B-PYA-013	PYA	76.59	92.39	15.80	70.76	79.60	8.84	0	0	0	8u们觉得这配置怎么样	We think this configuration is good.	吧友们觉得这配置怎么样	Do you guys think this configuration is good?	what do you tieba folks think of this setup?
B-PYA-014	PYA	83.67	93.00	9.33	80.31	80.00	-0.31	0	0	0	王虹yyds！中国数学家终于拿到菲尔兹奖了	Wang Hong, yyds! Finally, a Chinese mathematician has won the Fields Medal!	王虹永远的神！中国数学家终于拿到菲尔兹奖了	Wang Hong is a god! Finally, a Chinese mathematician has won the Fields Medal!	Wang Hong is the GOAT! A Chinese mathematician finally won the Fields Medal
B-PYA-015	PYA	87.07	94.88	7.80	52.34	60.91	8.57	0	100	100	这条rs怎么还没上	How has this stock not gone up yet?	这条热搜怎么还没上	Why hasn't this trending topic broken through?	why isn't this trending yet
B-PYA-016	PYA	88.08	86.51	-1.57	57.50	72.19	14.68	0	0	0	xswl，陈哲远在密逃里也太搞笑了吧	That's so hilarious, even Chen Zheyuan was ridiculously funny while escaping!	笑死我了，陈哲远在密逃里也太搞笑了吧	That's hilarious, Chen Zheyuan is so funny even while escaping in secret!	Lmao, Chen Zheyuan is just too funny in Great Escape
B-PYA-017	PYA	75.70	95.57	19.87	59.04	79.12	20.08	100	100	0	14个月正是穿lulu的时候	It's prime time to wear lululemon (or Lulu) for 14 months.	14个月正是穿Lululemon的时候	14 months is the time to wear Lululemon.	14 months is prime Lululemon season
B-PYA-018	PYA	88.86	81.74	-7.12	79.77	67.78	-11.99	0	0	0	dd，中国女排3比2逆转美国太牛了	China’s women’s volleyball team overturned the United States 3-2, that’s amazing!	顶顶，中国女排3比2逆转美国太牛了	Ding ding, China Women's Volleyball defeating the USA 3-2 is amazing!	Bump, China women's volleyball 3-2 comeback against USA is amazing
B-PYA-019	PYA	96.84	97.84	1.00	77.73	77.98	0.25	0	0	0	rt，大家帮我看看这手机值不值	Hey everyone, can you take a look and tell me if this phone is worth it?	如图，大家帮我看看这手机值不值	As shown in the picture, can everyone take a look and tell me if this phone is worth it?	see pic help me check if this phone is worth it
B-PYA-020	PYA	69.58	89.53	19.95	66.65	76.04	9.39	0	0	0	jrs怎么看腾讯这个泄密处理？	How does JRS (likely referring to a specific commentator or analyst) view Tencent's handling of the data leak?	家人们怎么看腾讯这个泄密处理？	How do people feel about Tencent’s handling of this leak?	Fam, what do you think of Tencent's leak handling?
B-PYA-021	PYA	70.30	71.11	0.81	56.81	73.02	16.21	0	0	0	srds，赛里木湖打人这事不能就这么算了	This incident of assault at Lake Selim (also known as Bosten Lake) cannot be just brushed aside.	虽然但是，赛里木湖打人这事不能就这么算了	Although but, the incident of hitting people at Lake Selim couldn't just be brushed aside.	Be that as it may, the Sarim Lake beating incident can't just be let go like this
B-PYA-022	PYA	85.59	92.14	6.55	52.19	62.62	10.43	0	0	0	白色真是yyds	White is truly yyds.	白色真是永远的神	White is truly a god.	white is truly the GOAT
B-PYA-023	PYA	92.43	93.44	1.01	65.71	69.28	3.57	0	0	0	u1s1，317万年终奖确实让人眼红	That bonus of 3.17 million after one year is truly enviable.	有一说一，317万年终奖确实让人眼红	It’s said that a 3.17 million year-end bonus is truly enviable.	To be honest, a 3.17 million year-end bonus does make people envious
B-PYA-024	PYA	94.08	96.02	1.94	79.99	80.71	0.72	0	100	100	XHS上好多人在讨论	Many people are discussing it on XHS.	小红书上好多人在讨论	Many people are discussing it on Xiaohongshu.	so many people talking about it on Xiaohongshu
B-PYA-025	PYA	84.30	91.55	7.25	67.34	73.91	6.57	0	100	100	显卡涨价这消息直接让我blx了	The price of graphics cards going up just completely blew my mind.	显卡涨价这消息直接让我玻璃心了	The price increase of graphics cards directly shattered my fragile heart.	The GPU price hike news really triggered my fragile heart
B-PYA-026	PYA	54.43	76.11	21.68	35.40	42.09	6.69	0	0	0	好好好 好一个kpop拉子(bushi)	That’s a really good K-pop baby (but don’t do that)!	好好好 好一个kpop拉子(不是)	That’s a really good K-pop baby (not).	ok ok ok what a kpop lesbian (not)
B-PYA-027	PYA	61.72	71.41	9.69	61.12	69.55	8.42	0	100	100	某些景区管理真是yygq，表面道歉背后照样	Some scenic area management is truly yygq – there’s still the same apology behind the surface expressions.	某些景区管理真是阴阳怪气，表面道歉背后照样	Some management at certain scenic areas is deliberately sarcastic, with their apologies seemingly hollow.	Some scenic area management is really passive-aggressive, apologizing on the surface but same behind the scenes
B-PYA-028	PYA	80.90	76.67	-4.23	60.82	76.06	15.25	0	0	0	nb！这个操作太秀了	Wow, this is so over-the-top!	牛逼！这个操作太秀了	Awesome! This operation is so impressive!	Sick move! Absolute W
B-PYA-029	PYA	61.69	65.02	3.32	56.04	61.44	5.39	0	100	100	50亿离婚案的瓜我吃了，dbq我不站队	I’ve eaten my share of the melon in the 5 billion divorce case, and I don’t take sides.	50亿离婚案的瓜我吃了，对不起我不站队	I’ve eaten my share of the melon in the 5 billion divorce case, I’m sorry I didn’t take a side.	I’ve followed the 5-billion divorce drama, sorry, I’m not taking sides.
B-PYA-030	PYA	94.68	94.08	-0.60	68.30	70.44	2.13	100	100	0	这就是尊贵的b站用户🤣🤣🤣	This is a valued Bilibili user🤣🤣🤣	这就是尊贵的B站用户🤣🤣🤣	This is a valued Bilibili user🤣🤣🤣	this is what being a distinguished Bilibili user looks like 🤣🤣🤣
B-PYA-031	PYA	79.84	86.75	6.90	60.00	69.68	9.68	0	0	0	王虹从垫底到菲尔兹奖，这波直接nb	Wang Hong went from the bottom to the Fields Medal – that’s a straight-up legendary move.	王虹从垫底到菲尔兹奖，这波直接牛逼	Wang Hong went from the bottom to the Fields Medal – that’s absolutely incredible/amazing/brilliant.	Wang Hong from bottom to Fields Medal, this move is just insane
B-PYA-032	PYA	95.19	98.52	3.33	67.33	82.66	15.33	0	0	0	xjj们推荐一下好用的手机呗	Could you recommend some good phones?	小姐姐们推荐一下好用的手机呗	Could you ladies recommend some good phones?	girls recommend some good phones pls
B-PYA-033	PYA	89.74	82.81	-6.93	73.28	66.48	-6.80	0	0	0	bl粉丝太能控评了	BL fans are really good at controlling the comments.	白鹿粉丝太能控评了	White Deer Fans are really good at controlling reviews.	Bai Lu fans are too good at controlling the comments
B-PYA-034	PYA	76.61	72.82	-3.79	57.58	75.90	18.32	0	0	0	会聊天的男生真的yyds	The guy who can chat is seriously yyds.	会聊天的男生真的永远的神	Talking boys are truly forever gods.	guys who can flirt are truly the GOAT
B-PYA-035	PYA	60.45	66.07	5.62	70.65	76.17	5.52	0	0	0	哈哈哈哈哈哈哈笑死，我们00真的老kpop人了	Laughing till I die, we 00 liners are seriously old K-pop fans.	哈哈哈哈哈哈哈笑死，我们2000年后出生的人真的老kpop人了	Laughing till I die, people born in 2000 are seriously old K-pop fans.	lmaooo us Gen Z are such veteran kpop fans
B-PYA-036	PYA	79.07	76.94	-2.12	65.23	68.21	2.98	0	0	0	减脂党狂喜！番茄鸡蛋燕麦粥yyds	Slimming enthusiasts are ecstatic! Tomato egg oatmeal porridge is the best (yyds)!	减脂党狂喜！番茄鸡蛋燕麦粥永远的神	Slimming enthusiasts are ecstatic! Tomato egg oatmeal is forever a god.	diet crew rejoice! tomato egg oatmeal is the GOAT
B-PYA-037	PYA	93.75	94.11	0.36	80.07	72.98	-7.09	0	0	0	jrs帮我看看这鱼竿行不行	JRS, can you take a look at this fishing rod and see if it works?	家人们帮我看看这鱼竿行不行	Hey guys, can you take a look at this fishing rod and see if it works?	fam help me check if this fishing rod is any good
B-PYA-038	PYA	76.37	87.20	10.83	55.50	77.75	22.25	0	0	0	一个会调情的男生真的YYDS	A boy who is romantic is always worthy of yearning.	一个会调情的男生真的永远的神	A guy who can flirt is truly a god.	a guy who knows how to flirt is truly the GOAT
B-PYA-039	PYA	96.91	100.00	3.09	56.30	84.14	27.85	0	100	100	bdjw这个怎么用	How do I use this?	不懂就问这个怎么用	If you don't understand, ask how this is used.	asking cuz idk how do I use this
B-PYA-040	PYA	57.64	57.73	0.08	64.46	60.55	-3.91	0	100	100	蓝盈莹第一场戏好像就是撞棺紫砂	Lynn Yeung’s first scene was like hitting a coffin with a purple clay pot.	蓝盈莹第一场戏好像就是撞棺自杀	Lynn Yeo seemed to have died in her first scene, like a staged suicide.	Lan Yingying's first scene was literally suicide by coffin smash
B-PYA-041	PYA	79.70	75.25	-4.45	61.39	69.18	7.79	0	0	0	泰奶+Gelato yyds！！！	Tai Nai + Gelato is the best forever!!!	泰奶+Gelato 永远的神！！！	Tai Nai + Gelato are gods!!!	Thai milk tea + Gelato is the GOAT!!!
B-PYA-042	PYA	91.39	94.45	3.06	60.48	69.33	8.85	0	0	0	yygq什么呢，有话直说不行吗	What’s up? Can you just say what you want to say?	阴阳怪气什么呢，有话直说不行吗	What’s with the sarcastic tone? Can’t you just say what you mean?	what are you being passive-aggressive about just say it straight
B-PYA-043	PYA	93.75	92.60	-1.15	60.62	69.17	8.56	0	0	0	zqsg追星好累	Being a fan is so exhausting.	真情实感追星好累	It’s exhausting to truly feel and express your passion for idols.	chasing idols with genuine feelings is exhausting
B-PYA-044	PYA	79.62	82.17	2.55	62.46	78.16	15.70	0	0	0	u1s1，这个视频做得真好	This video is really well done.	有一说一，这个视频做得真好	There's no doubt about it, this video is really well done.	Fr, this video slaps
B-PYA-045	PYA	66.72	66.82	0.10	53.42	59.94	6.51	0	0	0	别再吃麻辣烫！干拌麻辣拌才是yyds	Don't eat mala tang anymore! Dry-mixed mala tang is yyds.	别再吃麻辣烫！干拌麻辣拌才是永远的神	Don't eat mala tang anymore! Dry-mixed mala tang is the ultimate.	stop eating malatang! dry-mixed mala ban is the GOAT
B-PYA-046	PYA	91.80	82.68	-9.12	62.01	72.13	10.12	0	0	0	这吧里xfxy的，天天吵架	These guys in this group (or forum) are always arguing.	这吧里血风血雨的，天天吵架	This place is full of bloodshed and storms, with constant fighting.	this forum is so chaotic fighting every day smh
B-PYA-047	PYA	53.55	71.40	17.84	65.02	72.13	7.11	0	100	100	srds他还是很有实力的	He is still a very strong player.	虽然但是他还是很有实力的	Although but he is still very strong.	sthough he still got bars
B-PYA-048	PYA	84.97	81.96	-3.01	57.52	73.82	16.30	0	0	0	xswl 这都能洗？	Is this even washable?	笑死我了 这都能洗？	This is killing me! How can this even be cleaned?	lmao you can defend even this?
B-PYA-049	PYA	95.77	100.00	4.23	66.93	84.49	17.57	0	0	0	rwkk这到底是什么鱼	What exactly is this fish?	让我看看这到底是什么鱼	Let me see what kind of fish this is.	lemme see what fish is this
B-PYA-050	PYA	88.05	98.20	10.15	70.08	57.95	-12.13	0	0	0	dd我一下	Give me a hug.	滴滴我一下	Give me a tap.	hit me up
B-PYA-051	PYA	95.44	79.49	-15.95	63.71	54.91	-8.80	0	0	0	tcl，我真的太菜了	I'm so bad at this.	太菜了，我真的太菜了	It’s so bad, I’m just too bad.	I'm way too noob
B-PYA-052	PYA	73.48	73.27	-0.22	45.94	46.15	0.21	0	0	0	夏天就好这一口！！天妇罗冰锅yyds！！	Summer’s worth it! Tempura ice pot is the best forever!!	夏天就好这一口！！天妇罗冰锅永远的神！！	Summer’s worth it! Tempura ice pot is a god!!	summer vibes!! tempura ice pot is the GOAT!!
B-PYA-053	PYA	80.48	76.70	-3.78	56.80	60.25	3.45	0	0	0	xswl这弱智吧的帖子太搞笑了	This post is so stupid and hilarious.	笑死我了这弱智吧的帖子太搞笑了	This post is so hilarious/laughable/amusing – it’s making me die laughing.	lmao the posts in this dumbass forum are too funny
B-PYA-054	PYA	82.21	72.36	-9.85	41.35	41.48	0.12	0	0	0	马到成功yyds	Success from the start, legendary!	马到成功永远的神	Forever godlike success.	May you succeed effortlessly, it’s top tier!
B-PYA-055	PYA	59.31	73.60	14.29	49.00	59.40	10.40	0	0	0	这操作nb啊，大佬带带我	This operation is so complicated, can a big shot guide me?	这操作牛逼啊，大佬带带我	This operation is awesome, big shot, teach me!	this play is sick bro carry me
B-PYA-056	PYA	63.78	77.03	13.25	35.77	67.79	32.02	0	0	0	这个cp太好磕了	This couple is so easy to get into.	这个配对太好磕了	This pairing is so good together.	this ship is too good fr fr
B-PYA-057	PYA	88.52	69.92	-18.60	56.50	55.39	-1.11	0	0	0	这俩离不开浓妆美颜强凹ABC	These two are hopelessly reliant on heavy makeup and beauty filters.	这俩离不开浓妆美颜强凹American Born Chinese	These two are inseparable from heavy makeup and beauty filters, desperately trying to fit in with American Born Chinese.	these two can't go without heavy makeup + filters trying to act all ABC
B-PYA-058	PYA	89.15	66.09	-23.06	45.35	48.91	3.56	0	0	0	kdl，这对CP太甜了	That's too sweet for CP.	磕到了，这对CP太甜了	Bumps into each other, this couple is too sweet.	I'm shipping it this CP is too sweet
B-PYA-059	PYA	79.72	80.87	1.14	60.36	44.46	-15.90	0	0	0	山航yyds	Shanhang Yyds	山航永远的神	Mountain Flight is a god.	Shandong Airlines is the GOAT
B-PYA-060	PYA	63.24	75.62	12.38	39.28	42.00	2.73	0	0	0	cpf又在磕了	cpf is still kissing/making out.	CP粉又在磕了	CP粉 is hooking up again.	shippers shipping again
B-PYA-061	PYA	76.60	54.99	-21.60	34.91	34.55	-0.36	0	0	0	dddd，支持UP主！	Support streamers!	顶顶顶顶，支持UP主！	Let it rip, support the streamers!	bump bump bump bump support the creator!
B-PYA-062	PYA	91.74	77.40	-14.35	69.69	77.45	7.76	0	0	0	xswl打印机都沦没墨了	The printers have run out of ink.	笑死我了打印机都沦没墨了	I'm dying laughing! The printer is out of ink.	lmao even the printer ran out of ink
B-PYA-063	PYA	36.37	90.05	53.68	57.36	73.68	16.32	0	100	100	fs们太能打了	We're a really strong team.	粉丝们太能打了	Fans are really good at this.	fans are too cracked
B-PYA-064	PYA	96.19	91.71	-4.47	71.86	78.97	7.11	0	0	0	ssfd，这个太恐怖了	That’s too scary.	瑟瑟发抖，这个太恐怖了	Shivering uncontrollably, this is so scary.	shook this is too scary
B-PYA-065	PYA	58.71	87.80	29.09	54.22	61.54	7.31	0	100	100	bt，时常因为不够bt而觉得跟这个世界格格不入	Often feels out of sync with the world because of a lack of being “bt.”	变态，时常因为不够变态而觉得跟这个世界格格不入	It’s often because I’m not sufficiently perverse that I feel out of sync with this world.	pervert always feeling out of place cuz I'm not weird enough lol
B-PYA-066	PYA	94.38	98.04	3.67	62.46	82.93	20.47	0	0	0	这图谁发明的，xswl	Who invented this picture, damn it?	这图谁发明的，笑死我了	Who invented this picture? It's hilarious!	who invented this image lmao
B-PYA-067	PYA	61.45	68.80	7.35	53.10	63.23	10.13	0	0	0	tcl这游戏技术，菜到抠脚	This game’s technology is so bad it’s laughable.	太菜了这游戏技术，菜到抠脚	This game’s technology is so bad, it’s pathetic.	too noob this game skill noob to the extreme
B-PYA-068	PYA	91.06	88.27	-2.79	56.09	69.49	13.40	0	100	100	zqsg追了这么多年，终于更新了	After so many years, it’s finally been updated.	真情实感追了这么多年，终于更新了	Genuine feelings and true emotions have been pursued for so many years, and finally, they’ve been updated.	been following with real feelings for years finally an update
B-PYA-069	PYA	60.81	78.11	17.30	54.03	73.05	19.02	0	0	0	Xswl就说有没有美味大餐吧哈哈哈哈哈哈哈	Let's just say they were saying there wouldn't be a delicious feast, haha haha haha haha	笑死我了就说有没有美味大餐吧哈哈哈哈哈哈哈	You made me laugh so hard! Now you can talk about a delicious feast haha haha haha haha	lmao just tell me if there's a feast hahahahaha
B-PYA-070	PYA	96.63	69.78	-26.85	67.46	76.08	8.62	100	100	0	nsdd，你说得对	You are right.	你说得对，你说得对	You are right, you are right.	nsdd you're right
B-PYA-071	PYA	62.23	58.80	-3.43	50.27	68.13	17.86	0	0	0	xswl一人血书求这个短剧拍真人版	Someone is pleading for this short drama to be made into a live-action version with their blood book.	笑死我了一人血书求这个短剧拍真人版	It made me laugh to death! I’m requesting this short drama be made into a live-action version.	lmao starting a one-person petition for a live-action version
B-PYA-072	PYA	98.48	96.88	-1.59	65.44	85.12	19.69	100	100	0	szd，这个是真的	That's true.	是真的，这个是真的	That's true, this is true.	it's legit this is the real deal
B-PYA-073	PYA	95.31	48.49	-46.82	49.21	42.98	-6.23	100	0	-100	pyq，朋友圈见	See you in Moments (WeChat).	朋友圈，朋友圈见	Friends circle, friends circle to see.	see you in Moments
B-PYA-074	PYA	76.92	88.10	11.18	72.87	82.70	9.83	0	0	0	这个耳朵前后的颜色变化xswl	Color changes before and after this ear xswl	这个耳朵前后的颜色变化笑死我了	The color changes before and after that ear made me laugh to death.	the color change before and after this ear lmao
B-PYA-075	PYA	99.29	99.99	0.70	74.89	87.27	12.38	100	100	0	dbq，对不起我错了	Sorry, I was wrong.	对不起，对不起我错了	I’m sorry, I was wrong.	sry sorry I was wrong
B-PYA-076	PYA	78.59	59.07	-19.53	48.34	54.42	6.08	0	0	0	xswl皇帝的新衣	swear words emperor's new clothes	笑死我了皇帝的新衣	Laughing while I die, the emperor's new clothes.	lmao emperor's new clothes
B-PYA-077	PYA	94.49	85.49	-9.00	67.56	84.07	16.51	0	0	0	哈哈哈哈哈xswl	LOL, damn it!	哈哈哈哈哈笑死我了	I'm laughing so hard I'm dying!	hahahahaha lmao
B-PYA-078	PYA	26.94	92.90	65.96	37.90	69.50	31.60	0	0	0	真的栓Q了家人们	Seriously, let's go! (This is a slang phrase, often used humorously to express excitement or a sudden, impulsive decision.)	真的受够了家人们	Seriously fed up, everyone.	I've really had enough, guys.
B-PYA-079	PYA	95.83	45.26	-50.57	73.89	31.62	-42.27	0	0	0	8u🚪什么意思	What does that mean?	吧友们什么意思	"It’s difficult to give a perfect translation without context, but here are a few options, depending on the intended nuance:

*   What does “吧友们” mean? (Most literal and neutral)
*   What is the meaning of “吧友们”?
*   What are “吧友们” referring to? (If it’s a group or concept)"	tieba bros what does this mean
B-PYA-080	PYA	74.27	69.05	-5.22	61.50	61.04	-0.46	0	0	0	什么成分？xdm锐评。	What component? XDM sharp review.	什么成分？兄弟们锐评。	What’s the ingredient? Guys, sharp reviews.	what's their deal? bros rate.
B-PYA-081	PYA	75.87	80.03	4.17	57.59	64.67	7.08	0	100	100	氪金也能让各家fs满意	Paying with premium currency can also satisfy everyone's interests.	氪金也能让各家粉丝满意	Paying with real money can satisfy fans of all companies.	spending money can also satisfy every camp's fans
B-PYA-082	PYA	72.53	68.17	-4.36	67.67	67.03	-0.64	0	0	0	咱姐硬生生从良子嘴里抠出3w多粉丝	My older sister painstakingly scraped together over 30,000 followers from Li Yao’s mouth.	咱姐硬生生从良子嘴里抠出3万多粉丝	My older sister painstakingly scraped together over 30,000 fans from Li Yao’s mouth.	Our sis somehow pulled more than thirty thousand followers out of Liangzi.
B-PYA-083	PYA	71.06	65.28	-5.78	67.70	51.98	-15.72	0	0	0	她俩要是有cpf这都能当谈过的证据了	If they both had CPF records, that would be considered a valid point of discussion.	她俩要是有CP粉这都能当谈过的证据了	If they had a CP pairing (romantic interest), this would be considered solid evidence of a discussion.	if they had shippers this could count as dating proof
B-PYA-084	PYA	82.63	98.98	16.35	71.88	86.70	14.82	0	0	0	塔图姆NB	TatummNB	塔图姆牛逼	Tatum is awesome.	Tatum is insane.
B-PYA-085	PYA	90.73	91.01	0.28	71.90	78.28	6.38	0	0	0	想吃肉质Q弹的就买散养老公鸡	If you want something with a chewy, juicy texture, buy free-range roosters.	想吃肉质紧实弹牙的就买散养老公鸡	If you want meat that’s firm and chewy, buy free-range roosters.	if you want bouncy meat buy free-range rooster
B-PYA-086	PYA	80.69	73.54	-7.15	48.19	66.95	18.76	0	0	0	yysy，两边都看完了	Both sides are finished.	有一说一，两边都看完了	It goes without saying, both sides have finished watching.	To be honest, I watched both sides
B-MIX-001	MIX	95.13	86.20	-8.92	81.47	79.15	-2.33	100	0	-100	这首歌的hook太洗脑了，循环一天	This song’s hook is so addictive, I’ve been looping it all day.	这首歌的记忆点太洗脑了，循环一天	This song’s memory points are so addictive, I’ve been looping it all day.	this song's hook is so catchy, been looping all day
B-MIX-002	MIX	95.81	94.68	-1.13	75.53	76.06	0.54	100	0	-100	短视频前3秒就是hook，抓不住人就划走了	The first three seconds of a short video are the hook; if you don't grab someone's attention, they'll scroll past.	短视频前3秒就是吸引人的部分，抓不住人就划走了	The first three seconds of a short video are what grabs people’s attention; if you don’t capture them within that time, they’ll scroll away.	the first 3 seconds of a short video is the hook, lose them and they scroll away
B-MIX-003	MIX	99.27	99.63	0.36	79.29	83.53	4.24	100	100	0	新专辑终于drop了，等了好久	The new album finally dropped, I’ve been waiting a long time.	新专辑终于发布了，等了好久	The new album has finally been released, I’ve been waiting a long time.	the new album finally dropped, been waiting forever
B-MIX-004	MIX	95.53	95.81	0.28	80.26	82.06	1.80	100	100	0	这个品牌下周drop新款，必须抢	This brand will drop a new model next week, you must grab it quickly.	这个品牌下周推出新款，必须抢	This brand will launch a new model next week, you must grab it quickly.	this brand is dropping new styles next week, gotta grab them
B-MIX-005	MIX	91.76	93.23	1.47	75.04	77.85	2.81	100	100	0	这波clutch操作直接翻盘，太牛了	This clutch move directly won the game, so amazing!	这波关键时刻的操作直接翻盘，太牛了	This clutch play turned the game around, absolutely amazing!	this clutch play turned the game around, insane
B-MIX-006	MIX	63.19	68.16	4.97	52.38	69.26	16.88	100	0	-100	决赛最后一分钟clutch绝杀	Final minute clutch kill/win	决赛最后一分钟关键时刻绝杀	The final minute of the game, a crucial moment, a last-second victory.	clutch buzzer-beater in the final minute of the finals
B-MIX-007	MIX	99.93	100.00	0.07	82.11	85.56	3.44	100	100	0	这游戏画质也就mid水平，玩法也一般	This game’s graphics are just average, and the gameplay is pretty standard.	这游戏画质也就一般水平，玩法也一般	This game’s graphics are just average, and the gameplay is also average.	this game's graphics are just mid, gameplay is average too
B-MIX-008	MIX	89.62	79.52	-10.10	71.14	61.62	-9.52	100	100	0	这套穿搭直接slay全场	This outfit absolutely slays the whole crowd.	这套穿搭直接秒杀全场	This outfit instantly kills it on the whole scene.	this outfit slays the whole room
B-MIX-009	MIX	80.16	90.23	10.07	56.97	78.70	21.74	100	0	-100	王虹这波演讲直接slay	Wang Hong’s speech absolutely killed it.	王虹这波演讲直接秒杀全场	Wang Hong’s speech completely crushed the entire audience.	Wang Hong's speech just slayed
B-MIX-010	MIX	95.30	91.53	-3.76	84.36	79.99	-4.37	100	100	0	上班就是当NPC，每天重复同样的台词	Working is just being an NPC, repeating the same lines every day.	上班就是当非玩家角色，每天重复同样的台词	Working is just being a non-player character, repeating the same lines every day.	going to work is being an NPC, repeating the same lines every day
B-MIX-011	MIX	97.27	93.86	-3.41	84.78	74.70	-10.08	100	100	0	别当NPC了，做自己生活的主角	Don't be an NPC, be the protagonist of your own life.	别当非玩家角色了，做自己生活的主角	Don't be a background character, be the protagonist of your own life.	stop being an NPC, be the main character of your own life
B-MIX-012	MIX	73.87	89.07	15.20	62.72	76.39	13.67	0	100	100	i人沦为e人玩具，太真实了	I person became an e person’s toy, it’s so realistic.	内向者沦为外向者玩具，太真实了	Introverts turned into extrovert toys, it’s so real.	introverts becoming playthings for extroverts, too real
B-MIX-013	MIX	75.72	84.07	8.35	69.40	72.18	2.77	0	100	100	e人累了一周还要爬起来继续嗨	After a grueling week, he still had to get up and keep going.	外向的人累了一周还要爬起来继续嗨	Extroverts get exhausted for a week and still have to get up and keep going.	extroverts have been tired all week and still have to get up and keep partying
B-MIX-014	MIX	81.62	73.73	-7.89	56.25	70.25	14.00	100	0	-100	刻在骨子里的秀粉DNA瞬间苏醒	The foundation DNA ingrained in your bones instantly awakens.	刻在骨子里的秀粉基因瞬间苏醒	The blush gene, ingrained in the bone, awakened instantly.	the idol fan DNA embedded in my bones instantly awakened
B-MIX-015	MIX	99.93	95.33	-4.60	83.97	84.60	0.63	100	0	-100	POV：你是最后一个知道消息的人	POV: You are the last person to know the news.	视角：你是最后一个知道消息的人	Perspective: You are the last person to know the news.	POV: you're the last person to find out
B-MIX-016	MIX	99.37	99.01	-0.36	75.33	85.14	9.81	100	0	-100	当地人真的好chill，十一点上班六点下班	The locals are really chill; they work from 11 am to 6 pm.	当地人真的好悠闲放松，十一点上班六点下班	The locals are really relaxed and leisurely; they start work at 11 am and finish at 6 pm.	the locals are so chill, starting work at 11 and off at 6
B-MIX-017	MIX	100.00	95.51	-4.49	77.75	85.53	7.77	100	0	-100	这个视频太cringe了，看不下去	This video is so cringe, I can't watch it.	这个视频太尴尬了，看不下去	This video is so awkward, I can't watch it.	this video is too cringe, can't even watch
B-MIX-018	MIX	92.43	95.84	3.41	56.20	84.85	28.65	100	100	0	这个行为好sus，不对劲	This behavior is sus, it’s not right.	这个行为好可疑，不对劲	This behavior is suspicious and wrong.	this behavior is so sus, something's off
B-MIX-019	MIX	90.91	89.47	-1.44	64.66	83.48	18.82	100	100	0	别flex了，谁不知道你有钱	Don't flex, everyone knows you're rich.	别炫耀了，谁不知道你有钱	Don't show off, everyone knows you're rich.	stop flexing, everyone knows you're rich
B-MIX-020	MIX	99.24	99.16	-0.08	83.86	83.52	-0.35	100	100	0	这首歌被hype过头了，其实一般	This song was overhyped, it's actually pretty average.	这首歌被炒作过头了，其实一般	This song has been overhyped, it's actually pretty average.	this song got way too much hype, it's actually just average
B-MIX-021	MIX	98.61	94.37	-4.25	81.17	82.41	1.24	100	0	-100	今天又偶遇crush了，太巧了	I ran into my crush again today, what a coincidence!	今天又偶遇暗恋对象了，太巧了	I ran into my secret admirer again today, what a coincidence!	ran into my crush again today, what a coincidence
B-MIX-022	MIX	69.51	75.64	6.12	51.55	82.91	31.36	0	0	0	我ship的CP终于官宣了	My CP (romantic pairing) is finally officially announced.	我支持的情侣组合终于官宣了	The couples I support have finally been officially announced.	the ship I've been rooting for finally went official
B-MIX-023	MIX	93.54	96.63	3.09	71.26	84.67	13.41	100	0	-100	作为stan我必须说偶像这次回归太棒了	As a Stan, I have to say this comeback is amazing.	作为狂热粉我必须说偶像这次回归太棒了	As a hardcore fan, I have to say that my idol’s comeback is amazing.	as a stan I gotta say the idol's comeback is amazing
B-MIX-024	MIX	96.45	97.52	1.08	81.06	80.66	-0.40	100	100	0	期待偶像的comeback，新专辑什么时候发	Looking forward to the idol’s comeback, when is the new album coming out?	期待偶像的回归，新专辑什么时候发	Looking forward to the idol’s return, when is the new album coming out?	looking forward to the idol's comeback, when's the new album dropping
B-MIX-025	MIX	86.53	96.44	9.90	79.16	81.68	2.52	0	0	0	这也太离谱了吧我直接emo	This is so ridiculous, I'm just feeling really down.	这也太离谱了吧我直接抑郁	This is so ridiculous, I'm feeling depressed.	this is so outrageous I'm literally emo rn
B-MIX-026	MIX	87.62	85.99	-1.63	71.54	80.38	8.84	0	0	0	看到317万年终奖我直接emo了	I immediately felt a wave of negative emotions seeing a 3.17 million year-end bonus.	看到317万年终奖我直接情绪低落了	Seeing a 3.17 million year-end bonus, I immediately felt down.	Seeing the 3.17 million year-end bonus, I got all emo
B-MIX-027	MIX	78.36	87.53	9.18	56.89	69.25	12.37	0	0	0	掉san了，这个太恐怖了	It's dropped, this is so scary.	掉san值了，这个太恐怖了	My sanity has dropped, this is so terrifying.	lost my sanity this is too scary bruh
B-MIX-028	MIX	87.81	87.70	-0.11	73.48	74.07	0.58	100	100	0	王虹这波citywalk直接从北大走到菲尔兹奖	Wang Hong’s citywalk went directly from Peking University to the Fields Medal.	王虹这波城市漫步直接从北大走到菲尔兹奖	Wang Hong’s city walk directly went from Peking University to the Fields Medal.	Wang Hong's citywalk took her all the way from Peking University to the Fields Medal
B-MIX-029	MIX	90.19	92.56	2.37	56.37	76.21	19.85	0	0	0	在上海街头随性citywalk	Wandering aimlessly through the streets of Shanghai	在上海街头随性城市漫步	Wandering aimlessly through the streets of Shanghai.	casual city walk on Shanghai streets
B-MIX-030	MIX	93.03	91.66	-1.37	79.51	79.68	0.17	100	100	0	中国女排这vibe太强了，3比2逆转太燃	Chinese women's volleyball team – the vibe is so strong! The 3-2 comeback victory was so exhilarating.	中国女排这氛围太强了，3比2逆转太燃	The atmosphere with the Chinese women's volleyball team is so intense, and that 3-2 comeback was so exhilarating!	China women's volleyball's vibe is so strong, the 3-2 comeback is so inspiring
B-MIX-031	MIX	94.83	86.73	-8.10	74.23	74.81	0.59	100	0	-100	这番属于ACGN圈的经典之作了	This is a classic work from the ACGN circle.	这番属于动漫游文圈的经典之作了	This is a classic work in the anime and game literature circle.	this anime is a classic in the ACGN circle
B-MIX-032	MIX	85.45	83.48	-1.97	63.44	69.14	5.70	100	0	-100	50亿离婚案这drama程度堪比韩剧	This divorce case is drama-level comparable to a Korean drama.	50亿离婚案这戏剧性程度堪比韩剧	This divorce case, with its dramatic intensity, is like a Korean drama.	The drama level of the 5 billion divorce case rivals a Korean drama
B-MIX-033	MIX	96.49	95.61	-0.88	68.77	77.53	8.76	100	0	-100	今日OOTD分享	Today’s OOTD share	今日穿搭分享	Today’s outfit sharing	today's OOTD drop
B-MIX-034	MIX	78.44	62.84	-15.59	62.35	73.18	10.83	100	0	-100	赛里木湖这波操作太low了，景区管理丢人	Lake Seljimo is really low-class/pathetic with this move, and the scenic area management is shameful.	赛里木湖这波操作太低级了，景区管理丢人	This wave of actions at Lake Seljimo is so amateurish, the tourist area management is embarrassing.	Sarim Lake's move this time is too low-class, scenic area management is embarrassing
B-MIX-035	MIX	100.00	99.93	-0.07	79.60	83.47	3.86	100	0	-100	OMG这也太好看了	OMG, this is so amazing!	我的天这也太好看了	My god, this is so beautiful!	OMG this looks so good
B-MIX-036	MIX	90.21	89.07	-1.14	61.14	72.46	11.33	0	0	0	腾讯这波泄密事件直接social death了	This data leak incident has essentially killed Tencent's social image.	腾讯这波泄密事件直接社会性死亡了	This data leak incident has directly led to a social death for Tencent.	Tencent's leak incident this time resulted in total social suicide
B-MIX-037	MIX	96.52	93.74	-2.78	84.63	82.34	-2.29	100	0	-100	这游戏全DLC都买了，花了好几百	I bought all the DLC for this game, and it cost me several hundred dollars.	这游戏全可下载内容都买了，花了好几百	I’ve bought all the downloadable content for this game, and it cost me several hundred dollars.	bought all the DLC spent several hundred
B-MIX-038	MIX	96.13	97.01	0.88	68.80	78.80	10.00	0	0	0	显卡涨价涨成这样，简直是price离谱	The graphics card price has gone up this much, it’s completely ridiculous/absurd in terms of price.	显卡涨价涨成这样，简直是价格离谱	The graphics card price has gone up this much, it’s completely ridiculous in terms of price.	GPU prices going up this much, the price is just outrageous
B-MIX-039	MIX	99.87	87.53	-12.34	76.52	83.31	6.79	100	0	-100	这个GMV变高了	GMV has increased.	这个商品交易总额变高了	The total transaction value of this product has increased.	this GMV went up
B-MIX-040	MIX	96.77	93.69	-3.08	75.89	76.98	1.10	100	100	0	过度分享这件事真的太trigger了，边界感很重要	That thing of oversharing is really triggering, boundaries are important.	过度分享这件事真的太触发了，边界感很重要	That oversharing is really triggering, boundaries are important.	Oversharing is really triggering. Boundaries matter.
B-MIX-041	MIX	94.82	95.06	0.24	85.61	84.49	-1.13	100	100	0	这个meme太火了	This meme is so popular.	这个梗太火了	This meme is so popular.	this meme is too fire lol
B-MIX-042	MIX	86.23	86.67	0.44	74.66	71.63	-3.04	100	100	0	陈哲远在密逃里的reaction太搞笑了	Chen Zheyuan’s reaction in Misty Escape is so funny.	陈哲远在密逃里的反应太搞笑了	Chen Zheyuan’s reaction in Misty Escape was too funny.	Chen Zheyuan's reaction in the escape room show is too funny
B-MIX-043	MIX	90.80	91.61	0.80	69.51	76.50	6.99	100	0	-100	用来换做成AGI的概率	Probability of it being used to create AGI	用来换做成通用人工智能的概率	The probability of it being used to create general artificial intelligence.	probability of achieving AGI
B-MIX-044	MIX	91.78	89.35	-2.43	83.44	76.87	-6.56	100	0	-100	50亿离婚案这个level太高了，普通人理解不了	This level of 50 billion divorce cases is too high for ordinary people to understand.	50亿离婚案这个级别太高了，普通人理解不了	This is a divorce case of 5 billion – it’s just too high for ordinary people to understand.	The level of the 5 billion divorce case is too high, ordinary people can't understand
B-MIX-045	MIX	90.67	77.25	-13.42	67.80	65.65	-2.14	100	0	-100	cosplay得很好，很像	You cosplay very well, you look very much like them.	角色扮演得很好，很像	Played the role very well, very similar to.	cosplay done right looks so similar
B-MIX-046	MIX	97.87	96.42	-1.45	82.10	84.24	2.14	100	100	0	这个app一到发售就崩	This app crashes as soon as it’s released.	这个应用一到发售就崩	This app crashed as soon as it was released.	this app crashes every launch
B-MIX-047	MIX	96.25	98.84	2.59	74.77	85.42	10.65	0	0	0	这个角色太OP了	This character is too OP.	这个角色太强了	This character is too strong.	this character is way too overpowered
B-MIX-048	MIX	73.84	70.91	-2.93	63.85	60.31	-3.55	0	0	0	lpl历史上有像清算48同样力度的清算吗？	Has there ever been a liquidation like the Clearance 48, with the same level of effort?	LPL历史上有像清算48同样力度的清算吗？	Has there ever been a liquidation like the liquidation of Clearance 48, with the same effort?	has there ever been a reckoning as hard as '48' in LPL history?
B-MIX-049	MIX	89.14	84.45	-4.69	84.03	80.24	-3.79	0	0	0	加个buff，变得更强	Add a buff, become stronger.	加个增益，变得更强	Add a bonus, become stronger.	add a power-up get stronger ez
B-MIX-050	MIX	99.12	98.24	-0.88	84.85	84.56	-0.29	100	100	0	这个logo设计得好	This logo is well-designed.	这个品牌标识设计得好	This brand logo is well-designed.	this logo is well designed
B-MIX-051	MIX	83.52	88.89	5.37	58.76	79.58	20.82	100	0	-100	被nerf了，变弱了	Nerfed, weakened.	被削弱了，变弱了	Weakened, diminished	got nerfed got weaker smh
B-MIX-052	MIX	93.47	93.83	0.36	82.48	82.75	0.26	100	100	0	我刚才去打apex了	I just played Apex Legends.	我刚才去打Apex了	I just played Apex Legends.	just went to play Apex
B-MIX-053	MIX	99.62	96.34	-3.28	79.72	82.98	3.26	100	100	0	GDP十强省份变了	The top ten provinces’ GDP has changed.	国内生产总值十强省份变了	The top ten provinces contributing to China’s GDP have changed.	GDP top 10 provinces changed
B-MIX-054	MIX	96.50	87.15	-9.35	71.25	81.44	10.19	100	0	-100	GG了，完了	Game over.	完了，完了	Finished, finished.	It's game over, we're done for.
B-MIX-055	MIX	60.73	79.03	18.30	37.58	57.37	19.80	0	0	0	就是在cp里吃瓜	It's like watching melons (or gossip) in CP (couple) circles.	就是在搭档组合里吃瓜	It's like watching the drama unfold in a pairing/team combination.	just watching the drama in the ship
B-MIX-056	MIX	85.20	97.05	11.85	43.82	57.08	13.26	0	0	0	图样森破，你太天真了	That’s a naive idea.	Too young too simple，你太天真了	You’re too young and naive.	too young too simple you're too naive
B-MIX-057	MIX	96.90	97.80	0.89	87.35	85.27	-2.08	100	0	-100	这个AI太厉害了	This AI is amazing.	这个人工智能太厉害了	This artificial intelligence is really impressive.	this AI is way too OP fr
B-MIX-058	MIX	69.36	42.60	-26.76	44.62	42.51	-2.12	100	100	0	carry全场，带飞	Carry all the way, fly them away	带飞全场，带飞	Carry everyone away, carry everyone away.	carrying the whole squad what a carry
B-MIX-059	MIX	99.83	97.74	-2.09	83.02	82.75	-0.27	100	0	-100	她学的是泰语又不是IT	She studies Thai, not IT.	她学的是泰语又不是信息技术	She studies Thai, not information technology.	she studies Thai not IT
B-MIX-060	MIX	97.54	96.79	-0.75	77.58	70.14	-7.43	100	100	0	VIP通道真快	VIP channel is so fast.	贵宾通道真快	VIP channel is so fast.	VIP lane is so fast
B-MIX-061	MIX	79.95	54.20	-25.75	63.02	43.10	-19.92	0	0	0	solo一下，单挑	One-on-one challenge, single combat.	单挑一下，单挑	Just a single shot, a single shot.	solo it 1v1 me bro
B-MIX-062	MIX	98.69	100.00	1.31	80.68	85.11	4.43	0	0	0	这个PK谁赢了	Who won this PK?	这个对决谁赢了	Who won this match?	who won this duel
B-MIX-063	MIX	62.50	66.83	4.33	66.87	63.34	-3.53	100	100	0	因凡蒂诺和FIFA演都不演了，这是纯把梅西世界杯金球奖给抢劫了	Because the Valentino and FIFA events are no longer happening, it’s purely about robbing Messi’s World Cup Golden Ball.	因凡蒂诺和国际足联演都不演了，这是纯把梅西世界杯金球奖给抢劫了	Because neither Infantino nor FIFA are acting, it’s purely a robbery of Messi’s World Cup Golden Ball.	Infantino and FIFA aren't even hiding it anymore straight up robbed Messi of the World Cup Golden Ball
B-MIX-064	MIX	98.40	96.59	-1.80	82.41	84.46	2.05	100	100	0	做个SPA放松一下	Take a spa to relax.	做个水疗放松一下	Let's get a spa treatment and relax.	getting a spa to relax
B-MIX-065	MIX	94.56	90.50	-4.06	72.29	70.48	-1.81	100	0	-100	这个DJ太嗨了	This DJ is too hyped.	这个唱片骑师太嗨了	This record delivery guy is too hyped.	this DJ is too lit
B-MIX-066	MIX	87.31	88.27	0.96	68.32	75.29	6.96	0	0	0	Rush E 朗朗PK街头钢琴家	Rush E competes with a street pianist.	Rush E 朗朗对决街头钢琴家	Rush E: Lang Lang vs. Street Pianist	Rush E Lang Lang versus street pianist
B-MIX-067	MIX	70.23	79.71	9.48	75.25	71.11	-4.13	100	100	0	这动漫OP太好听了，循环播放	This anime opening is so good, I keep looping it.	这动漫片头曲太好听了，循环播放	This anime opening is so good, I keep looping it.	this anime opening slaps on loop
B-MIX-068	MIX	97.44	96.79	-0.64	83.82	84.34	0.53	100	0	-100	买个iPad记笔记	Buy an iPad to take notes.	买个平板电脑记笔记	Buy a tablet to take notes.	getting an iPad for notes
B-MIX-069	MIX	65.28	64.33	-0.95	64.66	64.60	-0.06	0	100	100	抖音的bgm怎么突然变得那么难听了到处都是想问问你敢不敢还有那天我经过一片花园	Why did the Douyin BGM suddenly become so unpleasant? Everywhere I go, I want to ask if you dare to, and on that day, I passed through a garden.	抖音的背景音乐怎么突然变得那么难听了到处都是想问问你敢不敢还有那天我经过一片花园	Why has Douyin’s background music suddenly become so unpleasant? Everywhere I look, people are asking if you dare to do it, and on that day, I passed through a garden.	why has Douyin's background music gotten so bad everywhere it's either 'I Want to Ask If You Dare' or 'That Day I Passed a Garden'
B-MIX-070	MIX	98.47	98.97	0.50	83.60	81.39	-2.21	0	0	0	这个PPT做得好	This PPT is well done.	这个演示文稿做得好	This presentation is well done.	this PowerPoint is well made
B-MIX-071	MIX	47.34	27.57	-19.77	46.02	44.50	-1.52	0	0	0	法法这期ooc了吧	Is that a Law-Law OOC this time?	法法这期脱离扮演角色了吧	That Law period must be playing a role-playing game.	Fafa was so out of character this episode bruh
B-MIX-072	MIX	96.86	93.60	-3.26	68.42	74.51	6.09	100	100	0	3.5h通关	3.5 hours to beat the game	3.5小时通关	3.5 hours to clear customs/immigration	beat the game in 3.5 hours
B-MIX-073	MIX	86.19	95.88	9.69	66.35	66.82	0.47	0	0	0	这个ins风好看	This Ins aesthetic is good.	这个网红风好看	This influencer style is cute.	this Instagram aesthetic looks good
B-MIX-074	MIX	81.83	92.01	10.17	68.08	81.80	13.72	0	0	0	我的文化水平belike	My cultural level is like...	我的文化水平就像这样	My cultural level is like this.	my education level be like lmao
B-MIX-075	MIX	94.88	95.87	1.00	82.00	83.88	1.88	100	100	0	来杯matcha	Get a matcha latte.	来杯抹茶	Get a matcha latte.	a cup of matcha
B-MIX-076	MIX	97.41	97.56	0.14	81.03	83.93	2.90	0	0	0	店员花一秒钟get到你的意思了	The salesperson understood your meaning in a second.	店员花一秒钟理解到你的意思了	The salesperson understood your meaning in a second.	the clerk took one second to get your meaning
B-MIX-077	MIX	99.10	95.73	-3.36	83.61	75.61	-7.99	100	0	-100	这个vlog拍得好	This vlog was filmed well.	这个视频博客拍得好	This video blog is filmed well.	this vlog is well shot
B-MIX-078	MIX	90.33	89.92	-0.41	62.96	57.76	-5.21	0	0	0	学习上problem不能发作	The problem with learning shouldn't manifest/occur.	学习上问题不能发作	There are problems with learning that shouldn't manifest/surface.	can't let the issue flare up during studying
B-MIX-079	MIX	74.72	94.26	19.54	72.25	79.04	6.78	0	0	0	好久没有笑的这么开心了，必须收藏起来emo了再看	It’s been a long time since I’ve laughed this hard, I have to save this to look at it later and feel emo.	好久没有笑的这么开心了，必须收藏起来抑郁了再看	It’s been a long time since I’ve laughed this hard, I have to save it to look at it when I’m depressed.	haven't laughed this hard in ages saving it to watch when I'm feeling down fr
B-MIX-080	MIX	94.85	88.07	-6.79	79.81	79.90	0.09	0	0	0	cult导演后悔道剧组没有你	The director regrets that you weren’t part of the crew.	邪典导演后悔道剧组没有你	The eccentric director regrets that you weren’t part of the crew.	cult director regrets not having you on set
B-MIX-081	MIX	62.61	65.17	2.55	63.77	65.46	1.68	0	0	0	从技术舞美上讲是挺牛，但从意识上讲buff快叠满了	Technically, the stage design is really impressive, but from a conceptual standpoint, the buffs are stacking up too quickly.	从技术舞美上讲是挺牛，但从意识上讲增益快叠满了	Technically, it’s really impressive, but conceptually, the gains are stacking up too quickly.	technically the stage design is pretty sick but ideologically the power-ups are almost fully stacked
B-MIX-082	MIX	73.41	58.97	-14.44	71.14	76.28	5.14	100	100	0	上了初中就开始恶化了，甚至游戏也会拖一会儿再启动，作业拖到ddl就算是期末周也学不进去	It started deteriorating from middle school and even games would take a while to load before launching. Assignments were delayed until the deadline, and even during exam week, I couldn't focus on studying.	上了初中就开始恶化了，甚至游戏也会拖一会儿再启动，作业拖到截止日期就算是期末周也学不进去	It started deteriorating from middle school and even games would take a while to load before launching. If homework was delayed until the deadline, it wouldn’t even be possible to focus on studying during the final week.	middle school hit different even games I delay homework till deadline even in finals week can't focus smh
B-MIX-083	MIX	76.91	80.82	3.91	70.52	60.57	-9.95	0	100	100	ddl就在眼前了还在摆烂	DDL is right in front of us, still messing around.	截止日期就在眼前了还在摆烂	The deadline is right around the corner, and I’m just giving up.	deadline is right there and you're still slacking
B-MIX-084	MIX	97.35	75.31	-22.04	81.39	79.49	-1.90	100	0	-100	asmr助眠真的有用吗	Does ASMR sleep help really work?	自发性知觉经络反应助眠真的有用吗	Does spontaneous awareness of meridians really help with sleep?	does ASMR for sleep actually work
B-MIX-085	MIX	54.46	69.98	15.52	32.80	59.60	26.80	100	0	-100	超mean老奶一般是英语老师	"That's a really vulgar and offensive phrase in Chinese. A reasonable translation, while acknowledging the harshness, would be:

“Chinese English teachers are generally pretty rough/basic.”

**Important Note:** This translation is provided solely to fulfill the request for a translation. The original Chinese phrase is highly derogatory and should not be used or repeated."	超刻薄老奶一般是英语老师	Basically, these thin-skinned old guys are usually English teachers.	Super mean old ladies are usually English teachers
B-MIX-086	MIX	92.19	95.48	3.29	58.03	79.52	21.49	0	0	0	绝对音感的正确用法belike	Absolute pitch (also known as perfect pitch) – proper usage	绝对音感的正确用法是这样	The correct way to use absolute pitch is as follows.	The correct usage of absolute pitch be like
B-HOM-096	HOM	83.14	83.55	0.40	67.68	71.30	3.62	0	100	100	孩好像真的很困了，但是一直被麻麻薅过来薅过去配合拍视频	He seems really tired, but he’s constantly being pulled this way and that by Mama to cooperate with taking videos.	孩好像真的很困了，但是一直被妈妈薅过来薅过去配合拍视频	He seems really tired, but he was constantly being pulled this way and that by his mom to cooperate with taking videos.	the kid really seems sleepy, but keeps getting dragged back and forth by mom to pose for the video
B-HOM-097	HOM	78.54	97.46	18.92	45.56	64.79	19.24	0	0	0	哈哈哈哈哈，不好意思哈哈哈哈哈没崩住	Haha, sorry, haha, still working!	哈哈哈哈哈，不好意思哈哈哈哈哈没绷住	Haha, sorry, I couldn't help myself haha!	hahaha, sorry hahaha I couldn't hold it together
B-HOM-098	HOM	95.89	93.09	-2.80	81.71	80.05	-1.66	100	0	-100	淦，忘记原版了，有谁能补一下？	Damn, I’ve forgotten the original version, can anyone fill me in?	干，忘记原版了，有谁能补一下？	Hey, I forgot the original version, can anyone fill me in?	damn, I forgot the original, can anyone fill it in?
B-HOM-099	HOM	73.32	59.72	-13.60	41.99	47.35	5.37	0	0	0	你们要是给我炮儿玩似了我看什么啊	If you play with me like that, I’ll watch whatever you want.	你们要是给我炮儿玩死了我看什么啊	What do you think you’re looking at if you play with me like that?	if you guys play my Pao'er to death, what am I supposed to watch?
B-PYA-087	PYA	86.03	88.45	2.42	75.46	77.31	1.86	0	0	0	快别TM说了，抓紧睡半个钟头，不然去早餐店要迟到了	Don't say another word, get some sleep for half an hour, or you'll be late for breakfast.	快别他妈说了，抓紧睡半个钟头，不然去早餐店要迟到了	Don't say another word, just sleep for half an hour, or you'll be late for breakfast.	stop freaking talking and grab half an hour of sleep, or you'll be late for the breakfast shop
B-NEO-087	NEO	96.04	82.69	-13.35	80.88	82.58	1.70	0	0	0	某种意义上来看他也是个神人	In a way, he's a god among mortals.	某种意义上来看他也是个行为离谱的人	In a certain sense, he’s also a remarkably reckless person.	in a certain sense he's also an absolute character
B-NEO-088	NEO	74.70	72.01	-2.69	68.30	58.18	-10.12	0	0	0	我都不知道出新图了，作业自己跑我脸上了	I have no idea why a new image was assigned, and the homework just landed on me unexpectedly.	我都不知道出新图了，攻略自己跑我脸上了	I have no idea a new picture was released, it just randomly appeared on my profile.	I didn't even know a new stage was out, and the guide just ran right into my face
B-NEO-089	NEO	82.27	98.54	16.27	48.49	70.94	22.45	0	0	0	无论从哪个层面来看，都是吊炸了	It’s absolutely insane/wild/amazing.	无论从哪个层面来看，都是厉害极了	That's incredibly impressive.	no matter how you look at it, it's insanely awesome
B-NEO-090	NEO	68.86	93.02	24.17	55.54	76.09	20.56	0	100	100	应该是的，不然怎么会气到把国粹给说出来了	That should be the case, otherwise how could he have let his anger bring out the national pastime?	应该是的，不然怎么会气到把脏话给说出来了	That should be the case, otherwise how could he have blurted out such swear words?	must be, otherwise how would he get so angry that the swear words came out
B-NEO-091	NEO	65.01	77.98	12.98	69.71	78.47	8.76	0	0	0	说个冷知识，来俊臣的父亲名叫来操，是个挺生草的名字	Let me share a little trivia: Lai Runchen’s father was named Lai Chao, a rather rough-sounding name.	说个冷知识，来俊臣的父亲名叫来操，是个挺搞笑的名字	Let me share a fun fact: Lai Runchen’s father was named Lai Chao, and it’s a pretty funny name.	fun fact: Lai Junchen's father was named Lai Cao, which is a pretty hilarious name
B-NEO-092	NEO	63.01	71.12	8.11	50.12	65.61	15.48	100	100	0	他不是好了，而是知道自己要凉了	He’s not injured, but he knows he’s about to be done for.	他不是好了，而是知道自己要完蛋了	He isn't healed, but he knows he's about to be finished/destroyed.	he's not better, he just knows he's done for
B-NEO-093	NEO	68.42	84.13	15.71	58.77	62.53	3.76	0	0	0	置顶评论官方链接是淘宝就知道成分了	The official link for the top comment is revealing what Taobao is really like.	置顶评论官方链接是淘宝就知道背景了	The official comment link is on Taobao, you can find the background there.	the pinned official link is Taobao, that alone tells you what they're really about
B-NEO-094	NEO	74.33	92.30	17.97	77.47	81.61	4.14	0	100	100	逆天。。我现在开车老走错路	That's incredible... I've been getting lost driving lately.	离谱。。我现在开车老走错路	That's outrageous... I keep getting lost while driving.	wild… I keep taking wrong turns when driving now
B-MIX-087	MIX	24.92	56.96	32.04	36.07	49.65	13.58	0	0	0	发现没火的作者belike	"It seems like you're referencing a meme. The translation, considering the context, is:

""Did you see the author who isn't on fire?"""	发现没火的作者就是这样	It seems like the author who isn't burning up is just like this.	discovering an underrated creator be like
B-MIX-088	MIX	86.78	85.18	-1.60	78.87	78.27	-0.60	0	100	100	第一次尝试做这么长的动画 感觉k帧速度有所提升绝宝二周年快乐!	This was my first attempt at making such a long animation, and I feel the frame rate has improved. Happy 2nd Anniversary, Bao!	第一次尝试做这么长的动画 感觉打关键帧速度有所提升绝宝二周年快乐!	This was my first attempt at making such a long animation, and I feel like my keyframe timing has improved. Happy 2nd Anniversary, Bao!	first time making such a long animation, my keyframing speed has improved — happy 2nd anniversary Juebao!
B-MIX-089	MIX	95.28	94.40	-0.88	81.23	81.91	0.68	100	100	0	或许它真的是福利最好的fps	Perhaps it really is the FPS with the best perks.	或许它真的是福利最好的第一人称射击游戏	Perhaps it really is the best first-person shooter game in terms of benefits.	maybe it really is the FPS with the best freebies
B-MIX-090	MIX	84.47	85.81	1.34	71.55	69.25	-2.30	0	100	100	杨博文四代唯一C位队长	Yang Bowen is the only C position captain for four generations.	杨博文四代唯一中心位队长	Yang Bowen, the only four-generation central position captain.	Yang Bowen, Gen 4's only center-position captain
B-HOM-100	NEO	54.01	63.76	9.75	65.96	68.88	2.92	100	0	-100	明显，队友大概率寄了，和上司有关，但扳机似乎记忆出现问题，咬死队友还活着，变相保护了上司，所以被上司放了	It’s obvious that my teammates are likely dead, and it’s related to my boss. However, the trigger seems to be experiencing memory issues, falsely believing my teammates are still alive, and indirectly protecting my boss, so he let me go.	明显，队友大概率死了，和上司有关，但扳机似乎记忆出现问题，咬死队友还活着，变相保护了上司，所以被上司放了	It’s obvious that the teammate likely died, and it’s related to the superior. However, the trigger seems to have memory issues, indicating it falsely believed the teammate was still alive, effectively protecting the superior, so the superior let them go.	clearly the teammate is most likely dead and the boss is involved, but Trigger's memory seems broken — she insists the teammate is alive, which indirectly shielded the boss, so the boss let her go
B-HOM-101	HOM	70.15	69.52	-0.64	75.28	80.19	4.90	0	100	100	怪兽：我已经破坏掉了你所有能获取光的办法，看你还怎么变身 迪迦：你钱包的钱还有多少？ 怪兽：全花光了 迪迦：恰！	"Monster: I’ve destroyed all the ways you can get light, see how you’ll transform now.
Diga: How much money do you have in your wallet?
Monster: It’s all gone.
Diga: Just right!"	怪兽：我已经破坏掉了你所有能获取光的办法，看你还怎么变身 迪迦：你钱包的钱还有多少？ 怪兽：全花光了 迪迦：吃！	"Monster: I’ve destroyed all the ways you can get light, so see how you transform now.
Diga: How much money do you have in your wallet?
Monster: It’s all gone.
Diga: Eat!"	Monster: I've destroyed every way you could gather light, let's see you transform now. Tiga: How much money is left in your wallet? Monster: All spent. Tiga: Nom!
B-HOM-102	HOM	72.45	81.86	9.41	60.89	78.74	17.85	0	100	100	人定不了天，一切的一切还是按照历史轨迹走，我记得是三段历史走向，猪脚心累了	People can’t change fate, everything will still follow the historical trajectory. I remember there were three historical paths – it’s exhausting to be a hero’s heart.	人定不了天，一切的一切还是按照历史轨迹走，我记得是三段历史走向，主角心累了	Human destiny is unchangeable, everything will still follow the historical trajectory. I remember there were three historical paths, and the protagonist was exhausted.	man can't defy heaven, everything still follows the track of history — I remember there were three historical branches, and the protagonist is exhausted
B-HOM-103	HOM	82.02	85.28	3.26	66.65	67.60	0.95	0	0	0	笑成猪头最好笑是因为！！！我本来就觉得很好笑哈哈哈，看到这个蚌不住了！！！	It’s the funniest because!!! I already found it hilarious haha, I couldn’t help but burst out laughing!!!	笑成猪头最好笑是因为！！！我本来就觉得很好笑哈哈哈，看到这个绷不住了！！！	It’s the funniest because!!! I already found it hilarious haha, I couldn’t help but burst out laughing!!!	the pig-head laugh is the funniest because!!! I already found it hilarious hahaha, and seeing this I just lost it!!!
B-HOM-104	HOM	83.55	64.94	-18.61	72.18	73.62	1.44	0	100	100	真旅行青蛙！  去哪了 会给麻麻带明信片回来  真好	“Wow, what a cool frog! Where did he go? He’ll bring me a postcard back. That’s great!”	真旅行青蛙！  去哪了 会给妈妈带明信片回来  真好	“Wow, what a cool frog! Where did it go? I’ll bring a postcard back for Mom. How wonderful!”	a real Travel Frog! wherever it goes, it brings postcards back for mom — so sweet
B-HOM-105	HOM	89.32	88.60	-0.72	71.72	70.79	-0.93	100	100	0	兄dei，这么好的猪 你舍得一次性吃完吗（于谦声）	Brother, such a good pig, are you really going to eat it all at once? (Yu Qian's voice)	兄弟，这么好的猪 你舍得一次性吃完吗（于谦声）	Brothers, such a good pig, are you going to eat it all at once? (Yu Qian’s voice)	bro, such a fine pig — could you really bear to eat it all in one go? (in Yu Qian's voice)
B-HOM-106	NEO	51.43	66.04	14.60	71.33	68.15	-3.18	0	100	100	这高达味怎么这么重啊，真的是百合拯救了萝卜？	This intense flavor—how strong is it? Is it really lilies that saved the radish?	这高达味怎么这么重啊，真的是百合拯救了机器人？	This intense flavor—how strong is it? Is it really lilies that saved the robot?	why does this feel so much like Gundam — did yuri really save the mecha genre?
B-HOM-107	HOM	88.84	87.45	-1.38	77.87	73.76	-4.11	100	0	-100	淦，为什么要让我凌晨刷到，睡不着觉了()	Damn, why did they make me finish it at 3 AM? I can't sleep!	干，为什么要让我凌晨刷到，睡不着觉了()	Seriously, why did you make me finish it at 3 AM? I can't sleep now!	damn, why did I have to scroll onto this in the middle of the night, now I can't sleep ()
B-HOM-108	HOM	92.86	93.36	0.50	74.21	85.77	11.56	0	0	0	免责声明，此为系统自动播放，与我无瓜	Disclaimer: This is an automated playback and is not from me.	免责声明，此为系统自动播放，与我无关	Disclaimer: This is an automated playback and is not affiliated with me.	disclaimer: this was autoplayed by the system, nothing to do with me
B-HOM-109	HOM	83.14	86.10	2.96	46.80	71.35	24.55	100	100	0	又第一了 带领兄弟萌再冲一次～～～～	Once again, lead the brothers to charge!	又第一了 带领兄弟们再冲一次～～～～	Again, number one! Lead your brothers to charge again!～～～～	number one again — leading the bros for one more charge~~~~
B-HOM-110	HOM	28.69	69.10	40.42	40.24	49.30	9.06	0	0	0	预计会火，火钳刘明	Expected to be a hit, like a hot poker wielded by Liu Ming.	预计会火，火前留名	Expected to be popular, leave a mark before it burns out.	this is going to blow up, leaving my name here before it does
B-HOM-111	HOM	68.45	73.27	4.82	60.96	74.91	13.95	0	0	0	扳机歪了，前来还怨	The trigger is misaligned, come to return and complain.	扳机歪了，前来还愿	The trigger is misaligned, I’m here to seek forgiveness.	my pull for Trigger went off-banner — here to repay my vow
B-HOM-112	HOM	95.91	96.21	0.30	75.76	81.24	5.48	0	0	0	梅森：这我可太熟辣！	Mason: I know that really well!	梅森：这我可太熟啦！	Mason: I know that really well!	Mason: now this I know all too well!
B-HOM-114	HOM	84.69	78.60	-6.09	76.69	77.29	0.60	0	0	0	我不行了我笑得要噶了	I can't, I'm going to burst out laughing!	我不行了我笑得要挂了	I can't do that, I'd burst out laughing.	I can't take it, I'm about to die laughing
B-HOM-115	HOM	66.09	93.96	27.87	73.05	84.49	11.44	0	0	0	活到老学到老,似了也要学习	Live until you’re old and learn until you’re old; it’s like you’d still want to learn even if you were already old.	活到老学到老,死了也要学习	Live and learn until you die, and you should still learn even after death.	live and learn — keep studying even when you're dead
B-HOM-116	HOM	67.23	77.79	10.56	61.79	52.40	-9.39	0	0	0	太好辣，是拐杖星人，我们没救了	It’s too spicy, it’s aliens with canes, we’re doomed.	太好啦，是拐杖星人，我们没救了	That’s great, we’re Martians, we’re doomed.	oh great, it's the crutch alien, we're doomed
B-HOM-117	HOM	70.39	83.78	13.39	58.29	63.99	5.70	0	0	0	老八胃大，无需多盐	Old eight stomach big, no need to add more salt.	老八胃大，无需多言	Big appetite, no need to say more.	Laoba has a big stomach — no more words needed
B-HOM-118	HOM	96.79	99.59	2.80	60.55	84.92	24.36	0	100	100	雾草这幕太美了	Wow, this scene is so beautiful!	卧槽这幕太美了	Damn, this scene is so beautiful!	holy crap this scene is gorgeous
B-HOM-119	NEO	85.39	100.00	14.61	66.62	85.86	19.24	0	100	100	欧内该，我什么都愿意做	"Okay, here's the translation:

Okay, I’ll do anything."	拜托了，我什么都愿意做	Please, I’m willing to do anything.	please, I'll do anything
B-HOM-120	HOM	98.72	98.66	-0.06	72.64	75.69	3.05	100	100	0	果然混元是个妹纸	Turns out Hunyuan is a girl.	果然混元是个妹子	Turns out Hunyuan is a girl.	so Hunyuan really is a girl after all
B-HOM-121	HOM	75.08	89.39	14.30	54.61	61.04	6.43	0	0	0	年轻人不讲武德！耗子尾汁	Young people have no manners! Empty boasting.	年轻人不讲武德！好自为之	Young people have no manners! Too bad for you.	young people have no martial virtue! you'd better behave yourselves
B-HOM-122	HOM	63.14	74.19	11.05	44.87	67.65	22.78	0	0	0	官方踏马自黑，这下别人黑不了了	The official is mercilessly tearing them apart – now no one can come after them.	官方他妈自黑，这下别人黑不了了	The official is self-deprecating himself, and now no one else can criticize them.	the officials are freaking roasting themselves, now nobody else can roast them
B-HOM-123	HOM	93.68	94.28	0.61	61.86	75.55	13.69	100	0	-100	这俩老男人的沙雕人生	These two old men’s ridiculous lives	这俩老男人的傻屌人生	These two old men’s stupid, worthless lives.	the goofball life of these two old guys
B-HOM-124	HOM	75.68	96.39	20.70	53.24	82.51	29.27	100	100	0	被天使蚊过的嗓子	A throat hoarse from being kissed by angel bees.	被天使吻过的嗓子	A voice kissed by an angel	a voice kissed by an angel
B-HOM-125	HOM	97.88	98.65	0.77	61.27	80.52	19.26	100	100	0	上一个视频就是不讲内个	The previous video didn't explain that at all.	上一个视频就是不讲那个	The previous video didn't talk about that.	the last video just wouldn't talk about that
B-HOM-127	HOM	88.45	92.50	4.05	66.58	41.45	-25.13	0	0	0	可以四了这游戏	Let's finish this game.	可以死了这游戏	This game is unplayable.	this game can just die already
B-HOM-128	HOM	90.08	93.23	3.15	48.36	75.53	27.17	100	100	0	全体欣赏阴乐	Appreciate the dark music.	全体欣赏音乐	Enjoy music overall.	everyone, enjoy the music
B-HOM-129	HOM	62.33	52.58	-9.75	60.22	47.03	-13.19	0	0	0	锁呐区甲亢哥	Locknah area hyperthyroid guy	唢呐区甲亢哥	Trumpeting hyperthyroid guy	suona-section Speed
B-HOM-130	HOM	83.07	93.07	10.00	61.13	70.80	9.68	0	100	100	哎你怎么似了	How are you looking?	哎你怎么死了	Are you dead?	hey, how come you died
B-HOM-131	HOM	77.15	91.12	13.97	63.41	75.29	11.88	0	100	100	密码的，很久没笑得这么无语了	This password is making me laugh so ridiculously, it’s been a long time since I’ve laughed like this.	妈的，很久没笑得这么无语了	Damn it, I haven't laughed this ridiculously funny in a long time.	damn, it's been ages since I laughed this speechlessly
B-PYA-088	PYA	93.66	93.09	-0.57	78.46	78.30	-0.16	0	0	0	不是，我TM哪来的教材，你在逗我呢	No way, where did I even get the textbook? You're messing with me!	不是，我他妈哪来的教材，你在逗我呢	No way, where did I even get the textbook? You're messing with me.	wait, where the hell would I get a textbook, are you kidding me
B-PYA-089	PYA	94.09	94.62	0.53	74.12	83.19	9.07	0	100	100	md，这军方也这么乱，难怪市民们这么乐观，哈哈	This military is also a mess, no wonder the citizens are so optimistic, haha.	妈的，这军方也这么乱，难怪市民们这么乐观，哈哈	Damn it, this military is such a mess, no wonder the citizens are so optimistic, haha.	damn, even the military is this chaotic, no wonder the citizens are so optimistic, haha
B-PYA-090	PYA	90.06	91.70	1.64	73.13	73.18	0.06	0	0	0	wc我想要高斯裤子的链接，真的好帅	I want the link to Gauss's underwear, it's so handsome.	卧槽我想要高斯裤子的链接，真的好帅	Damn, I want the link to Gauss's underwear, it's so hot!	whoa I want the link to Gauss's pants, they look so cool
B-PYA-091	PYA	82.98	94.04	11.05	48.29	79.43	31.14	0	0	0	WC，这都能被发现啊	This can all be found, too.	卧槽，这都能被发现啊	Damn it, this was actually detected!	whoa, even this got noticed
B-PYA-092	PYA	93.96	100.00	6.04	66.97	85.05	18.07	0	0	0	woc太萌了	That girl is so cute!	卧槽太萌了	Wow, that's so cute!	omg so cute
B-PYA-093	PYA	76.52	58.82	-17.70	61.95	47.81	-14.14	0	0	0	dbq小啵有点像触电了	dbq Xiao Bo seems like he got shocked/electrocuted a little.	对不起小啵有点像触电了	I felt a little shock like being zapped, little啵.	sorry but Xiaobo kind of looks electrocuted
B-PYA-094	PYA	95.95	96.90	0.95	70.40	83.40	13.00	0	0	0	无线能源是基于无线水的原理吗？(bushi)	Is wireless energy based on the principle of wireless water?	无线能源是基于无线水的原理吗？(不是)	Is wireless energy based on the principle of wireless water? (No)	is wireless energy based on the principle of wireless water? (jk)
B-PYA-095	PYA	96.67	92.26	-4.41	73.67	72.48	-1.18	0	0	0	光明，赐予我力量（bushi）	Light, grant me strength.	光明，赐予我力量（不是）	Light, grant me strength (but not).	light, grant me power (jk)
B-PYA-096	PYA	90.52	91.98	1.46	81.58	82.64	1.06	0	100	100	这么说我才发现字幕不是视频自带的hhhh	That’s how I realized the subtitles weren’t built-in to the video, hhhhh	这么说我才发现字幕不是视频自带的哈哈哈哈	That’s how I realized the subtitles weren’t built-in to the video haha haha!	now that you mention it, I just realized the subtitles aren't part of the video hahaha
B-PYA-097	PYA	92.30	89.49	-2.81	74.91	76.84	1.93	0	100	100	完了疑似吉米被吓疯了hh	It seems like Jimmy went completely crazy from fear hh	完了疑似吉米被吓疯了哈哈	Jimmy seems to have completely panicked from the shock, haha.	uh oh, Jimmy seems scared out of his mind haha
B-PYA-098	PYA	90.25	93.54	3.30	78.19	79.00	0.81	0	100	100	看清楚材质吧，pdd很多都是聚酯纤维，你问客服没几个敢说是纯棉的	Take a good look at the material; a lot of the products on PDD are polyester, and when you ask the customer service, not many are willing to say they're 100% cotton.	看清楚材质吧，拼多多很多都是聚酯纤维，你问客服没几个敢说是纯棉的	Take a close look at the material; a lot of things on Pinduoduo are polyester, and when you ask the customer service, not many are willing to say they're 100% cotton.	check the fabric carefully — a lot of stuff on Pinduoduo is polyester, and few customer-service reps dare claim it's pure cotton
B-PYA-099	PYA	62.07	72.25	10.18	63.15	67.52	4.36	0	0	0	27W收藏4W点赞服了不提醒还不知道........	Wow, 27W collected and 4W liked, I'm impressed. It's surprising they didn't remind me and I didn't even know it existed...	27万收藏4万点赞服了不提醒还不知道........	270,000 collections, 40,000 likes, I'm impressed that no reminder was sent, and I didn't even know...	270k saves and 40k likes, unbelievable — I wouldn't even have known without the reminder……
B-PYA-100	PYA	88.20	92.20	4.01	79.80	78.28	-1.51	0	0	0	20w收藏3w点赞	20w likes, 3w shares	20万收藏3万点赞	200,000 collections, 30,000 likes.	200k saves, 30k likes
B-PYA-101	PYA	70.99	88.18	17.19	74.88	78.02	3.13	0	0	0	啊？60w围攻45w的城，对方还以骑兵为主？？！	What?! A 60W attacking a 45W city, and the enemy is still primarily cavalry?!	啊？60万围攻45万的城，对方还以骑兵为主？？！	What?! A city of 450,000 defenders being besieged by an army of 600,000, and they’re still relying primarily on cavalry?!	what? 600k besieging a city of 450k, and the enemy is mostly cavalry??!
B-PYA-102	PYA	71.40	77.77	6.37	58.81	66.74	7.93	100	100	0	“义人，就是ta，欺负我。”	A good person, that’s him, is bullying me.	“义人，就是他，欺负我。”	A good person, that’s him, bullying me.	Righteous one, it was them — they bullied me.
B-PYA-103	PYA	58.67	97.28	38.61	43.51	72.39	28.88	0	0	0	好装好假好ex	Good act, good fake, good ex	好装好假好恶心	It's so fake, so pretentious, and so annoying.	so pretentious, so fake, so gross
B-PYA-104	PYA	74.73	79.98	5.25	57.14	64.87	7.73	0	0	0	死yxh滚远点	Get lost, you dead bastard.	死营销号滚远点	Go away, dead influencers.	damn clickbait accounts, get lost
B-PYA-106	PYA	90.90	83.02	-7.88	67.78	71.24	3.47	0	0	0	牛啊，我怎么幻听出歌词了(bushi)	Wow, how am I hearing the lyrics out of nowhere?	牛啊，我怎么幻听出歌词了(不是)	Wow, how am I hearing lyrics out of nowhere (not)?	impressive — why am I hallucinating lyrics out of this (jk)
B-PYA-107	PYA	78.89	79.81	0.92	71.36	72.26	0.90	0	0	0	心灵感应原版就是致敬火花hhh	The original version of Soul Induction is a tribute to Sparks, haha.	心灵感应原版就是致敬火花哈哈哈	The original version of Soul Induction is a tribute to Sparks, haha.	the original Telepathy really is a homage to Spark hahaha
B-PYA-108	PYA	90.06	91.22	1.16	58.09	59.68	1.59	0	0	0	woc瞬间高清修补版	Instant HD repair version	卧槽瞬间高清修补版	Wow, instant high-definition restored version	whoa, instantly the HD restored version
B-NEO-096	NEO	84.48	81.33	-3.15	79.90	82.17	2.26	0	0	0	泪目，我一直不知道自己想做什么，感觉选择的大都错了，已经索性不想选择了...糟糕啊...	Tears welling up in my eyes, I’ve never really known what I wanted to do, and I’ve felt like almost all of my choices were wrong. I’ve simply stopped trying to choose… This is awful…	眼泛泪光，我一直不知道自己想做什么，感觉选择的大都错了，已经索性不想选择了...糟糕啊...	Tears welled up in my eyes, and I never really knew what I wanted to do. I felt like I’d made almost all the wrong choices, and I simply didn’t want to choose anymore… awful…	tearing up — I've never known what I want to do, feels like most of my choices were wrong, and now I've simply stopped choosing… this is bad…
B-NEO-097	NEO	81.47	79.71	-1.76	69.34	68.36	-0.98	0	0	0	10后，上一次看是三年前了，但是也泪目了	Ten generations after graduating, the last time I watched it was three years ago, but it still made me cry.	10后，上一次看是三年前了，但是也落泪了	Ten generations after graduating, the last time I watched it was three years ago, but I also shed tears.	born after 2010 — last watched this three years ago, but it still made me tear up
B-NEO-098	NEO	85.10	90.36	5.25	73.30	77.35	4.05	0	0	0	虽然整个乐队前期像拼好队一样，但是结局随着独角兽的回归写的还是不错的	Although the band sounded like a well-assembled team in the beginning, the ending, despite the unicorn's return, was still pretty good.	虽然整个乐队前期像拼凑起来的队伍一样，但是结局随着独角兽的回归写的还是不错的	Although the band initially felt like a cobbled-together team, the ending, with the unicorn's return, was still pretty good.	even though the band felt like a thrown-together group-buy squad early on, the ending with the unicorn's return was written pretty well
B-NEO-099	NEO	75.49	86.68	11.20	68.86	70.79	1.94	0	0	0	“苏新皓你好的太突出”这句话的含金量还在上升	“Su Xinhao’s greeting is exceptionally outstanding,” and its value is still rising.	“苏新皓你好的太突出”这句话的价值还在提升	“Su Xinhao, your greeting is exceptionally outstanding.” The value of this sentence is still increasing.	"the line ""Su Xinhao, your hello is too striking"" keeps proving truer and truer"
B-NEO-100	NEO	80.18	85.03	4.85	66.67	63.80	-2.87	0	0	0	扎格列斯之手的含金量还在上升！	The value of Zales's Hand is still rising!	扎格列斯之手的价值还在提升！	The value of Zales’s Hand is still rising!	the Hand of Zagreus keeps proving its worth!
B-NEO-101	NEO	51.89	56.69	4.80	50.61	67.68	17.07	0	0	0	红温了，把打野怪爆的装备给炸了，你好歹拿一些吧	Red is down, so destroy the equipment he got from killing the jungler, please at least give me some.	气急了，把打野怪爆的装备给炸了，你好歹拿一些吧	I'm getting angry, so let's just blow up the equipment we got from killing the jungler. Please at least take some of it.	he's fuming — blew up the gear dropped from jungle monsters, at least take some of it, man
B-NEO-102	NEO	83.28	74.80	-8.48	69.86	72.32	2.46	0	0	0	反派看到了硬控他的回忆……	The villain saw the system controlling his memories…	反派看到了完全控制住他的回忆……	The villain saw that he was completely controlling his memories…	the villain saw the memories that completely transfixed him……
B-NEO-103	NEO	92.02	94.18	2.16	74.78	73.08	-1.70	0	0	0	我还以为是9.9元拼好饭呢	I thought it was a 9.9 yuan pre-made meal.	我还以为是9.9元拼单买的饭呢	I thought it was a 9.9 yuan group buy for a meal.	I thought it was a 9.9-yuan group-buy meal deal
B-NEO-104	NEO	47.82	62.29	14.47	39.17	53.16	13.99	100	0	-100	向佐药水哥梦幻联动！	"Jiāng Zuǒ yào shuǐ guǒ gē mèng huàn lián dòng! 

**Wang Zuo's ""Potion God"" Dream Collaboration!** (This is a common and accurate translation, reflecting the internet slang and character's nickname.)"	向佐药水哥跨界合作！	"Jiang Zhaos ""Yaguizi Ge"" (Medicine Water Brother) is collaborating across media!"	Xiang Zuo and Yaoshui-ge, a dream crossover!
B-NEO-105	NEO	62.04	74.25	12.21	55.71	51.19	-4.52	0	0	0	电子榨菜配跳跳糖	Electronic pickled cabbage with Pop Rocks candy	下饭视频配跳跳糖	Food-eating videos with Pop Rocks	comfort-viewing video paired with popping candy
B-NEO-106	NEO	93.26	97.43	4.18	66.03	83.58	17.55	0	0	0	这声音绝绝子	This sound is absolutely wonderful!	这声音好极了	This sound is wonderful.	this voice is simply divine
B-NEO-107	NEO	76.38	67.97	-8.40	52.00	76.00	24.00	0	100	100	假师傅让拜，真师傅反而不让拜，难绷了	It’s really confusing when a fake master encourages you, but a real master doesn’t.	假师傅让拜，真师傅反而不让拜，让人无语了	A fake master encourages worship, a true master discourages it, leaving people speechless.	the fake master lets you bow to him, but the real master won't — I can't even
B-NEO-108	NEO	96.83	95.38	-1.45	77.72	80.75	3.02	0	0	0	一想到一睁眼就有倒计时就难绷	The thought of seeing a countdown immediately upon opening my eyes was unbearable.	一想到一睁眼就有倒计时就受不了	The mere thought of seeing a countdown timer open when I wake up is unbearable.	the thought of waking up to a countdown every day just breaks me
B-MIX-092	MIX	95.58	93.10	-2.48	74.33	68.82	-5.51	100	100	0	完全不给队友上buff的机会	There is absolutely no opportunity for teammates to get buffs.	完全不给队友上增益的机会	There is absolutely no opportunity for teammates to apply buffs.	gives teammates zero chance to apply buffs
B-MIX-093	MIX	69.55	75.74	6.20	64.78	63.88	-0.91	100	100	0	不会侵蚀后全是boss吧	It won't be all bosses after the erosion, right?	不会侵蚀后全是头目吧	It won't be all bosses after the erosion, right?	don't tell me everything after the corruption is a boss
B-MIX-094	MIX	96.92	91.72	-5.21	75.61	67.29	-8.32	100	0	-100	顾客：心平气和.jpg	Customer: Calm and composed.jpg	顾客：心平气和的表情包	Customer: Calm and composed emoji	customer: calm-and-composed.jpg
B-MIX-095	MIX	96.52	96.96	0.45	80.21	81.24	1.03	100	100	0	海皇cpu高速运转中……	The Sea Emperor CPU is running at high speed…	海皇大脑高速运转中……	The Sea Emperor’s brain is running at full speed…	the Sea Emperor's CPU is running at full speed……
B-MIX-096	MIX	65.90	72.67	6.78	60.91	77.83	16.92	100	0	-100	可以无限卡bug，站起来再躺下去，站起来再躺下去。	You can endlessly crash bugs, get back up and lie down again, get back up and lie down again.	可以无限卡漏洞，站起来再躺下去，站起来再躺下去。	You can endlessly exploit loopholes, get back up and lie down again, get back up and lie down again.	you can exploit the bug endlessly — stand up, lie back down, stand up, lie back down.
B-MIX-097	MIX	58.69	53.77	-4.92	48.03	51.45	3.41	0	0	0	在扳机的视频里刷什么悠真真的很ky好吧	It’s really embarrassing to scroll through Yuzhi videos on the trigger, you know?	在扳机的视频里刷什么悠真真的很不会看气氛好吧	It’s really hard to read the atmosphere in that video of the trigger, what are they even spamming with Yuzuriha?	spamming Harumasa comments on a Trigger video is honestly so tone-deaf, okay
B-MIX-098	MIX	68.30	82.83	14.53	66.99	77.53	10.54	0	0	0	别什么过场都搞qte，破坏连贯	Don't add unnecessary scenes and complicate things, disrupt the flow.	别什么过场都搞快速反应事件，破坏连贯	Don't turn every scene into a rapid response event, disrupting the flow.	stop putting QTEs in every cutscene, it ruins the flow
B-MIX-099	MIX	62.98	80.24	17.26	51.57	57.89	6.32	100	0	-100	不是哥们，怎么pv就删了。	It's not a buddy, how could you delete it after PV?	不是哥们，怎么宣传片就删了。	It's not a friend, how come the promotional video was deleted?	wait bro, why did the PV get deleted.
B-MIX-100	MIX	96.71	96.95	0.24	78.97	82.11	3.14	100	100	0	要是做出这样的mod，那就有意思了	That would be interesting if you made such a mod.	要是做出这样的模组，那就有意思了	That would be interesting if you could make such a module.	if someone made a mod like this, that would be fun
B-MIX-101	MIX	88.90	91.36	2.45	71.48	78.21	6.72	100	0	-100	omg！这是谁家的小孩这么有出息啊啊啊啊啊	OMG! Who does this child belong to? They’re so accomplished!	我的天！这是谁家的小孩这么有出息啊啊啊啊啊	My goodness! Who raised such a successful child?!	omg! whose kid is this, so talented ahhhh
B-MIX-102	MIX	82.48	82.89	0.40	70.22	69.34	-0.87	100	100	0	很多老外不知道田一鸣叫什么，就叫他super idol	"Many foreigners don't know what sound Tian Yi makes, so they just call him ""super idol."""	很多老外不知道田一鸣叫什么，就叫他超级偶像	Many foreigners don't know what sound Tian Yi makes, so they just call him a super idol.	many foreigners don't know Tian Yiming's name, so they just call him super idol
B-MIX-103	MIX	84.60	82.32	-2.28	71.47	80.22	8.75	0	0	0	知名up主老番茄视频内容不慎跌回五年前的水平	Well-known YouTuber Lao Fanqa’s video content has accidentally dropped back to the level of five years ago.	知名视频作者老番茄视频内容不慎跌回五年前的水平	Well-known video creator Old Tomato’s video content has unfortunately fallen back to the level of five years ago.	famous uploader LaoFanQie's video content has accidentally slipped back to its level five years ago
B-MIX-104	MIX	96.70	82.57	-14.13	72.43	57.26	-15.17	100	100	0	我打个csgo心跳都能160	My CSGO heart rate can even reach 160 when I just play.	我打个反恐精英心跳都能160	My Counter-Strike heartbeat can reach 160.	my heart rate hits 160 just playing CS:GO
B-MIX-105	MIX	99.66	99.68	0.02	56.00	88.20	32.19	100	0	-100	回答我，鸟为什么会飞？ Look at my eye, tell me why!	Answer me, why do birds fly? Look at my eye, tell me why!	回答我，鸟为什么会飞？ 看着我的眼睛，告诉我为什么！	Answer me, why do birds fly? Look into my eyes and tell me why!	answer me, why can birds fly? Look at my eye, tell me why!
B-MIX-106	MIX	93.37	94.93	1.56	82.14	79.56	-2.58	100	100	0	这里应该说的是welcome to shaolin 吧	"It should be ""Welcome to Shaolin, right?"""	这里应该说的是欢迎来到少林 吧	It should be said, welcome to Shaolin, right?	what he should have said here is welcome to Shaolin, right
B-MIX-107	MIX	73.28	80.20	6.92	49.23	68.52	19.29	100	100	0	这BGM给我干天津去了	This BGM should go to Tianjin and disappear.	这背景音乐给我干天津去了	This background music makes me want to go to Tianjin.	this BGM just teleported me straight to Tianjin
B-MIX-108	MIX	66.20	61.16	-5.04	69.59	70.53	0.94	100	100	0	小八和啵哝就像是妈妈带了个teenager出来我服了。	Xiao Ba and Bo Nong are like a teenage kid my mom brought out – I’m so impressed.	小八和啵哝就像是妈妈带了个青少年出来我服了。	Xiao Ba and Bo Nong are like a teenage kid my mom brought out – I’m impressed.	Xiaoba and Bonong are just like a mom taking a teenager out, I can't with them.
B-MIX-109	MIX	92.83	92.22	-0.61	80.43	78.30	-2.13	100	100	0	其实我不仅是rapper，我还是DJ，香蜜湖你听见了吗	Actually, I’m not just a rapper, I’m also a DJ, did you hear that at Xiangmi Lake?	其实我不仅是说唱歌手，我还是打碟师，香蜜湖你听见了吗	Actually, I’m not just a rapper, I’m also a DJ. Did you hear that at Xiangmi Lake?	actually I'm not just a rapper, I'm also a DJ — Xiangmi Lake, can you hear me
B-MIX-110	MIX	65.00	63.47	-1.52	65.84	61.67	-4.17	100	100	0	我家小逻怎么成敌方boss单位了？还有精英干员长颈鹿	Why did my little Luoyang become an enemy boss unit? And where is the elite giraffe mercenary?	我家小逻怎么成敌方头目单位了？还有精英干员长颈鹿	How did my little Lu become an enemy boss unit? And where are the elite giraffe mercenaries?	how did my Xiaoluo become an enemy boss unit? and there's an elite operator giraffe too
B-MIX-111	MIX	23.93	86.58	62.65	35.80	74.52	38.73	100	100	0	看得ptsd犯了	"It seems like ""ptsd"" is being used as a shorthand for PTSD (Post-Traumatic Stress Disorder). The sentence translates to:

**PTSD flared up/occurred/manifested.**"	看得创伤后应激障碍犯了	Post-traumatic stress disorder (PTSD) has taken hold.	watching this triggered my PTSD
B-MIX-112	MIX	93.45	94.66	1.21	78.23	68.40	-9.83	100	0	-100	我独自拯救一切Pro max	I save everything alone Pro Max	我独自拯救一切加强版	I save everything alone, enhanced version.	I Alone Save Everything, Pro Max edition
B-MIX-113	MIX	75.91	92.42	16.51	41.30	60.56	19.26	100	100	0	那是债主催债了bro	That’s a debt-owning bro.	那是债主催债了兄弟	That’s a debt owed, brother.	that's the creditor coming to collect, bro
B-MIX-114	MIX	78.77	83.44	4.67	77.15	77.34	0.19	0	100	100	姐！邀请宋雨琦上节目！E人很适合！章昊也是！	Sister! Invite Song Yiqi to the show! She’s a really good fit! And Zhang Hao too!	姐！邀请宋雨琦上节目！外向的人很适合！章昊也是！	Sister! Invite Song Yiqi to the show! Extroverts are a good fit! Zhang Hao is too!	sis! invite Song Yuqi onto the show! extroverts are perfect for it! Zhang Hao too!
B-MIX-115	MIX	77.27	84.38	7.11	75.16	74.24	-0.92	0	100	100	好阳光啊，这一定是相互救赎的少女乐队故事吧www	It’s such beautiful sunshine, this must be a story about a girl’s band seeking redemption together, right? www	好阳光啊，这一定是相互救赎的少女乐队故事吧哈哈哈	It’s such beautiful sunshine, this must be a redemption story for a girl band, haha!	so wholesome — this must be a girls-band story of mutual redemption lol
B-MIX-116	MIX	81.81	89.57	7.76	71.52	83.55	12.02	0	0	0	小时候我没有cp这个概念，一直认为这俩只是朋友	"When I was young, I didn't have a concept of ""crush,"" and I always thought they were just friends."	小时候我没有情侣配对这个概念，一直认为这俩只是朋友	"When I was younger, I didn't have the concept of ""couple matching,"" and I always thought they were just friends."	as a kid I had no concept of shipping — I always thought these two were just friends
B-MIX-117	MIX	87.34	93.90	6.57	80.54	81.90	1.36	100	0	-100	妹妹在cos商鞅吗	Does the younger sister cosplay as Shang Yang?	妹妹在扮演商鞅吗	Is the younger sister playing the role of Shang Yang?	is the girl cosplaying Shang Yang
B-MIX-118	MIX	96.50	92.09	-4.41	80.08	78.00	-2.08	100	0	-100	哎呀，蚊子得了MVP！	Oops, the mosquito got MVP!	哎呀，蚊子得了全场最佳！	Oops, the mosquito won best in show!	oops, the mosquito got the MVP!
B-MIX-119	MIX	92.85	93.31	0.46	82.51	82.89	0.38	100	100	0	这都ai配音了，字幕当然也是ai啊	All of this is AI-dubbed, so the subtitles are naturally AI as well.	这都人工智能配音了，字幕当然也是人工智能啊	All of this is AI-dubbed, so the subtitles are naturally AI-generated as well.	the voiceover is already AI, so of course the subtitles are AI too
B-MIX-120	MIX	88.73	80.63	-8.09	67.22	66.39	-0.82	100	0	-100	谁还没看我都会伤心的OK？	Okay, anyone who hasn't seen it, I'm sad okay?	谁还没看我都会伤心的好吗？	Wouldn't it be sad if nobody has seen my work?	if anyone hasn't watched this yet I'll be sad, OK?
B-MIX-121	MIX	73.42	69.31	-4.11	49.16	37.86	-11.31	100	100	0	少看一天b站都剪不出来	If you watch it for just one day on Bilibili, you won’t be able to cut it out.	少看一天哔哩哔哩都剪不出来	"It takes less than a day to cut out all the ""bilibili"" (short clips) from a video."	skip even one day of Bilibili and you couldn't edit this
B-MIX-122	MIX	98.93	99.04	0.11	82.42	84.42	2.00	100	100	0	只是一个道歉，but这个道歉的代价实在太高	It’s just an apology, but the cost of that apology is truly too high.	只是一个道歉，但是这个道歉的代价实在太高	It’s just an apology, but the cost of that apology is simply too high.	it's just an apology, but the price of this apology is way too high
B-MIX-123	MIX	82.62	83.90	1.29	58.01	79.48	21.48	0	0	0	记者会？不，个人show time	Reporter’s meeting? No, it’s my personal time to shine.	记者会？不，个人表演时间	Reporter’s meeting? No, personal performance time.	a press conference? no, it's personal show time
B-MIX-124	MIX	76.54	89.51	12.97	65.34	77.08	11.75	100	0	-100	这一场演得不好，应该喊cut重来	This performance didn't go well; we should call for a cut and do it again.	这一场演得不好，应该喊停重来	This performance didn't go well, it should be stopped and restarted.	this scene was badly acted, someone should call cut and redo it
B-MIX-125	MIX	96.85	96.90	0.06	81.21	83.63	2.42	100	100	0	喝水这part我真的笑了	I genuinely laughed at that part about drinking water.	喝水这部分我真的笑了	I genuinely laughed at the part about drinking water.	the water-drinking part genuinely made me laugh
B-MIX-126	MIX	97.94	97.17	-0.78	79.26	81.77	2.51	100	100	0	中式恐怖，真的next level	Chinese horror, truly next level.	中式恐怖，真的更上一层楼	Chinese horror has truly gone to the next level.	Chinese-style horror, truly next level
B-MIX-127	MIX	95.89	96.68	0.80	80.16	82.90	2.74	100	0	-100	他们都在好奇那个npc是谁扮的	They are all curious who is playing that NPC.	他们都在好奇那个非玩家角色是谁扮的	They are all curious as to who is playing that non-player character.	they're all wondering who played that NPC
B-MIX-128	MIX	80.94	84.06	3.13	52.27	60.20	7.93	0	0	0	os好想看张桂源也来一期	I really want to see Zhang Guiyuan get a copy too.	内心独白好想看张桂源也来一期	I really want to see Zhang Guiyuan have a go too.	inner monologue: I really want to see Zhang Guiyuan do an episode too
B-MIX-129	MIX	92.42	95.14	2.72	76.96	72.17	-4.79	100	100	0	我已经走在了country road 上了	I have been walking on a country road.	我已经走在了乡间小路 上了	I have been walking along the country road.	I'm already walking on the country road
B-MIX-130	MIX	78.13	95.81	17.68	47.11	76.05	28.93	0	0	0	从来没有get到他颜值	I’ve never gotten his looks/good looks.	从来没有领略到他颜值	I’ve never experienced his good looks.	I've never gotten the appeal of his looks
B-MIX-131	MIX	94.53	96.20	1.67	57.04	66.69	9.65	100	100	0	看哪一只eye啊sir	Look at that eye, sir.	看哪一只眼啊长官	Look at that eye, sir!	looking at which eye, sir
B-MIX-132	MIX	96.98	97.59	0.62	40.97	82.71	41.74	100	100	0	天磊：what can I say	Tian Lei: What can I say	天磊：我能说什么	Tian Lei: What can I say?	Tianlei: what can I say
B-MIX-133	MIX	83.73	94.85	11.12	68.05	80.48	12.43	100	100	0	唉，我去，真的有比利诶。该不会是暗示sp比利吧	Oh my god, really there's Billy? Is this a hint about Billy Sp?	唉，我去，真的有比利诶。该不会是暗示特殊版比利吧	Oh my god, really? There's Billy there. Is this a hint about the special edition Billy?	whoa, there really is a Billy — could this be hinting at an SP Billy
B-MIX-134	MIX	87.74	87.64	-0.10	62.65	74.56	11.90	0	100	100	摊主，我也是你们play中的一环吗	Vendor, am I also part of your game?	摊主，我也是你们角色扮演中的一环吗	Vendor, am I also part of your role-playing?	stall owner, am I also part of your roleplay
B-MIX-135	MIX	88.32	95.06	6.73	70.55	74.86	4.31	100	100	0	抽me,please抽me	Pull me, please pull me.	抽我,请抽我	Draw me, please draw me.	draw me, please draw me
B-MIX-136	MIX	97.21	95.65	-1.56	71.65	81.65	9.99	100	0	-100	boss已进入二阶段	The boss has entered the second stage.	头目已进入二阶段	The leader has entered the second stage.	the boss has entered phase two
B-MIX-137	MIX	71.71	61.73	-9.98	72.44	73.33	0.89	100	0	-100	这里是以为他要长期练，mcn没沟通好	"Here's the translation:

“This is because he was planning a long-term training, and the communication with McN wasn't good.”"	这里是以为他要长期练，传媒公司没沟通好	"Here’s the translation:

“This is because he was planning a long-term training, and the media company hadn’t coordinated properly.”"	here they thought he'd be training long-term — the MCN agency didn't communicate properly
B-MIX-138	MIX	51.39	80.76	29.36	48.19	82.07	33.88	0	0	0	加拉赫上线一年了还在c	Joyce has been online for a year and is still c.	加拉赫上线一年了还在当主力	Gallagher has been online for a year and is still a starter.	Gallagher has been out for a year and is still carrying
B-MIX-139	MIX	76.50	81.62	5.12	67.95	72.61	4.67	100	100	0	直伤+超击破+dot伤害	Direct damage + Overkill + Dot damage	直伤+超击破+持续伤害	Direct damage + Overkill + Damage over time	direct damage + super break + DoT damage
B-HOM-133	PYA	93.11	83.71	-9.40	69.52	59.07	-10.44	100	100	0	兄dei  成佛吧   修仙太难了	May you become a Buddha, brother. It’s too hard to cultivate immortality.	兄弟  成佛吧   修仙太难了	Brothers, may you become enlightened. It’s too difficult to practice cultivation.	bro, just become a buddha — cultivating immortality is too hard
B-HOM-134	HOM	70.00	60.72	-9.27	64.37	65.45	1.09	0	0	0	我真怕药水一拳给向左打晕过去	I'm so afraid that the potion will knock me out with one punch.	我真怕药水一拳给向佐打晕过去	I'm so afraid that the potion will be knocked unconscious by Xiang Zhao with one punch.	I'm really afraid Yaoshui will knock Xiang Zuo out with one punch
B-HOM-135	HOM	75.46	72.07	-3.40	65.31	76.60	11.29	0	100	100	甲亢哥：我还能再看亿遍	Hyperthyroid guy: I can still look at billions of times.	甲亢哥：我还能再看一亿遍	Hyperthyroid guy: I can still look at this one billion more times.	Jiakang Bro: I could watch this a hundred million more times
B-NEO-109	NEO	71.60	80.45	8.86	58.32	66.74	8.42	0	100	100	逆天，吴国给日本朝贡都来了	Rebellious, the vassal states of Wu have even come to offer tribute to the Japanese court.	离谱，吴国给日本朝贡都来了	That’s outrageous, Wu Guo even sent tribute to Japan.	outrageous — now we've even got the Wu kingdom paying tribute to Japan
B-NEO-110	NEO	86.50	91.13	4.63	73.48	77.17	3.69	0	100	100	泪目了，米哈游你坏事做尽	Tears welled up, Mihoyo, you've done terrible things.	感动落泪了，米哈游你坏事做尽	I was moved to tears, Mihoyo, you’ve done terrible things.	I teared up — miHoYo, you've done every evil deed there is
B-NEO-111	NEO	76.02	93.36	17.34	68.32	79.30	10.98	100	100	0	双非大学生，还没进厂。光看这个社会环境已经感觉自己燃尽了	Non-domestic university students, and haven't even entered the workforce yet. Just looking at this social environment, I already feel completely burned out.	非重点大学的大学生，还没进厂。光看这个社会环境已经感觉自己精疲力竭了	Undergraduate students from non-elite universities who haven't yet entered the workforce; I already feel completely exhausted just looking at this social environment.	a non-elite-university student who hasn't even started working yet — just looking at this social environment I already feel burned out
B-NEO-112	NEO	72.64	77.04	4.39	72.50	69.95	-2.54	0	0	0	看勇哥直播，各种神人	Watch Xiong Ge's live stream, full of gods and immortals.	看勇哥直播，各种行为离谱的人	Watching Xiong Ge's live stream, there are people with bizarre and outrageous behavior.	watching Brother Yong's streams, you see all kinds of absolute characters
B-NEO-113	NEO	83.51	70.52	-12.98	76.74	79.25	2.50	100	0	-100	太真实了，想到的那句话发现他可能听不懂于是在后面加点补丁	It’s so real that the sentence I thought of was probably incomprehensible to him, so I added some patches to it afterward.	太真实了，想到的那句话发现他可能听不懂于是在后面加点补充说明	It’s so real that the sentence I thought of was probably incomprehensible to him, so I added some supplementary explanations afterward.	so true — you think of a comeback, realize he might not get it, and then tack some patches onto it
B-NEO-114	NEO	92.49	82.06	-10.43	67.11	70.35	3.24	0	0	0	为什么能匹到这么多神人	Why can you attract so many gods and immortals?	为什么能匹配到这么多行为离谱的人	Why can so many bizarre/odd people be matched?	how do I keep getting matched with so many absolute characters
B-NEO-115	NEO	79.24	80.53	1.29	62.80	74.85	12.06	0	0	0	所以男主在嘎掉的威胁下领悟了？	So the male lead realized under the threat of being destroyed?	所以男主在死掉的威胁下领悟了？	So the male lead realized/understood under the threat of death?	so the male lead had his awakening under the threat of getting offed?
B-MIX-140	MIX	70.90	71.87	0.97	61.47	60.98	-0.49	100	0	-100	这个zzz不会要给他出个动画吧？	Doesn't this zzz guy get an animated movie made for him?	这个绝区零不会要给他出个动画吧？	Would you really make an animation for him in this desolate area?	don't tell me ZZZ is going to make an anime for him?
B-MIX-141	MIX	92.05	96.34	4.28	52.75	80.73	27.99	0	100	100	怎么说呢 很怀疑up主的精神状态	I'm really questioning the streamer's mental state.	怎么说呢 很怀疑视频作者的精神状态	I'm not sure how to say it, but I'm very doubtful about the video creator's mental state.	how do I put it — I seriously question this uploader's state of mind
B-MIX-143	MIX	73.70	92.31	18.61	48.72	76.23	27.51	0	100	100	他和背后的 n pc 格格不入	He and the background n PCs clash.	他和背后的 非玩家角色 格格不入	He and the non-player characters behind him don't fit in.	he's completely out of place next to the NPC behind him
B-MIX-145	NEO	79.13	57.45	-21.68	76.60	74.14	-2.46	0	0	0	甲亢哥：我DNA动了	Hyperthyroid guy: My DNA is moving.	甲亢哥：我本能被唤醒了	Hyperthyroid guy: I was instinctively awakened.	Jiakang Bro: my DNA just moved
B-MIX-146	MIX	86.62	81.37	-5.26	76.35	80.08	3.72	100	0	-100	bro以为自己在演致命ID	Bro thought he was acting in Fatal ID.	这哥们以为自己在演致命ID	This guy thought he was starring in Fatal ID.	bro thinks he's starring in Identity
B-MIX-147	MIX	89.22	81.29	-7.93	67.96	61.56	-6.40	0	0	0	干嘛突然cos班主任	What’s with suddenly cosplaying the homeroom teacher?	干嘛突然扮演班主任	What suddenly are you playing the role of a homeroom teacher?	why are you suddenly cosplaying as the homeroom teacher
B-MIX-148	MIX	51.28	40.37	-10.91	60.87	58.50	-2.37	0	0	0	神作，没见过的mad种类呢	God’s work, what kinds of unheard-of creatures has God created?	神作，没见过的混剪视频种类呢	God’s work, what kinds of unheard-of mashup videos does He create?	a masterpiece — a kind of MAD I've never seen before
B-PYA-109	PYA	80.40	69.19	-11.21	56.52	54.97	-1.56	0	0	0	拍了拍博士的石棺盖子hhhhh	Tapped the doctor’s sarcophagus lid hhhhh	拍了拍博士的石棺盖子哈哈哈哈哈	Laughing and patting the doctor’s stone coffin.	gave the Doctor's stone coffin lid a little pat hahaha
B-PYA-110	PYA	75.76	99.12	23.36	52.52	79.55	27.03	0	100	100	万恶的zi ben jia	All bad Zi Ben Jia	万恶的资本家	All capitalists are evil.	the evil capitalists
B-PYA-111	PYA	88.71	77.43	-11.28	64.16	58.42	-5.74	100	0	-100	就说问啥听不到，nnd只带了一个耳机	It’s no use asking, I can’t hear anything, damn it, I only have one earbud.	就说问啥听不到，奶奶的只带了一个耳机	It’s no use asking, Grandma’s only brought one earbud.	no wonder he said he couldn't hear anything — damn it, he only brought one earbud
