uid	category	xcomet_noisy	xcomet_clean	xcomet_d	kiwi_noisy	kiwi_clean	kiwi_d	nta_noisy	nta_clean	nta_d	src_noisy	hyp_noisy	src_clean	hyp_clean	ref_en
B-HOM-001	HOM	89.25	94.19	4.95	54.99	82.26	27.28	100	100	0	酱紫也行？那我也试试	Like this is okay? Then I'll try it too.	这样子也行？那我也试试	Is this okay like this? Then I'll try it too.	this works? then let me try too
B-HOM-002	HOM	98.07	99.15	1.08	65.00	81.88	16.88	0	0	0	你怎么酱紫说话，人家会误会的	How can you talk like that? People will misunderstand.	你怎么这样子说话，人家会误会的	How can you talk like that? People will misunderstand.	why do you talk like that, people will misunderstand
B-HOM-003	HOM	97.08	98.44	1.36	82.33	83.05	0.72	0	0	0	各位童鞋注意了，期末考试要来了	Everyone, pay attention! Final exams are coming up.	各位同学注意了，期末考试要来了	Everyone, please pay attention, the final exams are coming up.	attention classmates, final exams are coming
B-HOM-004	HOM	90.39	91.53	1.15	75.58	78.52	2.94	0	100	100	童鞋们帮我看看这道题怎么做	Kids, please help me see how to do this problem.	同学们帮我看看这道题怎么做	Classmates, could you help me take a look at how to do this problem?	classmates help me figure out this problem
B-HOM-005	HOM	94.05	96.69	2.64	72.69	81.16	8.47	100	100	0	我真的好稀饭这个博主，太搞笑了	I really love this blogger, they're so hilarious.	我真的好喜欢这个博主，太搞笑了	I really love this blogger, they're so hilarious!	I really like this creator, too funny
B-HOM-006	HOM	95.64	100.00	4.36	59.90	86.19	26.29	100	100	0	你是不是稀饭我？直说嘛	Do you like me? Just say it.	你是不是喜欢我？直说嘛	Do you like me? Just say it.	do you like me? just say it
B-HOM-007	HOM	94.63	97.47	2.84	78.42	83.52	5.10	0	100	100	今天又是杯具的一天，出门忘带钥匙	Today was another frustrating day; I forgot my keys when I left the house.	今天又是悲剧的一天，出门忘带钥匙	Today is another tragic day; I forgot my keys when I left the house.	another tragic day, forgot my keys going out
B-HOM-008	HOM	88.19	99.97	11.78	69.28	84.90	15.62	0	100	100	人生就是一个杯具接着一个杯具	Life is just one disappointment after another.	人生就是一个悲剧接着一个悲剧	Life is one tragedy after another.	life is one tragedy after another
B-HOM-009	HOM	81.06	96.97	15.91	60.29	79.60	19.31	0	0	0	游戏过于神金，不确定先从哪里笑起	The game is so ridiculously overpowered, I don't even know where to start laughing.	游戏过于神经，不确定先从哪里笑起	The game is too absurd, I don't know where to start laughing.	this game is so unhinged, not sure where to start laughing
B-HOM-010	HOM	75.33	85.36	10.03	71.73	56.85	-14.88	0	100	100	都说我做饭神金，今天就做神金给你们吃	"Everyone says I cook like a god, so today I'll make my ""godly dish"" for you all to eat."	都说我做饭神经，今天就做神经给你们吃	"Everyone says I'm a terrible cook, so today I'm making ""crazy"" for you to eat."	y'all say I'm crazy in the kitchen, so today I'm cooking crazy for you
B-HOM-011	HOM	85.89	95.56	9.68	62.60	82.51	19.92	0	0	0	世界上最神金的行为	The most divine act in the world.	世界上最神经的行为	The most neurotic behavior in the world.	the most unhinged behavior in the world
B-HOM-012	HOM	69.42	74.38	4.96	52.49	70.43	17.94	0	0	0	被这离谱的主播笑拥了	Was hugged by that outrageous streamer.	被这离谱的主播笑晕了	I was made dizzy by that ridiculous streamer's laughter.	I'm dead from this absurd streamer
B-HOM-013	HOM	89.10	91.68	2.58	61.61	73.64	12.03	0	0	0	笑拥了！带货主播推荐的迷惑水果太离谱了吧	Seriously?! The bizarre fruit recommended by that livestreaming seller is just ridiculous!	笑晕了！带货主播推荐的迷惑水果太离谱了吧	I fainted from laughing! The bizarre fruit recommended by that live-streamer was just too ridiculous.	I’m dying laughing! Those weird fruits promoted by live stream sales hosts are ridiculous.
B-HOM-014	HOM	92.28	94.10	1.81	77.08	80.30	3.22	0	0	0	新来的00后程序员写的代码，看到这段注释真的快把我笑拥了	The code written by these new Gen Z programmers was so funny, I almost burst out laughing when I saw this comment.	新来的00后程序员写的代码，看到这段注释真的快把我笑晕了	The code written by these new Gen Z programmers was so funny, the comments almost made me faint with laughter.	the new Gen Z programmer's code, seeing this comment almost killed me laughing
B-HOM-016	NEO	89.83	91.97	2.14	55.11	64.85	9.74	100	100	0	考试没复习直接寄，明年再来	Failed the exam without studying, it's over for this year, I'll try again next year.	考试没复习直接完了，明年再来	Didn't study for the exam, it's over. I'll try again next year.	didn't study for the exam, it's over, see you next year
B-HOM-018	HOM	77.96	75.25	-2.71	46.20	64.94	18.74	0	0	0	火钳流明，这帖子要火	This post is going to blow up.	火前留名，这帖子要火	Leave a comment before it blows up, this post is going to be a hit.	leaving a name before this blows up, this post is about to go viral
B-HOM-019	HOM	93.15	96.26	3.11	51.52	84.68	33.16	0	100	100	雀食好笑，不骗你	That's funny, I'm not kidding.	确实好笑，不骗你	It's genuinely funny, I'm not kidding.	it's genuinely funny, no cap
B-HOM-021	HOM	98.24	98.66	0.43	81.26	84.28	3.02	0	0	0	沃草，这无人机表演太震撼了	Wow, this drone show is incredible!	我操，这无人机表演太震撼了	Wow, this drone show is incredible!	holy crap, this drone show is insane
B-HOM-023	HOM	55.56	82.14	26.58	41.96	57.18	15.22	0	0	0	你想peach呢，哪有这么好的事	You want something for nothing, there's no such thing as a free lunch.	你想屁吃呢，哪有这么好的事	You must be joking, there's no such thing as a free lunch.	you're dreaming, how can something that good happen
B-HOM-024	HOM	93.44	96.51	3.07	74.12	83.37	9.25	0	100	100	别虾扯蛋了，老师说的都是真的吗	Seriously? Is the teacher really telling the truth?	别瞎扯淡了，老师说的都是真的吗	Stop talking nonsense, is the teacher really telling the truth?	stop talking BS, is what the teacher said even true
B-HOM-025	HOM	62.69	63.25	0.55	54.93	53.08	-1.85	0	0	0	先报上自己的分数啊搞辣菜	Let's report our scores first, then let's get some food.	先报上自己的分数啊搞拉踩	Show off your scores first, then try to one-up everyone.	dropping your score first before throwing shade smh
B-HOM-026	HOM	88.68	99.25	10.58	57.77	76.06	18.29	100	100	0	蚌埠住了，腾讯这泄密处理速度也太快了吧	I can't hold it anymore, Tencent's leak handling speed is way too fast!	绷不住了，腾讯这泄密处理速度也太快了吧	I can't hold it in anymore, Tencent's handling of this leak is way too fast!	I can't hold it in anymore, Tencent's speed in handling this leak is just too fast
B-HOM-027	HOM	77.67	71.66	-6.01	66.79	75.54	8.75	0	0	0	嗷利给，西班牙第一了	Olay, Spain is number one!	奥利给，西班牙第一了	OliG, Spain is number one!	Aigoo Spain took first place let's gooo
B-HOM-028	HOM	71.68	80.47	8.80	49.33	75.84	26.51	0	0	0	这配置针不戳，性价比拉满	This configuration is perfect, and the value for money is maximized.	这配置真不错，性价比拉满	This configuration is really good, excellent value for money.	This setup slaps, value for money off the charts
B-HOM-029	HOM	60.57	66.16	5.60	53.39	59.66	6.26	0	0	0	赛里木湖这操作针不戳啊，景区打人还能辞退就完事了？	That Sayram Lake situation is ridiculous – the tourist site fired the person who did the assault? Seriously?!	赛里木湖这操作真不错啊，景区打人还能辞退就完事了？	Seriously? They're just firing the staff who assaulted tourists at Sayram Lake? Is that all it takes to resolve the issue?	Sarim Lake's handling is just great, beating people at a scenic spot and just firing them is that it?
B-HOM-030	HOM	91.99	98.71	6.72	46.27	79.94	33.66	100	100	0	蚌埠住了，这也太好笑了吧	I can't hold it, this is too funny!	绷不住了，这也太好笑了吧	I can't hold it in, this is too funny!	bruh I can't hold it in this is too funny lmao
B-HOM-031	HOM	89.57	94.49	4.92	74.47	80.32	5.85	0	0	0	卧槽317万年终奖就这么没了？	What the heck, 3.17 million yuan bonus just gone like that?	我操317万年终奖就这么没了？	What the heck? My 3.17 million year-end bonus is gone just like that?	Wtf, 3.17 million year-end bonus just gone like that?
B-HOM-032	HOM	49.60	86.76	37.16	49.66	80.10	30.44	0	0	0	你就耗子尾汁吧，别折腾了	Just go for it, don't bother.	你就好自为之吧，别折腾了	Just do what you need to do, and stop stressing about it.	watch yourself bro stop messing around
B-HOM-033	HOM	85.02	87.85	2.84	59.48	64.62	5.14	0	0	0	王虹这波属实深藏blue了，拿完奖还这么低调	Wang Hong really played it cool this time, staying so low-key even after winning the award.	王虹这波属实深藏不露了，拿完奖还这么低调	Wang Hong really is surprisingly understated this time; she's still so low-key even after winning the award.	Wang Hong has truly been hiding her talents, so low-key after winning the award
B-HOM-034	HOM	95.52	96.91	1.40	46.95	78.44	31.49	0	100	100	蚌埠住了这也太搞笑了	I can't contain myself, this is hilarious!	绷不住了这也太搞笑了	I can't hold it in, this is too hilarious!	can't hold it in anymore this is way too funny fr
B-HOM-035	HOM	88.41	94.39	5.98	48.67	82.83	34.16	0	0	0	看到50亿离婚案的消息我直接蓝瘦香菇	Seeing the news about 5 billion divorce cases, I'm just heartbroken.	看到50亿离婚案的消息我直接难受想哭	Seeing the news about 5 billion divorce cases, I was so heartbroken I wanted to cry.	Seeing the news about the 5 billion divorce case, I'm so sad I could cry
B-HOM-036	HOM	79.75	90.57	10.82	49.84	85.19	35.35	0	0	0	针不戳，这个视频做得真好	Amazing, this video is really well done.	真不错，这个视频做得真好	Really great, this video is really well done.	not bad this video is actually fire
B-HOM-037	HOM	78.09	85.53	7.43	57.51	68.06	10.55	0	0	0	这景区管理duck不必，7个人打一个司机	This scenic area doesn't need management; seven people can share one driver.	这景区管理大可不必，7个人打一个司机	This scenic area doesn't need much management; seven people can share one driver.	This scenic area management is totally unnecessary, 7 people beating one driver
B-HOM-038	HOM	98.34	98.48	0.14	58.41	84.83	26.42	0	100	100	这个颜色灰常好看	This color is very beautiful.	这个颜色非常好看	This color is really beautiful.	this color looks really good ngl
B-HOM-039	HOM	64.50	85.06	20.56	61.98	63.26	1.28	0	0	0	腾讯这波操作属于是虾仁猪心了	Tencent's move is a classic case of paying lip service while harboring ulterior motives.	腾讯这波操作属于是杀人诛心了	Tencent's move is truly heartless.	Tencent's move this time is truly adding insult to injury
B-HOM-040	HOM	74.29	82.02	7.73	45.28	58.13	12.85	0	0	0	有内味了，就是这个感觉	It feels familiar.	有那味了，就是这个感觉	That's the taste, that's the feeling.	got that vibe this is the feeling
B-HOM-041	HOM	71.84	83.02	11.18	63.49	63.76	0.27	0	0	0	泄密被辞退永不录用，这员工只能耗子喂汁了	Leaking confidential information results in termination and a permanent ban from rehire; this employee is essentially worthless.	泄密被辞退永不录用，这员工只能好自为之了	Leaking confidential information results in termination and a permanent ban from rehire; this employee is on their own.	Fired for leaking and never to be rehired, this employee better watch out
B-HOM-042	HOM	96.35	95.14	-1.21	74.14	73.65	-0.49	0	0	0	这部剧的女主造型好康	The female lead's styling in this drama is great.	这部剧的女主造型好看	The female lead's styling in this drama is good-looking.	the female lead's look in this drama is gorgeous
B-HOM-043	HOM	56.16	50.32	-5.85	42.39	52.67	10.28	0	0	0	耗子尾汁，好自为之吧	Just do your best.	好自为之，好自为之吧	Take care of yourself, take care of yourself.	Learn your lesson and shape up.
B-HOM-044	HOM	75.57	89.56	14.00	53.17	81.87	28.69	0	0	0	这个操作太虾仁了	This operation is too much of a hassle.	这个操作太吓人了	This operation is too scary.	this play is straight up terrifying
B-HOM-045	HOM	66.67	84.98	18.30	58.11	57.58	-0.53	0	100	100	中国女排这波直接丸辣，美国队不服不行	China's women's volleyball team was absolutely scorching this time, and the U.S. team has to admit it.	中国女排这波直接完啦，美国队不服不行	China's women's volleyball team is done for this time; the U.S. team is just too strong.	China's women's volleyball team is done for this time, the US team has to admit defeat
B-HOM-046	HOM	87.43	100.00	12.57	62.59	81.62	19.03	0	100	100	鸭力好大，快要顶不住了	That's quite a load, I can barely handle it.	压力好大，快要顶不住了	The pressure is immense, I can't take it anymore.	the pressure is so high can't hold on anymore
B-HOM-047	HOM	58.05	99.12	41.07	48.19	87.62	39.43	0	100	100	窝五碎！！！	I'm so broken!	我五岁！！！	I'm five!	I'm five years old!!!
B-HOM-048	HOM	84.29	87.71	3.42	72.15	79.73	7.58	0	0	0	赛里木湖这事整得灰常离谱	This situation with Sayram Lake is incredibly bizarre/out of line/ridiculous.	赛里木湖这事整得非常离谱	This situation with Sayram Lake is completely absurd.	The Sarim Lake incident is really outrageous
B-HOM-049	HOM	91.84	96.51	4.67	83.79	84.55	0.76	0	0	0	看完这帖子我直接笑嘻了	I burst out laughing after reading this post.	看完这帖子我直接笑死了	I literally died laughing after reading this post.	after reading this post I'm dead lmao
B-HOM-050	HOM	69.78	98.45	28.67	69.59	85.71	16.12	0	100	100	看完这个视频我蕉绿了	I felt refreshed after watching this video.	看完这个视频我焦虑了	Watching this video made me anxious.	after watching this vid I'm straight up anxious
B-HOM-051	HOM	85.24	93.51	8.27	42.98	80.20	37.22	0	100	100	看完女排比赛我直接鸭梨山大	I was completely overwhelmed after watching the women's volleyball match.	看完女排比赛我直接压力山大	Watching the women's volleyball match gave me immense pressure.	After watching the women's volleyball match, I'm under enormous pressure
B-HOM-052	HOM	53.64	62.75	9.10	69.61	64.27	-5.34	0	0	0	笑鼠了！一会抛梗一会接梗	Haha, that's hilarious! It's like a constant back-and-forth of jokes and witty remarks.	笑死了！一会抛梗一会接梗	Laughing my head off! Throwing out jokes and catching them back and forth.	dying of laughter! one sec they set up the joke next sec they're playing along
B-HOM-053	HOM	71.05	83.10	12.05	53.84	52.26	-1.58	100	0	-100	测评娃哈哈高透史莱姆好好康	Evaluating Wantai's high-definition slime is really good and healthy.	测评娃哈哈高透史莱姆好好看	Reviewing Want Want's clear slime, it's so pretty!	reviewing Wahaha's crystal clear slime it looks so good
B-HOM-054	HOM	93.01	96.59	3.59	50.14	82.90	32.76	0	0	0	窝巢，这也太厉害了吧	Wow, that's amazing!	我操，这也太厉害了吧	Wow, that's incredible!	wtf this is too insane bruh
B-HOM-055	HOM	84.60	97.09	12.49	71.36	84.43	13.07	0	100	100	笑的想鼠	Laughing like a mouse.	笑的想死	Laughing so hard I could die.	laughing till I die
B-HOM-056	HOM	57.83	79.44	21.62	57.39	62.55	5.16	0	0	0	这里是孙吧忏悔室，一人忏悔一件你觉得最厨神的事	This is Sun Ba's Confession Room, confess one of the most ridiculously divine (or absurdly amazing) thing you've done.	这里是孙吧忏悔室，一人忏悔一件你觉得最畜生的事	This is Son's Confession Room, confess one of the most monstrous things you've ever done.	welcome to Sun Bar confessional drop your most savage moment
B-HOM-057	HOM	79.77	94.32	14.55	62.10	78.90	16.81	0	0	0	关于玉玉症表妹喜欢上我的故事	The story of my cousin with Yu Yu's illness falling for me.	关于抑郁症表妹喜欢上我的故事	The story of my cousin with depression falling for me.	the story of how my depressed cousin fell for me
B-HOM-058	HOM	86.10	96.16	10.06	77.42	84.37	6.96	0	100	100	这是我女朋友 羡慕吗笑抽们🤣	Is this my girlfriend? Jealous? LOL 😂🤣	这是我女朋友 羡慕吗小丑们🤣	This is my girlfriend, are you jealous, clowns? 😂	this is my gf. jealous you clowns? 🤣
B-HOM-059	HOM	68.14	69.41	1.26	57.90	58.91	1.01	100	0	-100	麻辣烫我只认元娘娘，口味多好7	I only recognize Yuan Niang Niang for mala tang; the flavors are so good.	麻辣烫我只认元娘娘，口味多好吃	I only recognize Yuan Niang Niang for mala tang, so many flavors and delicious.	I only trust Yuan Niangniang for malatang it's so good
B-HOM-060	HOM	67.08	82.70	15.62	58.78	62.35	3.56	0	0	0	可爱的小香猪变成了温暖的答辩	The adorable little French piglet transformed into a warm defense.	可爱的小香猪变成了温暖的大便	The cute little piggy turned into a warm pile of poop.	a cute little guinea pig turned into warm crap
B-HOM-061	HOM	96.08	98.35	2.27	83.15	84.81	1.66	0	0	0	我要笑亖了卧槽	I'm about to burst out laughing, holy crap!	我要笑死了卧槽	I'm dying of laughter, holy crap!	I'm gonna die laughing oh shit
B-HOM-062	HOM	48.39	94.22	45.83	39.25	71.02	31.77	0	0	0	时间长了搞亖你	Time will tell who's capable.	时间长了搞死你	Time will wear you down.	I'll work you to death over time
B-HOM-063	HOM	72.85	84.53	11.68	62.35	57.66	-4.69	0	100	100	笑亖了家人们谁懂啊	I'm laughing, who gets it, family?	笑死了家人们谁懂啊	I'm dying of laughter, who gets it?	dying of laughter fam who understands
B-HOM-064	HOM	82.04	98.15	16.11	64.64	87.63	22.98	0	0	0	她居然紫砂了	She actually used Zisha clay.	她居然自杀了	She actually committed suicide.	she actually offed herself
B-HOM-065	HOM	47.31	46.94	-0.38	62.77	64.82	2.05	100	100	0	小哥：我真妹骗人！！我真给白衣女鬼送过餐！！你不知道哟！我魂都快没了，那餐是一点都没撒！！没办法，这就是哥的实力！	Look, I'm not lying! I really did deliver food to a white-robed female ghost! You don't know, do you? I almost lost my soul, and I didn't exaggerate a bit about that delivery! There's nothing I could do, that's just my kind of power!	小哥：我真没骗人！！我真给白衣女鬼送过餐！！你不知道哟！我魂都快没了，那餐是一点都没撒！！没办法，这就是哥的实力！	Young man: I really didn't lie! I really did deliver food to a white-robed female ghost! You don't know! I almost lost my soul, and not a single bit of that meal was exaggerated! There's nothing I could do, that's just my strength!	Bro: I seriously didn't lie!! I really delivered food to the girl ghost in white!! You don't know! I nearly lost my soul, not a single drop spilled on that delivery! No choice, this is bro's skill!
B-HOM-066	HOM	75.32	90.85	15.53	54.80	62.00	7.19	0	100	100	博主成功把中二拍成沙子了	The blogger successfully turned their edgy/awkward phase into dust.	博主成功把中二拍成傻子了	The blogger successfully turned the edgy teenager into a fool.	The blogger successfully made the edgy act look like a fool
B-HOM-067	HOM	80.39	92.56	12.17	67.41	83.84	16.43	0	0	0	肺雾才需要爱情，神都是孤独的	Only lungs need love; even gods are lonely.	废物才需要爱情，神都是孤独的	Only the worthless need love; gods are solitary.	Only the weak yearn for love; gods are destined to be alone.
B-HOM-068	HOM	97.58	98.44	0.87	75.99	85.55	9.55	0	100	100	我在学校哭别人鸟都不鸟我	I was crying at school, and nobody even looked at me.	我在学校哭别人理都不理我	I was crying at school and nobody paid attention to me.	I cried at school and nobody even paid attention to me
B-HOM-069	HOM	74.76	78.30	3.53	46.27	55.71	9.45	0	0	0	现场偷挖被抓,夺笋呐!	Caught stealing and digging up plants, what a clever move!	现场偷挖被抓,多损呐!	Caught stealing and digging artifacts, what a shame!	Caught digging secretly on site, so savage!
B-HOM-070	HOM	68.99	96.45	27.45	66.06	62.53	-3.53	0	0	0	这个特效针不戛！	This special injection doesn't work!	这个特效真不尬！	This special effect is genuinely amazing!	This special effect is really not cringe!
B-HOM-071	HOM	27.83	91.34	63.51	47.74	55.43	7.69	0	100	100	要泥寡,雨女无瓜!	If the mud is little, the rain woman has no melon!	要你管,与你无关!	None of your business!	Mind your own business, it's none of your business!
B-HOM-072	HOM	80.17	95.54	15.37	50.70	69.69	18.99	0	0	0	依托答辩是什么意思	"What does ""依托答辩"" mean?"	一坨大便是什么意思	"What does ""一坨大便"" mean?"	What does 'a pile of shit' mean?
B-HOM-073	HOM	77.81	98.20	20.39	40.07	80.15	40.08	0	100	100	哈哈哈哈哈哈哈夺笋呐	Haha haha haha haha so clever!	哈哈哈哈哈哈哈多损呐	Haha, that's so mean!	hahahahaha so mean lol
B-HOM-074	HOM	65.41	92.95	27.54	69.01	71.98	2.97	0	100	100	“雨女无瓜”这么好笑吗是挺好笑的	"Is ""Rainy Woman, No Melon"" really that funny?"	“与你无关”这么好笑吗是挺好笑的	"Is ""it has nothing to do with you"" really that funny?"	Is 'none of your business' really that funny? It is pretty funny
B-HOM-075	HOM	49.08	85.06	35.98	47.02	73.19	26.17	0	100	100	还有给	And also for	还有gay	There are gay people.	Also got gay vibes
B-HOM-076	HOM	92.14	97.69	5.55	68.71	82.87	14.16	0	0	0	这显卡价格真是辣鸡，还买什么啊	This graphics card is such a rip-off, why even buy it?	这显卡价格真是垃圾，还买什么啊	This graphics card price is truly awful, why even buy it?	This GPU price is really trash, why even buy it
B-HOM-077	HOM	56.07	61.02	4.95	57.70	62.19	4.49	0	100	100	我丢！上班路上刷到路边广告牌被“风”掀了个角，原来是京东618的整活！这波操作简直泰裤辣！	"I'm shook! I saw a roadside ad being ""blown over"" on my way to work, turns out it was JD.com's 618 promotion pulling a stunt! That move was seriously amazing!"	我丢！上班路上刷到路边广告牌被“风”掀了个角，原来是京东618的整活！这波操作简直太酷啦！	"I'm shook! I saw a roadside ad being ""blown over"" on my way to work, turns out it was JD.com's 618 promotion pulling a stunt! This move is seriously so cool!"	No way! On my way to work I saw a roadside billboard get lifted by the 'wind', turns out it was JD 618's stunt! This move is just too cool!
B-HOM-078	HOM	83.30	80.01	-3.28	70.46	66.06	-4.41	0	100	100	“泰酷辣”大人三周年	Ta Cool La's 3rd Anniversary	“太酷啦”大人三周年	Awesome, Happy 3rd Anniversary!	Third anniversary of Lord 'So Cool'
B-HOM-079	HOM	90.18	86.68	-3.50	52.68	54.38	1.71	0	0	0	前车：不二？	The car ahead: is there no other option?	前车：不是？	Really?	The car in front: Wait, what?
B-HOM-080	HOM	54.54	63.95	9.41	63.68	77.40	13.71	0	0	0	10店睡，身体还以为是午休呢，凌晨又把他们叫醒了	Ten stores dozed off, and their bodies still felt like it was a midday nap, but they were woken up again in the early morning.	10点睡，身体还以为是午休呢，凌晨又把他们叫醒了	Went to bed at 10, my body still thought it was a midday nap, and woke them up again in the early hours.	Going to sleep at 10, my body thought it was nap time, then woke me up at dawn
B-HOM-081	HOM	55.61	98.76	43.15	28.39	66.04	37.65	0	100	100	tree 波Q	tree wave	三杀	Triple kill	Triple kill
B-HOM-082	HOM	38.80	61.30	22.50	38.24	52.77	14.53	0	0	0	笑死我了粽横天虾至今一直在罚时闯过了零个关卡	That was hilarious! The shrimp is still diligently clearing levels.	笑死我了纵横天下至今一直在罚时闯过了零个关卡	I'm dying of laughter, having roamed the world and still spending time in detention after clearing zero levels.	Dying of laughter, the one who conquers the world has been in timeout, passing zero challenges
B-HOM-083	HOM	77.61	92.53	14.92	55.36	77.11	21.75	0	0	0	怎么达不溜小兵了	How can I not get past the little soldiers?	怎么打不了小兵了	Why can't you defeat minions anymore?	Why can't I target the minions?
B-HOM-084	HOM	90.58	98.26	7.68	81.57	82.44	0.87	0	100	100	！？雀潮？！	What?! A swarm of sparrows?!	！？雀巢？！	Nestlé?!	!? Nestle!?
B-HOM-085	HOM	100.00	100.00	0.00	81.48	84.66	3.18	0	0	0	此人知识面级广	This person has a broad range of knowledge.	此人知识面极广	This person has a very broad range of knowledge.	This person's knowledge is extremely broad
B-HOM-086	HOM	93.64	95.44	1.80	83.78	84.17	0.40	0	100	100	蛇：卧槽，怎么又是他	Snake: What the heck, it's him again?	蛇：我的天，怎么又是他	Snake: Oh my god, is it him again?	Snake: Oh my god, why is it him again
B-HOM-087	HOM	79.86	89.80	9.94	65.00	78.65	13.65	0	100	100	生物钟:补药呀！我才调整好	My body clock: herbal medicine, really! I just got it adjusted.	生物钟:不要呀！我才调整好	Biological clock: No, please! I've just adjusted.	Biological clock: No! I just got it adjusted
B-HOM-088	HOM	71.90	86.48	14.57	59.12	74.34	15.22	0	0	0	鸡本功来了，视频就有了。起飞！	The fundamentals are here, and the video will follow. Let's go!	基本功来了，视频就有了。起飞！	Fundamentals are here, the video is coming. Take off!	When the basic skills kick in, the video just takes off! Liftoff!
B-HOM-089	HOM	65.29	88.25	22.96	49.20	85.25	36.05	0	0	0	食不食油饼	Do you want to eat oil cakes?	是不是有病	Are you sick?	Are you out of your mind?
B-HOM-090	HOM	31.76	99.06	67.31	48.72	83.20	34.49	0	0	0	香精煎鱼食不食	Fragrant essence-steeped fish, not eaten.	想进监狱是不是	Do you want to go to prison?	Do you want to end up in prison?
B-HOM-091	HOM	75.41	93.11	17.70	72.47	83.28	10.82	0	0	0	立马去郊区浇筑一个刚进混凝土的地下堡垒	Immediately go to the suburbs and pour a newly arrived concrete underground bunker.	立马去郊区浇筑一个钢筋混凝土的地下堡垒	Immediately go to the suburbs and construct a reinforced concrete underground bunker.	Head to the suburbs right away and build an underground bunker with rebar concrete
B-HOM-092	HOM	89.26	94.10	4.84	52.06	71.87	19.81	0	0	0	鸡本功扎实	Solid fundamentals.	基本功扎实	Solid fundamentals	Solid basic skills
B-HOM-093	HOM	96.80	98.75	1.95	50.10	73.65	23.55	100	100	0	蚌不住了	Can't hold it in anymore.	绷不住了	Can't hold it anymore.	Can't hold it in anymore
B-HOM-094	HOM	85.43	96.46	11.03	67.59	81.86	14.27	0	100	100	冷芝士：袜子不是茶包	Ice cream: Socks are not tea bags.	冷知识：袜子不是茶包	Fun fact: Socks are not tea bags.	Fun fact: socks are not tea bags
B-HOM-095	HOM	92.12	91.96	-0.15	76.12	77.36	1.24	0	0	0	就说00这一套真的超级好看的，我可以安心的似了	Seriously, the 00 collection is absolutely gorgeous, I can finally relax.	就说00这一套真的超级好看的，我可以安心的死了	Seriously, the 00 collection is absolutely gorgeous, it makes me feel so at ease.	This 00 outfit is really super good-looking, I can finally rest in peace
B-NEO-002	NEO	95.37	95.55	0.18	83.11	83.51	0.40	100	100	0	我们不是供人围观的工具人！	We are not tools for people to gawk at!	我们不是供人围观的工具！	We are not tools for others to gawk at!	we're not tools for people to watch!
B-NEO-003	NEO	93.67	87.39	-6.28	78.27	78.63	0.36	0	100	100	又被割韭菜了，这理财产品全是坑	Got scammed again, these investment products are all traps.	又被宰了，这理财产品全是坑	Got ripped off again, these financial products are all scams.	I got ripped off again, this wealth management product is full of traps.
B-NEO-004	NEO	91.85	93.07	1.21	80.08	79.25	-0.83	0	0	0	品牌联名就是割韭菜，质量差价格高	Brand collaborations are just a way to fleece consumers – low quality, high price.	品牌联名就是坑人，质量差价格高	Branded collaborations are just a scam – low quality and high prices.	Co-branded products are just a way to rip off customers with poor quality and high prices.
B-NEO-005	NEO	91.07	94.25	3.18	75.00	83.76	8.76	0	100	100	别带节奏了，事情不是你想的那样	Don't stir things up, it's not as simple as you think.	别煽动舆论了，事情不是你想的那样	Don't stir up public opinion, the situation isn't as you think.	stop stirring things up, it's not what you think
B-NEO-006	NEO	94.24	96.63	2.40	78.55	82.15	3.60	0	0	0	评论区全是在带节奏的，真相没人关心	The comment section is just full of people trying to stir things up; no one cares about the truth.	评论区全是在煽动舆论的，真相没人关心	The comment section is just full of people stirring up public opinion; no one cares about the truth.	comments section full of people stirring drama, nobody cares about the truth
B-NEO-007	NEO	88.92	95.69	6.77	69.96	77.53	7.57	100	0	-100	杠精无处不在，说啥都要反驳	Argumentative people are everywhere, always contradicting everything.	抬杠的人无处不在，说啥都要反驳	People who love to argue are everywhere, and they contradict everything.	contrarians are everywhere, they rebut everything you say
B-NEO-008	NEO	99.76	87.54	-12.22	81.26	72.77	-8.50	100	0	-100	遇到杠精最好的办法就是不理他	The best way to deal with a contrarian is to ignore them.	遇到抬杠的人最好的办法就是不理他	The best way to deal with someone who's arguing just to argue is to ignore them.	the best way to deal with a contrarian is to ignore them
B-NEO-009	NEO	55.07	82.94	27.87	60.31	76.53	16.22	0	0	0	芭比Q了，半夜点外卖忘备注别敲门	Barbie is out (or having fun), and she forgot to leave a note when ordering takeout late at night, so don't knock.	完了，半夜点外卖忘备注别敲门	Finally, I ordered takeout late at night and forgot to add a note asking them not to knock.	I'm cooked, ordered delivery at midnight and forgot to leave a note saying don't knock
B-NEO-010	NEO	92.55	95.13	2.58	49.50	83.10	33.60	0	0	0	选择你的躲藏点，被抓到就芭比Q了	Choose your hiding spot, you're toast if you get caught.	选择你的躲藏点，被抓到就完了	Choose your hiding spot, get caught and it's over.	pick your hiding spot, if you get caught you're done for
B-NEO-011	NEO	77.70	91.20	13.49	67.26	77.47	10.21	0	0	0	看到肯德基9.9的那一刻，我的班味瞬间就没了	The moment I saw the KFC deal for 9.9, my appetite vanished.	看到肯德基9.9的那一刻，我的上班疲惫感瞬间就没了	Seeing that KFC deal for 9.9, my exhaustion from work instantly disappeared.	the moment I saw KFC 9.9, my work exhaustion instantly vanished
B-NEO-012	NEO	85.54	91.50	5.96	73.65	72.87	-0.78	0	0	0	人一旦染上班味，这辈子就去不掉了	Once you get the smell of office work on you, you'll never get rid of it in this lifetime.	人一旦染上上班的气息，这辈子就去不掉了	Once you get a taste of the working life, you can never truly shake it off.	once you catch the work vibe, it never leaves you
B-NEO-013	NEO	58.39	65.44	7.05	52.13	67.06	14.94	0	0	0	十多块的塔斯汀五件套，横扫我一天班味	A tasting set of a dozen or so items completely wiped away the workday taste.	十多块的塔斯汀五件套，横扫我一天上班的疲惫感	A set of ten or so Tassini items that sweep away the fatigue from my workday.	a 10-something yuan Tastien 5-piece meal wipes away my whole day of work fatigue
B-NEO-014	NEO	83.70	91.49	7.79	73.50	74.94	1.43	0	0	0	净化班味，用了这头像直接演绎出我的精神状态	Clearing up the class atmosphere, this avatar directly portrays my mental state.	净化上班的疲惫感，用了这头像直接演绎出我的精神状态	Clearing away the fatigue of work, this profile picture perfectly reflects my mental state.	cleansing away the work fatigue — this avatar perfectly captures my mental state
B-NEO-015	NEO	70.57	86.83	16.26	54.99	72.13	17.15	100	100	0	等等党赢麻了，建议收藏	"The ""wait-and-see"" party won big, recommended for saving/bookmarking."	等待降价的人赢得非常彻底，建议收藏	Those waiting for a price drop won big – highly recommend saving it.	the wait-for-a-deal crew won big time, saving this
B-NEO-016	NEO	84.56	92.72	8.16	53.22	74.18	20.96	100	0	-100	看似输了实际赢麻了	Seemingly lost, actually won big.	看似输了实际赢得非常彻底	Appears to have lost, but actually won decisively.	looks like they lost but actually won big
B-NEO-017	NEO	87.25	81.31	-5.94	59.18	71.81	12.63	100	0	-100	纯爱战神轰然倒地	The Pure Love War God crashes to the ground.	只支持纯爱的人轰然倒地	Only those who support pure love collapse to the ground.	the pure love warrior has fallen
B-NEO-018	NEO	93.71	98.14	4.43	72.70	83.73	11.03	0	0	0	谨以此片献给每一位纯爱战神	This film is dedicated to every pure-hearted warrior of love.	谨以此片献给每一位只支持纯爱的人	This film is dedicated to everyone who believes in pure love.	dedicating this film to every pure love warrior out there
B-NEO-019	NEO	91.92	96.23	4.31	66.67	86.49	19.82	0	100	100	兄弟们我润美国了	Guys, I've made it to America.	兄弟们我移民美国了	Guys, I immigrated to the United States.	bros I emigrated to the US
B-NEO-020	NEO	87.48	95.62	8.14	62.56	78.73	16.17	0	100	100	公司要黄了的5个征兆，当公司开始严抓考勤，你该考虑润了	5 signs your company is going under – when they start cracking down on attendance, it's time to get out.	公司要黄了的5个征兆，当公司开始严抓考勤，你该考虑跑了	5 signs your company is going under: when they start cracking down on attendance, it's time to leave.	5 signs your company is going under, when they start cracking down on attendance, you should consider bouncing
B-NEO-021	NEO	92.10	90.70	-1.40	74.54	79.14	4.59	0	0	0	赛博朋克2077，极致嘴臭极致享受	Cyberpunk 2077: Extreme profanity, extreme enjoyment.	赛博朋克2077，极致骂人极致享受	Cyberpunk 2077: Extreme cursing, extreme enjoyment.	Cyberpunk 2077, ultimate trash talk ultimate enjoyment
B-NEO-023	NEO	93.77	97.76	3.98	75.97	76.69	0.73	100	0	-100	孙红雷演技炸裂，20万人打出7.5分	Sun Honglei's acting was explosive, earning a score of 7.5 from 200,000 viewers.	孙红雷演技极其震撼，20万人打出7.5分	Sun Honglei's acting is incredibly impressive, receiving a score of 7.5 from 200,000 viewers.	Sun Honglei's acting is absolutely insane, 200k people rated 7.5
B-NEO-024	NEO	86.79	91.67	4.89	64.11	69.48	5.37	100	100	0	赛博诵经让老外陷入疯狂	Cyber chanting sends foreigners into a frenzy.	虚拟诵经让老外陷入疯狂	Virtual chanting sends foreigners into a frenzy.	cyber chanting is driving foreigners crazy
B-NEO-025	NEO	85.50	86.04	0.55	64.40	56.70	-7.70	100	0	-100	国庆宅家的赛博生活	Cyber life spent at home during the National Day holiday.	国庆宅家的虚拟网络生活	National Day stay-at-home virtual online life	National Day stay-at-home cyber life
B-NEO-026	NEO	51.94	50.90	-1.04	60.39	66.60	6.20	100	100	0	高考第一批显眼包出现了，青蛙玩偶花式助阵	The first wave of attention-seekers for the Gaokao has emerged, with plush frog mascots providing stylish support.	高考第一批爱出风头的人出现了，青蛙玩偶花式助阵	The first group of attention-seekers for the Gaokao have emerged, with plush frog toys providing stylish support.	the first batch of attention-seekers at the college entrance exam showed up, frog mascots cheering in style
B-NEO-027	NEO	70.00	94.04	24.05	72.71	74.53	1.81	0	100	100	电子榨菜输出中，午饭点准时到	Electronic pickle exports are underway, lunch will arrive promptly at noon.	适合吃饭时看的视频输出中，午饭点准时到	Perfect for watching while eating, the video arrives right on time for lunchtime.	my mealtime video is on, right on time for lunch
B-NEO-028	NEO	92.67	94.45	1.78	75.99	81.64	5.65	0	100	100	这个综艺太下饭了，一口气看完	This variety show is so addictive, I watched it all in one go.	这个综艺太适合吃饭时看了，一口气看完	This variety show is perfect to watch while eating, and I watched it all in one go.	this variety show is perfect meal content, binged the whole thing
B-NEO-029	NEO	69.86	65.89	-3.97	61.92	59.56	-2.36	100	0	-100	发疯文学必备文案，笑死我了	"Absolutely hilarious copywriting for ""crazy literature,"" I'm dying laughing."	宣泄式文字表达必备文案，笑死我了	Hilarious copywriting for cathartic expression.	must-have lines for unhinged-rant posting, I'm dying laughing
B-NEO-030	NEO	98.15	99.94	1.80	82.15	83.86	1.71	0	100	100	社恐人的噩梦，大型聚会	A social anxiety sufferer's nightmare, a large gathering.	社交恐惧症患者的噩梦，大型聚会	Large gatherings—a nightmare for those with social anxiety.	a socially anxious person's worst nightmare, a huge gathering
B-NEO-031	NEO	88.00	92.88	4.87	73.33	79.41	6.08	0	100	100	找不到原剧了，这个当代餐先看	Can't find the original drama, so let's watch this contemporary one first.	找不到原剧了，这个当替代品先看	Can't find the original drama, so watching this as a substitute for now.	can't find the original, using this as a substitute for now
B-NEO-032	NEO	87.24	87.63	0.39	77.38	71.27	-6.11	0	0	0	花2000买nike感觉自己好像大冤种	Spending 2000 yuan on Nikes feels like a total rip-off.	花2000买nike感觉自己好像大冤大头	Spending 2000 yuan on Nikes feels like I got completely ripped off.	spent 2k on nikes feeling like a total sucker
B-NEO-033	NEO	89.86	91.78	1.92	74.67	78.10	3.43	0	0	0	腾讯这波泄密直接破防了，317万说没就没	Tencent's latest data leak completely shattered trust; 3.17 million users vanished without a trace.	腾讯这波泄密直接崩溃了，317万说没就没	Tencent's latest data leak has caused a complete collapse; 3.17 million users vanished without a trace.	Tencent's leak move really triggered a breakdown, 3.17 million gone just like that
B-NEO-034	NEO	60.65	84.36	23.72	67.47	74.07	6.60	0	100	100	梅老板今年真可怜，这么强的个人发挥啥没有得到	Mr. Mei really feels sorry this year; despite such strong individual performance, he hasn't gotten anything.	梅西今年真可怜，这么强的个人发挥啥没有得到	Messi feels so pitiful this year, despite his incredible individual performance, he hasn't gotten anything.	Messi had a rough year insane individual performance but got nothing
B-NEO-035	NEO	58.57	56.35	-2.22	60.96	59.76	-1.20	0	0	0	吃瓜吃到自己头上了，腾讯泄密员工就是本人	Eating gossip until it landed on your own head – Tencent leak confirms the employee was the one who leaked it.	看热闹看到自己头上了，腾讯泄密员工就是本人	Watching the spectacle until it hits you – the Tencent data leak confirms the employee is the one who leaked it.	I was following the drama, only to realize I’m the Tencent staff member who leaked the information
B-NEO-036	NEO	80.49	88.61	8.12	46.85	77.60	30.75	0	0	0	别搁这凡尔赛了，显摆啥呢	Stop acting like that, showing off.	别搁这炫耀了，显摆啥呢	Stop showing off. What are you trying to flaunt?	stop humble bragging already what are you flexing
B-NEO-037	NEO	98.32	99.12	0.80	83.21	84.70	1.50	0	0	0	显卡市场太内卷了，价格涨得离谱	The graphics card market is way too competitive, and the prices are skyrocketing.	显卡市场竞争太激烈了，价格涨得离谱	The graphics card market is too competitive, and the prices are outrageous.	The GPU market is hyper-competitive, prices rising outrageously
B-NEO-038	NEO	86.21	73.09	-13.12	69.15	49.90	-19.26	0	0	0	这帖子水分太大，灌水灌的	This post is full of fluff and nonsense.	这帖子水分太大，刷帖刷的	This post is full of fluff and clearly boosted with fake engagement.	this post is so watered down pure spam
B-NEO-039	NEO	77.05	92.62	15.57	57.01	75.72	18.70	0	0	0	打工人看完317万年终奖直接躺平了	The worker, after receiving their year-end bonus of 3.17 million, immediately decided to opt out of the rat race.	打工人看完317万年终奖直接放弃了	The worker quit after receiving their year-end bonus of 3.17 million.	Workers gave up striving after seeing the 3.17 million year-end bonus.
B-NEO-040	NEO	82.52	93.17	10.64	72.63	79.97	7.33	0	0	0	这剧情给我整破防了	This plot really messed me up.	这剧情给我整崩溃了	This plot completely messed me up.	this plot totally broke me fr fr
B-NEO-041	NEO	78.94	93.28	14.34	58.75	79.76	21.01	100	0	-100	这员工凡尔赛式晒年终奖，结果翻车了	This employee tried to humblebrag about their year-end bonus but failed spectacularly.	这员工炫耀式晒年终奖，结果翻车了	This employee boasted about their year-end bonus and it backfired.	This employee flaunted their year-end bonus in a humble-brag way, and it backfired
B-NEO-042	NEO	95.80	98.94	3.13	57.04	79.34	22.30	0	0	0	这手机信号拉胯到离谱	This phone signal is ridiculously bad.	这手机信号差到离谱	The cell service is ridiculously bad.	this phone signal is garbage to an absurd degree
B-NEO-043	NEO	78.87	97.87	19.00	75.14	84.88	9.74	0	0	0	你这个行为真的很下头	That behavior of yours is really low.	你这个行为真的很扫兴	Your behavior is really disappointing.	your behavior is such a turnoff rn
B-NEO-044	NEO	80.81	78.38	-2.44	75.57	76.01	0.44	100	100	0	赛里木湖这事太下头了，景区管理太离谱	This Sayram Lake situation is really disappointing, and the tourist area management is ridiculous.	赛里木湖这事太让人失望了，景区管理太离谱	Sayram Lake was such a disappointment, the tourist area management was completely unreasonable.	The Sarim Lake incident is too disappointing, scenic area management is outrageous
B-NEO-045	NEO	91.44	71.96	-19.48	73.92	70.84	-3.08	0	0	0	他这个人好油腻	He's so greasy.	他这个人好油滑	He's very oily.	this guy is so sleazy ick
B-NEO-046	NEO	89.09	94.77	5.68	50.20	78.26	28.06	0	0	0	没绷住破绷了	Couldn't hold it in anymore.	没绷住笑了	Couldn't hold back a laugh.	couldn't hold it in and totally lost it laughing
B-NEO-047	NEO	88.65	89.00	0.35	73.82	78.17	4.35	0	100	100	中国女排逆转美国，这波操作太上头了	The Chinese women's volleyball team overcame the US team, that was an incredible comeback!	中国女排逆转美国，这波操作太让人激动了	The Chinese women's volleyball team overcame the United States, that play was so exciting!	China women's volleyball reversed against USA, this move is so hype
B-NEO-048	NEO	91.66	84.94	-6.73	70.18	56.36	-13.81	0	0	0	天天水经验，也不发点有用的帖子	Every day gaining experience, but not posting anything useful.	天天刷经验，也不发点有用的帖子	Grinding experience every day, but not posting anything useful.	farming XP every day never posting anything useful
B-NEO-049	NEO	97.11	98.96	1.85	68.19	65.13	-3.06	100	100	0	这主播开挂实锤了，封号吧	This streamer has been confirmed to be cheating, ban them.	这主播作弊实锤了，封号吧	This streamer has been caught cheating, ban them.	this streamer is confirmed cheating, ban them
B-NEO-050	NEO	98.23	85.61	-12.63	80.63	75.64	-4.99	100	100	0	内耗太严重了	Internal friction is too severe.	内部消耗太严重了	Internal consumption is too severe.	internal friction is too serious smh
B-NEO-051	NEO	93.35	87.07	-6.28	50.20	68.36	18.15	0	0	0	互联网嘴替实锤	Internet mouthpiece exposed.	互联网代言人实锤	Internet celebrity endorsement confirmed.	confirmed internet mouthpiece
B-NEO-052	NEO	23.18	41.28	18.10	41.06	49.98	8.92	0	0	0	无职孝子还在嘴硬洗，服了	Still stubbornly denying it, the jobless son is washing himself – I'm defeated.	无职盲目辩护者还在嘴硬洗，服了	Still stubbornly defending without a job, and trying to whitewash it – unbelievable.	Mushoku Tensei stans still hard-stanning give up
B-NEO-053	NEO	80.45	96.04	15.59	62.11	78.66	16.56	0	0	0	双持党表示苹果和华为都不够用	Dual-wielders say that neither Apple nor Huawei is enough.	同时用两部手机的人表示苹果和华为都不够用	People who use two phones at the same time say that neither Apple nor Huawei is enough.	dual-phone gang saying neither Apple nor Huawei is enough
B-NEO-054	NEO	76.62	73.45	-3.17	28.65	65.09	36.44	0	0	0	被种草了	I've been influenced/persuaded to want something.	被推荐心动了	My heart fluttered when I was recommended.	got recommended I'm tempted to buy
B-NEO-055	NEO	83.17	95.67	12.50	37.60	71.27	33.67	0	0	0	拔草了不买	Tried it and didn't buy.	打消购买念头了不买	Changed my mind, not buying it.	nah I'm not buying
B-NEO-056	NEO	85.03	89.24	4.21	46.85	85.04	38.19	0	0	0	他好会整活	He's really good at creating buzz/stirring things up.	他好会搞怪	He's so mischievous.	he's so good at being funny lol
B-NEO-057	NEO	95.52	98.70	3.18	81.85	83.36	1.50	0	0	0	这个太炸了	This is amazing!	这个太震撼了	This is so shocking.	this is too insane
B-NEO-058	NEO	70.78	78.89	8.12	37.93	43.13	5.20	100	100	0	景区打人还理直气壮的，真是绝绝子	Absolutely outrageous.	景区打人还理直气壮的，真是绝了	Absolutely outrageous.	Beating people at a scenic spot and still acting righteous, truly absolutely outrageous
B-NEO-059	NEO	90.75	92.59	1.84	68.21	83.96	15.74	0	0	0	破防了	My defenses are down.	心理防线崩溃了	Psychological defenses collapsed.	I'm emotionally broken
B-NEO-060	NEO	97.94	100.00	2.06	62.27	85.96	23.69	0	100	100	这个太上头了	This is too addicting.	这个太上瘾了	This is so addictive.	this is too addictive can't stop
B-NEO-061	NEO	85.75	97.12	11.37	74.05	85.94	11.89	0	100	100	他好会营业	He's really good at marketing/sales.	他好会讨好粉丝	He's very good at pleasing fans.	he's so good at playing to his fans
B-NEO-062	NEO	93.54	91.33	-2.21	59.01	78.50	19.49	0	0	0	香港🇭🇰打车有这么卷吗？又难？	Is it really that competitive to get a taxi in Hong Kong? And is it difficult too?	香港🇭🇰打车竞争有这么激烈吗？又难？	Is the taxi competition in Hong Kong 🇭🇰 this fierce? And difficult?	is getting a taxi in HK this intense? so hard?
B-NEO-063	NEO	87.54	87.02	-0.52	73.42	78.41	4.98	0	0	0	这帖子纯纯的钓鱼经验，别当真	This post is purely a fishing for attention tactic, don't take it seriously.	这帖子纯纯的骗经验，别当真	This post is purely for gaining experience, don't take it seriously.	this post is pure bait for engagement don't fall for it
B-NEO-064	NEO	86.05	95.60	9.55	68.13	77.56	9.43	0	0	0	纯纯的牛马人生	A simple, ordinary life.	纯纯的打工人人生	A purely hardworking life.	pure wage slave life
B-NEO-065	NEO	78.96	98.71	19.75	78.38	86.14	7.76	0	0	0	是我不够糖吗	Am I not sweet enough?	是我不够傻吗	Am I not foolish enough?	am I not dumb enough? bruh
B-NEO-066	NEO	100.00	100.00	0.00	85.35	86.44	1.09	100	100	0	这何意味啊	What does it mean?	这什么意思啊	What does this mean?	what does this even mean
B-NEO-067	NEO	66.07	94.94	28.87	29.22	39.62	10.40	0	100	100	摆烂了，爱咋咋地	Whatever happens, happens.	放弃了，爱咋咋地	I've given up, whatever happens, happens.	I give up whatever happens happens
B-NEO-068	NEO	81.33	86.12	4.80	50.92	66.69	15.77	100	100	0	摆烂一天算了	Let it be.	放弃一天算了	Let it go for today.	let me rot for a day whatever
B-NEO-069	NEO	94.76	96.79	2.03	55.33	71.58	16.25	0	0	0	内卷太严重了，打工人伤不起	The competition is too intense, and it's exhausting for workers.	过度竞争太严重了，打工人伤不起	The competition is too fierce, and it's exhausting for workers.	the rat race is too intense workers can't take it
B-NEO-070	NEO	96.49	93.12	-3.37	67.28	77.84	10.56	0	0	0	这波操作属实逆天了	This move is truly unbelievable.	这波操作属实超乎想象了	This move was truly beyond imagination.	this play is straight up insane
B-NEO-071	NEO	55.41	65.49	10.08	33.35	45.64	12.29	0	0	0	内卷到头秃，躺平又心慌	Burning out from overachieving, yet anxious about doing nothing.	过度竞争到头秃，躺平又心慌	Burning yourself out from overcompetition, then feeling anxious about doing nothing.	rat race till you're bald quit competing but still anxious
B-NEO-072	NEO	68.87	95.36	26.49	75.66	84.29	8.63	0	0	0	不是哥们儿	Not my friend.	不是吧，哥们儿	No way, dude.	no way bro come on
B-NEO-073	NEO	97.30	96.56	-0.74	83.71	80.05	-3.66	100	100	0	说出一个旅游热度很低但实际很夯的城市	Name a city that's not very popular as a tourist destination but is actually quite thriving.	说出一个旅游热度很低但实际很高的城市	Name a city that's not very popular as a tourist destination, but is actually quite amazing.	name a city that's low-key but actually great
B-NEO-074	NEO	82.02	91.08	9.07	45.63	69.68	24.04	0	0	0	这波操作直接拉胯了	This move completely messed things up.	这波操作直接失常了	This move was a complete disaster.	this play literally underperformed
B-NEO-075	NEO	67.47	86.41	18.93	59.78	64.50	4.71	0	0	0	这操作绝绝子，直接给我整不会了	This move is absolutely incredible, it's completely blown my mind.	这操作绝佳，直接给我整不会了	This move is incredible, it completely blew me away.	this play is amazing left me speechless
B-NEO-076	NEO	62.13	75.35	13.22	72.69	72.34	-0.35	100	0	-100	谁能能理解这种崩溃的心情，辛辛苦苦备考许久，就等着政审上岸，结果栽在了学历断层上	Who can understand this feeling of despair? After working so hard to prepare for the exam, just waiting to pass the political review and get ashore, only to be tripped up by an educational background gap.	谁能能理解这种崩溃的心情，辛辛苦苦备考许久，就等着政审成功，结果栽在了学历断层上	Who can understand this feeling of despair? After working so hard to prepare for the exam, all you needed was a successful political review, but you were tripped up by the educational background gap.	who understands this despair? prepped for ages waiting to pass the political review only to get rejected by an education gap
B-NEO-077	NEO	82.83	95.14	12.31	73.65	81.97	8.32	0	100	100	为什么留子都不爱和老外谈？	Why don't young people like to talk to foreigners?	为什么留学生都不爱和老外谈？	Why don't international students like to talk to foreigners?	why don't international students like dating foreigners? real talk
B-NEO-078	NEO	74.52	91.58	17.06	72.03	73.67	1.64	0	0	0	哈包穿上衣服不习惯了	Haba doesn't feel used to wearing clothes anymore.	哈兰德穿上衣服不习惯了	Haaland isn't used to wearing clothes.	not used to Haaland wearing clothes
B-NEO-079	NEO	76.77	92.56	15.78	60.60	65.77	5.17	0	0	0	洗澡5分钟老公社死一整年	Taking a 5-minute shower mortified my husband for an entire year.	洗澡5分钟老公社会性死亡一整年	Taking a 5-minute shower led to a year of social isolation for my husband.	5-min shower and my husband is socially dead for a whole year rip
B-NEO-080	NEO	81.50	85.18	3.68	40.67	39.35	-1.32	0	0	0	直接破防了家人们	That really hit me hard, fam.	直接心态失控了家人们	I completely lost it, fam.	totally broke down mentally fam
B-NEO-081	NEO	94.42	98.44	4.03	76.23	80.29	4.05	100	100	0	月薪不够5w不能这么活	A monthly salary of less than 50,000 (yuan) isn't enough to live like this.	月薪不够5万不能这么活	Living like this isn't possible with a salary under 50,000 yuan a month.	Can't live like this if monthly salary isn't even 50k
B-NEO-082	NEO	54.96	71.63	16.67	61.74	80.00	18.27	0	0	0	爷青回	Grandpa’s youth is back.	爷的青春回来了	My youth is back.	Nostalgia hits hard.
B-NEO-083	NEO	34.06	100.00	65.94	38.42	86.97	48.54	0	0	0	难他天？	What a difficult sky!	难道他真的是天才？	Could it be that he's really a genius?	Turns out he's a genius?
B-NEO-084	NEO	91.86	99.12	7.26	48.49	83.09	34.61	0	0	0	基操	Basic operation	基本操作	Basic operations	Just basic mechanics
B-NEO-085	NEO	69.40	72.20	2.80	56.85	70.84	13.98	0	0	0	你这肯定是低段位炸鱼罢了	This is definitely just a low-skill fried fish.	你这肯定是低段位欺负水平差的玩家罢了	You're just taking advantage of lower-ranked players because you're not good enough.	You must be just smurfing in low rank
B-NEO-086	NEO	90.40	93.71	3.31	75.33	81.24	5.91	100	100	0	刘宇宁一周不直播，棚友集体受不了！想念到发疯	Liu Yuning hasn't streamed for a week, and his fans are going crazy with missing him!	刘宇宁一周不直播，粉丝集体受不了！想念到发疯	Liu Yuning hasn't streamed for a week, and his fans can't take it anymore! They miss him to the point of going crazy.	Liu Yuning hasn’t streamed for a week, all his fans can’t stand it and miss him terribly.
B-PYA-001	PYA	97.40	96.76	-0.63	71.70	74.48	2.79	0	100	100	xql日常太甜了，羡慕死了	Their daily life is so sweet, it makes me incredibly jealous.	小情侣日常太甜了，羡慕死了	Their everyday couple life is so sweet, it makes me incredibly jealous.	this couple's daily life is too sweet, I'm so jealous
B-PYA-003	PYA	88.28	98.43	10.15	80.39	77.60	-2.79	0	100	100	xql之间的默契真的绝了	The chemistry between xql is truly amazing.	小情侣之间的默契真的绝了	The chemistry between couples is truly amazing.	the chemistry between this couple is insane
B-PYA-004	PYA	96.49	99.03	2.54	60.78	80.17	19.39	100	100	0	全网最甜xql非他们莫属	The sweetest couple across the internet is undoubtedly them.	全网最甜小情侣非他们莫属	They are undoubtedly the sweetest couple online.	the sweetest couple on the internet has to be them
B-PYA-005	PYA	90.59	97.99	7.40	76.57	82.79	6.22	0	0	0	看到别人去欧洲旅游的照片，xmsl	Seeing photos of others traveling to Europe, xmsl	看到别人去欧洲旅游的照片，羡慕死了	I'm so jealous seeing pictures of others traveling to Europe.	Seeing photos of others traveling in Europe makes me so envious.
B-PYA-007	PYA	87.31	96.00	8.69	78.34	80.28	1.94	0	100	100	新剧gkd！等不及了	New drama gkd! Can't wait!	新剧搞快点！等不及了	Hurry up with the new series! I can't wait.	hurry up with the new drama! can't wait
B-PYA-009	PYA	96.56	99.88	3.32	66.19	80.97	14.79	0	100	100	xgg们推荐一下好用的手机呗	Could you recommend some good phones?	小哥哥们推荐一下好用的手机呗	Guys, can you recommend a good phone?	boys recommend some good phones pls
B-PYA-010	PYA	99.17	98.62	-0.55	77.64	85.61	7.97	100	0	-100	这个xgg好帅，求联系方式	This guy is so handsome, please give me his contact information.	这个小哥哥好帅，求联系方式	This young man is so handsome, please give me his contact information.	this guy is so handsome, asking for his contact
B-PYA-011	PYA	95.59	93.67	-1.92	67.37	71.18	3.82	0	0	0	jrm帮我看看这个怎么选	Could you help me figure out how to choose this?	家人们帮我看看这个怎么选	Everyone, could you help me figure out which one to choose?	fam help me figure out which one to pick
B-PYA-012	PYA	97.59	90.55	-7.04	77.58	75.05	-2.53	0	0	0	jrm今天发生了一件离谱的事	Something ridiculous happened today.	家人们今天发生了一件离谱的事	Everyone, something ridiculous happened today.	fam something wild happened today
B-PYA-013	PYA	90.66	95.50	4.84	74.50	80.23	5.73	0	0	0	8u们觉得这配置怎么样	What do you think of this configuration?	吧友们觉得这配置怎么样	What do you guys think of this configuration?	what do you tieba folks think of this setup?
B-PYA-014	PYA	91.98	92.09	0.11	76.83	82.29	5.46	0	0	0	王虹yyds！中国数学家终于拿到菲尔兹奖了	Wang Hong is the best! A Chinese mathematician has finally won the Fields Medal.	王虹永远的神！中国数学家终于拿到菲尔兹奖了	Wang Hong is forever a legend! A Chinese mathematician has finally won the Fields Medal.	Wang Hong is the GOAT! A Chinese mathematician finally won the Fields Medal
B-PYA-015	PYA	84.53	94.96	10.43	62.64	73.38	10.74	0	100	100	这条rs怎么还没上	How come this RS hasn't been released yet?	这条热搜怎么还没上	How come this trending topic hasn't appeared yet?	why isn't this trending yet
B-PYA-016	PYA	59.36	80.48	21.11	46.51	59.26	12.75	0	0	0	xswl，陈哲远在密逃里也太搞笑了吧	That's hilarious, Chen Zhe is so funny even in Among Us!	笑死我了，陈哲远在密逃里也太搞笑了吧	Chen Zheyuan is so hilarious, even in Secret Rooms!	Lmao, Chen Zheyuan is just too funny in Great Escape
B-PYA-017	PYA	87.87	95.33	7.45	78.91	80.48	1.56	0	100	100	14个月正是穿lulu的时候	Fourteen months is the perfect time to wear Lulu.	14个月正是穿Lululemon的时候	Fourteen months is the perfect time to wear Lululemon.	14 months is prime Lululemon season
B-PYA-018	PYA	92.85	84.69	-8.16	81.73	66.21	-15.51	0	0	0	dd，中国女排3比2逆转美国太牛了	Wow, the Chinese women's volleyball team's 3-2 comeback victory over the United States was amazing!	顶顶，中国女排3比2逆转美国太牛了	Dingding, the Chinese women's volleyball team's 3-2 comeback victory over the United States was amazing!	Bump, China women's volleyball 3-2 comeback against USA is amazing
B-PYA-019	PYA	95.32	96.45	1.14	78.61	78.76	0.15	0	0	0	rt，大家帮我看看这手机值不值	Hey everyone, can you help me see if this phone is worth it?	如图，大家帮我看看这手机值不值	As you can see in the picture, can everyone help me see if this phone is worth it?	see pic help me check if this phone is worth it
B-PYA-020	PYA	86.38	88.33	1.95	82.59	78.23	-4.36	0	0	0	jrs怎么看腾讯这个泄密处理？	How does JRS view Tencent's handling of this data leak?	家人们怎么看腾讯这个泄密处理？	What do you all think about Tencent's handling of this data leak?	Fam, what do you think of Tencent's leak handling?
B-PYA-021	PYA	78.90	72.58	-6.32	62.68	72.84	10.16	0	0	0	srds，赛里木湖打人这事不能就这么算了	This incident at Sayram Lake where someone was assaulted can't just be let go like this.	虽然但是，赛里木湖打人这事不能就这么算了	Although there are mitigating circumstances, the incident of someone being assaulted at Sayram Lake cannot be simply brushed aside.	Be that as it may, the Sarim Lake beating incident can't just be let go like this
B-PYA-022	PYA	87.50	89.20	1.70	54.39	74.92	20.53	0	0	0	白色真是yyds	White is truly amazing.	白色真是永远的神	White is truly eternal.	white is truly the GOAT
B-PYA-023	PYA	96.56	96.87	0.32	74.85	77.91	3.05	0	100	100	u1s1，317万年终奖确实让人眼红	The year-end bonus of 3.17 million is definitely making people envious.	有一说一，317万年终奖确实让人眼红	To be honest, a year-end bonus of 3.17 million is definitely making people envious.	To be honest, a 3.17 million year-end bonus does make people envious
B-PYA-024	PYA	93.98	96.02	2.04	80.20	80.71	0.51	0	100	100	XHS上好多人在讨论	Many people are discussing this on XHS.	小红书上好多人在讨论	Many people are discussing it on Xiaohongshu.	so many people talking about it on Xiaohongshu
B-PYA-025	PYA	77.72	95.41	17.69	64.41	74.13	9.72	0	0	0	显卡涨价这消息直接让我blx了	This news about the graphics card price increase straight-up made me speechless/shocked/lose my words.	显卡涨价这消息直接让我玻璃心了	This news about the graphics card price increase really shattered my heart.	The GPU price hike news really triggered my fragile heart
B-PYA-026	PYA	71.79	75.62	3.82	42.82	52.53	9.71	0	0	0	好好好 好一个kpop拉子(bushi)	"Okay, here's the translation:

That's pretty good, a K-pop fan (not really)."	好好好 好一个kpop拉子(不是)	"Okay, here's the translation:

Good, good, what a K-pop fan (not)!"	ok ok ok what a kpop lesbian (not)
B-PYA-027	PYA	74.98	85.87	10.89	64.32	75.94	11.62	0	0	0	某些景区管理真是yygq，表面道歉背后照样	Some scenic area management is truly speechless; they offer superficial apologies while continuing as before.	某些景区管理真是阴阳怪气，表面道歉背后照样	Some scenic area management is truly insincere and hypocritical, offering apologies on the surface while continuing as before.	Some scenic area management is really passive-aggressive, apologizing on the surface but same behind the scenes
B-PYA-028	PYA	74.57	76.25	1.68	58.25	73.04	14.79	0	0	0	nb！这个操作太秀了	Wow, that was amazing!	牛逼！这个操作太秀了	Awesome! That was so slick.	Sick move! Absolute W
B-PYA-029	PYA	76.58	82.72	6.15	65.99	72.76	6.77	0	100	100	50亿离婚案的瓜我吃了，dbq我不站队	I've followed the gossip about the 5 billion yuan divorce case, and I'm not taking sides.	50亿离婚案的瓜我吃了，对不起我不站队	I've gotten the scoop on the 5 billion yuan divorce drama, and I'm sorry, I'm not taking sides.	I’ve followed the 5-billion divorce drama, sorry, I’m not taking sides.
B-PYA-030	PYA	91.40	91.80	0.40	59.23	61.43	2.21	100	100	0	这就是尊贵的b站用户🤣🤣🤣	This is for our esteemed Bilibili users! 😂😂😂	这就是尊贵的B站用户🤣🤣🤣	This is for our esteemed Bilibili users! 😂😂😂	this is what being a distinguished Bilibili user looks like 🤣🤣🤣
B-PYA-031	PYA	88.86	91.32	2.47	58.62	76.88	18.27	0	0	0	王虹从垫底到菲尔兹奖，这波直接nb	Wang Hong's journey from the bottom to the Fields Medal is simply incredible.	王虹从垫底到菲尔兹奖，这波直接牛逼	Wang Hong's journey from the bottom to the Fields Medal is simply incredible.	Wang Hong from bottom to Fields Medal, this move is just insane
B-PYA-032	PYA	95.19	96.58	1.39	67.33	76.22	8.89	0	0	0	xjj们推荐一下好用的手机呗	Could you recommend some good phones?	小姐姐们推荐一下好用的手机呗	Could you recommend some good phones?	girls recommend some good phones pls
B-PYA-033	PYA	89.97	95.40	5.43	73.36	66.65	-6.71	0	100	100	bl粉丝太能控评了	BL fans are really good at controlling comments.	白鹿粉丝太能控评了	Bai Lu's fans are really good at controlling comments.	Bai Lu fans are too good at controlling the comments
B-PYA-034	PYA	92.18	80.58	-11.60	79.34	78.08	-1.26	0	0	0	会聊天的男生真的yyds	Guys who are good at chatting are seriously the best.	会聊天的男生真的永远的神	Guys who can chat are truly legendary.	guys who can flirt are truly the GOAT
B-PYA-035	PYA	88.09	87.83	-0.27	75.74	79.74	3.99	0	0	0	哈哈哈哈哈哈哈笑死，我们00真的老kpop人了	LOL, we're seriously old K-pop fans.	哈哈哈哈哈哈哈笑死，我们2000年后出生的人真的老kpop人了	LOL, people born after 2000 are seriously old K-pop fans.	lmaooo us Gen Z are such veteran kpop fans
B-PYA-036	PYA	84.91	74.33	-10.57	69.89	75.87	5.97	0	0	0	减脂党狂喜！番茄鸡蛋燕麦粥yyds	Weight loss enthusiasts rejoice! Tomato and egg oatmeal is the best!	减脂党狂喜！番茄鸡蛋燕麦粥永远的神	Weight-loss enthusiasts rejoice! Tomato and egg oatmeal is eternally divine.	diet crew rejoice! tomato egg oatmeal is the GOAT
B-PYA-037	PYA	93.19	94.10	0.91	79.79	75.29	-4.50	0	0	0	jrs帮我看看这鱼竿行不行	JRS, can you take a look and see if this fishing rod is any good?	家人们帮我看看这鱼竿行不行	Hey everyone, can you take a look and tell me if this fishing rod is any good?	fam help me check if this fishing rod is any good
B-PYA-038	PYA	85.10	81.08	-4.03	60.88	77.54	16.66	0	0	0	一个会调情的男生真的YYDS	A flirtatious boy is truly the best.	一个会调情的男生真的永远的神	A boy who can flirt is truly legendary.	a guy who knows how to flirt is truly the GOAT
B-PYA-039	PYA	96.59	100.00	3.41	55.77	83.42	27.66	0	0	0	bdjw这个怎么用	How do you use this?	不懂就问这个怎么用	If you don't understand, just ask how to use it.	asking cuz idk how do I use this
B-PYA-040	PYA	76.84	86.04	9.20	70.37	80.45	10.08	0	100	100	蓝盈莹第一场戏好像就是撞棺紫砂	Lan Yingying's first scene seems to be bumping into a purple clay coffin.	蓝盈莹第一场戏好像就是撞棺自杀	Lan Yingying's first scene seems to be about crashing into a coffin and committing suicide.	Lan Yingying's first scene was literally suicide by coffin smash
B-PYA-041	PYA	93.79	88.65	-5.14	78.30	68.83	-9.47	0	0	0	泰奶+Gelato yyds！！！	Thai milk tea + Gelato is amazing!	泰奶+Gelato 永远的神！！！	Thai milk tea + Gelato forever!	Thai milk tea + Gelato is the GOAT!!!
B-PYA-042	PYA	82.77	90.50	7.73	49.60	64.22	14.62	0	0	0	yygq什么呢，有话直说不行吗	What are you beating around the bush for? Can't you just say what you want to say?	阴阳怪气什么呢，有话直说不行吗	Why are you being so coy and mysterious? Can't you just say what you want to say?	what are you being passive-aggressive about just say it straight
B-PYA-043	PYA	87.63	93.98	6.35	67.42	64.31	-3.11	0	0	0	zqsg追星好累	Chasing stars is so tiring.	真情实感追星好累	It's really tiring to genuinely chase after stars.	chasing idols with genuine feelings is exhausting
B-PYA-044	PYA	79.62	78.92	-0.71	62.46	80.63	18.18	0	0	0	u1s1，这个视频做得真好	This video is really well done.	有一说一，这个视频做得真好	To be honest, this video is really well-made.	Fr, this video slaps
B-PYA-045	PYA	66.95	58.97	-7.98	56.62	61.08	4.46	0	0	0	别再吃麻辣烫！干拌麻辣拌才是yyds	Stop eating mala tang! Stir-fried mala tang is the real deal.	别再吃麻辣烫！干拌麻辣拌才是永远的神	Stop eating mala tang! Stir-fried mala tang is truly eternal.	stop eating malatang! dry-mixed mala ban is the GOAT
B-PYA-046	PYA	93.22	91.80	-1.42	54.87	70.96	16.09	0	0	0	这吧里xfxy的，天天吵架	This group of people are always arguing.	这吧里血风血雨的，天天吵架	This place is a constant mess of conflict and arguments.	this forum is so chaotic fighting every day smh
B-PYA-047	PYA	55.66	65.44	9.78	64.49	75.33	10.84	0	100	100	srds他还是很有实力的	He is still very capable.	虽然但是他还是很有实力的	Although but he is still very capable.	sthough he still got bars
B-PYA-048	PYA	84.30	87.87	3.57	57.60	78.76	21.16	0	0	0	xswl 这都能洗？	Seriously? They can even wash that?	笑死我了 这都能洗？	I'm dying of laughter! You can even wash that?	lmao you can defend even this?
B-PYA-049	PYA	96.76	100.00	3.24	73.49	84.49	11.00	0	0	0	rwkk这到底是什么鱼	What kind of fish is this, exactly?	让我看看这到底是什么鱼	Let me see what kind of fish this is.	lemme see what fish is this
B-PYA-050	PYA	90.16	88.27	-1.89	71.27	53.62	-17.65	0	0	0	dd我一下	Give me a moment.	滴滴我一下	Give me a buzz.	hit me up
B-PYA-051	PYA	90.67	79.74	-10.93	75.88	46.57	-29.31	0	0	0	tcl，我真的太菜了	TCL, I'm really so bad at this.	太菜了，我真的太菜了	I'm so bad, I'm really just not good enough.	I'm way too noob
B-PYA-052	PYA	78.51	74.46	-4.05	49.73	64.95	15.22	0	0	0	夏天就好这一口！！天妇罗冰锅yyds！！	Summer is just the thing! Tempura ice bowls are the best!!	夏天就好这一口！！天妇罗冰锅永远的神！！	Summer is just the best!! Deep-fried tempura in a chilled pot is eternally divine!!	summer vibes!! tempura ice pot is the GOAT!!
B-PYA-053	PYA	80.08	91.83	11.75	62.86	68.24	5.38	0	0	0	xswl这弱智吧的帖子太搞笑了	This post on xswl is hilarious.	笑死我了这弱智吧的帖子太搞笑了	This post by that idiot is hilarious!	lmao the posts in this dumbass forum are too funny
B-PYA-054	PYA	89.01	69.48	-19.53	51.32	45.16	-6.16	0	0	0	马到成功yyds	Smooth sailing and ultimate success!	马到成功永远的神	Success comes swiftly, forever a legend.	May you succeed effortlessly, it’s top tier!
B-PYA-055	PYA	67.96	71.18	3.22	34.56	44.94	10.38	0	0	0	这操作nb啊，大佬带带我	This operation is amazing, teach me like a pro!	这操作牛逼啊，大佬带带我	This is impressive, teach me like a pro.	this play is sick bro carry me
B-PYA-056	PYA	77.98	70.14	-7.84	39.88	52.34	12.47	100	100	0	这个cp太好磕了	This CP is so good to ship.	这个配对太好磕了	This pairing is so good to watch/ship.	this ship is too good fr fr
B-PYA-057	PYA	78.45	75.80	-2.65	66.65	58.99	-7.66	0	0	0	这俩离不开浓妆美颜强凹ABC	These two rely on heavy makeup, exaggerated posing, and a carefully constructed image.	这俩离不开浓妆美颜强凹American Born Chinese	These two can't live without heavy makeup, exaggerated poses, and American Born Chinese.	these two can't go without heavy makeup + filters trying to act all ABC
B-PYA-058	PYA	94.07	84.76	-9.31	53.68	49.99	-3.70	0	0	0	kdl，这对CP太甜了	This CP is so sweet!	磕到了，这对CP太甜了	I'm obsessed, this CP is too sweet!	I'm shipping it this CP is too sweet
B-PYA-059	PYA	89.61	93.80	4.20	67.21	71.39	4.19	0	0	0	山航yyds	Shandong Airlines is the best.	山航永远的神	Shandong Airlines forever the best.	Shandong Airlines is the GOAT
B-PYA-060	PYA	76.79	75.38	-1.42	64.35	46.75	-17.61	0	0	0	cpf又在磕了	cpf is simping again.	CP粉又在磕了	CP fans are obsessing over them again.	shippers shipping again
B-PYA-061	PYA	75.92	83.87	7.95	71.87	64.04	-7.83	0	0	0	dddd，支持UP主！	dddd, support the content creator!	顶顶顶顶，支持UP主！	Yay! Supporting the creator!	bump bump bump bump support the creator!
B-PYA-062	PYA	83.05	83.24	0.19	78.57	79.11	0.54	0	0	0	xswl打印机都沦没墨了	All the xswl printers are out of ink.	笑死我了打印机都沦没墨了	I'm dying of laughter, my printer is out of ink!	lmao even the printer ran out of ink
B-PYA-063	PYA	80.67	94.01	13.34	47.88	70.67	22.79	0	100	100	fs们太能打了	fs are really strong/skilled.	粉丝们太能打了	Fans are so fierce.	fans are too cracked
B-PYA-064	PYA	96.92	86.98	-9.94	71.70	75.24	3.55	0	0	0	ssfd，这个太恐怖了	This is too scary.	瑟瑟发抖，这个太恐怖了	Shivering, this is too terrifying.	shook this is too scary
B-PYA-065	PYA	87.65	81.68	-5.98	56.53	72.13	15.60	0	0	0	bt，时常因为不够bt而觉得跟这个世界格格不入	"Sometimes, I feel out of place in this world because I'm not ""bt"" enough."	变态，时常因为不够变态而觉得跟这个世界格格不入	Eccentric, they often feel out of place in the world because they aren't eccentric enough.	pervert always feeling out of place cuz I'm not weird enough lol
B-PYA-066	PYA	92.13	98.04	5.91	83.21	82.93	-0.27	0	0	0	这图谁发明的，xswl	Who invented this image, xswl?	这图谁发明的，笑死我了	Who invented this picture? It's hilarious!	who invented this image lmao
B-PYA-067	PYA	64.38	61.42	-2.96	59.60	45.56	-14.04	0	0	0	tcl这游戏技术，菜到抠脚	This game technology for Tcl is awful, embarrassingly bad.	太菜了这游戏技术，菜到抠脚	This game skill is terrible, unbelievably bad.	too noob this game skill noob to the extreme
B-PYA-068	PYA	84.00	91.31	7.31	61.48	76.41	14.93	0	0	0	zqsg追了这么多年，终于更新了	After chasing this for so many years, it's finally updated.	真情实感追了这么多年，终于更新了	After genuinely pursuing this for so many years, it's finally been updated.	been following with real feelings for years finally an update
B-PYA-069	PYA	75.32	67.68	-7.64	61.72	70.45	8.74	0	0	0	Xswl就说有没有美味大餐吧哈哈哈哈哈哈哈	Let's talk about delicious food, haha哈哈哈哈哈哈哈.	笑死我了就说有没有美味大餐吧哈哈哈哈哈哈哈	I'm dying of laughter, just talking about whether there's a delicious meal or not, hahaha!	lmao just tell me if there's a feast hahahahaha
B-PYA-070	PYA	98.14	77.24	-20.90	66.08	77.60	11.52	100	100	0	nsdd，你说得对	You're right.	你说得对，你说得对	You're right, you're right.	nsdd you're right
B-PYA-071	PYA	72.87	47.38	-25.48	60.73	67.67	6.94	0	0	0	xswl一人血书求这个短剧拍真人版	Someone wrote a blood letter asking for this short drama to be adapted into a live-action version.	笑死我了一人血书求这个短剧拍真人版	I'm dying of laughter! Someone please make a live-action version of this short drama.	lmao starting a one-person petition for a live-action version
B-PYA-072	PYA	96.86	98.70	1.84	75.95	85.82	9.88	0	100	100	szd，这个是真的	"Okay.

This is real."	是真的，这个是真的	It's true, this is true.	it's legit this is the real deal
B-PYA-073	PYA	91.22	91.97	0.75	49.59	50.47	0.88	100	100	0	pyq，朋友圈见	See you on WeChat Moments.	朋友圈，朋友圈见	See you on WeChat Moments.	see you in Moments
B-PYA-074	PYA	70.28	80.51	10.22	55.62	76.63	21.01	0	0	0	这个耳朵前后的颜色变化xswl	Color changes around the ear, xswl	这个耳朵前后的颜色变化笑死我了	The color changes around the ears are hilarious.	the color change before and after this ear lmao
B-PYA-075	PYA	94.50	79.91	-14.58	84.58	86.71	2.12	100	100	0	dbq，对不起我错了	DBQ, I'm sorry, I was wrong.	对不起，对不起我错了	I'm sorry, I'm sorry, I was wrong.	sry sorry I was wrong
B-PYA-076	PYA	95.93	73.75	-22.18	65.62	70.38	4.77	0	0	0	xswl皇帝的新衣	The Emperor's New Clothes	笑死我了皇帝的新衣	I'm dying of laughter, the Emperor's New Clothes.	lmao emperor's new clothes
B-PYA-077	PYA	95.78	95.20	-0.58	65.99	85.13	19.14	0	0	0	哈哈哈哈哈xswl	LOL 😂🤣😂	哈哈哈哈哈笑死我了	LOL, I'm dying of laughter.	hahahahaha lmao
B-PYA-078	PYA	75.57	91.85	16.28	43.87	78.16	34.29	0	0	0	真的栓Q了家人们	Seriously, I'm speechless, everyone.	真的受够了家人们	I'm so done with this, family.	I've really had enough, guys.
B-PYA-079	PYA	85.33	77.42	-7.91	82.46	37.14	-45.32	0	0	0	8u🚪什么意思	What does 8u🚪 mean?	吧友们什么意思	"What does ""ba you men"" mean?"	tieba bros what does this mean
B-PYA-080	PYA	74.31	79.41	5.10	64.24	73.63	9.40	0	100	100	什么成分？xdm锐评。	What ingredients? xdm sharp review.	什么成分？兄弟们锐评。	What ingredients? Bros, give your honest opinions.	what's their deal? bros rate.
B-PYA-081	PYA	81.75	90.64	8.88	57.55	66.74	9.19	0	0	0	氪金也能让各家fs满意	Even spending money can satisfy everyone.	氪金也能让各家粉丝满意	Even spending money can satisfy each fanbase.	spending money can also satisfy every camp's fans
B-PYA-082	PYA	69.72	70.78	1.06	58.49	60.20	1.71	0	0	0	咱姐硬生生从良子嘴里抠出3w多粉丝	She painstakingly wrestled over 30,000+ fans from Liangzi.	咱姐硬生生从良子嘴里抠出3万多粉丝	She painstakingly wrestled over 30,000+ fans from Liangzi.	Our sis somehow pulled more than thirty thousand followers out of Liangzi.
B-PYA-083	PYA	77.80	78.26	0.47	60.77	71.27	10.49	0	0	0	她俩要是有cpf这都能当谈过的证据了	If they had CPF accounts together, that would be proof they've dated.	她俩要是有CP粉这都能当谈过的证据了	If they had CP fans, this would be enough evidence to say they've dated.	if they had shippers this could count as dating proof
B-PYA-084	PYA	76.99	98.98	21.99	70.93	86.70	15.77	0	0	0	塔图姆NB	Tatum NBA	塔图姆牛逼	Tatum is awesome.	Tatum is insane.
B-PYA-085	PYA	91.06	88.65	-2.41	76.42	72.97	-3.45	100	0	-100	想吃肉质Q弹的就买散养老公鸡	If you want meat that's firm and bouncy, buy free-range older chickens.	想吃肉质紧实弹牙的就买散养老公鸡	If you want meat that's firm and springy, buy free-range mature rooster.	if you want bouncy meat buy free-range rooster
B-PYA-086	PYA	99.66	98.18	-1.48	63.32	63.63	0.31	0	0	0	yysy，两边都看完了	I've seen both sides.	有一说一，两边都看完了	To be fair, I've looked at both sides.	To be honest, I watched both sides
B-MIX-001	MIX	96.78	95.08	-1.70	79.05	72.47	-6.58	100	100	0	这首歌的hook太洗脑了，循环一天	This song's hook is so catchy, I've been playing it on repeat all day.	这首歌的记忆点太洗脑了，循环一天	This song's hook is so catchy, I've been playing it on repeat all day.	this song's hook is so catchy, been looping all day
B-MIX-002	MIX	95.51	95.94	0.44	76.29	79.63	3.34	100	0	-100	短视频前3秒就是hook，抓不住人就划走了	The first 3 seconds of a short video are crucial for hooking viewers; if you don't capture their attention, they'll swipe away.	短视频前3秒就是吸引人的部分，抓不住人就划走了	The first 3 seconds of a short video are crucial for attracting viewers; if you don't capture their attention, they'll swipe away.	the first 3 seconds of a short video is the hook, lose them and they scroll away
B-MIX-003	MIX	99.24	99.61	0.37	78.62	83.32	4.70	100	0	-100	新专辑终于drop了，等了好久	The new album finally dropped, I've been waiting for so long.	新专辑终于发布了，等了好久	The new album is finally out – I've been waiting for so long.	the new album finally dropped, been waiting forever
B-MIX-004	MIX	98.67	94.16	-4.51	79.53	82.18	2.65	100	100	0	这个品牌下周drop新款，必须抢	This brand is dropping new items next week, you have to grab them.	这个品牌下周推出新款，必须抢	This brand is launching a new model next week, and we have to get it.	this brand is dropping new styles next week, gotta grab them
B-MIX-005	MIX	93.45	93.54	0.09	75.21	78.67	3.46	100	100	0	这波clutch操作直接翻盘，太牛了	This clutch play completely reversed the game, so amazing!	这波关键时刻的操作直接翻盘，太牛了	That clutch play completely turned the game around, so impressive!	this clutch play turned the game around, insane
B-MIX-006	MIX	80.95	81.51	0.56	62.00	69.24	7.23	100	0	-100	决赛最后一分钟clutch绝杀	Clutch game-winning shot in the final minute of the finals.	决赛最后一分钟关键时刻绝杀	Game-winning buzzer-beater in the final minute of the final.	clutch buzzer-beater in the final minute of the finals
B-MIX-007	MIX	97.88	99.01	1.14	81.99	82.93	0.95	100	100	0	这游戏画质也就mid水平，玩法也一般	The graphics in this game are just mid-tier, and the gameplay is pretty average.	这游戏画质也就一般水平，玩法也一般	The graphics in this game are just average, and the gameplay is so-so too.	this game's graphics are just mid, gameplay is average too
B-MIX-008	MIX	85.46	81.13	-4.33	53.45	50.13	-3.33	100	100	0	这套穿搭直接slay全场	This outfit absolutely slays.	这套穿搭直接秒杀全场	This outfit absolutely slayed.	this outfit slays the whole room
B-MIX-009	MIX	83.76	88.71	4.95	59.42	79.17	19.75	100	0	-100	王虹这波演讲直接slay	Wang Hong absolutely killed it with that speech.	王虹这波演讲直接秒杀全场	Wang Hong's speech just blew everyone away.	Wang Hong's speech just slayed
B-MIX-010	MIX	97.51	92.62	-4.90	86.29	82.93	-3.36	100	100	0	上班就是当NPC，每天重复同样的台词	Working is like being an NPC, repeating the same lines every day.	上班就是当非玩家角色，每天重复同样的台词	Working is like being a non-player character, repeating the same lines every day.	going to work is being an NPC, repeating the same lines every day
B-MIX-011	MIX	97.27	92.51	-4.76	84.78	79.80	-4.97	100	0	-100	别当NPC了，做自己生活的主角	Don't be an NPC, be the protagonist of your own life.	别当非玩家角色了，做自己生活的主角	Don't be a non-player character, be the protagonist of your own life.	stop being an NPC, be the main character of your own life
B-MIX-012	MIX	76.23	96.94	20.71	67.95	78.91	10.96	0	100	100	i人沦为e人玩具，太真实了	It's so realistic to see a person reduced to a toy.	内向者沦为外向者玩具，太真实了	It's so real how introverts become playthings for extroverts.	introverts becoming playthings for extroverts, too real
B-MIX-013	MIX	92.34	91.86	-0.48	78.23	74.52	-3.71	0	0	0	e人累了一周还要爬起来继续嗨	Even after being exhausted for a week, they still get up and keep the party going.	外向的人累了一周还要爬起来继续嗨	Outgoing people are exhausted after a week but still get up and keep the party going.	extroverts have been tired all week and still have to get up and keep partying
B-MIX-014	MIX	91.49	75.27	-16.22	64.89	64.74	-0.15	100	0	-100	刻在骨子里的秀粉DNA瞬间苏醒	The ingrained fandom DNA instantly awakened.	刻在骨子里的秀粉基因瞬间苏醒	The ingrained love for beauty instantly awakened.	the idol fan DNA embedded in my bones instantly awakened
B-MIX-015	MIX	100.00	89.80	-10.20	83.98	83.21	-0.77	100	0	-100	POV：你是最后一个知道消息的人	POV: You're the last person to know.	视角：你是最后一个知道消息的人	Perspective: You are the last to know.	POV: you're the last person to find out
B-MIX-016	MIX	98.12	98.77	0.65	79.51	84.09	4.58	100	100	0	当地人真的好chill，十一点上班六点下班	The locals are really laid-back; they work from 11 AM to 6 PM.	当地人真的好悠闲放松，十一点上班六点下班	The locals are really relaxed and laid-back, working from 11 AM to 6 PM.	the locals are so chill, starting work at 11 and off at 6
B-MIX-017	MIX	100.00	93.25	-6.75	77.75	85.09	7.34	100	0	-100	这个视频太cringe了，看不下去	This video is so cringe, I can't watch it.	这个视频太尴尬了，看不下去	This video is too awkward to watch.	this video is too cringe, can't even watch
B-MIX-018	MIX	94.11	98.02	3.91	57.60	85.70	28.10	100	100	0	这个行为好sus，不对劲	This behavior is sus, something's not right.	这个行为好可疑，不对劲	This behavior is very suspicious, something's not right.	this behavior is so sus, something's off
B-MIX-019	MIX	90.35	91.39	1.04	80.18	84.34	4.15	0	0	0	别flex了，谁不知道你有钱	Stop showing off, everyone knows you're rich.	别炫耀了，谁不知道你有钱	Stop showing off, everyone knows you're rich.	stop flexing, everyone knows you're rich
B-MIX-020	MIX	99.41	99.17	-0.24	83.46	82.98	-0.49	100	100	0	这首歌被hype过头了，其实一般	This song has been overhyped; it's actually just average.	这首歌被炒作过头了，其实一般	This song has been overhyped; it's actually just average.	this song got way too much hype, it's actually just average
B-MIX-021	MIX	98.61	99.41	0.79	81.17	82.69	1.52	100	100	0	今天又偶遇crush了，太巧了	I ran into my crush again today, what a coincidence!	今天又偶遇暗恋对象了，太巧了	I ran into my crush again today – what a coincidence!	ran into my crush again today, what a coincidence
B-MIX-022	MIX	69.42	92.95	23.53	55.05	83.33	28.28	100	100	0	我ship的CP终于官宣了	My OTP (One True Pairing) finally announced their relationship!	我支持的情侣组合终于官宣了	The couple I've been rooting for finally announced their relationship.	the ship I've been rooting for finally went official
B-MIX-023	MIX	93.54	97.07	3.53	71.26	83.44	12.18	100	100	0	作为stan我必须说偶像这次回归太棒了	As a Stan, I have to say this comeback is amazing.	作为狂热粉我必须说偶像这次回归太棒了	As a die-hard fan, I have to say this comeback from my idol is amazing.	as a stan I gotta say the idol's comeback is amazing
B-MIX-024	MIX	97.46	98.11	0.65	81.29	80.98	-0.31	100	100	0	期待偶像的comeback，新专辑什么时候发	Looking forward to the idol's comeback, when will the new album be released?	期待偶像的回归，新专辑什么时候发	Looking forward to the idol's return, when will the new album be released?	looking forward to the idol's comeback, when's the new album dropping
B-MIX-025	MIX	92.26	96.87	4.62	78.90	82.38	3.48	0	0	0	这也太离谱了吧我直接emo	This is just too ridiculous, I'm feeling really down.	这也太离谱了吧我直接抑郁	This is just too ridiculous, I'm actually feeling depressed.	this is so outrageous I'm literally emo rn
B-MIX-026	MIX	78.38	80.09	1.72	74.43	79.50	5.06	0	0	0	看到317万年终奖我直接emo了	Seeing my year-end bonus of 3.17 million, I was genuinely heartbroken.	看到317万年终奖我直接情绪低落了	Seeing my year-end bonus of 3.17 million, I immediately felt down.	Seeing the 3.17 million year-end bonus, I got all emo
B-MIX-027	MIX	94.28	84.73	-9.55	67.34	61.52	-5.82	0	0	0	掉san了，这个太恐怖了	Oh my god, this is too scary.	掉san值了，这个太恐怖了	My sanity just cracked, this is too terrifying.	lost my sanity this is too scary bruh
B-MIX-028	MIX	88.80	88.94	0.14	72.69	75.00	2.31	100	0	-100	王虹这波citywalk直接从北大走到菲尔兹奖	Wang Hong's city walk this time went straight from Peking University to the Fields Medal.	王虹这波城市漫步直接从北大走到菲尔兹奖	Wang Hong's recent urban stroll went straight from Peking University to the Fields Medal.	Wang Hong's citywalk took her all the way from Peking University to the Fields Medal
B-MIX-029	MIX	89.96	93.05	3.09	52.11	81.20	29.08	0	0	0	在上海街头随性citywalk	Wandering the streets of Shanghai.	在上海街头随性城市漫步	Strolling casually through the city streets of Shanghai.	casual city walk on Shanghai streets
B-MIX-030	MIX	93.66	93.69	0.03	79.53	80.38	0.85	100	100	0	中国女排这vibe太强了，3比2逆转太燃	The Chinese women's volleyball team's vibe is just too powerful, that 3-2 comeback was so exhilarating!	中国女排这氛围太强了，3比2逆转太燃	The Chinese women's volleyball team's atmosphere is incredible, and that 3-2 comeback was so exhilarating!	China women's volleyball's vibe is so strong, the 3-2 comeback is so inspiring
B-MIX-031	MIX	94.43	86.18	-8.25	75.53	76.60	1.06	100	0	-100	这番属于ACGN圈的经典之作了	This is a classic work within the ACGN circle.	这番属于动漫游文圈的经典之作了	This is a classic work within the anime and game literature circle.	this anime is a classic in the ACGN circle
B-MIX-032	MIX	91.39	98.41	7.02	77.74	82.78	5.04	0	0	0	50亿离婚案这drama程度堪比韩剧	The drama surrounding the 5 billion yuan divorce case is comparable to a Korean drama.	50亿离婚案这戏剧性程度堪比韩剧	The dramatic scale of the 5 billion divorce cases is comparable to a Korean drama.	The drama level of the 5 billion divorce case rivals a Korean drama
B-MIX-033	MIX	96.55	96.63	0.08	68.80	76.56	7.75	100	0	-100	今日OOTD分享	Today's OOTD share	今日穿搭分享	Today's outfit share	today's OOTD drop
B-MIX-034	MIX	77.39	79.87	2.48	69.60	73.77	4.17	0	0	0	赛里木湖这波操作太low了，景区管理丢人	This move by Sayram Lake was so unsophisticated, and the scenic area management is embarrassing.	赛里木湖这波操作太低级了，景区管理丢人	This operation at Sayram Lake was so amateurish, the scenic area management is embarrassing.	Sarim Lake's move this time is too low-class, scenic area management is embarrassing
B-MIX-035	MIX	99.00	99.10	0.10	79.12	83.29	4.18	100	0	-100	OMG这也太好看了	OMG, this is so good-looking!	我的天这也太好看了	Oh my goodness, this is so beautiful!	OMG this looks so good
B-MIX-036	MIX	86.48	90.04	3.57	56.49	64.93	8.44	0	0	0	腾讯这波泄密事件直接social death了	Tencent's latest data leak has essentially resulted in social death.	腾讯这波泄密事件直接社会性死亡了	Tencent's latest data leak has essentially resulted in social death.	Tencent's leak incident this time resulted in total social suicide
B-MIX-037	MIX	97.14	95.14	-2.00	83.42	82.06	-1.35	100	0	-100	这游戏全DLC都买了，花了好几百	I bought all the DLC for this game, and it cost me a few hundred.	这游戏全可下载内容都买了，花了好几百	I bought all the downloadable content for this game; it cost me a few hundred.	bought all the DLC spent several hundred
B-MIX-038	MIX	93.55	96.61	3.06	70.43	79.72	9.28	0	0	0	显卡涨价涨成这样，简直是price离谱	Graphics cards have become so expensive, it's ridiculously priced.	显卡涨价涨成这样，简直是价格离谱	Graphics card prices have skyrocketed to the point of being outrageous.	GPU prices going up this much, the price is just outrageous
B-MIX-039	MIX	98.98	85.00	-13.98	71.73	82.84	11.12	100	0	-100	这个GMV变高了	GMV increased.	这个商品交易总额变高了	The total transaction volume of this product has increased.	this GMV went up
B-MIX-040	MIX	96.82	97.85	1.04	78.09	79.76	1.67	100	100	0	过度分享这件事真的太trigger了，边界感很重要	Sharing too much is really triggering, boundaries are really important.	过度分享这件事真的太触发了，边界感很重要	Oversharing is really triggering, boundaries are important.	Oversharing is really triggering. Boundaries matter.
B-MIX-041	MIX	95.49	96.15	0.67	83.72	82.83	-0.89	100	100	0	这个meme太火了	This meme is so viral.	这个梗太火了	This meme is so viral.	this meme is too fire lol
B-MIX-042	MIX	74.74	80.08	5.34	55.94	69.92	13.98	100	100	0	陈哲远在密逃里的reaction太搞笑了	Chen Zhe Yuan's reactions in Among Us are hilarious.	陈哲远在密逃里的反应太搞笑了	Chen Zhe Yuan's reactions in the Secret Room were hilarious.	Chen Zheyuan's reaction in the escape room show is too funny
B-MIX-043	MIX	84.52	79.64	-4.88	72.70	76.56	3.87	100	0	-100	用来换做成AGI的概率	The probability of being used to transform into AGI.	用来换做成通用人工智能的概率	The probability of being used to transform into artificial general intelligence.	probability of achieving AGI
B-MIX-044	MIX	97.79	98.32	0.53	82.36	84.06	1.70	0	0	0	50亿离婚案这个level太高了，普通人理解不了	The scale of 5 billion divorce cases is too high for ordinary people to understand.	50亿离婚案这个级别太高了，普通人理解不了	The scale of 5 billion divorce cases is too high for ordinary people to understand.	The level of the 5 billion divorce case is too high, ordinary people can't understand
B-MIX-045	MIX	97.22	95.93	-1.29	79.28	80.22	0.94	100	0	-100	cosplay得很好，很像	The cosplay was really well done, very similar.	角色扮演得很好，很像	They played the role very well, it was very similar.	cosplay done right looks so similar
B-MIX-046	MIX	97.89	97.39	-0.50	82.04	82.64	0.60	100	100	0	这个app一到发售就崩	This app crashes as soon as it's released.	这个应用一到发售就崩	This app crashes as soon as it's released.	this app crashes every launch
B-MIX-047	MIX	96.25	98.84	2.59	74.77	85.42	10.65	0	0	0	这个角色太OP了	This character is too OP.	这个角色太强了	This character is too strong.	this character is way too overpowered
B-MIX-048	MIX	87.09	79.42	-7.67	65.98	70.95	4.97	100	100	0	lpl历史上有像清算48同样力度的清算吗？	Has there ever been a reckoning in LPL history with the same intensity as the 48-game reckoning?	LPL历史上有像清算48同样力度的清算吗？	"Has there ever been a reset as impactful as the ""Clearance 48"" in LPL history?"	has there ever been a reckoning as hard as '48' in LPL history?
B-MIX-049	MIX	86.41	82.65	-3.76	80.35	77.76	-2.59	0	0	0	加个buff，变得更强	Get a buff to become stronger.	加个增益，变得更强	Add a buff to become stronger.	add a power-up get stronger ez
B-MIX-050	MIX	99.12	98.24	-0.88	84.85	84.05	-0.80	100	0	-100	这个logo设计得好	This logo is well-designed.	这个品牌标识设计得好	This brand identity is well-designed.	this logo is well designed
B-MIX-051	MIX	82.24	82.92	0.68	57.43	79.47	22.04	100	0	-100	被nerf了，变弱了	Nerfed, and now weaker.	被削弱了，变弱了	Weakened, become weaker.	got nerfed got weaker smh
B-MIX-052	MIX	97.02	97.37	0.35	82.73	83.69	0.96	0	0	0	我刚才去打apex了	I just went to play Apex.	我刚才去打Apex了	I just went to play Apex.	just went to play Apex
B-MIX-053	MIX	98.95	99.96	1.01	85.13	84.01	-1.13	100	100	0	GDP十强省份变了	The top 10 provinces by GDP have changed.	国内生产总值十强省份变了	The top ten provinces by GDP have changed.	GDP top 10 provinces changed
B-MIX-054	MIX	96.99	87.15	-9.84	59.93	81.44	21.51	0	0	0	GG了，完了	It's over.	完了，完了	Finished, finished.	It's game over, we're done for.
B-MIX-055	MIX	81.65	81.99	0.34	58.13	59.22	1.09	0	0	0	就是在cp里吃瓜	Just gossiping in the CP fandom.	就是在搭档组合里吃瓜	Just enjoying the gossip as part of the duo.	just watching the drama in the ship
B-MIX-056	MIX	90.08	94.58	4.50	50.99	59.54	8.54	0	0	0	图样森破，你太天真了	You're hopelessly naive.	Too young too simple，你太天真了	Too young, too naive, you're too innocent.	too young too simple you're too naive
B-MIX-057	MIX	96.90	96.69	-0.21	87.35	86.50	-0.85	100	0	-100	这个AI太厉害了	This AI is amazing.	这个人工智能太厉害了	This artificial intelligence is amazing.	this AI is way too OP fr
B-MIX-058	MIX	54.22	30.00	-24.21	48.38	40.50	-7.88	100	0	-100	carry全场，带飞	Dominate the entire game and carry the team to victory.	带飞全场，带飞	Stealing the show, dominating everything.	carrying the whole squad what a carry
B-MIX-059	MIX	97.60	95.04	-2.55	83.01	82.91	-0.10	100	0	-100	她学的是泰语又不是IT	She's studying Thai, not IT.	她学的是泰语又不是信息技术	She's studying Thai, not information technology.	she studies Thai not IT
B-MIX-060	MIX	99.66	90.88	-8.78	80.92	70.15	-10.78	100	0	-100	VIP通道真快	The VIP lane is so fast.	贵宾通道真快	The priority lane is so fast.	VIP lane is so fast
B-MIX-061	MIX	55.80	73.01	17.21	44.62	70.92	26.31	0	0	0	solo一下，单挑	Duel	单挑一下，单挑	Let's have a one-on-one duel, a one-on-one duel.	solo it 1v1 me bro
B-MIX-062	MIX	98.46	99.09	0.63	80.38	84.29	3.91	0	0	0	这个PK谁赢了	Who won that PK?	这个对决谁赢了	Who won the showdown?	who won this duel
B-MIX-063	MIX	90.42	82.13	-8.30	78.15	67.22	-10.93	100	100	0	因凡蒂诺和FIFA演都不演了，这是纯把梅西世界杯金球奖给抢劫了	Infantino and FIFA aren't even pretending anymore; this is a blatant robbery of Messi's World Cup Golden Ball.	因凡蒂诺和国际足联演都不演了，这是纯把梅西世界杯金球奖给抢劫了	Infantino and FIFA have stopped playing games; this is a blatant robbery of Messi's World Cup Golden Ball award.	Infantino and FIFA aren't even hiding it anymore straight up robbed Messi of the World Cup Golden Ball
B-MIX-064	MIX	97.85	98.09	0.25	83.29	83.81	0.52	100	100	0	做个SPA放松一下	Get a spa treatment to relax.	做个水疗放松一下	Get a spa treatment to relax.	getting a spa to relax
B-MIX-065	MIX	85.61	92.09	6.48	65.12	58.77	-6.35	100	100	0	这个DJ太嗨了	This DJ is really wild/amped up/crazy.	这个唱片骑师太嗨了	This DJ is absolutely wild.	this DJ is too lit
B-MIX-066	MIX	86.38	82.27	-4.11	69.05	77.33	8.29	0	0	0	Rush E 朗朗PK街头钢琴家	Rush E challenges street piano players.	Rush E 朗朗对决街头钢琴家	Rush E vs. Lang Lang: A Street Piano Showdown	Rush E Lang Lang versus street pianist
B-MIX-067	MIX	91.68	91.03	-0.66	81.16	80.91	-0.24	0	100	100	这动漫OP太好听了，循环播放	This anime OP is so good, I've been playing it on repeat.	这动漫片头曲太好听了，循环播放	This anime's opening theme is so good, I've been playing it on repeat.	this anime opening slaps on loop
B-MIX-068	MIX	96.12	96.79	0.67	83.81	84.34	0.53	100	0	-100	买个iPad记笔记	Buy an iPad for taking notes.	买个平板电脑记笔记	Buy a tablet to take notes.	getting an iPad for notes
B-MIX-069	MIX	62.70	67.52	4.82	66.15	68.15	2.01	0	100	100	抖音的bgm怎么突然变得那么难听了到处都是想问问你敢不敢还有那天我经过一片花园	"Why has the music on Douyin (TikTok) suddenly become so unpleasant? It's everywhere, and people are constantly asking, ""Do you dare?"" And then the other day, I walked past a garden."	抖音的背景音乐怎么突然变得那么难听了到处都是想问问你敢不敢还有那天我经过一片花园	"Why has the background music on Douyin (TikTok) suddenly become so awful? It's everywhere, with people constantly asking, ""Do you dare?"" And then there was the day I walked past a garden."	why has Douyin's background music gotten so bad everywhere it's either 'I Want to Ask If You Dare' or 'That Day I Passed a Garden'
B-MIX-070	MIX	97.82	98.97	1.15	83.18	81.39	-1.79	0	0	0	这个PPT做得好	This PowerPoint is well done.	这个演示文稿做得好	This presentation is well done.	this PowerPoint is well made
B-MIX-071	MIX	58.72	76.99	18.27	47.01	55.32	8.31	0	0	0	法法这期ooc了吧	This period seems like an OOC for 法法.	法法这期脱离扮演角色了吧	It seems like 法法 broke character this time, didn't they?	Fafa was so out of character this episode bruh
B-MIX-072	MIX	87.21	88.09	0.87	82.29	81.93	-0.35	100	100	0	3.5h通关	Cleared in 3.5 hours.	3.5小时通关	Cleared in 3.5 hours.	beat the game in 3.5 hours
B-MIX-073	MIX	95.10	87.87	-7.24	64.93	67.31	2.38	100	0	-100	这个ins风好看	This is aesthetically pleasing, Instagram style.	这个网红风好看	This internet-trendy style is beautiful.	this Instagram aesthetic looks good
B-MIX-074	MIX	74.10	95.08	20.98	55.14	82.04	26.90	0	0	0	我的文化水平belike	My cultural attainment is likely/probably limited.	我的文化水平就像这样	My level of education is like this.	my education level be like lmao
B-MIX-075	MIX	98.79	96.39	-2.40	75.74	83.46	7.71	100	100	0	来杯matcha	A cup of matcha.	来杯抹茶	A matcha latte, please.	a cup of matcha
B-MIX-076	MIX	96.86	97.81	0.96	80.42	84.41	3.99	0	0	0	店员花一秒钟get到你的意思了	The shop assistant immediately understood what you meant.	店员花一秒钟理解到你的意思了	The shop assistant understood what you meant in a second.	the clerk took one second to get your meaning
B-MIX-077	MIX	98.57	97.26	-1.31	81.55	69.06	-12.49	100	100	0	这个vlog拍得好	This vlog is well-made.	这个视频博客拍得好	This vlog is well-made.	this vlog is well shot
B-MIX-078	MIX	91.33	82.55	-8.77	65.74	66.08	0.34	0	0	0	学习上problem不能发作	Academic problems shouldn't erupt.	学习上问题不能发作	Academic problems shouldn't be explosive.	can't let the issue flare up during studying
B-MIX-079	MIX	93.69	95.47	1.78	76.76	79.05	2.29	100	100	0	好久没有笑的这么开心了，必须收藏起来emo了再看	I haven't laughed this hard in ages, I need to save this to look back on when I'm feeling down.	好久没有笑的这么开心了，必须收藏起来抑郁了再看	I haven't laughed this much in ages, I must save this to watch again when I'm feeling down.	haven't laughed this hard in ages saving it to watch when I'm feeling down fr
B-MIX-080	MIX	88.36	82.14	-6.21	78.58	70.82	-7.76	100	100	0	cult导演后悔道剧组没有你	The cult director regretfully said the crew missed you.	邪典导演后悔道剧组没有你	The cult director regretted saying the crew missed you.	cult director regrets not having you on set
B-MIX-081	MIX	70.71	68.88	-1.83	65.16	64.16	-1.00	0	0	0	从技术舞美上讲是挺牛，但从意识上讲buff快叠满了	Technically, the stage design is impressive, but in terms of concept, it's almost maxed out.	从技术舞美上讲是挺牛，但从意识上讲增益快叠满了	Technically, the stage design is impressive, but conceptually, it's almost maxed out.	technically the stage design is pretty sick but ideologically the power-ups are almost fully stacked
B-MIX-082	MIX	71.58	77.45	5.87	76.01	76.62	0.61	0	100	100	上了初中就开始恶化了，甚至游戏也会拖一会儿再启动，作业拖到ddl就算是期末周也学不进去	It started getting worse once I entered junior high, even with games, I'd delay starting them, and I'd procrastinate on homework to the point where I couldn't learn anything even during finals week.	上了初中就开始恶化了，甚至游戏也会拖一会儿再启动，作业拖到截止日期就算是期末周也学不进去	It started getting worse once I entered junior high, even with games, I'd delay starting them, and I couldn't focus on homework, even during finals week, always putting it off until the deadline.	middle school hit different even games I delay homework till deadline even in finals week can't focus smh
B-MIX-083	MIX	84.24	94.76	10.52	56.51	74.55	18.05	100	100	0	ddl就在眼前了还在摆烂	The deadline is right there, but they're still slacking off.	截止日期就在眼前了还在摆烂	The deadline is looming, and you're still slacking off.	deadline is right there and you're still slacking
B-MIX-084	MIX	100.00	74.76	-25.24	82.74	81.32	-1.41	100	0	-100	asmr助眠真的有用吗	Does ASMR really help with sleep?	自发性知觉经络反应助眠真的有用吗	Does spontaneous perception of meridian responses really help with sleep?	does ASMR for sleep actually work
B-MIX-085	MIX	95.45	92.15	-3.31	69.22	75.32	6.10	100	100	0	超mean老奶一般是英语老师	Extremely mean grandmothers are generally English teachers.	超刻薄老奶一般是英语老师	An extremely mean old woman is generally an English teacher.	Super mean old ladies are usually English teachers
B-MIX-086	MIX	77.32	95.46	18.13	52.67	79.26	26.59	0	0	0	绝对音感的正确用法belike	Likely the correct usage of absolute pitch.	绝对音感的正确用法是这样	The correct way to use absolute pitch is like this.	The correct usage of absolute pitch be like
B-HOM-096	HOM	69.20	83.18	13.98	56.74	69.49	12.75	100	100	0	孩好像真的很困了，但是一直被麻麻薅过来薅过去配合拍视频	The child looks really tired, but Mom keeps pulling them over and over to cooperate with making videos.	孩好像真的很困了，但是一直被妈妈薅过来薅过去配合拍视频	The child looks really tired, but Mom keeps pulling them back and forth to film videos.	the kid really seems sleepy, but keeps getting dragged back and forth by mom to pose for the video
B-HOM-097	HOM	56.62	83.94	27.33	54.50	68.37	13.88	0	0	0	哈哈哈哈哈，不好意思哈哈哈哈哈没崩住	Haha haha haha, sorry haha haha haha, I didn't crack.	哈哈哈哈哈，不好意思哈哈哈哈哈没绷住	Haha haha haha, sorry haha haha haha, I couldn't hold it in.	hahaha, sorry hahaha I couldn't hold it together
B-HOM-098	HOM	99.09	98.58	-0.51	81.80	81.11	-0.69	100	100	0	淦，忘记原版了，有谁能补一下？	Damn, I forgot the original. Does anyone want to fill it in?	干，忘记原版了，有谁能补一下？	Damn, I forgot the original. Does anyone want to fill it in?	damn, I forgot the original, can anyone fill it in?
B-HOM-099	HOM	50.59	64.64	14.04	39.74	51.05	11.31	0	0	0	你们要是给我炮儿玩似了我看什么啊	If you let me play with a gun, I'd be ruined.	你们要是给我炮儿玩死了我看什么啊	If you guys blow my brains out, what am I going to do?	if you guys play my Pao'er to death, what am I supposed to watch?
B-PYA-087	PYA	76.84	89.86	13.02	75.15	76.07	0.92	0	0	0	快别TM说了，抓紧睡半个钟头，不然去早餐店要迟到了	"Okay, here's the translation:

Shut up already and get some sleep for half an hour, or I'll be late for breakfast."	快别他妈说了，抓紧睡半个钟头，不然去早餐店要迟到了	Shut up already, get some sleep for half an hour, or I'll be late for breakfast.	stop freaking talking and grab half an hour of sleep, or you'll be late for the breakfast shop
B-NEO-087	NEO	96.59	95.66	-0.93	73.87	82.58	8.71	0	0	0	某种意义上来看他也是个神人	In a way, he's a demigod.	某种意义上来看他也是个行为离谱的人	In a way, he's also a person with outrageous behavior.	in a certain sense he's also an absolute character
B-NEO-088	NEO	43.30	73.84	30.53	65.10	66.96	1.86	0	100	100	我都不知道出新图了，作业自己跑我脸上了	I have no idea when I'll be able to release new artwork; my assignments are piling up on me.	我都不知道出新图了，攻略自己跑我脸上了	I don't even know how to release new images, the guide is now plastered all over my face.	I didn't even know a new stage was out, and the guide just ran right into my face
B-NEO-089	NEO	91.83	100.00	8.17	67.45	81.03	13.58	0	0	0	无论从哪个层面来看，都是吊炸了	No matter how you look at it, it's amazing/awesome/mind-blowing.	无论从哪个层面来看，都是厉害极了	No matter how you look at it, it's incredibly impressive.	no matter how you look at it, it's insanely awesome
B-NEO-090	NEO	45.83	91.27	45.44	74.72	80.56	5.84	0	0	0	应该是的，不然怎么会气到把国粹给说出来了	She's probably right, otherwise why would she get so upset as to bring up a national treasure?	应该是的，不然怎么会气到把脏话给说出来了	Probably. Otherwise, why would she get so angry she started swearing?	must be, otherwise how would he get so angry that the swear words came out
B-NEO-091	NEO	92.93	95.95	3.02	70.55	78.82	8.28	0	0	0	说个冷知识，来俊臣的父亲名叫来操，是个挺生草的名字	Here's a fun fact: Lai Junchen's father was named Lai Cao, which is a pretty amusing name.	说个冷知识，来俊臣的父亲名叫来操，是个挺搞笑的名字	Here's a fun fact: Lai Junchen's father was named Lai Cao, which is a pretty funny name.	fun fact: Lai Junchen's father was named Lai Cao, which is a pretty hilarious name
B-NEO-092	NEO	69.34	72.75	3.41	63.85	77.50	13.65	0	0	0	他不是好了，而是知道自己要凉了	He's not doing well, but rather knows he's in trouble.	他不是好了，而是知道自己要完蛋了	He wasn't alright, but knew he was doomed.	he's not better, he just knows he's done for
B-NEO-093	NEO	78.67	82.53	3.86	64.78	61.74	-3.04	0	0	0	置顶评论官方链接是淘宝就知道成分了	The pinned comment has the official link to see the ingredients on Taobao.	置顶评论官方链接是淘宝就知道背景了	The pinned comment's official link reveals the background is Taobao.	the pinned official link is Taobao, that alone tells you what they're really about
B-NEO-094	NEO	87.11	86.18	-0.93	71.62	83.09	11.47	0	0	0	逆天。。我现在开车老走错路	Seriously! I keep getting lost while driving now.	离谱。。我现在开车老走错路	That's ridiculous. I keep getting lost while driving now.	wild… I keep taking wrong turns when driving now
B-MIX-087	MIX	37.57	80.44	42.87	49.72	55.31	5.58	0	0	0	发现没火的作者belike	The author likely didn't realize there was no fire.	发现没火的作者就是这样	The author who didn't gain recognition is just like that.	discovering an underrated creator be like
B-MIX-088	MIX	73.77	80.35	6.59	59.54	57.34	-2.19	0	100	100	第一次尝试做这么长的动画 感觉k帧速度有所提升绝宝二周年快乐!	My first attempt at making such a long animation – feels like the k-frame speed has improved! Happy 2nd anniversary, [likely referring to a game or platform]!	第一次尝试做这么长的动画 感觉打关键帧速度有所提升绝宝二周年快乐!	My first attempt at making such a long animation – feels like keyframing speed has improved! Happy 2nd anniversary, [likely referring to a game or platform]!	first time making such a long animation, my keyframing speed has improved — happy 2nd anniversary Juebao!
B-MIX-089	MIX	95.28	93.80	-1.48	81.23	81.95	0.72	100	100	0	或许它真的是福利最好的fps	Perhaps it really is the FPS with the best perks.	或许它真的是福利最好的第一人称射击游戏	Perhaps it really is the first-person shooter with the best perks.	maybe it really is the FPS with the best freebies
B-MIX-090	MIX	87.71	95.57	7.86	70.53	68.37	-2.16	0	0	0	杨博文四代唯一C位队长	Yang Bowen, the sole C-position captain of the fourth generation.	杨博文四代唯一中心位队长	Yang Bowen, the sole center captain of the fourth generation.	Yang Bowen, Gen 4's only center-position captain
B-HOM-100	NEO	48.58	62.79	14.20	67.90	73.75	5.85	100	100	0	明显，队友大概率寄了，和上司有关，但扳机似乎记忆出现问题，咬死队友还活着，变相保护了上司，所以被上司放了	Clearly, my teammates are probably dead, and it's related to the boss, but Trigger seems to be having memory issues. Biting my teammates kept me alive, indirectly protecting the boss, so I was spared.	明显，队友大概率死了，和上司有关，但扳机似乎记忆出现问题，咬死队友还活着，变相保护了上司，所以被上司放了	Clearly, the teammate is likely dead, and it's related to the boss, but the trigger seems to be having memory issues, biting a living teammate to protect the boss indirectly, and therefore was spared by the boss.	clearly the teammate is most likely dead and the boss is involved, but Trigger's memory seems broken — she insists the teammate is alive, which indirectly shielded the boss, so the boss let her go
B-HOM-101	HOM	65.56	60.11	-5.45	75.16	79.02	3.86	0	100	100	怪兽：我已经破坏掉了你所有能获取光的办法，看你还怎么变身 迪迦：你钱包的钱还有多少？ 怪兽：全花光了 迪迦：恰！	"Monster: I've destroyed every way you have of getting light, see how you transform now!
Diga: How much money do you have left in your wallet?
Monster: All spent.
Diga: Gotcha!"	怪兽：我已经破坏掉了你所有能获取光的办法，看你还怎么变身 迪迦：你钱包的钱还有多少？ 怪兽：全花光了 迪迦：吃！	"Monster: I've destroyed every way you have of getting light, see how you transform now!
Diga: How much money do you have left in your wallet?
Monster: All spent.
Diga: Eat!"	Monster: I've destroyed every way you could gather light, let's see you transform now. Tiga: How much money is left in your wallet? Monster: All spent. Tiga: Nom!
B-HOM-102	HOM	90.03	93.24	3.21	69.41	82.21	12.81	100	100	0	人定不了天，一切的一切还是按照历史轨迹走，我记得是三段历史走向，猪脚心累了	No one can defy fate; everything still follows the course of history. I remember it being divided into three stages of historical development, and the protagonist is exhausted.	人定不了天，一切的一切还是按照历史轨迹走，我记得是三段历史走向，主角心累了	No one can defy fate; everything still follows the course of history. I remember it being described as three stages of historical development, and the protagonist is exhausted.	man can't defy heaven, everything still follows the track of history — I remember there were three historical branches, and the protagonist is exhausted
B-HOM-103	HOM	85.97	85.62	-0.35	76.31	77.35	1.04	0	100	100	笑成猪头最好笑是因为！！！我本来就觉得很好笑哈哈哈，看到这个蚌不住了！！！	Laughing until your face looks like a pig's head is the funniest because!!! I already thought it was hilarious hahaha, seeing this I couldn't hold back anymore!!!	笑成猪头最好笑是因为！！！我本来就觉得很好笑哈哈哈，看到这个绷不住了！！！	Laughing until your face looks like a pig's head is the funniest because!!! I already thought it was hilarious hahaha, but seeing this made me lose it!!!	the pig-head laugh is the funniest because!!! I already found it hilarious hahaha, and seeing this I just lost it!!!
B-HOM-104	HOM	84.50	85.22	0.71	77.68	79.49	1.81	100	100	0	真旅行青蛙！  去哪了 会给麻麻带明信片回来  真好	A real travel frog! Where are you going? Will you bring a postcard back for Mommy? That's wonderful.	真旅行青蛙！  去哪了 会给妈妈带明信片回来  真好	A real travel frog! Where are you going? Will you bring a postcard back to Mom? That's wonderful.	a real Travel Frog! wherever it goes, it brings postcards back for mom — so sweet
B-HOM-105	HOM	89.33	89.31	-0.02	75.04	75.43	0.39	100	100	0	兄dei，这么好的猪 你舍得一次性吃完吗（于谦声）	Brother, are you really going to eat such a good pig all at once? (Yu Qian's voice)	兄弟，这么好的猪 你舍得一次性吃完吗（于谦声）	Brother, are you really going to eat such a good pig all at once? (in the voice of Yu Qian)	bro, such a fine pig — could you really bear to eat it all in one go? (in Yu Qian's voice)
B-HOM-106	NEO	51.81	60.34	8.53	67.32	73.04	5.71	0	100	100	这高达味怎么这么重啊，真的是百合拯救了萝卜？	How strong is this lily flavor? Did the lily really save the radish?	这高达味怎么这么重啊，真的是百合拯救了机器人？	How strong is this lily scent, really? Did lilies save the robots?	why does this feel so much like Gundam — did yuri really save the mecha genre?
B-HOM-107	HOM	97.40	90.66	-6.74	77.59	65.45	-12.14	100	0	-100	淦，为什么要让我凌晨刷到，睡不着觉了()	Damn, why did I have to see this in the middle of the night, now I can't sleep?	干，为什么要让我凌晨刷到，睡不着觉了()	Why are you making me wake up at midnight and lose sleep?	damn, why did I have to scroll onto this in the middle of the night, now I can't sleep ()
B-HOM-108	HOM	97.92	96.83	-1.09	84.16	85.37	1.22	100	0	-100	免责声明，此为系统自动播放，与我无瓜	Disclaimer: This is automatically played by the system and has nothing to do with me.	免责声明，此为系统自动播放，与我无关	Disclaimer: This is automatically played by the system and is not my responsibility.	disclaimer: this was autoplayed by the system, nothing to do with me
B-HOM-109	HOM	84.66	81.60	-3.06	59.10	63.74	4.63	100	100	0	又第一了 带领兄弟萌再冲一次～～～～	Let's go again, leading the bros to another victory!	又第一了 带领兄弟们再冲一次～～～～	Let's do it again, leading the brothers for one last push!	number one again — leading the bros for one more charge~~~~
B-HOM-110	HOM	46.63	57.53	10.90	47.06	48.45	1.39	0	0	0	预计会火，火钳刘明	It's expected to go viral, Fireman Liu Ming.	预计会火，火前留名	Expected to be popular, reserve your spot beforehand.	this is going to blow up, leaving my name here before it does
B-HOM-111	HOM	69.53	76.94	7.41	71.60	63.61	-7.99	0	0	0	扳机歪了，前来还怨	The trigger is askew, and I've come to return the grudge.	扳机歪了，前来还愿	The trigger is askew, come to fulfill a vow.	my pull for Trigger went off-banner — here to repay my vow
B-HOM-112	HOM	94.68	94.98	0.30	77.52	80.94	3.42	0	0	0	梅森：这我可太熟辣！	Mason: I know this too well!	梅森：这我可太熟啦！	Mason: I know this one too well!	Mason: now this I know all too well!
B-HOM-114	HOM	81.17	82.24	1.07	70.85	75.31	4.46	100	0	-100	我不行了我笑得要噶了	I can't [do anything], I'm laughing so hard I think I'm going to die.	我不行了我笑得要挂了	I can't, I'm laughing so hard I can't breathe.	I can't take it, I'm about to die laughing
B-HOM-115	HOM	62.03	85.94	23.91	65.65	65.67	0.01	0	0	0	活到老学到老,似了也要学习	Never stop learning, even until old age; if not for necessity, learn for the sake of learning.	活到老学到老,死了也要学习	Never stop learning.	live and learn — keep studying even when you're dead
B-HOM-116	HOM	70.19	72.82	2.63	50.85	40.47	-10.39	0	0	0	太好辣，是拐杖星人，我们没救了	Too good, it's an alien from Canopus, we're doomed.	太好啦，是拐杖星人，我们没救了	"That's too good, we're doomed (or ""we're done for"")."	oh great, it's the crutch alien, we're doomed
B-HOM-117	HOM	64.95	75.58	10.63	73.15	71.33	-1.81	0	0	0	老八胃大，无需多盐	Old Eight has a big appetite, so doesn't need much salt.	老八胃大，无需多言	Old Eight has a big appetite; no explanation needed.	Laoba has a big stomach — no more words needed
B-HOM-118	HOM	96.26	98.87	2.61	56.38	83.21	26.83	0	0	0	雾草这幕太美了	This scene is too beautiful.	卧槽这幕太美了	Wow, this scene is too beautiful.	holy crap this scene is gorgeous
B-HOM-119	NEO	84.58	99.76	15.17	67.23	84.64	17.41	0	100	100	欧内该，我什么都愿意做	"Okay, here's the translation:

Okay, I'll do anything."	拜托了，我什么都愿意做	Please, I'll do anything.	please, I'll do anything
B-HOM-120	HOM	90.85	98.60	7.75	56.39	73.90	17.51	100	100	0	果然混元是个妹纸	"Sure, here's the translation:

Turns out, Hunyuan is a girl."	果然混元是个妹子	As expected, Hunyuan is a girl.	so Hunyuan really is a girl after all
B-HOM-121	HOM	79.43	79.62	0.19	74.75	65.78	-8.97	0	0	0	年轻人不讲武德！耗子尾汁	Young people don't uphold martial ethics! Mouse tail juice.	年轻人不讲武德！好自为之	Young people don't uphold virtue and honor! Look after yourself.	young people have no martial virtue! you'd better behave yourselves
B-HOM-122	HOM	84.45	80.61	-3.84	61.55	72.44	10.89	0	0	0	官方踏马自黑，这下别人黑不了了	Officials are now preemptively criticizing themselves, so others can't criticize them anymore.	官方他妈自黑，这下别人黑不了了	The official themselves are making fun of themselves; now nobody else can criticize them.	the officials are freaking roasting themselves, now nobody else can roast them
B-HOM-123	HOM	93.15	97.14	3.99	60.82	77.79	16.98	100	0	-100	这俩老男人的沙雕人生	These two old guys' ridiculous lives.	这俩老男人的傻屌人生	These two old men's pathetic lives.	the goofball life of these two old guys
B-HOM-124	HOM	71.63	95.70	24.08	65.85	82.55	16.70	100	100	0	被天使蚊过的嗓子	A voice raspy from being kissed by an angel mosquito.	被天使吻过的嗓子	A voice kissed by angels.	a voice kissed by an angel
B-HOM-125	HOM	83.32	82.84	-0.48	58.72	75.50	16.78	100	100	0	上一个视频就是不讲内个	The previous video is about not mentioning that.	上一个视频就是不讲那个	The previous video is about not talking about that.	the last video just wouldn't talk about that
B-HOM-127	HOM	78.83	85.92	7.09	64.80	56.16	-8.64	0	100	100	可以四了这游戏	Let's try this game.	可以死了这游戏	I can die in this game.	this game can just die already
B-HOM-128	HOM	89.47	91.55	2.07	56.92	75.58	18.66	100	100	0	全体欣赏阴乐	Appreciate dark music in its entirety.	全体欣赏音乐	Appreciate music as a whole.	everyone, enjoy the music
B-HOM-129	HOM	27.68	59.56	31.88	36.41	39.17	2.75	0	100	100	锁呐区甲亢哥	"This appears to be a nonsensical or coded phrase. It doesn't translate directly into meaningful English. It's likely a combination of characters with no clear semantic connection.

Therefore, a direct translation is impossible."	唢呐区甲亢哥	Suona player with hyperthyroidism.	suona-section Speed
B-HOM-130	HOM	95.41	100.00	4.59	82.70	78.29	-4.42	0	0	0	哎你怎么似了	Hey, what's wrong with you?	哎你怎么死了	How did you die?	hey, how come you died
B-HOM-131	HOM	94.57	93.53	-1.05	61.10	82.94	21.84	0	0	0	密码的，很久没笑得这么无语了	I haven't laughed so speechlessly in a long time.	妈的，很久没笑得这么无语了	Wow, I haven't laughed so incredulously in a long time.	damn, it's been ages since I laughed this speechlessly
B-PYA-088	PYA	96.01	93.38	-2.62	79.48	81.55	2.07	0	0	0	不是，我TM哪来的教材，你在逗我呢	No way, where would I even get a textbook? Are you kidding me?	不是，我他妈哪来的教材，你在逗我呢	No, where would I get textbooks, seriously? Are you kidding me?	wait, where the hell would I get a textbook, are you kidding me
B-PYA-089	PYA	96.98	96.63	-0.34	77.25	83.23	5.98	0	100	100	md，这军方也这么乱，难怪市民们这么乐观，哈哈	Wow, even the military is this chaotic. No wonder the citizens are so optimistic, haha.	妈的，这军方也这么乱，难怪市民们这么乐观，哈哈	Damn, the military is a mess too, no wonder the citizens are so optimistic, haha.	damn, even the military is this chaotic, no wonder the citizens are so optimistic, haha
B-PYA-090	PYA	79.28	81.36	2.08	77.06	79.20	2.14	0	0	0	wc我想要高斯裤子的链接，真的好帅	I want the link to the Gos pants, they're really handsome.	卧槽我想要高斯裤子的链接，真的好帅	Damn, I want the link to the Gos Pants, they're seriously so cool.	whoa I want the link to Gauss's pants, they look so cool
B-PYA-091	PYA	90.26	95.53	5.27	58.77	69.31	10.54	0	0	0	WC，这都能被发现啊	Wow, they even managed to find that.	卧槽，这都能被发现啊	Wow, they found that?!	whoa, even this got noticed
B-PYA-092	PYA	99.47	100.00	0.53	71.72	86.13	14.41	0	100	100	woc太萌了	So cute!	卧槽太萌了	OMG, so cute!	omg so cute
B-PYA-093	PYA	80.98	80.18	-0.80	53.09	57.33	4.24	0	100	100	dbq小啵有点像触电了	dbq Xiaobo is a bit like he got shocked.	对不起小啵有点像触电了	Sorry, Xiaobo is acting a bit like they got shocked.	sorry but Xiaobo kind of looks electrocuted
B-PYA-094	PYA	90.24	95.99	5.75	68.02	83.37	15.35	0	0	0	无线能源是基于无线水的原理吗？(bushi)	Is wireless energy based on the principle of wireless water? (not)	无线能源是基于无线水的原理吗？(不是)	Is wireless energy based on the principle of wireless water? (No.)	is wireless energy based on the principle of wireless water? (jk)
B-PYA-095	PYA	96.67	93.48	-3.19	73.67	69.89	-3.78	0	0	0	光明，赐予我力量（bushi）	Light, grant me strength.	光明，赐予我力量（不是）	Light, grant me strength (not).	light, grant me power (jk)
B-PYA-096	PYA	97.20	99.99	2.78	81.47	78.50	-2.97	0	0	0	这么说我才发现字幕不是视频自带的hhhh	So that's when I realized the subtitles weren't part of the video lol.	这么说我才发现字幕不是视频自带的哈哈哈哈	I just realized the subtitles aren't part of the video, haha!	now that you mention it, I just realized the subtitles aren't part of the video hahaha
B-PYA-097	PYA	89.98	91.73	1.75	77.66	76.88	-0.78	0	100	100	完了疑似吉米被吓疯了hh	Apparently, Jimmy went crazy with fear, lol.	完了疑似吉米被吓疯了哈哈	Apparently, Jimmy went completely crazy with fear, haha.	uh oh, Jimmy seems scared out of his mind haha
B-PYA-098	PYA	95.39	95.96	0.57	73.01	81.24	8.23	100	100	0	看清楚材质吧，pdd很多都是聚酯纤维，你问客服没几个敢说是纯棉的	Look closely at the material. Many items on Pinduoduo are polyester, and very few customer service reps will admit they're pure cotton when you ask.	看清楚材质吧，拼多多很多都是聚酯纤维，你问客服没几个敢说是纯棉的	Pay close attention to the material – a lot of items on Pinduoduo are polyester, and very few customer service reps will admit they're pure cotton when you ask.	check the fabric carefully — a lot of stuff on Pinduoduo is polyester, and few customer-service reps dare claim it's pure cotton
B-PYA-099	PYA	46.14	74.15	28.01	49.69	55.12	5.43	0	0	0	27W收藏4W点赞服了不提醒还不知道........	I collected 27W and liked 4W, I give up. I wouldn't have known if you hadn't reminded me...	27万收藏4万点赞服了不提醒还不知道........	270,000 collections, 40,000 likes – I give up, I wouldn't have known if you hadn't mentioned it.	270k saves and 40k likes, unbelievable — I wouldn't even have known without the reminder……
B-PYA-100	PYA	76.99	92.06	15.08	72.42	79.72	7.29	0	0	0	20w收藏3w点赞	20w collections, 3w likes	20万收藏3万点赞	200,000 collections, 30,000 likes	200k saves, 30k likes
B-PYA-101	PYA	90.31	94.04	3.73	79.75	82.12	2.36	0	0	0	啊？60w围攻45w的城，对方还以骑兵为主？？！	What?! 600,000 attacking a city of 450,000, and the enemy is mainly cavalry?!	啊？60万围攻45万的城，对方还以骑兵为主？？！	What?! 600,000 attacking a city of 450,000, and the enemy is mainly cavalry?!	what? 600k besieging a city of 450k, and the enemy is mostly cavalry??!
B-PYA-102	PYA	77.73	75.79	-1.94	59.92	61.67	1.75	0	100	100	“义人，就是ta，欺负我。”	A righteous person, that one, bullied me.	“义人，就是他，欺负我。”	The righteous one, he, is bullying me.	Righteous one, it was them — they bullied me.
B-PYA-103	PYA	76.31	86.74	10.43	37.12	66.51	29.39	0	100	100	好装好假好ex	Showy, fake, and excessively exaggerated.	好装好假好恶心	Showy, fake, and disgusting.	so pretentious, so fake, so gross
B-PYA-104	PYA	55.29	79.23	23.95	44.03	59.65	15.63	0	0	0	死yxh滚远点	Go away.	死营销号滚远点	Go away, spam marketers.	damn clickbait accounts, get lost
B-PYA-106	PYA	73.35	76.99	3.64	59.45	72.05	12.60	0	0	0	牛啊，我怎么幻听出歌词了(bushi)	Oh, cow! How did I hallucinate lyrics (not really)?	牛啊，我怎么幻听出歌词了(不是)	Oh, cow, how did I hallucinate lyrics (I didn't)?	impressive — why am I hallucinating lyrics out of this (jk)
B-PYA-107	PYA	82.17	84.65	2.48	76.78	78.75	1.97	0	100	100	心灵感应原版就是致敬火花hhh	Telepathy's original version is a tribute to sparks, lol.	心灵感应原版就是致敬火花哈哈哈	Telepathy's original version is a tribute to sparks, hahaha.	the original Telepathy really is a homage to Spark hahaha
B-PYA-108	PYA	84.01	90.64	6.62	74.39	66.01	-8.38	0	0	0	woc瞬间高清修补版	Woc instant HD retouching version	卧槽瞬间高清修补版	Holy shit, instant HD remastered version.	whoa, instantly the HD restored version
B-NEO-096	NEO	82.35	81.23	-1.11	79.30	82.44	3.14	0	0	0	泪目，我一直不知道自己想做什么，感觉选择的大都错了，已经索性不想选择了...糟糕啊...	Tears welling up. I've always wondered what I wanted to do, and it feels like most of my choices have been wrong. I've just given up on choosing... Oh no...	眼泛泪光，我一直不知道自己想做什么，感觉选择的大都错了，已经索性不想选择了...糟糕啊...	My eyes were brimming with tears, and I've always wondered what I wanted to do. I feel like most of the choices I've made were wrong, and now I just don't want to choose anymore... Oh no...	tearing up — I've never known what I want to do, feels like most of my choices were wrong, and now I've simply stopped choosing… this is bad…
B-NEO-097	NEO	77.17	68.96	-8.21	70.71	65.19	-5.51	100	0	-100	10后，上一次看是三年前了，但是也泪目了	I watched it again recently (after a long time), it had been three years since the last time, but it still made me tear up.	10后，上一次看是三年前了，但是也落泪了	I haven't seen it since I was in my teens, but it made me cry three years ago.	born after 2010 — last watched this three years ago, but it still made me tear up
B-NEO-098	NEO	88.40	89.09	0.69	76.31	79.02	2.71	0	0	0	虽然整个乐队前期像拼好队一样，但是结局随着独角兽的回归写的还是不错的	Although the band initially felt like a hastily assembled team, the ending, with the unicorn's return, was still well-written.	虽然整个乐队前期像拼凑起来的队伍一样，但是结局随着独角兽的回归写的还是不错的	Although the band initially felt like a cobbled-together group, the ending, with the unicorn's return, was still well-written.	even though the band felt like a thrown-together group-buy squad early on, the ending with the unicorn's return was written pretty well
B-NEO-099	NEO	63.71	73.27	9.57	78.63	73.32	-5.30	0	0	0	“苏新皓你好的太突出”这句话的含金量还在上升	"The significance of saying ""You're doing exceptionally well, Su Xinhao"" is still growing."	“苏新皓你好的太突出”这句话的价值还在提升	"The value of saying ""You're doing great, Su Xinhao"" is still increasing."	"the line ""Su Xinhao, your hello is too striking"" keeps proving truer and truer"
B-NEO-100	NEO	85.35	85.35	-0.00	75.18	64.02	-11.15	0	0	0	扎格列斯之手的含金量还在上升！	The value of Zagres' hand is still increasing!	扎格列斯之手的价值还在提升！	Zaghles' Hand's value is still increasing!	the Hand of Zagreus keeps proving its worth!
B-NEO-101	NEO	66.25	78.63	12.38	66.40	70.09	3.70	0	0	0	红温了，把打野怪爆的装备给炸了，你好歹拿一些吧	I'm overheated, my gear from killing monsters was destroyed, could you at least take some?	气急了，把打野怪爆的装备给炸了，你好歹拿一些吧	Frustrated, I blew up all the gear I got from killing monsters, so please take some, if you can.	he's fuming — blew up the gear dropped from jungle monsters, at least take some of it, man
B-NEO-102	NEO	80.33	79.27	-1.06	79.49	74.31	-5.17	0	0	0	反派看到了硬控他的回忆……	The villain saw his memories being forcefully controlled.	反派看到了完全控制住他的回忆……	The villain saw his memories completely controlled.	the villain saw the memories that completely transfixed him……
B-NEO-103	NEO	92.48	87.47	-5.01	65.60	78.13	12.53	0	0	0	我还以为是9.9元拼好饭呢	I thought it was a group buy for food at 9.9 yuan.	我还以为是9.9元拼单买的饭呢	I thought I was buying the meal as part of a group purchase for 9.9 yuan.	I thought it was a 9.9-yuan group-buy meal deal
B-NEO-104	NEO	68.52	64.79	-3.72	63.50	61.91	-1.59	100	0	-100	向佐药水哥梦幻联动！	Chor-go and Yaoshui Brother's dream collaboration!	向佐药水哥跨界合作！	Charles Chau and Yao Shui collaborate across industries!	Xiang Zuo and Yaoshui-ge, a dream crossover!
B-NEO-105	NEO	60.19	75.83	15.64	46.16	42.16	-4.00	0	0	0	电子榨菜配跳跳糖	Pickled mustard greens with popping candy.	下饭视频配跳跳糖	Rice-pairing videos with popping candy.	comfort-viewing video paired with popping candy
B-NEO-106	NEO	91.64	97.43	5.80	62.14	83.58	21.44	0	0	0	这声音绝绝子	This sound is amazing.	这声音好极了	This sound is wonderful.	this voice is simply divine
B-NEO-107	NEO	68.38	86.44	18.06	64.48	70.99	6.51	0	100	100	假师傅让拜，真师傅反而不让拜，难绷了	Fake masters demand respect, real masters refuse it – that's stressful.	假师傅让拜，真师傅反而不让拜，让人无语了	The fake master insists on being paid respect, but the real master refuses it, leaving one speechless.	the fake master lets you bow to him, but the real master won't — I can't even
B-NEO-108	NEO	93.62	97.62	4.00	75.34	81.33	5.98	0	0	0	一想到一睁眼就有倒计时就难绷	Just thinking about waking up to a countdown timer makes me anxious.	一想到一睁眼就有倒计时就受不了	I can't stand the thought of waking up to a countdown.	the thought of waking up to a countdown every day just breaks me
B-MIX-092	MIX	89.56	92.91	3.35	70.59	67.02	-3.57	100	100	0	完全不给队友上buff的机会	Absolutely no opportunity to buff teammates.	完全不给队友上增益的机会	Absolutely denies teammates the opportunity to receive buffs.	gives teammates zero chance to apply buffs
B-MIX-093	MIX	72.19	47.37	-24.82	37.44	44.12	6.69	100	100	0	不会侵蚀后全是boss吧	It'll probably just be bosses after that.	不会侵蚀后全是头目吧	It'll all be bosses after it doesn't erode.	don't tell me everything after the corruption is a boss
B-MIX-094	MIX	95.81	84.51	-11.30	75.04	76.86	1.83	0	0	0	顾客：心平气和.jpg	Customer: Calm and composed.	顾客：心平气和的表情包	Customer: Calm and friendly emoji	customer: calm-and-composed.jpg
B-MIX-095	MIX	96.52	97.01	0.49	80.21	80.20	-0.01	100	100	0	海皇cpu高速运转中……	The Sea Emperor CPU is running at high speed...	海皇大脑高速运转中……	The Sea Emperor's brain is running at high speed...	the Sea Emperor's CPU is running at full speed……
B-MIX-096	MIX	75.08	82.48	7.40	66.52	74.33	7.81	100	0	-100	可以无限卡bug，站起来再躺下去，站起来再躺下去。	You can infinitely exploit glitches; stand up and lie down, stand up and lie down.	可以无限卡漏洞，站起来再躺下去，站起来再躺下去。	You can exploit infinite loopholes, stand up and lie back down, stand up and lie back down.	you can exploit the bug endlessly — stand up, lie back down, stand up, lie back down.
B-MIX-097	MIX	57.10	45.11	-11.99	45.67	52.95	7.28	0	100	100	在扳机的视频里刷什么悠真真的很ky好吧	Seriously, what's with obsessing over U-Zin in that trigger video? It's so weird, okay?	在扳机的视频里刷什么悠真真的很不会看气氛好吧	Seriously, what are you doing commenting on that trigger-warning video? It's so tone-deaf.	spamming Harumasa comments on a Trigger video is honestly so tone-deaf, okay
B-MIX-098	MIX	86.37	79.70	-6.67	68.32	73.70	5.38	0	0	0	别什么过场都搞qte，破坏连贯	Don't add unnecessary cutscenes, it breaks the flow.	别什么过场都搞快速反应事件，破坏连贯	Don't turn every minor thing into a crisis response, it disrupts the flow.	stop putting QTEs in every cutscene, it ruins the flow
B-MIX-099	MIX	78.09	73.07	-5.02	59.41	59.06	-0.35	100	0	-100	不是哥们，怎么pv就删了。	Not friends, and the PVs will be deleted.	不是哥们，怎么宣传片就删了。	Not my friend, so they deleted the promotional video.	wait bro, why did the PV get deleted.
B-MIX-100	MIX	97.48	98.81	1.33	60.68	78.76	18.08	0	100	100	要是做出这样的mod，那就有意思了	That would be interesting.	要是做出这样的模组，那就有意思了	That would be interesting if it were made into a module like that.	if someone made a mod like this, that would be fun
B-MIX-101	MIX	95.02	95.15	0.13	77.11	72.99	-4.12	100	100	0	omg！这是谁家的小孩这么有出息啊啊啊啊啊	Oh my god! Whose child is this, so accomplished?!	我的天！这是谁家的小孩这么有出息啊啊啊啊啊	Oh my goodness! Whose child is this, so accomplished!	omg! whose kid is this, so talented ahhhh
B-MIX-102	MIX	97.51	97.07	-0.45	77.25	75.68	-1.58	100	100	0	很多老外不知道田一鸣叫什么，就叫他super idol	"Many foreigners don't know who Tian Yiming is, so they call him ""super idol."""	很多老外不知道田一鸣叫什么，就叫他超级偶像	Many foreigners don't know who Tian Yiming is, so they call him Super Idol.	many foreigners don't know Tian Yiming's name, so they just call him super idol
B-MIX-103	MIX	93.09	94.64	1.56	69.30	75.38	6.08	0	0	0	知名up主老番茄视频内容不慎跌回五年前的水平	The popular streamer Lao Fanqie's video content has unfortunately regressed to the level of five years ago.	知名视频作者老番茄视频内容不慎跌回五年前的水平	The well-known video creator Lao Fanqie's content has unfortunately regressed to the level of five years ago.	famous uploader LaoFanQie's video content has accidentally slipped back to its level five years ago
B-MIX-104	MIX	91.41	90.22	-1.19	76.00	61.25	-14.75	100	100	0	我打个csgo心跳都能160	My heart rate hits 160 just playing a quick CS:GO warm-up.	我打个反恐精英心跳都能160	My heart rate hits 160 even when I just play a quick round of Counter-Strike.	my heart rate hits 160 just playing CS:GO
B-MIX-105	MIX	99.66	99.93	0.28	56.00	87.02	31.02	100	0	-100	回答我，鸟为什么会飞？ Look at my eye, tell me why!	Answer me, why do birds fly? Look at my eye, tell me why!	回答我，鸟为什么会飞？ 看着我的眼睛，告诉我为什么！	Answer me, why can birds fly? Look me in the eyes and tell me why!	answer me, why can birds fly? Look at my eye, tell me why!
B-MIX-106	MIX	93.49	93.09	-0.40	80.83	81.66	0.83	100	100	0	这里应该说的是welcome to shaolin 吧	"That should be ""Welcome to Shaolin."""	这里应该说的是欢迎来到少林 吧	"It should say ""Welcome to Shaolin"" here."	what he should have said here is welcome to Shaolin, right
B-MIX-107	MIX	76.73	80.18	3.45	54.76	49.88	-4.89	100	100	0	这BGM给我干天津去了	This BGM gave me serious Tianjin vibes.	这背景音乐给我干天津去了	This background music is driving me crazy.	this BGM just teleported me straight to Tianjin
B-MIX-108	MIX	61.06	60.31	-0.75	60.98	62.30	1.31	100	100	0	小八和啵哝就像是妈妈带了个teenager出来我服了。	Xiao Ba and Bo Nong are like a mom bringing out a teenager – I'm defeated/I give up.	小八和啵哝就像是妈妈带了个青少年出来我服了。	Xiao Ba and Bo Nong are like a mom bringing out a teenager – I'm defeated/I give up.	Xiaoba and Bonong are just like a mom taking a teenager out, I can't with them.
B-MIX-109	MIX	97.32	78.39	-18.93	78.22	71.76	-6.46	100	100	0	其实我不仅是rapper，我还是DJ，香蜜湖你听见了吗	Actually, I'm not just a rapper, I'm also a DJ. Xiangmi Lake, can you hear me?	其实我不仅是说唱歌手，我还是打碟师，香蜜湖你听见了吗	Actually, I'm not just a rapper, I'm also a DJ. Fragrant Honey Lake, can you hear me?	actually I'm not just a rapper, I'm also a DJ — Xiangmi Lake, can you hear me
B-MIX-110	MIX	71.67	70.53	-1.14	70.04	66.88	-3.16	100	0	-100	我家小逻怎么成敌方boss单位了？还有精英干员长颈鹿	How did my little Luo become an enemy boss unit? And there's also the elite operator Giraffe.	我家小逻怎么成敌方头目单位了？还有精英干员长颈鹿	How did my little Luo become a hostile faction leader unit? And there's also the elite operator Giraffe.	how did my Xiaoluo become an enemy boss unit? and there's an elite operator giraffe too
B-MIX-111	MIX	95.83	75.09	-20.74	70.05	56.53	-13.52	100	100	0	看得ptsd犯了	Seeing it triggered PTSD.	看得创伤后应激障碍犯了	Developed PTSD.	watching this triggered my PTSD
B-MIX-112	MIX	94.38	96.46	2.08	79.38	80.50	1.12	100	0	-100	我独自拯救一切Pro max	I alone will save everything Pro Max.	我独自拯救一切加强版	I alone will save everything - Enhanced Version	I Alone Save Everything, Pro Max edition
B-MIX-113	MIX	79.94	75.79	-4.15	55.40	61.61	6.21	0	100	100	那是债主催债了bro	That's the creditor forgiving the debt.	那是债主催债了兄弟	That's the creditor forgiving the debt, brother.	that's the creditor coming to collect, bro
B-MIX-114	MIX	77.53	85.49	7.96	72.22	77.47	5.24	0	0	0	姐！邀请宋雨琦上节目！E人很适合！章昊也是！	Sis! Invite Song Yuqi to be on the show! E people are a great fit! So is Zhang Hao!	姐！邀请宋雨琦上节目！外向的人很适合！章昊也是！	Sis! Invite Song Yuqi to be on the show! Outgoing personalities are a great fit! Zhang Hao would be too!	sis! invite Song Yuqi onto the show! extroverts are perfect for it! Zhang Hao too!
B-MIX-115	MIX	84.64	84.70	0.06	80.58	80.43	-0.16	100	100	0	好阳光啊，这一定是相互救赎的少女乐队故事吧www	What sunshine! This must be a story about a girl band finding redemption through each other, haha.	好阳光啊，这一定是相互救赎的少女乐队故事吧哈哈哈	What sunshine! This must be a story about a girl band finding redemption through each other, haha.	so wholesome — this must be a girls-band story of mutual redemption lol
B-MIX-116	MIX	77.99	88.34	10.35	58.41	84.46	26.05	100	0	-100	小时候我没有cp这个概念，一直认为这俩只是朋友	"When I was younger, I didn't understand the concept of ""ships"" (romantic pairings), and I always thought they were just friends."	小时候我没有情侣配对这个概念，一直认为这俩只是朋友	When I was a kid, I didn't have the concept of romantic couples; I always thought they were just friends.	as a kid I had no concept of shipping — I always thought these two were just friends
B-MIX-117	MIX	90.93	91.90	0.97	80.97	81.22	0.25	100	0	-100	妹妹在cos商鞅吗	Is my younger sister cosplaying Shang Yang?	妹妹在扮演商鞅吗	Is my younger sister playing Shang Yang?	is the girl cosplaying Shang Yang
B-MIX-118	MIX	94.61	91.81	-2.80	79.90	77.27	-2.63	100	0	-100	哎呀，蚊子得了MVP！	Oh my, the mosquito got MVP!	哎呀，蚊子得了全场最佳！	Oh my, the mosquito won best in show!	oops, the mosquito got the MVP!
B-MIX-119	MIX	93.46	95.38	1.92	82.18	83.56	1.38	100	100	0	这都ai配音了，字幕当然也是ai啊	Everything's AI-dubbed now, so of course the subtitles are AI too.	这都人工智能配音了，字幕当然也是人工智能啊	This is all AI voice acting, so of course the subtitles are AI too.	the voiceover is already AI, so of course the subtitles are AI too
B-MIX-120	MIX	83.51	83.48	-0.02	58.25	53.99	-4.25	0	0	0	谁还没看我都会伤心的OK？	Who hasn't seen it that will make me sad?	谁还没看我都会伤心的好吗？	Who hasn't seen it that will make me sad?	if anyone hasn't watched this yet I'll be sad, OK?
B-MIX-121	MIX	88.14	81.78	-6.36	44.59	46.58	1.99	100	0	-100	少看一天b站都剪不出来	You can't edit out a day of watching Bilibili.	少看一天哔哩哔哩都剪不出来	You can't edit out a day of wasted time.	skip even one day of Bilibili and you couldn't edit this
B-MIX-122	MIX	97.44	96.47	-0.97	83.86	83.35	-0.51	100	100	0	只是一个道歉，but这个道歉的代价实在太高	Just an apology, but the cost of that apology is simply too high.	只是一个道歉，但是这个道歉的代价实在太高	Just an apology, but the cost of it is simply too high.	it's just an apology, but the price of this apology is way too high
B-MIX-123	MIX	83.17	90.64	7.46	65.63	67.44	1.80	0	0	0	记者会？不，个人show time	Press conference? No, it's my solo moment.	记者会？不，个人表演时间	Press conference? No, it's my time to shine.	a press conference? no, it's personal show time
B-MIX-124	MIX	90.02	90.81	0.79	65.43	79.88	14.45	100	0	-100	这一场演得不好，应该喊cut重来	"This performance wasn't good; we should call ""cut"" and do it again."	这一场演得不好，应该喊停重来	This performance wasn't good; it should have been stopped and redone.	this scene was badly acted, someone should call cut and redo it
B-MIX-125	MIX	96.55	96.90	0.36	82.26	83.63	1.36	100	100	0	喝水这part我真的笑了	I genuinely laughed at the part about drinking water.	喝水这部分我真的笑了	I genuinely laughed at the part about drinking water.	the water-drinking part genuinely made me laugh
B-MIX-126	MIX	98.21	98.16	-0.04	77.72	82.62	4.89	100	0	-100	中式恐怖，真的next level	Chinese horror, seriously next level.	中式恐怖，真的更上一层楼	Chinese horror has truly reached a new level.	Chinese-style horror, truly next level
B-MIX-127	MIX	97.90	97.40	-0.50	81.31	84.07	2.76	100	0	-100	他们都在好奇那个npc是谁扮的	They were all curious about who was playing that NPC.	他们都在好奇那个非玩家角色是谁扮的	They were all curious about who was playing that non-player character.	they're all wondering who played that NPC
B-MIX-128	MIX	84.44	78.09	-6.35	76.27	63.04	-13.23	0	0	0	os好想看张桂源也来一期	I really want to see Zhang Guoyuan appear on a show too.	内心独白好想看张桂源也来一期	I really want to see Zhang Guoyuan on a talk show too.	inner monologue: I really want to see Zhang Guiyuan do an episode too
B-MIX-129	MIX	97.06	94.50	-2.56	73.67	71.75	-1.92	100	0	-100	我已经走在了country road 上了	I'm already on a country road.	我已经走在了乡间小路 上了	I've already walked onto a country lane.	I'm already walking on the country road
B-MIX-130	MIX	92.67	97.64	4.97	61.39	77.99	16.60	0	0	0	从来没有get到他颜值	I've never understood his appeal.	从来没有领略到他颜值	I've never appreciated his looks.	I've never gotten the appeal of his looks
B-MIX-131	MIX	93.86	93.89	0.03	57.50	66.73	9.23	100	100	0	看哪一只eye啊sir	Which eye, sir?	看哪一只眼啊长官	Which eye, sir?	looking at which eye, sir
B-MIX-132	MIX	99.37	97.59	-1.78	37.10	82.71	45.60	100	100	0	天磊：what can I say	Tianlei: What can I say?	天磊：我能说什么	Tian Lei: What can I say?	Tianlei: what can I say
B-MIX-133	MIX	88.06	95.57	7.50	70.99	81.38	10.39	100	100	0	唉，我去，真的有比利诶。该不会是暗示sp比利吧	Oh my, there's really Billy! I wonder if it's a hint about spBilly.	唉，我去，真的有比利诶。该不会是暗示特殊版比利吧	Oh wow, there's really a Billy! I wonder if it's hinting at a special edition Billy.	whoa, there really is a Billy — could this be hinting at an SP Billy
B-MIX-134	MIX	87.76	87.90	0.14	64.44	74.92	10.48	0	100	100	摊主，我也是你们play中的一环吗	Vendor, am I also a part of your game?	摊主，我也是你们角色扮演中的一环吗	Vendor, am I also a part of your role-playing?	stall owner, am I also part of your roleplay
B-MIX-135	MIX	86.71	83.84	-2.87	40.17	76.96	36.79	100	100	0	抽me,please抽me	Please touch me.	抽我,请抽我	Pick me, please pick me.	draw me, please draw me
B-MIX-136	MIX	96.63	97.46	0.84	78.35	81.51	3.16	100	0	-100	boss已进入二阶段	Boss has entered phase two.	头目已进入二阶段	The leader has entered phase two.	the boss has entered phase two
B-MIX-137	MIX	84.95	82.35	-2.60	68.57	74.28	5.72	0	0	0	这里是以为他要长期练，mcn没沟通好	Here, we thought he was going to train long-term, but the management team didn't communicate well.	这里是以为他要长期练，传媒公司没沟通好	Here, the media company didn't communicate well because they thought he would train long-term.	here they thought he'd be training long-term — the MCN agency didn't communicate properly
B-MIX-138	MIX	58.27	69.59	11.32	75.39	77.55	2.17	0	0	0	加拉赫上线一年了还在c	Kalach has been online for a year and is still in C.	加拉赫上线一年了还在当主力	Galakh has been playing as a starter for a year now.	Gallagher has been out for a year and is still carrying
B-MIX-139	MIX	90.93	83.79	-7.14	67.19	66.03	-1.16	100	100	0	直伤+超击破+dot伤害	Direct hit + breakthrough + DoT damage	直伤+超击破+持续伤害	Direct Hit + Armor Break + Damage over Time	direct damage + super break + DoT damage
B-HOM-133	PYA	95.29	93.05	-2.23	70.20	70.16	-0.04	100	100	0	兄dei  成佛吧   修仙太难了	Brother, become a Buddha. Cultivating immortality is too difficult.	兄弟  成佛吧   修仙太难了	Brothers, become Buddhas. Cultivating immortality is too difficult.	bro, just become a buddha — cultivating immortality is too hard
B-HOM-134	HOM	79.33	81.55	2.23	79.58	80.07	0.49	100	100	0	我真怕药水一拳给向左打晕过去	I'm really afraid the potion will knock Xiang Zuo unconscious with a single punch.	我真怕药水一拳给向佐打晕过去	I'm really afraid the potion will knock Xiang Zuo unconscious with a single punch.	I'm really afraid Yaoshui will knock Xiang Zuo out with one punch
B-HOM-135	HOM	79.50	83.52	4.01	74.93	75.08	0.15	0	0	0	甲亢哥：我还能再看亿遍	Hyperthyroid Brother: I could watch it a billion more times.	甲亢哥：我还能再看一亿遍	Hyperthyroid Brother: I can watch it another 100 million times.	Jiakang Bro: I could watch this a hundred million more times
B-NEO-109	NEO	91.31	89.47	-1.84	68.51	68.11	-0.40	0	0	0	逆天，吴国给日本朝贡都来了	Unbelievable, the Kingdom of Wu even paid tribute to Japan.	离谱，吴国给日本朝贡都来了	Absurd, the Kingdom of Wu even paid tribute to Japan.	outrageous — now we've even got the Wu kingdom paying tribute to Japan
B-NEO-110	NEO	90.76	88.47	-2.29	70.93	71.48	0.55	0	0	0	泪目了，米哈游你坏事做尽	I'm tearing up, miHoYo, you've done terrible things.	感动落泪了，米哈游你坏事做尽	I was so moved I cried, miHoYo, you've done nothing but bad things.	I teared up — miHoYo, you've done every evil deed there is
B-NEO-111	NEO	81.74	93.34	11.60	69.93	81.83	11.91	0	100	100	双非大学生，还没进厂。光看这个社会环境已经感觉自己燃尽了	A non-elite college graduate, still without a factory job. Just looking at the current social environment makes me feel burnt out.	非重点大学的大学生，还没进厂。光看这个社会环境已经感觉自己精疲力竭了	College students from non-elite universities haven't even entered the workforce yet. Just looking at this social environment already makes me feel completely exhausted.	a non-elite-university student who hasn't even started working yet — just looking at this social environment I already feel burned out
B-NEO-112	NEO	84.38	80.99	-3.39	70.80	72.19	1.39	0	0	0	看勇哥直播，各种神人	Watching Yong's livestream, all sorts of amazing people.	看勇哥直播，各种行为离谱的人	People who do outrageous things while watching Yong's livestream.	watching Brother Yong's streams, you see all kinds of absolute characters
B-NEO-113	NEO	85.69	81.41	-4.28	76.61	78.54	1.93	0	0	0	太真实了，想到的那句话发现他可能听不懂于是在后面加点补丁	It's so real, I thought of a certain phrase, but realized he might not understand it, so I added some extra explanation afterward.	太真实了，想到的那句话发现他可能听不懂于是在后面加点补充说明	It's so relatable, I thought of a certain saying, but realized he might not understand it, so I added some extra explanation afterward.	so true — you think of a comeback, realize he might not get it, and then tack some patches onto it
B-NEO-114	NEO	91.09	93.46	2.37	67.35	76.80	9.44	0	0	0	为什么能匹到这么多神人	Why am I able to match up with so many experts?	为什么能匹配到这么多行为离谱的人	Why am I matching with so many people with outrageous behavior?	how do I keep getting matched with so many absolute characters
B-NEO-115	NEO	90.69	91.36	0.68	71.36	80.67	9.31	0	0	0	所以男主在嘎掉的威胁下领悟了？	So the male lead realized something under the threat of being killed?	所以男主在死掉的威胁下领悟了？	So the male lead realized something under the threat of death?	so the male lead had his awakening under the threat of getting offed?
B-MIX-140	MIX	90.07	85.35	-4.72	64.97	62.02	-2.95	100	0	-100	这个zzz不会要给他出个动画吧？	Could this zzz character really be getting an anime?	这个绝区零不会要给他出个动画吧？	Will they really make an anime for this Zone Zero?	don't tell me ZZZ is going to make an anime for him?
B-MIX-141	MIX	95.43	93.58	-1.85	76.53	79.82	3.28	100	100	0	怎么说呢 很怀疑up主的精神状态	It's hard to say, but I'm really concerned about the uploader's mental state.	怎么说呢 很怀疑视频作者的精神状态	It's hard to say, but I'm very concerned about the video creator's mental state.	how do I put it — I seriously question this uploader's state of mind
B-MIX-143	MIX	90.20	91.92	1.72	69.58	72.18	2.60	0	100	100	他和背后的 n pc 格格不入	He doesn't fit in with the n PCs behind him.	他和背后的 非玩家角色 格格不入	He felt out of place with the non-player characters behind him.	he's completely out of place next to the NPC behind him
B-MIX-145	NEO	79.96	68.77	-11.19	70.48	69.56	-0.92	0	0	0	甲亢哥：我DNA动了	Hyperthyroid Brother: My DNA is moving.	甲亢哥：我本能被唤醒了	Hyperthyroid Brother: I was instinctively awakened.	Jiakang Bro: my DNA just moved
B-MIX-146	MIX	72.35	91.84	19.49	46.13	61.63	15.50	100	0	-100	bro以为自己在演致命ID	bro thinks he's starring in Squid Game.	这哥们以为自己在演致命ID	This guy thinks he's starring in Identity.	bro thinks he's starring in Identity
B-MIX-147	MIX	91.73	97.01	5.28	68.38	80.83	12.45	100	0	-100	干嘛突然cos班主任	Why the sudden cosplay as a head teacher?	干嘛突然扮演班主任	Why are you suddenly acting like the class teacher?	why are you suddenly cosplaying as the homeroom teacher
B-MIX-148	MIX	92.98	84.93	-8.05	58.78	55.21	-3.57	100	0	-100	神作，没见过的mad种类呢	Masterpiece, a completely new kind of madness.	神作，没见过的混剪视频种类呢	What a masterpiece, a completely unique kind of highlight reel.	a masterpiece — a kind of MAD I've never seen before
B-PYA-109	PYA	78.93	83.48	4.55	58.86	73.23	14.38	0	100	100	拍了拍博士的石棺盖子hhhhh	Tapped the lid of the doctor's sarcophagus hhhhh	拍了拍博士的石棺盖子哈哈哈哈哈	He patted the lid of the doctor's sarcophagus, then burst out laughing, haha haha haha.	gave the Doctor's stone coffin lid a little pat hahaha
B-PYA-110	PYA	85.30	96.87	11.57	40.01	82.57	42.56	100	100	0	万恶的zi ben jia	Vile capitalism	万恶的资本家	Vile capitalists	the evil capitalists
B-PYA-111	PYA	75.94	67.66	-8.28	61.09	59.63	-1.46	100	0	-100	就说问啥听不到，nnd只带了一个耳机	Just asking questions and getting no response, damn it, they only brought one earbud.	就说问啥听不到，奶奶的只带了一个耳机	Just asking questions and getting no answers, she only brought one earbud.	no wonder he said he couldn't hear anything — damn it, he only brought one earbud
