uid	category	xcomet_noisy	xcomet_clean	xcomet_d	kiwi_noisy	kiwi_clean	kiwi_d	nta_noisy	nta_clean	nta_d	src_noisy	hyp_noisy	src_clean	hyp_clean	ref_en
B-HOM-001	HOM	85.85	94.49	8.65	77.01	84.54	7.53	0	0	0	酱紫也行？那我也试试	Purple sauce is also okay? Then I’ll try it.	这样子也行？那我也试试	Is this okay? I’ll try it.	this works? then let me try too
B-HOM-002	HOM	96.16	99.15	2.99	60.28	81.88	21.60	0	0	0	你怎么酱紫说话，人家会误会的	How can you talk like that, people will misunderstand.	你怎么这样子说话，人家会误会的	How can you talk like that? People will misunderstand.	why do you talk like that, people will misunderstand
B-HOM-003	HOM	99.83	99.96	0.12	82.55	83.86	1.31	0	0	0	各位童鞋注意了，期末考试要来了	Attention, students, the final exam is coming.	各位同学注意了，期末考试要来了	Attention, students, the final exam is coming.	attention classmates, final exams are coming
B-HOM-004	HOM	89.37	92.24	2.87	79.13	82.57	3.44	0	100	100	童鞋们帮我看看这道题怎么做	Guys, help me figure out how to do this problem.	同学们帮我看看这道题怎么做	Classmates, help me see how to do this question.	classmates help me figure out this problem
B-HOM-005	HOM	96.78	100.00	3.22	74.34	86.70	12.36	100	100	0	我真的好稀饭这个博主，太搞笑了	I really like this blogger, he is so funny.	我真的好喜欢这个博主，太搞笑了	I really like this blogger, he is so funny.	I really like this creator, too funny
B-HOM-006	HOM	95.64	100.00	4.36	59.90	86.19	26.29	100	100	0	你是不是稀饭我？直说嘛	Do you like me? Just say it.	你是不是喜欢我？直说嘛	Do you like me? Just say it.	do you like me? just say it
B-HOM-007	HOM	92.75	97.64	4.90	71.13	82.22	11.09	0	100	100	今天又是杯具的一天，出门忘带钥匙	Today is another day of disaster, I forgot to bring my keys when I went out.	今天又是悲剧的一天，出门忘带钥匙	Today is another tragic day, I forgot to bring my keys when I went out.	another tragic day, forgot my keys going out
B-HOM-008	HOM	87.89	99.97	12.08	46.47	84.90	38.43	100	100	0	人生就是一个杯具接着一个杯具	Life is a series of tragedies.	人生就是一个悲剧接着一个悲剧	Life is one tragedy after another.	life is one tragedy after another
B-HOM-009	HOM	93.59	96.23	2.65	66.03	81.45	15.42	0	100	100	游戏过于神金，不确定先从哪里笑起	The game is too funny, and I don’t know where to start laughing.	游戏过于神经，不确定先从哪里笑起	The game is too crazy, and I don’t know where to start laughing.	this game is so unhinged, not sure where to start laughing
B-HOM-010	HOM	86.89	93.61	6.72	73.73	64.77	-8.96	0	100	100	都说我做饭神金，今天就做神金给你们吃	Everyone says I’m a cooking genius, so I’ll make you a genius dish today.	都说我做饭神经，今天就做神经给你们吃	Everyone says I’m crazy about cooking, so I’ll make you some crazy food today.	y'all say I'm crazy in the kitchen, so today I'm cooking crazy for you
B-HOM-011	HOM	85.89	96.86	10.98	74.08	82.39	8.31	0	100	100	世界上最神金的行为	The most amazing gold behavior in the world	世界上最神经的行为	The most insane behavior in the world	the most unhinged behavior in the world
B-HOM-012	HOM	75.43	88.36	12.93	65.39	78.72	13.33	0	0	0	被这离谱的主播笑拥了	I was laughed at by this ridiculous host.	被这离谱的主播笑晕了	I was laughed to death by this ridiculous host.	I'm dead from this absurd streamer
B-HOM-013	HOM	70.06	91.55	21.49	61.24	70.50	9.26	0	0	0	笑拥了！带货主播推荐的迷惑水果太离谱了吧	I love it! The confusing fruit recommended by the live-streaming host is too ridiculous!	笑晕了！带货主播推荐的迷惑水果太离谱了吧	I laughed so hard! The confusing fruit recommended by the live streamer is too ridiculous!	I’m dying laughing! Those weird fruits promoted by live stream sales hosts are ridiculous.
B-HOM-014	HOM	88.39	90.01	1.63	68.78	80.40	11.62	0	0	0	新来的00后程序员写的代码，看到这段注释真的快把我笑拥了	The code written by the new programmer born in the 2000s made me laugh.	新来的00后程序员写的代码，看到这段注释真的快把我笑晕了	The code written by the new programmer born in the 2000s made me laugh so hard that I almost fainted when I saw this comment.	the new Gen Z programmer's code, seeing this comment almost killed me laughing
B-HOM-016	NEO	75.08	87.07	11.99	59.05	67.81	8.76	0	100	100	考试没复习直接寄，明年再来	I didn’t review for the exam and I’ll come back next year.	考试没复习直接完了，明年再来	I didn’t review for the exam and it’s over, I’ll come back next year.	didn't study for the exam, it's over, see you next year
B-HOM-018	HOM	56.21	84.59	28.38	46.17	72.39	26.22	0	0	0	火钳流明，这帖子要火	Fire tongs, this post is going to be popular.	火前留名，这帖子要火	Leave your name before it goes viral, this post will go viral.	leaving a name before this blows up, this post is about to go viral
B-HOM-019	HOM	68.76	94.80	26.04	55.89	81.49	25.60	0	0	0	雀食好笑，不骗你	It’s funny to eat sparrows, I’m not lying to you.	确实好笑，不骗你	It is really funny, I’m not lying.	it's genuinely funny, no cap
B-HOM-021	HOM	95.96	95.38	-0.57	81.21	83.68	2.47	0	100	100	沃草，这无人机表演太震撼了	Wow, this drone performance is so amazing.	我操，这无人机表演太震撼了	Damn, this drone performance is so amazing.	holy crap, this drone show is insane
B-HOM-023	HOM	76.08	90.27	14.19	54.77	55.97	1.19	0	100	100	你想peach呢，哪有这么好的事	You want to peach, where is there such a good thing?	你想屁吃呢，哪有这么好的事	What are you dreaming about, how could such a good thing exist?	you're dreaming, how can something that good happen
B-HOM-024	HOM	95.19	94.34	-0.85	79.97	80.76	0.79	100	100	0	别虾扯蛋了，老师说的都是真的吗	Stop talking nonsense, is everything the teacher said true?	别瞎扯淡了，老师说的都是真的吗	Don’t talk nonsense, is what the teacher said true?	stop talking BS, is what the teacher said even true
B-HOM-025	HOM	69.27	73.94	4.67	64.43	54.89	-9.54	0	0	0	先报上自己的分数啊搞辣菜	Report your own score first and make the spicy dish.	先报上自己的分数啊搞拉踩	Report your own score first and then pull it down.	dropping your score first before throwing shade smh
B-HOM-026	HOM	85.16	96.47	11.31	70.73	74.10	3.36	0	0	0	蚌埠住了，腾讯这泄密处理速度也太快了吧	I live in Bengbu, and Tencent’s speed of handling the leak is too fast.	绷不住了，腾讯这泄密处理速度也太快了吧	I can’t stand it, Tencent’s speed of handling the leak is too fast.	I can't hold it in anymore, Tencent's speed in handling this leak is just too fast
B-HOM-027	HOM	72.19	59.37	-12.83	58.81	63.72	4.91	0	0	0	嗷利给，西班牙第一了	Aolige, Spain is the first.	奥利给，西班牙第一了	Oli gave, Spain is the first.	Aigoo Spain took first place let's gooo
B-HOM-028	HOM	59.67	67.05	7.39	45.13	69.43	24.29	0	0	0	这配置针不戳，性价比拉满	This configuration is not bad, and the cost performance is high.	这配置真不错，性价比拉满	The configuration is really good, and the cost performance is high.	This setup slaps, value for money off the charts
B-HOM-029	HOM	61.40	52.87	-8.54	51.42	63.16	11.74	0	0	0	赛里木湖这操作针不戳啊，景区打人还能辞退就完事了？	This action of Sairim Lake is not a good one; can the scenic area just fire the person who hit the tourists and it’s over?	赛里木湖这操作真不错啊，景区打人还能辞退就完事了？	This action of Sairim Lake is really good; if the scenic area can fire the person who hit the tourists, then it’s done?	Sarim Lake's handling is just great, beating people at a scenic spot and just firing them is that it?
B-HOM-030	HOM	76.90	97.75	20.86	69.42	79.70	10.28	0	100	100	蚌埠住了，这也太好笑了吧	I live in Bengbu, and this is too funny.	绷不住了，这也太好笑了吧	I can’t hold it in, this is too funny.	bruh I can't hold it in this is too funny lmao
B-HOM-031	HOM	90.07	72.23	-17.84	59.23	61.87	2.64	0	0	0	卧槽317万年终奖就这么没了？	Holy Christ, the year-end bonus of 3.17 million years is gone?	我操317万年终奖就这么没了？	I worked for 317 years and my year-end bonus is gone?	Wtf, 3.17 million year-end bonus just gone like that?
B-HOM-032	HOM	59.61	70.73	11.11	74.59	79.55	4.96	0	0	0	你就耗子尾汁吧，别折腾了	Just have the rat’s tail soup, don’t make a fuss.	你就好自为之吧，别折腾了	You can do whatever you want, don’t make a fuss.	watch yourself bro stop messing around
B-HOM-033	HOM	89.29	80.64	-8.65	55.20	56.61	1.41	0	0	0	王虹这波属实深藏blue了，拿完奖还这么低调	Wang Hong is really low-key after winning the award.	王虹这波属实深藏不露了，拿完奖还这么低调	Wang Hong is really low-key, and she was so low-key after winning the award.	Wang Hong has truly been hiding her talents, so low-key after winning the award
B-HOM-034	HOM	75.82	97.07	21.25	56.89	78.01	21.13	0	100	100	蚌埠住了这也太搞笑了	It’s too funny to live in Bengbu.	绷不住了这也太搞笑了	I can’t hold it in, this is too funny.	can't hold it in anymore this is way too funny fr
B-HOM-035	HOM	85.09	90.91	5.81	47.39	80.01	32.63	0	0	0	看到50亿离婚案的消息我直接蓝瘦香菇	I was shocked when I saw the news of the 5 billion divorce case.	看到50亿离婚案的消息我直接难受想哭	I was so upset when I saw the news of the 5 billion divorce case that I wanted to cry.	Seeing the news about the 5 billion divorce case, I'm so sad I could cry
B-HOM-036	HOM	73.54	92.78	19.24	46.56	83.36	36.80	0	0	0	针不戳，这个视频做得真好	It’s not a lie, this video is really good.	真不错，这个视频做得真好	It’s really good, this video is so well made.	not bad this video is actually fire
B-HOM-037	HOM	90.10	95.23	5.12	57.37	74.47	17.10	0	0	0	这景区管理duck不必，7个人打一个司机	There’s no need to manage the scenic area, and seven people beat up a driver.	这景区管理大可不必，7个人打一个司机	There is no need to manage this scenic area, and seven people beat up a driver.	This scenic area management is totally unnecessary, 7 people beating one driver
B-HOM-038	HOM	96.74	99.19	2.46	69.81	81.87	12.06	0	0	0	这个颜色灰常好看	This gray color is very nice.	这个颜色非常好看	This color is very nice.	this color looks really good ngl
B-HOM-039	HOM	82.31	93.57	11.26	64.76	54.17	-10.59	0	0	0	腾讯这波操作属于是虾仁猪心了	This move by Tencent is a pig’s heart in a shrimp’s shell.	腾讯这波操作属于是杀人诛心了	This move by Tencent is a bit too much.	Tencent's move this time is truly adding insult to injury
B-HOM-040	HOM	74.24	76.87	2.63	58.33	53.29	-5.04	0	0	0	有内味了，就是这个感觉	It has a sense of belonging, that’s the feeling.	有那味了，就是这个感觉	It has the taste, that’s the feeling.	got that vibe this is the feeling
B-HOM-041	HOM	78.21	84.62	6.41	68.52	79.28	10.75	0	0	0	泄密被辞退永不录用，这员工只能耗子喂汁了	The employee who leaked the information was dismissed and will never be rehired, and he can only be fed to the rats.	泄密被辞退永不录用，这员工只能好自为之了	The employee who leaked the information was dismissed and will never be rehired, and he can only take care of himself.	Fired for leaking and never to be rehired, this employee better watch out
B-HOM-042	HOM	95.60	96.33	0.73	75.40	83.17	7.77	0	0	0	这部剧的女主造型好康	The female lead of this drama looks good.	这部剧的女主造型好看	The female lead of this drama looks good.	the female lead's look in this drama is gorgeous
B-HOM-043	HOM	41.10	42.75	1.66	49.97	45.69	-4.28	0	0	0	耗子尾汁，好自为之吧	Rat tail soup, you deserve it.	好自为之，好自为之吧	Do it yourself, do it yourself.	Learn your lesson and shape up.
B-HOM-044	HOM	84.64	89.56	4.93	44.02	81.87	37.85	0	0	0	这个操作太虾仁了	This operation is too much.	这个操作太吓人了	This operation is too scary.	this play is straight up terrifying
B-HOM-045	HOM	56.49	73.12	16.63	56.94	55.41	-1.53	0	100	100	中国女排这波直接丸辣，美国队不服不行	The Chinese women’s volleyball team is so hot, and the US team can’t accept it.	中国女排这波直接完啦，美国队不服不行	The Chinese women’s volleyball team is done for, and the US team can’t accept it.	China's women's volleyball team is done for this time, the US team has to admit defeat
B-HOM-046	HOM	68.68	99.75	31.07	65.23	80.98	15.75	0	100	100	鸭力好大，快要顶不住了	The duck is so strong, I can’t hold it anymore.	压力好大，快要顶不住了	The pressure is so big, I can’t take it anymore.	the pressure is so high can't hold on anymore
B-HOM-047	HOM	53.65	100.00	46.35	59.04	88.21	29.17	0	100	100	窝五碎！！！	I’m so angry!!!	我五岁！！！	I’m five years old!!!	I'm five years old!!!
B-HOM-048	HOM	94.16	93.92	-0.25	77.40	79.79	2.38	100	100	0	赛里木湖这事整得灰常离谱	This thing about Sairim Lake is really ridiculous.	赛里木湖这事整得非常离谱	This thing about Sairim Lake is really ridiculous.	The Sarim Lake incident is really outrageous
B-HOM-049	HOM	85.13	93.00	7.87	82.48	85.23	2.75	0	0	0	看完这帖子我直接笑嘻了	I laughed after reading this post.	看完这帖子我直接笑死了	I laughed to death after reading this post.	after reading this post I'm dead lmao
B-HOM-050	HOM	80.92	96.81	15.90	70.52	85.49	14.98	0	100	100	看完这个视频我蕉绿了	I’m green with envy after watching this video.	看完这个视频我焦虑了	I was anxious after watching this video.	after watching this vid I'm straight up anxious
B-HOM-051	HOM	60.62	95.63	35.01	48.02	81.86	33.83	0	0	0	看完女排比赛我直接鸭梨山大	I went to Duck Pear Hill after watching the women’s volleyball match.	看完女排比赛我直接压力山大	I was under a lot of pressure after watching the women’s volleyball match.	After watching the women's volleyball match, I'm under enormous pressure
B-HOM-052	HOM	50.66	78.07	27.41	47.82	72.01	24.19	0	0	0	笑鼠了！一会抛梗一会接梗	It’s a laughing rat! It throws the ball and catches it in a second.	笑死了！一会抛梗一会接梗	I laughed to death! Sometimes you throw the joke, sometimes you catch it.	dying of laughter! one sec they set up the joke next sec they're playing along
B-HOM-053	HOM	91.39	89.47	-1.92	58.45	74.44	15.99	0	100	100	测评娃哈哈高透史莱姆好好康	Review of Wahaha High-Transparency Slime	测评娃哈哈高透史莱姆好好看	I’ve reviewed the Wahaha High-Transparency Slime and it looks good.	reviewing Wahaha's crystal clear slime it looks so good
B-HOM-054	HOM	73.69	86.62	12.93	45.87	74.84	28.96	0	0	0	窝巢，这也太厉害了吧	Wo Nest, this is too powerful.	我操，这也太厉害了吧	Holy Christ, this is too powerful.	wtf this is too insane bruh
B-HOM-055	HOM	91.09	98.10	7.01	69.30	85.99	16.69	0	100	100	笑的想鼠	Laughing like a rat	笑的想死	I laughed so hard I almost died.	laughing till I die
B-HOM-056	HOM	62.49	82.26	19.77	65.17	74.87	9.70	0	0	0	这里是孙吧忏悔室，一人忏悔一件你觉得最厨神的事	This is the Sun Ba confession room, and you can confess one thing that you think is the most chef-like.	这里是孙吧忏悔室，一人忏悔一件你觉得最畜生的事	This is the Sun Ba confession room, and you can confess one thing you think is the most beastly.	welcome to Sun Bar confessional drop your most savage moment
B-HOM-057	HOM	83.92	94.94	11.02	75.32	79.44	4.12	0	0	0	关于玉玉症表妹喜欢上我的故事	The story about my cousin with jade disease falling in love with me	关于抑郁症表妹喜欢上我的故事	The story about my cousin falling in love with me because of depression	the story of how my depressed cousin fell for me
B-HOM-058	HOM	92.12	95.49	3.36	69.65	84.19	14.54	0	100	100	这是我女朋友 羡慕吗笑抽们🤣	This is my girlfriend, are you envious?	这是我女朋友 羡慕吗小丑们🤣	This is my girlfriend, are you jealous, clowns?🤣	this is my gf. jealous you clowns? 🤣
B-HOM-059	HOM	73.55	79.68	6.13	58.45	55.99	-2.46	100	100	0	麻辣烫我只认元娘娘，口味多好7	I only recognize Yuan Niang for Mala Tang, and the taste is so good 7	麻辣烫我只认元娘娘，口味多好吃	I only recognize Yuan Niang for Mala Tang, and the taste is so good.	I only trust Yuan Niangniang for malatang it's so good
B-HOM-060	HOM	78.85	86.66	7.81	60.79	55.62	-5.17	0	0	0	可爱的小香猪变成了温暖的答辩	The cute little piglet has become a warm defense.	可爱的小香猪变成了温暖的大便	The cute little piglet turned into a warm stool.	a cute little guinea pig turned into warm crap
B-HOM-061	HOM	94.06	94.53	0.46	80.45	85.17	4.73	100	100	0	我要笑亖了卧槽	I’m going to die laughing, damn it.	我要笑死了卧槽	I’m going to die laughing, damn it.	I'm gonna die laughing oh shit
B-HOM-062	HOM	87.10	94.90	7.81	61.35	76.18	14.83	0	0	0	时间长了搞亖你	I’ll make you suffer if it takes too long.	时间长了搞死你	It will kill you in the long run.	I'll work you to death over time
B-HOM-063	HOM	76.99	83.65	6.65	58.20	57.41	-0.79	0	0	0	笑亖了家人们谁懂啊	I’m laughing to death, who understands?	笑死了家人们谁懂啊	I laughed to death, who would understand?	dying of laughter fam who understands
B-HOM-064	HOM	93.13	98.24	5.11	63.28	87.12	23.84	0	0	0	她居然紫砂了	She turned purple.	她居然自杀了	She committed suicide.	she actually offed herself
B-HOM-065	HOM	48.52	52.39	3.87	71.95	73.51	1.56	100	100	0	小哥：我真妹骗人！！我真给白衣女鬼送过餐！！你不知道哟！我魂都快没了，那餐是一点都没撒！！没办法，这就是哥的实力！	Delivery person: I didn’t lie! I really delivered food to the white-clothed ghost! You don’t know! I almost lost my soul, and the food was not spilled at all! There’s no way, this is my ability!	小哥：我真没骗人！！我真给白衣女鬼送过餐！！你不知道哟！我魂都快没了，那餐是一点都没撒！！没办法，这就是哥的实力！	Delivery person: I didn’t lie! I really delivered the food to the white-clothed ghost! You don’t know! I almost lost my soul, and the food was not spilled at all! That’s my ability!	Bro: I seriously didn't lie!! I really delivered food to the girl ghost in white!! You don't know! I nearly lost my soul, not a single drop spilled on that delivery! No choice, this is bro's skill!
B-HOM-066	HOM	60.66	74.46	13.80	45.74	52.15	6.42	0	100	100	博主成功把中二拍成沙子了	The blogger successfully turned the middle two into sand.	博主成功把中二拍成傻子了	The blogger successfully made the middle two look like fools.	The blogger successfully made the edgy act look like a fool
B-HOM-067	HOM	80.36	82.88	2.52	75.75	72.64	-3.10	0	0	0	肺雾才需要爱情，神都是孤独的	Only the lung fog needs love, and the gods are lonely.	废物才需要爱情，神都是孤独的	Only waste needs love, and gods are lonely.	Only the weak yearn for love; gods are destined to be alone.
B-HOM-068	HOM	96.82	98.31	1.49	76.28	85.04	8.77	100	100	0	我在学校哭别人鸟都不鸟我	I cried in school and no one paid attention to me.	我在学校哭别人理都不理我	I cried in school and no one paid attention to me.	I cried at school and nobody even paid attention to me
B-HOM-069	HOM	68.27	81.82	13.55	42.90	53.55	10.65	0	0	0	现场偷挖被抓,夺笋呐!	Caught stealing bamboo shoots on the spot, you guys!	现场偷挖被抓,多损呐!	Caught stealing at the scene, what a loss!	Caught digging secretly on site, so savage!
B-HOM-070	HOM	87.98	98.00	10.02	43.78	73.00	29.22	0	0	0	这个特效针不戛！	This special effect is so cool!	这个特效真不尬！	This special effect is not bad at all!	This special effect is really not cringe!
B-HOM-071	HOM	35.07	94.34	59.27	30.58	59.07	28.49	0	100	100	要泥寡,雨女无瓜!	If you want mud, you will get it, and if you want rain, you will get it!	要你管,与你无关!	It’s none of your business!	Mind your own business, it's none of your business!
B-HOM-072	HOM	68.99	95.19	26.19	75.18	80.28	5.10	0	0	0	依托答辩是什么意思	What does relying on the defense mean?	一坨大便是什么意思	What does a lump of shit mean?	What does 'a pile of shit' mean?
B-HOM-073	HOM	56.69	98.33	41.64	48.38	80.25	31.87	0	100	100	哈哈哈哈哈哈哈夺笋呐	Hahahahahahaha, it’s stealing the bamboo shoots.	哈哈哈哈哈哈哈多损呐	Hahahaha, so mean.	hahahahaha so mean lol
B-HOM-074	HOM	52.26	93.18	40.91	58.70	83.83	25.12	0	100	100	“雨女无瓜”这么好笑吗是挺好笑的	Is it funny that “it never rains on a dry day”? It is funny.	“与你无关”这么好笑吗是挺好笑的	Is “It has nothing to do with you” so funny? It is quite funny.	Is 'none of your business' really that funny? It is pretty funny
B-HOM-075	HOM	59.68	81.11	21.44	50.64	63.66	13.03	0	100	100	还有给	And this is for you.	还有gay	And gay.	Also got gay vibes
B-HOM-076	HOM	93.82	98.00	4.17	80.74	83.60	2.86	0	0	0	这显卡价格真是辣鸡，还买什么啊	The price of this graphics card is really ridiculous, so what else can I buy?	这显卡价格真是垃圾，还买什么啊	The price of this graphics card is really rubbish, so why buy it?	This GPU price is really trash, why even buy it
B-HOM-077	HOM	53.66	61.23	7.58	59.07	65.75	6.68	0	100	100	我丢！上班路上刷到路边广告牌被“风”掀了个角，原来是京东618的整活！这波操作简直泰裤辣！	I lost it! I saw a roadside billboard on my way to work, and the corner was blown off by the wind, and it turned out to be a whole act of JD.com 618! This operation is simply amazing!	我丢！上班路上刷到路边广告牌被“风”掀了个角，原来是京东618的整活！这波操作简直太酷啦！	I lost it! I saw a roadside billboard on my way to work, and the corner was blown off by the wind, and it turned out to be a stunt for JD.com’s 618 sale! This operation is so cool!	No way! On my way to work I saw a roadside billboard get lifted by the 'wind', turns out it was JD 618's stunt! This move is just too cool!
B-HOM-078	HOM	74.45	88.70	14.25	60.36	65.15	4.78	0	100	100	“泰酷辣”大人三周年	“Thai Cool Spicy” Adult’s Third Anniversary	“太酷啦”大人三周年	“So cool”, the third anniversary of Ta Cool La	Third anniversary of Lord 'So Cool'
B-HOM-079	HOM	86.14	85.07	-1.07	56.99	74.72	17.72	0	0	0	前车：不二？	Previous car: Unparalleled?	前车：不是？	Previous car: No?	The car in front: Wait, what?
B-HOM-080	HOM	67.39	82.31	14.92	63.73	73.23	9.50	0	0	0	10店睡，身体还以为是午休呢，凌晨又把他们叫醒了	10 people slept in the store, and they thought it was a nap, and they were woken up again in the early morning.	10点睡，身体还以为是午休呢，凌晨又把他们叫醒了	I went to bed at 10, and my body thought it was a nap, and they woke up again in the early morning.	Going to sleep at 10, my body thought it was nap time, then woke me up at dawn
B-HOM-081	HOM	55.91	99.12	43.21	52.44	66.38	13.94	0	0	0	tree 波Q	tree Bo Q	三杀	Three kills	Triple kill
B-HOM-082	HOM	60.81	60.23	-0.58	37.84	43.36	5.51	0	0	0	笑死我了粽横天虾至今一直在罚时闯过了零个关卡	I laughed so hard that Zong Hengtian has not passed any level yet.	笑死我了纵横天下至今一直在罚时闯过了零个关卡	I laughed so hard, I’ve been playing for a long time and I haven’t passed a single level.	Dying of laughter, the one who conquers the world has been in timeout, passing zero challenges
B-HOM-083	HOM	84.63	82.69	-1.95	50.23	68.85	18.62	0	0	0	怎么达不溜小兵了	How come I can’t use the little soldier?	怎么打不了小兵了	Why can’t I hit the little soldiers anymore?	Why can't I target the minions?
B-HOM-084	HOM	78.45	98.48	20.03	79.08	82.62	3.54	0	100	100	！？雀潮？！	! ? A flock of birds! ?	！？雀巢？！	! Nestle!	!? Nestle!?
B-HOM-085	HOM	100.00	100.00	0.00	80.44	83.51	3.08	0	0	0	此人知识面级广	This person has a wide range of knowledge.	此人知识面极广	This person has a wide range of knowledge.	This person's knowledge is extremely broad
B-HOM-086	HOM	94.31	97.04	2.73	82.59	85.05	2.46	0	0	0	蛇：卧槽，怎么又是他	Snake: Damn, why is it him again?	蛇：我的天，怎么又是他	Snake: My God, how come it’s him again?	Snake: Oh my god, why is it him again
B-HOM-087	HOM	80.85	95.64	14.79	63.74	79.07	15.33	0	100	100	生物钟:补药呀！我才调整好	Biological clock: tonic! I just adjusted it.	生物钟:不要呀！我才调整好	Biological clock: No! I just adjusted it.	Biological clock: No! I just got it adjusted
B-HOM-088	HOM	68.04	92.16	24.13	61.06	80.53	19.48	0	100	100	鸡本功来了，视频就有了。起飞！	Chicken Ben Gong is here, and the video is here. Take off!	基本功来了，视频就有了。起飞！	The basic skills are here, and the video is ready. Take off!	When the basic skills kick in, the video just takes off! Liftoff!
B-HOM-089	HOM	57.46	76.38	18.92	49.06	82.07	33.01	0	0	0	食不食油饼	Do you eat oil cake?	是不是有病	Is there any disease?	Are you out of your mind?
B-HOM-090	HOM	37.93	99.06	61.13	48.66	83.20	34.54	0	0	0	香精煎鱼食不食	Do you eat fish cooked with flavorings?	想进监狱是不是	Do you want to go to prison?	Do you want to end up in prison?
B-HOM-091	HOM	84.74	88.92	4.18	78.71	84.12	5.40	0	0	0	立马去郊区浇筑一个刚进混凝土的地下堡垒	I’ll go to the suburbs right now and build a basement fortress with just-poured concrete.	立马去郊区浇筑一个钢筋混凝土的地下堡垒	I’ll go to the suburbs right now and build a reinforced concrete underground fortress.	Head to the suburbs right away and build an underground bunker with rebar concrete
B-HOM-092	HOM	69.34	100.00	30.66	42.91	77.39	34.48	0	100	100	鸡本功扎实	The chicken is solid.	基本功扎实	Solid basic skills	Solid basic skills
B-HOM-093	HOM	96.31	99.98	3.67	71.24	76.60	5.36	0	100	100	蚌不住了	I can’t stand it anymore.	绷不住了	I can’t hold it in anymore.	Can't hold it in anymore
B-HOM-094	HOM	84.09	85.51	1.43	73.75	76.47	2.72	0	0	0	冷芝士：袜子不是茶包	Leng Zhi: Socks are not tea bags.	冷知识：袜子不是茶包	Cold knowledge: socks are not tea bags	Fun fact: socks are not tea bags
B-HOM-095	HOM	89.40	88.56	-0.84	70.71	72.50	1.79	0	100	100	就说00这一套真的超级好看的，我可以安心的似了	I’ll just say that the 00 set is really super nice, and I can wear it with confidence.	就说00这一套真的超级好看的，我可以安心的死了	I’ll just say that the 00 set is really super nice, and I can die in peace.	This 00 outfit is really super good-looking, I can finally rest in peace
B-NEO-002	NEO	98.18	99.79	1.61	82.47	83.07	0.59	100	100	0	我们不是供人围观的工具人！	We are not tools for people to watch!	我们不是供人围观的工具！	We are not tools for people to watch!	we're not tools for people to watch!
B-NEO-003	NEO	96.49	95.77	-0.73	80.26	81.95	1.69	0	0	0	又被割韭菜了，这理财产品全是坑	I was cheated again, these financial products are all scams.	又被宰了，这理财产品全是坑	I was cheated again, these financial products are all scams.	I got ripped off again, this wealth management product is full of traps.
B-NEO-004	NEO	84.29	92.08	7.80	76.14	78.82	2.68	0	0	0	品牌联名就是割韭菜，质量差价格高	Brand collaboration is just a rip-off, poor quality and high price.	品牌联名就是坑人，质量差价格高	The brand collaboration is a scam, the quality is poor and the price is high.	Co-branded products are just a way to rip off customers with poor quality and high prices.
B-NEO-005	NEO	88.61	97.71	9.10	77.53	83.65	6.12	0	0	0	别带节奏了，事情不是你想的那样	Stop setting the tone, it’s not what you think.	别煽动舆论了，事情不是你想的那样	Stop stirring up public opinion, it’s not what you think.	stop stirring things up, it's not what you think
B-NEO-006	NEO	87.02	96.29	9.27	83.64	84.98	1.34	0	0	0	评论区全是在带节奏的，真相没人关心	The comment section is all about setting the tone, and no one cares about the truth.	评论区全是在煽动舆论的，真相没人关心	The comment section is all about stirring up public opinion, and no one cares about the truth.	comments section full of people stirring drama, nobody cares about the truth
B-NEO-007	NEO	99.20	95.35	-3.85	81.32	73.73	-7.60	0	0	0	杠精无处不在，说啥都要反驳	There are trolls everywhere, and they will refute whatever you say.	抬杠的人无处不在，说啥都要反驳	There are people who are always trying to pick a fight, and they will refute whatever you say.	contrarians are everywhere, they rebut everything you say
B-NEO-008	NEO	97.37	95.16	-2.21	81.63	81.10	-0.53	0	0	0	遇到杠精最好的办法就是不理他	The best way to deal with a troll is to ignore him.	遇到抬杠的人最好的办法就是不理他	The best way to deal with a person who is trying to pick a fight is to ignore him.	the best way to deal with a contrarian is to ignore them
B-NEO-009	NEO	45.27	86.54	41.27	60.78	77.02	16.24	0	0	0	芭比Q了，半夜点外卖忘备注别敲门	It’s BBQ, and if you forget to make a note when you order takeout in the middle of the night, don’t knock on the door.	完了，半夜点外卖忘备注别敲门	Oh no, I forgot to write a note when I ordered takeout in the middle of the night, so don’t knock on the door.	I'm cooked, ordered delivery at midnight and forgot to leave a note saying don't knock
B-NEO-010	NEO	87.14	98.36	11.22	48.13	73.59	25.46	0	0	0	选择你的躲藏点，被抓到就芭比Q了	Choose your hiding spot, and you will be barbecued if you are caught.	选择你的躲藏点，被抓到就完了	Choose your hiding spot, and you’re done if you’re caught.	pick your hiding spot, if you get caught you're done for
B-NEO-011	NEO	68.34	95.05	26.72	75.23	81.85	6.62	0	0	0	看到肯德基9.9的那一刻，我的班味瞬间就没了	The moment I saw KFC’s 9.9, my class spirit disappeared instantly.	看到肯德基9.9的那一刻，我的上班疲惫感瞬间就没了	The moment I saw KFC’s 9.9, my fatigue from work disappeared instantly.	the moment I saw KFC 9.9, my work exhaustion instantly vanished
B-NEO-012	NEO	90.73	91.42	0.69	75.06	76.41	1.36	0	0	0	人一旦染上班味，这辈子就去不掉了	Once you get the smell of work, you can’t get rid of it for the rest of your life.	人一旦染上上班的气息，这辈子就去不掉了	Once you get the smell of work, you can’t get rid of it for the rest of your life.	once you catch the work vibe, it never leaves you
B-NEO-013	NEO	60.74	75.02	14.28	60.31	64.08	3.77	0	0	0	十多块的塔斯汀五件套，横扫我一天班味	The five-piece set of toastin, which costs more than 10 yuan, swept away the taste of my day’s work.	十多块的塔斯汀五件套，横扫我一天上班的疲惫感	The five-piece set of toastin, which costs more than 10 yuan, swept away my fatigue from work.	a 10-something yuan Tastien 5-piece meal wipes away my whole day of work fatigue
B-NEO-014	NEO	70.24	76.14	5.90	61.14	78.53	17.39	0	0	0	净化班味，用了这头像直接演绎出我的精神状态	Purify the class, and this avatar directly interprets my mental state.	净化上班的疲惫感，用了这头像直接演绎出我的精神状态	To relieve myself from the fatigue of work, I used this avatar to directly interpret my mental state.	cleansing away the work fatigue — this avatar perfectly captures my mental state
B-NEO-015	NEO	66.75	82.59	15.83	56.72	71.21	14.49	0	100	100	等等党赢麻了，建议收藏	Wait, the Party won, I suggest you save it.	等待降价的人赢得非常彻底，建议收藏	People who wait for the price to drop will win big, and I recommend you to collect it.	the wait-for-a-deal crew won big time, saving this
B-NEO-016	NEO	95.68	88.62	-7.05	64.46	76.69	12.23	0	0	0	看似输了实际赢麻了	It seems like a loss, but it’s actually a win.	看似输了实际赢得非常彻底	It seems like a loss, but it is actually a very thorough victory.	looks like they lost but actually won big
B-NEO-017	NEO	82.53	77.44	-5.09	68.33	68.62	0.29	0	0	0	纯爱战神轰然倒地	Pure Love God of War fell to the ground	只支持纯爱的人轰然倒地	Only those who support pure love will fall down.	the pure love warrior has fallen
B-NEO-018	NEO	83.04	93.83	10.79	72.40	81.02	8.61	0	0	0	谨以此片献给每一位纯爱战神	This film is dedicated to every pure lover of the God of War.	谨以此片献给每一位只支持纯爱的人	I dedicate this film to everyone who only supports pure love.	dedicating this film to every pure love warrior out there
B-NEO-019	NEO	90.58	96.13	5.55	66.63	86.59	19.96	0	100	100	兄弟们我润美国了	Brothers, I’ve made it to the US.	兄弟们我移民美国了	Brothers, I immigrated to the United States.	bros I emigrated to the US
B-NEO-020	NEO	91.34	93.07	1.73	78.11	83.23	5.12	0	0	0	公司要黄了的5个征兆，当公司开始严抓考勤，你该考虑润了	5 signs that the company is going to fail; when the company starts to strictly enforce attendance, you should consider leaving	公司要黄了的5个征兆，当公司开始严抓考勤，你该考虑跑了	5 signs that the company is going bankrupt; when the company starts to strictly enforce attendance, you should consider leaving	5 signs your company is going under, when they start cracking down on attendance, you should consider bouncing
B-NEO-021	NEO	88.86	87.73	-1.13	72.34	71.68	-0.66	0	0	0	赛博朋克2077，极致嘴臭极致享受	Cyberpunk 2077, the ultimate enjoyment of extreme bad breath	赛博朋克2077，极致骂人极致享受	Cyberpunk 2077, the ultimate enjoyment of being cursed	Cyberpunk 2077, ultimate trash talk ultimate enjoyment
B-NEO-023	NEO	93.44	93.88	0.44	77.06	78.00	0.95	100	0	-100	孙红雷演技炸裂，20万人打出7.5分	Sun Honglei’s acting was explosive, and 200,000 people gave it a 7.5	孙红雷演技极其震撼，20万人打出7.5分	Sun Honglei’s performance is extremely shocking, and 200,000 people gave it 7.5 points	Sun Honglei's acting is absolutely insane, 200k people rated 7.5
B-NEO-024	NEO	88.65	93.44	4.80	70.14	74.89	4.75	100	100	0	赛博诵经让老外陷入疯狂	Cyber chanting makes foreigners crazy	虚拟诵经让老外陷入疯狂	Virtual chanting of sutras makes foreigners crazy	cyber chanting is driving foreigners crazy
B-NEO-025	NEO	83.32	92.69	9.37	70.01	77.42	7.41	100	0	-100	国庆宅家的赛博生活	Cyber life at home on National Day	国庆宅家的虚拟网络生活	Virtual online life for those staying at home during National Day	National Day stay-at-home cyber life
B-NEO-026	NEO	63.62	68.89	5.28	75.49	68.53	-6.96	0	0	0	高考第一批显眼包出现了，青蛙玩偶花式助阵	The first batch of eye-catching bags for the college entrance examination has appeared, and the frog dolls are helping out in a variety of ways	高考第一批爱出风头的人出现了，青蛙玩偶花式助阵	The first group of high school entrance examination show-offs appeared, and the frog dolls helped them in various ways	the first batch of attention-seekers at the college entrance exam showed up, frog mascots cheering in style
B-NEO-027	NEO	82.93	90.19	7.26	62.79	70.05	7.26	0	100	100	电子榨菜输出中，午饭点准时到	The electronic juicer was delivered on time for lunch.	适合吃饭时看的视频输出中，午饭点准时到	It’s suitable for watching while eating, and the lunch was delivered on time.	my mealtime video is on, right on time for lunch
B-NEO-028	NEO	92.11	94.18	2.07	71.28	81.87	10.59	0	100	100	这个综艺太下饭了，一口气看完	This variety show is so good, I watched it all in one go.	这个综艺太适合吃饭时看了，一口气看完	This variety show is perfect for watching while eating, and I watched it all in one go.	this variety show is perfect meal content, binged the whole thing
B-NEO-029	NEO	75.48	72.01	-3.48	67.31	70.11	2.80	100	0	-100	发疯文学必备文案，笑死我了	The must-have copywriting for crazy literature, it made me laugh to death.	宣泄式文字表达必备文案，笑死我了	The cathartic text expression is a must-have copywriting, and it made me laugh.	must-have lines for unhinged-rant posting, I'm dying laughing
B-NEO-030	NEO	95.06	93.94	-1.12	80.69	83.20	2.51	100	100	0	社恐人的噩梦，大型聚会	The nightmare of social phobia, a large party	社交恐惧症患者的噩梦，大型聚会	The nightmare of social phobics, a large party	a socially anxious person's worst nightmare, a huge gathering
B-NEO-031	NEO	90.15	93.40	3.25	76.82	82.54	5.72	0	0	0	找不到原剧了，这个当代餐先看	I can’t find the original drama, so I’ll watch this contemporary drama first.	找不到原剧了，这个当替代品先看	I can’t find the original drama, so I’ll watch this one instead.	can't find the original, using this as a substitute for now
B-NEO-032	NEO	90.45	89.39	-1.06	79.81	80.95	1.14	0	0	0	花2000买nike感觉自己好像大冤种	I feel like I’m a big loser after spending 2,000 to buy Nike.	花2000买nike感觉自己好像大冤大头	I feel like I’m the big loser for spending 2,000 to buy Nike.	spent 2k on nikes feeling like a total sucker
B-NEO-033	NEO	69.75	68.90	-0.85	57.79	58.24	0.45	0	0	0	腾讯这波泄密直接破防了，317万说没就没	This wave of leaks from Tencent directly broke the defense, and the 3.17 million said there was none.	腾讯这波泄密直接崩溃了，317万说没就没	This wave of leaks from Tencent directly collapsed, and the 3.17 million said there was none.	Tencent's leak move really triggered a breakdown, 3.17 million gone just like that
B-NEO-034	NEO	53.22	82.46	29.24	69.97	74.11	4.15	0	100	100	梅老板今年真可怜，这么强的个人发挥啥没有得到	Boss Mei is really pitiful this year, such a strong personal performance and nothing was gained.	梅西今年真可怜，这么强的个人发挥啥没有得到	Messi is really pitiful this year, and he didn’t get anything with such a strong personal performance.	Messi had a rough year insane individual performance but got nothing
B-NEO-035	NEO	58.59	70.01	11.42	47.42	59.00	11.59	0	0	0	吃瓜吃到自己头上了，腾讯泄密员工就是本人	I’ve been eating melons and it’s me who leaked the information from Tencent	看热闹看到自己头上了，腾讯泄密员工就是本人	I saw it on my head, and the Tencent employee who leaked the information is me.	I was following the drama, only to realize I’m the Tencent staff member who leaked the information
B-NEO-036	NEO	72.22	80.24	8.02	77.24	74.53	-2.71	0	0	0	别搁这凡尔赛了，显摆啥呢	Stop with the Versailles, what are you showing off?	别搁这炫耀了，显摆啥呢	Stop showing off, what are you showing off?	stop humble bragging already what are you flexing
B-NEO-037	NEO	96.90	99.32	2.43	82.21	84.92	2.71	0	0	0	显卡市场太内卷了，价格涨得离谱	The graphics card market is too competitive, and the price is ridiculously high.	显卡市场竞争太激烈了，价格涨得离谱	The graphics card market is too competitive, and the price is too high.	The GPU market is hyper-competitive, prices rising outrageously
B-NEO-038	NEO	72.85	63.41	-9.43	58.43	38.80	-19.63	0	0	0	这帖子水分太大，灌水灌的	This post is too much water, it’s just a flood of water.	这帖子水分太大，刷帖刷的	This post is too much water, I’m just browsing.	this post is so watered down pure spam
B-NEO-039	NEO	90.64	97.81	7.17	60.45	75.33	14.88	0	100	100	打工人看完317万年终奖直接躺平了	The workers were so depressed after receiving their year-end bonus of 3.17 million.	打工人看完317万年终奖直接放弃了	The workers gave up after receiving the year-end bonus of 3.17 million.	Workers gave up striving after seeing the 3.17 million year-end bonus.
B-NEO-040	NEO	83.96	92.21	8.25	71.01	76.83	5.82	100	0	-100	这剧情给我整破防了	This plot completely broke my defense.	这剧情给我整崩溃了	This plot made me collapse.	this plot totally broke me fr fr
B-NEO-041	NEO	83.54	93.74	10.20	80.19	81.02	0.83	0	0	0	这员工凡尔赛式晒年终奖，结果翻车了	This employee bragged about his year-end bonus in a Versailles-style way, and it backfired.	这员工炫耀式晒年终奖，结果翻车了	This employee bragged about his year-end bonus, but it backfired.	This employee flaunted their year-end bonus in a humble-brag way, and it backfired
B-NEO-042	NEO	94.33	97.99	3.65	57.97	83.60	25.63	0	0	0	这手机信号拉胯到离谱	The mobile phone signal is so bad.	这手机信号差到离谱	The mobile phone signal is so bad.	this phone signal is garbage to an absurd degree
B-NEO-043	NEO	96.45	99.10	2.64	78.52	84.88	6.35	0	0	0	你这个行为真的很下头	Your behavior is really disgusting.	你这个行为真的很扫兴	Your behavior is really annoying.	your behavior is such a turnoff rn
B-NEO-044	NEO	76.87	93.62	16.76	66.75	78.00	11.25	0	100	100	赛里木湖这事太下头了，景区管理太离谱	This thing about Sairim Lake is too much, and the management of the scenic area is too ridiculous.	赛里木湖这事太让人失望了，景区管理太离谱	This incident at Sairim Lake is too disappointing, and the management of the scenic area is too ridiculous.	The Sarim Lake incident is too disappointing, scenic area management is outrageous
B-NEO-045	NEO	92.16	88.80	-3.36	73.35	54.07	-19.28	0	0	0	他这个人好油腻	He is so greasy.	他这个人好油滑	He is so slippery.	this guy is so sleazy ick
B-NEO-046	NEO	80.42	90.64	10.22	62.94	78.79	15.85	0	0	0	没绷住破绷了	It’s not tight enough and it broke.	没绷住笑了	I couldn’t hold it in and laughed.	couldn't hold it in and totally lost it laughing
B-NEO-047	NEO	82.46	78.44	-4.02	69.16	77.65	8.49	0	100	100	中国女排逆转美国，这波操作太上头了	Chinese women’s volleyball team defeated the United States, and this operation was too cool.	中国女排逆转美国，这波操作太让人激动了	Chinese women’s volleyball team defeated the United States, and this wave of operation was so exciting.	China women's volleyball reversed against USA, this move is so hype
B-NEO-048	NEO	67.54	92.07	24.53	51.77	79.45	27.68	0	0	0	天天水经验，也不发点有用的帖子	I have been using Tiantian water for a long time, but I have not posted any useful post.	天天刷经验，也不发点有用的帖子	I’ve been gaining experience every day, but I haven’t posted any useful posts.	farming XP every day never posting anything useful
B-NEO-049	NEO	83.73	59.82	-23.91	45.15	46.70	1.55	100	0	-100	这主播开挂实锤了，封号吧	This anchor is cheating, ban him.	这主播作弊实锤了，封号吧	This anchor cheated, and it’s a real hammer, ban him.	this streamer is confirmed cheating, ban them
B-NEO-050	NEO	99.06	84.31	-14.75	79.79	71.87	-7.93	100	0	-100	内耗太严重了	The internal friction is too serious.	内部消耗太严重了	The internal consumption is too serious.	internal friction is too serious smh
B-NEO-051	NEO	80.10	79.91	-0.18	42.42	47.26	4.84	0	100	100	互联网嘴替实锤	Internet mouthpieces are real hammers	互联网代言人实锤	Internet spokesperson real hammer	confirmed internet mouthpiece
B-NEO-052	NEO	43.28	27.18	-16.10	38.06	41.33	3.26	0	0	0	无职孝子还在嘴硬洗，服了	Wuzhi Xiazi is still trying to justify himself, I’m done with him.	无职盲目辩护者还在嘴硬洗，服了	The blind defender of Wu Zi is still washing it, and I’m convinced.	Mushoku Tensei stans still hard-stanning give up
B-NEO-053	NEO	81.84	94.89	13.04	63.12	76.25	13.13	0	0	0	双持党表示苹果和华为都不够用	Dual-holding party said that both Apple and Huawei are not enough	同时用两部手机的人表示苹果和华为都不够用	People who use two mobile phones at the same time said that both Apple and Huawei are not enough.	dual-phone gang saying neither Apple nor Huawei is enough
B-NEO-054	NEO	59.97	86.63	26.66	47.78	72.88	25.11	0	0	0	被种草了	I was planted.	被推荐心动了	I was moved by the recommendation.	got recommended I'm tempted to buy
B-NEO-055	NEO	77.58	98.00	20.42	48.21	80.61	32.41	0	0	0	拔草了不买	I’ll pull the grass and not buy it.	打消购买念头了不买	I’ve changed my mind and won’t buy it.	nah I'm not buying
B-NEO-056	NEO	71.12	98.95	27.83	65.27	86.13	20.86	0	0	0	他好会整活	He is good at doing things.	他好会搞怪	He is so funny.	he's so good at being funny lol
B-NEO-057	NEO	86.14	98.70	12.57	79.18	83.36	4.18	0	0	0	这个太炸了	This is so cool.	这个太震撼了	This is so shocking.	this is too insane
B-NEO-058	NEO	67.81	71.28	3.47	67.66	55.04	-12.62	0	0	0	景区打人还理直气壮的，真是绝绝子	The person who hit the tourist in the scenic area was so arrogant, really a bastard.	景区打人还理直气壮的，真是绝了	The person who hit the tourist was so arrogant, it was really amazing.	Beating people at a scenic spot and still acting righteous, truly absolutely outrageous
B-NEO-059	NEO	49.68	84.63	34.95	49.37	83.89	34.52	0	0	0	破防了	It was a surprise.	心理防线崩溃了	The psychological defense line collapsed.	I'm emotionally broken
B-NEO-060	NEO	90.08	100.00	9.92	60.58	85.96	25.38	0	100	100	这个太上头了	This is too much.	这个太上瘾了	This is so addictive.	this is too addictive can't stop
B-NEO-061	NEO	71.08	96.43	25.35	77.93	85.94	8.01	0	100	100	他好会营业	He is good at business.	他好会讨好粉丝	He is good at pleasing fans.	he's so good at playing to his fans
B-NEO-062	NEO	76.11	80.97	4.86	67.70	74.69	6.99	0	0	0	香港🇭🇰打车有这么卷吗？又难？	Is it so easy to take a taxi in Hong Kong? Is it difficult?	香港🇭🇰打车竞争有这么激烈吗？又难？	Is it so fierce and difficult to compete in the taxi industry in Hong Kong?	is getting a taxi in HK this intense? so hard?
B-NEO-063	NEO	85.68	96.20	10.53	81.51	78.47	-3.04	0	0	0	这帖子纯纯的钓鱼经验，别当真	This post is just a fishing experience, don’t take it seriously.	这帖子纯纯的骗经验，别当真	This post is just a scam, don’t take it seriously.	this post is pure bait for engagement don't fall for it
B-NEO-064	NEO	82.29	94.33	12.04	67.17	79.37	12.20	0	0	0	纯纯的牛马人生	Pure life of cattle and horses	纯纯的打工人人生	A pure worker’s life	pure wage slave life
B-NEO-065	NEO	72.66	99.21	26.55	83.71	85.46	1.76	0	0	0	是我不够糖吗	Is it because I don’t have enough sugar?	是我不够傻吗	Is it because I’m not stupid enough?	am I not dumb enough? bruh
B-NEO-066	NEO	100.00	100.00	0.00	85.42	86.44	1.02	100	100	0	这何意味啊	What does this mean?	这什么意思啊	What does this mean?	what does this even mean
B-NEO-067	NEO	70.30	89.68	19.38	39.59	46.54	6.95	0	100	100	摆烂了，爱咋咋地	It’s a mess, and I don’t care.	放弃了，爱咋咋地	I gave up, and I don’t care.	I give up whatever happens happens
B-NEO-068	NEO	87.01	91.45	4.45	65.08	80.38	15.30	0	0	0	摆烂一天算了	I’ll just put it aside for a day.	放弃一天算了	I’ll just give up for the day.	let me rot for a day whatever
B-NEO-069	NEO	74.44	81.18	6.74	60.19	82.37	22.18	0	0	0	内卷太严重了，打工人伤不起	The internal competition is too serious, and the workers can’t afford to get hurt.	过度竞争太严重了，打工人伤不起	The competition is too fierce, and the workers can’t afford to get hurt.	the rat race is too intense workers can't take it
B-NEO-070	NEO	88.45	86.58	-1.87	59.43	71.80	12.37	0	0	0	这波操作属实逆天了	This move is really amazing.	这波操作属实超乎想象了	This wave of operations is beyond imagination.	this play is straight up insane
B-NEO-071	NEO	50.93	70.53	19.60	62.57	78.05	15.48	0	0	0	内卷到头秃，躺平又心慌	I’m so stressed that I’m losing my hair, and I’m anxious when I lie down.	过度竞争到头秃，躺平又心慌	Over-competition makes you bald, and lying flat makes you anxious.	rat race till you're bald quit competing but still anxious
B-NEO-072	NEO	72.83	95.97	23.14	82.23	84.70	2.47	0	100	100	不是哥们儿	Not a buddy.	不是吧，哥们儿	No way, buddy.	no way bro come on
B-NEO-073	NEO	73.39	68.50	-4.89	70.80	74.46	3.66	0	0	0	说出一个旅游热度很低但实际很夯的城市	Name a city with low tourism heat but high actual tourism.	说出一个旅游热度很低但实际很高的城市	Name a city with low tourism heat but high actual tourism.	name a city that's low-key but actually great
B-NEO-074	NEO	87.53	80.66	-6.88	46.41	80.73	34.32	0	0	0	这波操作直接拉胯了	This wave of operations was a complete failure.	这波操作直接失常了	This wave of operations is directly abnormal.	this play literally underperformed
B-NEO-075	NEO	58.25	77.15	18.90	47.41	63.74	16.33	0	0	0	这操作绝绝子，直接给我整不会了	This is a great operation, and it will make me completely forget about it.	这操作绝佳，直接给我整不会了	This is a great operation, and it directly made me speechless.	this play is amazing left me speechless
B-NEO-076	NEO	70.66	71.10	0.43	71.66	73.82	2.17	100	100	0	谁能能理解这种崩溃的心情，辛辛苦苦备考许久，就等着政审上岸，结果栽在了学历断层上	Who can understand this feeling of collapse, I have been preparing for the exam for a long time, and I was waiting for the political review to pass, but I failed because of the gap in my education.	谁能能理解这种崩溃的心情，辛辛苦苦备考许久，就等着政审成功，结果栽在了学历断层上	Who can understand this feeling of collapse, I have been preparing for the exam for a long time, and I was waiting for the political review to pass, but I failed because of the gap in my education.	who understands this despair? prepped for ages waiting to pass the political review only to get rejected by an education gap
B-NEO-077	NEO	82.03	95.34	13.31	78.01	82.31	4.30	0	100	100	为什么留子都不爱和老外谈？	Why don’t Chinese children like to talk to foreigners?	为什么留学生都不爱和老外谈？	Why don’t international students like to talk to foreigners?	why don't international students like dating foreigners? real talk
B-NEO-078	NEO	67.58	90.40	22.81	49.47	76.80	27.33	0	0	0	哈包穿上衣服不习惯了	It’s not used to wearing clothes.	哈兰德穿上衣服不习惯了	Harland is not used to wearing clothes.	not used to Haaland wearing clothes
B-NEO-079	NEO	72.15	85.20	13.05	56.39	60.82	4.43	0	100	100	洗澡5分钟老公社死一整年	After taking a 5-minute shower, my husband died for a whole year.	洗澡5分钟老公社会性死亡一整年	Taking a 5-minute shower, husband socially dead for a whole year	5-min shower and my husband is socially dead for a whole year rip
B-NEO-080	NEO	87.19	86.42	-0.77	67.78	52.42	-15.36	0	0	0	直接破防了家人们	It directly broke the defense of the family.	直接心态失控了家人们	My family members lost their minds.	totally broke down mentally fam
B-NEO-081	NEO	97.05	98.45	1.40	81.54	83.09	1.55	100	100	0	月薪不够5w不能这么活	I can’t live like this with a monthly salary of less than 50,000.	月薪不够5万不能这么活	You can’t live like this with a monthly salary of less than 50,000.	Can't live like this if monthly salary isn't even 50k
B-NEO-082	NEO	43.18	71.63	28.45	42.13	80.00	37.88	0	0	0	爷青回	Old is back	爷的青春回来了	My youth is back.	Nostalgia hits hard.
B-NEO-083	NEO	47.13	100.00	52.87	43.58	87.51	43.92	0	0	0	难他天？	Is it hard for him?	难道他真的是天才？	Is he really a genius?	Turns out he's a genius?
B-NEO-084	NEO	92.27	99.12	6.85	75.17	83.09	7.93	0	0	0	基操	Basic Exercises	基本操作	Basic operations	Just basic mechanics
B-NEO-085	NEO	73.59	74.04	0.45	60.66	74.28	13.63	0	0	0	你这肯定是低段位炸鱼罢了	You must have used a low-level fish bomb.	你这肯定是低段位欺负水平差的玩家罢了	You are definitely a low-level player bullying a player with poor level.	You must be just smurfing in low rank
B-NEO-086	NEO	66.45	88.38	21.94	77.45	80.45	3.01	0	100	100	刘宇宁一周不直播，棚友集体受不了！想念到发疯	Liu Yuning didn’t broadcast live for a week, and the roommates couldn’t stand it! They missed him so much that they went crazy.	刘宇宁一周不直播，粉丝集体受不了！想念到发疯	Liu Yuning didn’t broadcast live for a week, and fans couldn’t stand it! They missed him so much that they went crazy.	Liu Yuning hasn’t streamed for a week, all his fans can’t stand it and miss him terribly.
B-PYA-001	PYA	79.30	95.93	16.62	76.69	80.70	4.01	0	100	100	xql日常太甜了，羡慕死了	xql is so sweet in daily life, I envy her so much.	小情侣日常太甜了，羡慕死了	The daily life of the little couple is so sweet, I’m so envious.	this couple's daily life is too sweet, I'm so jealous
B-PYA-003	PYA	76.51	81.42	4.91	68.96	77.38	8.43	0	100	100	xql之间的默契真的绝了	The tacit understanding between xql is really great.	小情侣之间的默契真的绝了	The tacit understanding between the little couple is really amazing.	the chemistry between this couple is insane
B-PYA-004	PYA	83.80	99.28	15.49	58.13	79.43	21.30	0	100	100	全网最甜xql非他们莫属	They are the sweetest xql in the whole network.	全网最甜小情侣非他们莫属	They are the sweetest couple on the Internet.	the sweetest couple on the internet has to be them
B-PYA-005	PYA	90.68	98.50	7.81	71.59	84.20	12.61	0	0	0	看到别人去欧洲旅游的照片，xmsl	Seeing the photos of others traveling in Europe, xmsl	看到别人去欧洲旅游的照片，羡慕死了	I was so envious when I saw photos of others traveling in Europe.	Seeing photos of others traveling in Europe makes me so envious.
B-PYA-007	PYA	87.23	93.77	6.54	78.18	72.44	-5.74	0	100	100	新剧gkd！等不及了	New drama gkd! I can’t wait!	新剧搞快点！等不及了	Hurry up and make the new drama! I can’t wait any longer.	hurry up with the new drama! can't wait
B-PYA-009	PYA	96.29	97.75	1.46	65.50	79.13	13.63	0	100	100	xgg们推荐一下好用的手机呗	Please recommend some good phones to me.	小哥哥们推荐一下好用的手机呗	Recommend some good phones, guys.	boys recommend some good phones pls
B-PYA-010	PYA	88.93	98.62	9.69	76.30	85.61	9.30	0	0	0	这个xgg好帅，求联系方式	This xgg is so handsome, please give me the contact information.	这个小哥哥好帅，求联系方式	This young man is so handsome, please give me his contact information.	this guy is so handsome, asking for his contact
B-PYA-011	PYA	88.50	82.66	-5.85	76.32	45.42	-30.90	0	0	0	jrm帮我看看这个怎么选	jrm, help me see how to choose this.	家人们帮我看看这个怎么选	Please help me choose this.	fam help me figure out which one to pick
B-PYA-012	PYA	86.33	92.76	6.43	83.66	80.95	-2.72	0	100	100	jrm今天发生了一件离谱的事	A ridiculous thing happened to jrm today.	家人们今天发生了一件离谱的事	A ridiculous thing happened to my family today.	fam something wild happened today
B-PYA-013	PYA	90.04	92.04	2.00	74.95	76.33	1.38	0	0	0	8u们觉得这配置怎么样	What do you think about this configuration?	吧友们觉得这配置怎么样	What do you think about this configuration?	what do you tieba folks think of this setup?
B-PYA-014	PYA	76.94	79.62	2.68	76.56	79.45	2.89	0	0	0	王虹yyds！中国数学家终于拿到菲尔兹奖了	Wang Hong yyds! Chinese mathematicians finally won the Fields Medal	王虹永远的神！中国数学家终于拿到菲尔兹奖了	Wang Hong is a god forever! Chinese mathematicians finally won the Fields Medal	Wang Hong is the GOAT! A Chinese mathematician finally won the Fields Medal
B-PYA-015	PYA	87.77	92.14	4.37	68.32	75.20	6.88	0	100	100	这条rs怎么还没上	Why is this rs not up yet?	这条热搜怎么还没上	Why is this trending topic not on the list?	why isn't this trending yet
B-PYA-016	PYA	74.91	74.62	-0.29	64.94	75.53	10.60	0	0	0	xswl，陈哲远在密逃里也太搞笑了吧	xswl, Chen Zheyuan is too funny in the secret escape.	笑死我了，陈哲远在密逃里也太搞笑了吧	I laughed to death, Chen Zheyuan is too funny in the escape room.	Lmao, Chen Zheyuan is just too funny in Great Escape
B-PYA-017	PYA	89.37	95.57	6.20	75.04	79.12	4.08	0	100	100	14个月正是穿lulu的时候	14 months is the time to wear lulu.	14个月正是穿Lululemon的时候	14 months is the time to wear Lululemon.	14 months is prime Lululemon season
B-PYA-018	PYA	85.77	83.02	-2.74	83.27	63.82	-19.45	0	0	0	dd，中国女排3比2逆转美国太牛了	dd, the Chinese women’s volleyball team defeated the United States 3-2, which is so amazing.	顶顶，中国女排3比2逆转美国太牛了	Top, the Chinese women’s volleyball team defeated the United States 3-2.	Bump, China women's volleyball 3-2 comeback against USA is amazing
B-PYA-019	PYA	86.17	98.37	12.20	78.32	81.27	2.95	0	0	0	rt，大家帮我看看这手机值不值	rt, everyone, help me see if this phone is worth it.	如图，大家帮我看看这手机值不值	As shown in the picture, please help me see if this phone is worth it.	see pic help me check if this phone is worth it
B-PYA-020	PYA	97.26	88.35	-8.91	80.42	83.39	2.97	0	100	100	jrs怎么看腾讯这个泄密处理？	What do you think about Tencent’s handling of this leak?	家人们怎么看腾讯这个泄密处理？	What do your family members think about Tencent’s handling of the leak?	Fam, what do you think of Tencent's leak handling?
B-PYA-021	PYA	77.46	83.03	5.57	68.91	74.25	5.34	0	0	0	srds，赛里木湖打人这事不能就这么算了	srds, the matter of the fight at Sairim Lake cannot be just forgotten.	虽然但是，赛里木湖打人这事不能就这么算了	However, the incident of the man beating people at Sairim Lake cannot be ignored.	Be that as it may, the Sarim Lake beating incident can't just be let go like this
B-PYA-022	PYA	85.54	82.77	-2.77	48.90	79.37	30.47	0	0	0	白色真是yyds	White is really yyds.	白色真是永远的神	White is the eternal God.	white is truly the GOAT
B-PYA-023	PYA	83.28	95.60	12.32	72.09	71.08	-1.01	0	100	100	u1s1，317万年终奖确实让人眼红	u1s1, the year-end bonus of 3.17 million is really enviable.	有一说一，317万年终奖确实让人眼红	To be honest, the 3.17 million year-end bonus is really enviable.	To be honest, a 3.17 million year-end bonus does make people envious
B-PYA-024	PYA	94.57	83.87	-10.70	79.03	75.21	-3.82	0	0	0	XHS上好多人在讨论	Many people on XHS are discussing it.	小红书上好多人在讨论	Many people on Little Red Book are discussing it.	so many people talking about it on Xiaohongshu
B-PYA-025	PYA	81.84	91.15	9.31	67.87	78.52	10.65	0	0	0	显卡涨价这消息直接让我blx了	The news of the price increase of graphics cards directly made me blx.	显卡涨价这消息直接让我玻璃心了	The news of the price increase of graphics cards directly made me feel sad.	The GPU price hike news really triggered my fragile heart
B-PYA-026	PYA	67.02	59.01	-8.00	46.48	43.98	-2.50	0	0	0	好好好 好一个kpop拉子(bushi)	Good, good, good kpop lazi (bushi)	好好好 好一个kpop拉子(不是)	Good, good, good kpop (not)	ok ok ok what a kpop lesbian (not)
B-PYA-027	PYA	52.14	59.30	7.16	64.05	50.49	-13.56	0	0	0	某些景区管理真是yygq，表面道歉背后照样	Some scenic area management is really yygq, and they still do the same thing behind the apology on the surface.	某些景区管理真是阴阳怪气，表面道歉背后照样	The management of some scenic spots is really weird, and they still	Some scenic area management is really passive-aggressive, apologizing on the surface but same behind the scenes
B-PYA-028	PYA	70.22	74.99	4.77	77.93	75.18	-2.75	0	0	0	nb！这个操作太秀了	nb! This action is so cool!	牛逼！这个操作太秀了	Awesome! This operation is so cool!	Sick move! Absolute W
B-PYA-029	PYA	76.09	75.94	-0.16	57.50	62.23	4.73	0	100	100	50亿离婚案的瓜我吃了，dbq我不站队	I’ve eaten the melon of the 5 billion divorce case, and I’m not taking sides.	50亿离婚案的瓜我吃了，对不起我不站队	I’ve eaten the melon of the 5 billion divorce case, and I’m sorry I’m not taking sides.	I’ve followed the 5-billion divorce drama, sorry, I’m not taking sides.
B-PYA-030	PYA	82.84	79.99	-2.85	67.29	65.20	-2.09	0	0	0	这就是尊贵的b站用户🤣🤣🤣	This is the honorable b station user🤣🤣🤣	这就是尊贵的B站用户🤣🤣🤣	This is the honorable B station user.	this is what being a distinguished Bilibili user looks like 🤣🤣🤣
B-PYA-031	PYA	68.97	78.78	9.81	70.12	77.62	7.49	0	0	0	王虹从垫底到菲尔兹奖，这波直接nb	Wang Hong went from the bottom to the Fields Medal, this wave is directly nb	王虹从垫底到菲尔兹奖，这波直接牛逼	Wang Hong went from the bottom to the Fields Medal, and this wave is directly awesome.	Wang Hong from bottom to Fields Medal, this move is just insane
B-PYA-032	PYA	81.58	94.47	12.89	69.96	79.90	9.94	0	100	100	xjj们推荐一下好用的手机呗	Recommend some good phones, xjj.	小姐姐们推荐一下好用的手机呗	Recommend some good phones, girls.	girls recommend some good phones pls
B-PYA-033	PYA	90.05	96.07	6.02	74.33	67.01	-7.32	0	100	100	bl粉丝太能控评了	BL fans are too good at controlling comments.	白鹿粉丝太能控评了	Bai Lu’s fans are too good at controlling the comments.	Bai Lu fans are too good at controlling the comments
B-PYA-034	PYA	78.33	77.01	-1.31	58.79	76.16	17.37	0	0	0	会聊天的男生真的yyds	Guys who can chat are really yyds.	会聊天的男生真的永远的神	Guys who can talk are really always gods.	guys who can flirt are truly the GOAT
B-PYA-035	PYA	87.97	89.76	1.79	72.99	80.11	7.12	0	0	0	哈哈哈哈哈哈哈笑死，我们00真的老kpop人了	Hahahaha, we are old kpop fans of the 00s.	哈哈哈哈哈哈哈笑死，我们2000年后出生的人真的老kpop人了	Hahahaha, we were born after 2000, and we are really old kpop fans.	lmaooo us Gen Z are such veteran kpop fans
B-PYA-036	PYA	65.86	74.42	8.56	56.91	76.16	19.25	0	0	0	减脂党狂喜！番茄鸡蛋燕麦粥yyds	Lose weight party, rejoice! Tomato egg oatmeal porridge yyds	减脂党狂喜！番茄鸡蛋燕麦粥永远的神	Lose weight fans, rejoice! Tomato egg oatmeal is the best	diet crew rejoice! tomato egg oatmeal is the GOAT
B-PYA-037	PYA	87.84	89.84	2.00	82.27	65.84	-16.43	0	0	0	jrs帮我看看这鱼竿行不行	jrs, help me see if this fishing rod is okay.	家人们帮我看看这鱼竿行不行	Help me see if this fishing rod is okay.	fam help me check if this fishing rod is any good
B-PYA-038	PYA	82.43	84.13	1.71	63.06	77.72	14.66	0	0	0	一个会调情的男生真的YYDS	A boy who can flirt is really YYDS.	一个会调情的男生真的永远的神	A boy who can flirt is really a god forever.	a guy who knows how to flirt is truly the GOAT
B-PYA-039	PYA	92.87	100.00	7.13	69.54	82.92	13.37	0	0	0	bdjw这个怎么用	How do I use this bdjw?	不懂就问这个怎么用	Ask how to use it if you don’t understand.	asking cuz idk how do I use this
B-PYA-040	PYA	66.10	79.11	13.00	72.34	73.63	1.29	0	100	100	蓝盈莹第一场戏好像就是撞棺紫砂	It seems that Lan Yingying’s first scene is the one where she hits the coffin with a purple sand.	蓝盈莹第一场戏好像就是撞棺自杀	It seems that Lan Yingying’s first scene is to commit suicide by hitting the coffin.	Lan Yingying's first scene was literally suicide by coffin smash
B-PYA-041	PYA	83.80	89.85	6.05	78.64	77.20	-1.44	0	0	0	泰奶+Gelato yyds！！！	Thai milk + Gelato yyds!!!	泰奶+Gelato 永远的神！！！	Thai milk + Gelato is the best!!!	Thai milk tea + Gelato is the GOAT!!!
B-PYA-042	PYA	81.37	86.24	4.87	67.15	59.31	-7.84	0	0	0	yygq什么呢，有话直说不行吗	What is yygq, can’t you just say it directly?	阴阳怪气什么呢，有话直说不行吗	What’s the point of being so weird, can’t you just say it directly?	what are you being passive-aggressive about just say it straight
B-PYA-043	PYA	86.99	95.84	8.85	71.21	62.52	-8.69	0	0	0	zqsg追星好累	It’s tiring to chase stars, zqsg	真情实感追星好累	It’s tiring to chase stars with true feelings.	chasing idols with genuine feelings is exhausting
B-PYA-044	PYA	72.92	73.65	0.73	82.46	80.65	-1.81	0	0	0	u1s1，这个视频做得真好	u1s1, this video is really good.	有一说一，这个视频做得真好	To be honest, this video is really good.	Fr, this video slaps
B-PYA-045	PYA	66.73	59.35	-7.39	59.69	56.18	-3.51	0	0	0	别再吃麻辣烫！干拌麻辣拌才是yyds	Stop eating Mala Tang! Dry Mala Tang is the best!	别再吃麻辣烫！干拌麻辣拌才是永远的神	Stop eating Mala Tang! Dry Mala Tang is the forever god.	stop eating malatang! dry-mixed mala ban is the GOAT
B-PYA-046	PYA	83.08	77.39	-5.69	58.53	75.19	16.66	0	0	0	这吧里xfxy的，天天吵架	This is xfxy, and they fight every day.	这吧里血风血雨的，天天吵架	It’s full of blood and rain here, and people are fighting every day.	this forum is so chaotic fighting every day smh
B-PYA-047	PYA	55.66	68.00	12.35	64.49	82.15	17.65	0	0	0	srds他还是很有实力的	He is still very capable.	虽然但是他还是很有实力的	But he is still very powerful.	sthough he still got bars
B-PYA-048	PYA	81.89	73.92	-7.97	77.93	77.36	-0.56	0	0	0	xswl 这都能洗？	xswl, can this be washed?	笑死我了 这都能洗？	I laughed to death, can this be washed?	lmao you can defend even this?
B-PYA-049	PYA	87.22	100.00	12.78	72.11	84.49	12.39	0	0	0	rwkk这到底是什么鱼	What kind of fish is rwkk?	让我看看这到底是什么鱼	Let me see what kind of fish this is.	lemme see what fish is this
B-PYA-050	PYA	91.25	96.84	5.59	42.39	76.51	34.12	0	0	0	dd我一下	dd me.	滴滴我一下	Drop me a line.	hit me up
B-PYA-051	PYA	82.66	78.48	-4.17	66.38	58.60	-7.79	0	0	0	tcl，我真的太菜了	tcl, I’m really too bad.	太菜了，我真的太菜了	I’m so bad, I’m really so bad.	I'm way too noob
B-PYA-052	PYA	76.18	77.07	0.90	49.33	54.69	5.36	0	0	0	夏天就好这一口！！天妇罗冰锅yyds！！	It’s the best in summer! Tempura ice pot is the best!	夏天就好这一口！！天妇罗冰锅永远的神！！	It’s the best in summer! The tempura ice pot is the best! !	summer vibes!! tempura ice pot is the GOAT!!
B-PYA-053	PYA	80.36	85.01	4.65	67.09	69.75	2.66	0	0	0	xswl这弱智吧的帖子太搞笑了	xswl, this post of the idiot is so funny.	笑死我了这弱智吧的帖子太搞笑了	I laughed to death, this post of the idiot is so funny.	lmao the posts in this dumbass forum are too funny
B-PYA-054	PYA	62.12	63.56	1.44	44.78	52.29	7.51	0	0	0	马到成功yyds	Success at first glance yyds	马到成功永远的神	The God of Instant Success	May you succeed effortlessly, it’s top tier!
B-PYA-055	PYA	74.41	73.29	-1.13	24.88	44.50	19.62	0	0	0	这操作nb啊，大佬带带我	This is so cool, please teach me.	这操作牛逼啊，大佬带带我	This is awesome, please teach me.	this play is sick bro carry me
B-PYA-056	PYA	84.68	84.07	-0.61	46.73	66.71	19.98	0	0	0	这个cp太好磕了	This CP is so good.	这个配对太好磕了	This pairing is so good.	this ship is too good fr fr
B-PYA-057	PYA	76.44	74.92	-1.52	53.19	59.42	6.23	100	0	-100	这俩离不开浓妆美颜强凹ABC	These two can’t be separated from the heavy makeup, beauty and ABC.	这俩离不开浓妆美颜强凹American Born Chinese	These two can’t be separated from the heavy makeup and beauty American Born Chinese	these two can't go without heavy makeup + filters trying to act all ABC
B-PYA-058	PYA	84.92	80.29	-4.64	64.66	52.12	-12.54	0	0	0	kdl，这对CP太甜了	kdl, this CP is so sweet.	磕到了，这对CP太甜了	I fell in love with it, this CP is so sweet.	I'm shipping it this CP is too sweet
B-PYA-059	PYA	84.94	82.75	-2.19	60.96	80.76	19.80	0	0	0	山航yyds	Shanxi Airlines yyds	山航永远的神	The eternal god of Shanxi Airlines	Shandong Airlines is the GOAT
B-PYA-060	PYA	79.52	81.60	2.08	59.24	67.15	7.91	0	0	0	cpf又在磕了	CPF is at it again.	CP粉又在磕了	CP fans are at it again.	shippers shipping again
B-PYA-061	PYA	68.89	71.94	3.05	71.74	59.55	-12.19	0	0	0	dddd，支持UP主！	ddd, support the UP owner!	顶顶顶顶，支持UP主！	Top top top top, support the UP owner!	bump bump bump bump support the creator!
B-PYA-062	PYA	85.70	64.70	-21.00	80.42	76.98	-3.44	0	0	0	xswl打印机都沦没墨了	The xswl printer has run out of ink.	笑死我了打印机都沦没墨了	I laughed so hard that I died, and the printer ran out of ink.	lmao even the printer ran out of ink
B-PYA-063	PYA	85.28	88.55	3.27	63.19	80.22	17.03	0	100	100	fs们太能打了	The fs are too good.	粉丝们太能打了	The fans are so good at fighting.	fans are too cracked
B-PYA-064	PYA	91.95	96.61	4.66	84.70	84.29	-0.41	0	0	0	ssfd，这个太恐怖了	ssfd, this is too terrible.	瑟瑟发抖，这个太恐怖了	I’m trembling, this is too scary.	shook this is too scary
B-PYA-065	PYA	72.78	94.03	21.26	51.19	76.58	25.39	0	100	100	bt，时常因为不够bt而觉得跟这个世界格格不入	I often feel out of place in this world because I am not enough.	变态，时常因为不够变态而觉得跟这个世界格格不入	I am a pervert, and I often feel out of place in this world because I am not perverted enough.	pervert always feeling out of place cuz I'm not weird enough lol
B-PYA-066	PYA	92.14	93.55	1.41	69.69	80.32	10.63	0	0	0	这图谁发明的，xswl	Who invented this, xswl	这图谁发明的，笑死我了	Who invented this picture, it made me laugh.	who invented this image lmao
B-PYA-067	PYA	71.76	60.55	-11.20	69.33	47.10	-22.23	0	0	0	tcl这游戏技术，菜到抠脚	TCL’s game technology is so bad that it’s embarrassing.	太菜了这游戏技术，菜到抠脚	This game is so bad, it’s so bad that it’s embarrassing.	too noob this game skill noob to the extreme
B-PYA-068	PYA	74.56	83.88	9.32	75.96	61.73	-14.23	0	0	0	zqsg追了这么多年，终于更新了	I’ve been following zqsg for so many years, and it finally updated.	真情实感追了这么多年，终于更新了	I have been following it for so many years, and it finally updated.	been following with real feelings for years finally an update
B-PYA-069	PYA	68.65	79.95	11.30	69.17	68.58	-0.59	0	0	0	Xswl就说有没有美味大餐吧哈哈哈哈哈哈哈	Xswl said there was no delicious food hahahahaha	笑死我了就说有没有美味大餐吧哈哈哈哈哈哈哈	I laughed so hard, I forgot to ask if there was any delicious food hahahahaha	lmao just tell me if there's a feast hahahahaha
B-PYA-070	PYA	99.03	69.93	-29.10	85.98	77.31	-8.67	100	100	0	nsdd，你说得对	nsdd, you are right.	你说得对，你说得对	You're right. You're right.	nsdd you're right
B-PYA-071	PYA	47.24	40.75	-6.49	65.30	67.89	2.58	0	0	0	xswl一人血书求这个短剧拍真人版	xswl, I’m a fan of this short drama and I want it to be made into a live-action version.	笑死我了一人血书求这个短剧拍真人版	I laughed to death, and I want this short drama to be made into a live-action version.	lmao starting a one-person petition for a live-action version
B-PYA-072	PYA	94.67	100.00	5.33	84.57	86.67	2.10	100	100	0	szd，这个是真的	szd, this is true.	是真的，这个是真的	It’s true, this is real.	it's legit this is the real deal
B-PYA-073	PYA	75.25	78.81	3.56	71.79	57.98	-13.81	0	0	0	pyq，朋友圈见	pyq, see you in the circle of friends.	朋友圈，朋友圈见	Friends circle, see you in the friends circle	see you in Moments
B-PYA-074	PYA	71.23	82.02	10.79	56.71	79.81	23.10	0	0	0	这个耳朵前后的颜色变化xswl	The color change before and after the ears is xswl.	这个耳朵前后的颜色变化笑死我了	The color change before and after the ear made me laugh.	the color change before and after this ear lmao
B-PYA-075	PYA	95.43	99.99	4.56	84.38	87.27	2.89	0	100	100	dbq，对不起我错了	dbq, I was wrong.	对不起，对不起我错了	I’m sorry, I was wrong.	sry sorry I was wrong
B-PYA-076	PYA	81.44	79.63	-1.81	68.66	78.37	9.71	0	0	0	xswl皇帝的新衣	xswl, the emperor’s new clothes	笑死我了皇帝的新衣	I laughed so hard at the emperor’s new clothes.	lmao emperor's new clothes
B-PYA-077	PYA	85.99	96.08	10.09	76.97	85.99	9.02	0	0	0	哈哈哈哈哈xswl	Hahahahahahaha xswl	哈哈哈哈哈笑死我了	Hahahaha, I laughed so hard.	hahahahaha lmao
B-PYA-078	PYA	32.40	88.20	55.80	53.23	70.09	16.86	0	100	100	真的栓Q了家人们	It really made my family members hooked.	真的受够了家人们	I’ve really had enough of my family.	I've really had enough, guys.
B-PYA-079	PYA	85.33	85.62	0.29	82.46	63.80	-18.65	0	0	0	8u🚪什么意思	What does 8u🚪 mean?	吧友们什么意思	What do you mean, friends?	tieba bros what does this mean
B-PYA-080	PYA	70.79	83.43	12.65	56.48	71.99	15.51	0	0	0	什么成分？xdm锐评。	What ingredients? xdm sharp criticism.	什么成分？兄弟们锐评。	What ingredients? Brothers, please comment.	what's their deal? bros rate.
B-PYA-081	PYA	95.97	93.86	-2.11	72.70	72.10	-0.60	100	100	0	氪金也能让各家fs满意	Spending money can also make the fans of each team satisfied.	氪金也能让各家粉丝满意	Spending money can also make fans of each team satisfied.	spending money can also satisfy every camp's fans
B-PYA-082	PYA	76.50	73.38	-3.13	62.54	67.41	4.87	0	0	0	咱姐硬生生从良子嘴里抠出3w多粉丝	My sister forcefully pulled out more than 30,000 fans from Liangzi’s mouth.	咱姐硬生生从良子嘴里抠出3万多粉丝	My sister forcefully pulled more than 30,000 fans out of Liangzi’s mouth.	Our sis somehow pulled more than thirty thousand followers out of Liangzi.
B-PYA-083	PYA	72.44	79.78	7.35	68.77	71.67	2.90	0	0	0	她俩要是有cpf这都能当谈过的证据了	If they have cpf, it can be used as evidence that they have talked about it.	她俩要是有CP粉这都能当谈过的证据了	If they have CP fans, this can be used as evidence that they have dated.	if they had shippers this could count as dating proof
B-PYA-084	PYA	86.47	98.98	12.51	78.57	86.70	8.13	0	0	0	塔图姆NB	Tatum NB	塔图姆牛逼	Tatum is awesome.	Tatum is insane.
B-PYA-085	PYA	88.73	83.86	-4.87	60.45	72.30	11.85	0	0	0	想吃肉质Q弹的就买散养老公鸡	If you want to eat tender meat, buy free-range old rooster.	想吃肉质紧实弹牙的就买散养老公鸡	If you want to eat meat that is firm and chewy, buy free-range old rooster.	if you want bouncy meat buy free-range rooster
B-PYA-086	PYA	90.42	95.41	5.00	76.72	70.01	-6.71	0	0	0	yysy，两边都看完了	yysy, I’ve watched both sides.	有一说一，两边都看完了	I’ll say it straight, I’ve watched both sides.	To be honest, I watched both sides
B-MIX-001	MIX	97.03	77.91	-19.12	79.41	75.54	-3.87	100	0	-100	这首歌的hook太洗脑了，循环一天	The hook of this song is so catchy, I’ve been listening to it all day.	这首歌的记忆点太洗脑了，循环一天	The memory point of this song is so brainwashing, I’ve been playing it all day.	this song's hook is so catchy, been looping all day
B-MIX-002	MIX	96.06	93.19	-2.87	71.28	75.05	3.77	100	0	-100	短视频前3秒就是hook，抓不住人就划走了	The first 3 seconds of a short video is the hook, and if you can’t grab the attention of the audience, they will leave.	短视频前3秒就是吸引人的部分，抓不住人就划走了	The first 3 seconds of a short video is the most attractive part, and if you can’t grab the attention of the audience, they will leave.	the first 3 seconds of a short video is the hook, lose them and they scroll away
B-MIX-003	MIX	98.38	99.03	0.65	78.58	81.96	3.38	0	100	100	新专辑终于drop了，等了好久	The new album is finally out, I’ve waited for a long time.	新专辑终于发布了，等了好久	The new album is finally released, I’ve waited for a long time.	the new album finally dropped, been waiting forever
B-MIX-004	MIX	96.71	96.07	-0.64	79.72	83.56	3.84	100	100	0	这个品牌下周drop新款，必须抢	This brand will drop new products next week, and I must get them.	这个品牌下周推出新款，必须抢	This brand will launch a new model next week, and you must grab it.	this brand is dropping new styles next week, gotta grab them
B-MIX-005	MIX	84.68	74.81	-9.87	71.93	74.12	2.18	100	0	-100	这波clutch操作直接翻盘，太牛了	This clutch operation directly reversed the game, it was so cool.	这波关键时刻的操作直接翻盘，太牛了	This wave of operation at the critical moment directly reversed the situation, it was so cool.	this clutch play turned the game around, insane
B-MIX-006	MIX	76.29	78.24	1.96	62.11	76.45	14.34	100	0	-100	决赛最后一分钟clutch绝杀	Clutch kill in the last minute of the final	决赛最后一分钟关键时刻绝杀	A key kill in the last minute of the final	clutch buzzer-beater in the final minute of the finals
B-MIX-007	MIX	98.94	99.97	1.04	83.84	85.00	1.17	100	100	0	这游戏画质也就mid水平，玩法也一般	The game’s graphics are only mid-level, and the gameplay is average.	这游戏画质也就一般水平，玩法也一般	The game’s graphics are average, and so is the gameplay.	this game's graphics are just mid, gameplay is average too
B-MIX-008	MIX	80.20	82.56	2.36	53.31	61.04	7.73	0	0	0	这套穿搭直接slay全场	This outfit is the best in the whole place.	这套穿搭直接秒杀全场	This outfit is the best in the whole place.	this outfit slays the whole room
B-MIX-009	MIX	78.95	90.42	11.47	51.66	76.06	24.41	0	100	100	王虹这波演讲直接slay	Wang Hong’s speech was directly slay	王虹这波演讲直接秒杀全场	Wang Hong’s speech directly killed the whole scene	Wang Hong's speech just slayed
B-MIX-010	MIX	97.51	91.70	-5.81	86.29	84.57	-1.72	100	100	0	上班就是当NPC，每天重复同样的台词	Working is like being an NPC, repeating the same lines every day.	上班就是当非玩家角色，每天重复同样的台词	Working is like playing a non-player character, repeating the same lines every day.	going to work is being an NPC, repeating the same lines every day
B-MIX-011	MIX	97.33	92.59	-4.74	84.95	79.94	-5.00	100	0	-100	别当NPC了，做自己生活的主角	Don’t be an NPC, be the protagonist of your own life.	别当非玩家角色了，做自己生活的主角	Don’t be a non-player character, be the protagonist of your own life.	stop being an NPC, be the main character of your own life
B-MIX-012	MIX	64.25	91.99	27.74	63.29	78.06	14.77	0	100	100	i人沦为e人玩具，太真实了	It’s so real that i-people have become the toys of e-people.	内向者沦为外向者玩具，太真实了	Introverts are toys for extroverts, it’s so true.	introverts becoming playthings for extroverts, too real
B-MIX-013	MIX	82.95	94.25	11.30	73.96	81.27	7.31	0	100	100	e人累了一周还要爬起来继续嗨	I’m tired after a week and I still have to get up and continue to have fun.	外向的人累了一周还要爬起来继续嗨	Extroverts get tired after a week and still get up and continue to have fun.	extroverts have been tired all week and still have to get up and keep partying
B-MIX-014	MIX	89.32	83.70	-5.62	74.20	74.42	0.22	100	0	-100	刻在骨子里的秀粉DNA瞬间苏醒	The DNA of being a fan of the show, which is deeply rooted in my bones, was awakened in an instant.	刻在骨子里的秀粉基因瞬间苏醒	The gene of being a fan of the show, which was deeply rooted in my bones, was awakened in an instant.	the idol fan DNA embedded in my bones instantly awakened
B-MIX-015	MIX	100.00	90.20	-9.80	83.30	82.83	-0.47	100	0	-100	POV：你是最后一个知道消息的人	POV: You're the last to know.	视角：你是最后一个知道消息的人	Perspective: You are the last to know	POV: you're the last person to find out
B-MIX-016	MIX	98.67	98.19	-0.47	71.70	83.39	11.69	100	100	0	当地人真的好chill，十一点上班六点下班	The locals are really chill, they go to work at 11 and get off at 6.	当地人真的好悠闲放松，十一点上班六点下班	The locals are really laid back, they go to work at 11 and get off at 6.	the locals are so chill, starting work at 11 and off at 6
B-MIX-017	MIX	100.00	99.69	-0.31	78.09	86.12	8.03	100	0	-100	这个视频太cringe了，看不下去	This video is so cringe, I can’t watch it.	这个视频太尴尬了，看不下去	This video is so embarrassing, I can’t watch it.	this video is too cringe, can't even watch
B-MIX-018	MIX	93.09	95.84	2.75	78.10	84.85	6.75	100	100	0	这个行为好sus，不对劲	This behavior is suspicious, something is wrong.	这个行为好可疑，不对劲	This behavior is suspicious and wrong.	this behavior is so sus, something's off
B-MIX-019	MIX	91.47	92.42	0.95	71.68	83.22	11.54	100	0	-100	别flex了，谁不知道你有钱	Stop flexing, who doesn’t know you have money?	别炫耀了，谁不知道你有钱	Stop showing off, who doesn’t know you have money?	stop flexing, everyone knows you're rich
B-MIX-020	MIX	98.73	98.67	-0.07	83.44	82.54	-0.89	100	100	0	这首歌被hype过头了，其实一般	This song is overhyped, it’s actually average.	这首歌被炒作过头了，其实一般	This song is overhyped, it’s actually just average.	this song got way too much hype, it's actually just average
B-MIX-021	MIX	96.18	96.54	0.37	82.40	80.49	-1.91	100	100	0	今天又偶遇crush了，太巧了	I met my crush again today, it’s so coincidental.	今天又偶遇暗恋对象了，太巧了	I met my crush again today, it’s so coincidental.	ran into my crush again today, what a coincidence
B-MIX-022	MIX	85.94	93.48	7.55	60.65	80.91	20.26	100	0	-100	我ship的CP终于官宣了	The CP I ship has finally been officially announced.	我支持的情侣组合终于官宣了	The couple I support has finally made it official.	the ship I've been rooting for finally went official
B-MIX-023	MIX	95.97	97.60	1.63	75.91	82.57	6.65	100	0	-100	作为stan我必须说偶像这次回归太棒了	As a stan, I must say that the idol’s comeback is so great.	作为狂热粉我必须说偶像这次回归太棒了	As a fan, I must say that the idol’s comeback is so great.	as a stan I gotta say the idol's comeback is amazing
B-MIX-024	MIX	97.87	97.55	-0.32	81.89	82.26	0.37	100	100	0	期待偶像的comeback，新专辑什么时候发	I’m looking forward to the idol’s comeback, when will the new album be released?	期待偶像的回归，新专辑什么时候发	I’m looking forward to the return of my idol, when will the new album be released?	looking forward to the idol's comeback, when's the new album dropping
B-MIX-025	MIX	93.29	96.35	3.07	80.77	81.82	1.05	0	0	0	这也太离谱了吧我直接emo	This is too ridiculous, I’m depressed.	这也太离谱了吧我直接抑郁	This is too ridiculous, I’m depressed.	this is so outrageous I'm literally emo rn
B-MIX-026	MIX	85.71	91.69	5.98	70.93	81.28	10.35	0	0	0	看到317万年终奖我直接emo了	I was directly moved when I saw the year-end bonus of 3.17 million.	看到317万年终奖我直接情绪低落了	I was depressed when I saw the year-end bonus of 3.17 million.	Seeing the 3.17 million year-end bonus, I got all emo
B-MIX-027	MIX	84.14	95.10	10.97	60.82	73.04	12.21	0	0	0	掉san了，这个太恐怖了	I dropped it, this is so scary.	掉san值了，这个太恐怖了	I lost my sanity, this is too scary.	lost my sanity this is too scary bruh
B-MIX-028	MIX	89.42	84.40	-5.02	73.05	73.85	0.80	100	0	-100	王虹这波citywalk直接从北大走到菲尔兹奖	Wang Hong’s citywalk went directly from Peking University to the Fields Medal	王虹这波城市漫步直接从北大走到菲尔兹奖	Wang Hong’s urban walk directly from Peking University to the Fields Medal	Wang Hong's citywalk took her all the way from Peking University to the Fields Medal
B-MIX-029	MIX	98.27	97.21	-1.05	73.49	82.35	8.87	100	0	-100	在上海街头随性citywalk	A casual city walk on the streets of Shanghai	在上海街头随性城市漫步	A casual urban stroll on the streets of Shanghai	casual city walk on Shanghai streets
B-MIX-030	MIX	94.28	93.05	-1.23	80.09	80.24	0.15	100	100	0	中国女排这vibe太强了，3比2逆转太燃	The vibe of the Chinese women’s volleyball team is so strong, and the 3-2 reversal is so exciting.	中国女排这氛围太强了，3比2逆转太燃	The atmosphere of the Chinese women’s volleyball team is so strong, and the 3-2 reversal is so exciting.	China women's volleyball's vibe is so strong, the 3-2 comeback is so inspiring
B-MIX-031	MIX	98.03	85.04	-12.99	73.85	65.56	-8.29	100	0	-100	这番属于ACGN圈的经典之作了	This is a classic in the ACGN circle.	这番属于动漫游文圈的经典之作了	This is a classic of the anime circle.	this anime is a classic in the ACGN circle
B-MIX-032	MIX	97.88	97.36	-0.52	71.31	78.44	7.13	0	0	0	50亿离婚案这drama程度堪比韩剧	The 5 billion divorce case is as dramatic as a Korean drama	50亿离婚案这戏剧性程度堪比韩剧	The 5 billion divorce case is as dramatic as a Korean drama	The drama level of the 5 billion divorce case rivals a Korean drama
B-MIX-033	MIX	90.74	95.51	4.77	76.65	75.62	-1.03	100	0	-100	今日OOTD分享	Share my OOTD today	今日穿搭分享	Today’s outfit	today's OOTD drop
B-MIX-034	MIX	76.64	89.53	12.88	65.25	72.18	6.93	100	100	0	赛里木湖这波操作太low了，景区管理丢人	This action of Sairim Lake is too low, and the management of the scenic area is disgraceful.	赛里木湖这波操作太低级了，景区管理丢人	This action of Sairim Lake is too low-level, and the management of the scenic area is disgraceful.	Sarim Lake's move this time is too low-class, scenic area management is embarrassing
B-MIX-035	MIX	100.00	99.59	-0.41	84.73	83.37	-1.36	100	0	-100	OMG这也太好看了	OMG, this is so beautiful.	我的天这也太好看了	Oh my god, this is so beautiful.	OMG this looks so good
B-MIX-036	MIX	88.53	86.44	-2.09	55.22	69.54	14.32	0	0	0	腾讯这波泄密事件直接social death了	This wave of leaks from Tencent has led to social death.	腾讯这波泄密事件直接社会性死亡了	Tencent is dead socially after this wave of leaks.	Tencent's leak incident this time resulted in total social suicide
B-MIX-037	MIX	94.01	93.01	-1.00	82.95	81.53	-1.42	100	0	-100	这游戏全DLC都买了，花了好几百	I bought all the DLCs of this game, and it cost me several hundred.	这游戏全可下载内容都买了，花了好几百	I bought all the downloadable content of this game, and it cost me several hundred.	bought all the DLC spent several hundred
B-MIX-038	MIX	97.18	98.30	1.11	74.32	80.14	5.82	0	0	0	显卡涨价涨成这样，简直是price离谱	The price of graphics cards has risen so much, it’s ridiculous.	显卡涨价涨成这样，简直是价格离谱	The price of graphics cards has risen so much, it’s ridiculous.	GPU prices going up this much, the price is just outrageous
B-MIX-039	MIX	100.00	74.31	-25.69	78.08	81.31	3.22	100	0	-100	这个GMV变高了	The GMV has increased.	这个商品交易总额变高了	The total amount of commodity transactions has increased.	this GMV went up
B-MIX-040	MIX	96.59	92.57	-4.02	79.43	68.03	-11.41	100	0	-100	过度分享这件事真的太trigger了，边界感很重要	Excessive sharing is really too triggering, and boundaries are important.	过度分享这件事真的太触发了，边界感很重要	Excessive sharing is really too much, and the sense of boundaries is important.	Oversharing is really triggering. Boundaries matter.
B-MIX-041	MIX	95.03	95.06	0.04	84.32	84.49	0.17	100	100	0	这个meme太火了	This meme is so hot.	这个梗太火了	This meme is so popular.	this meme is too fire lol
B-MIX-042	MIX	87.35	87.73	0.38	75.81	76.35	0.55	100	100	0	陈哲远在密逃里的reaction太搞笑了	Chen Zheyuan’s reaction in the secret escape was so funny.	陈哲远在密逃里的反应太搞笑了	Chen Zheyuan’s reaction in the secret escape was so funny.	Chen Zheyuan's reaction in the escape room show is too funny
B-MIX-043	MIX	85.16	74.64	-10.52	70.77	74.41	3.64	100	0	-100	用来换做成AGI的概率	The probability of being exchanged for AGI	用来换做成通用人工智能的概率	The probability of being exchanged for general artificial intelligence	probability of achieving AGI
B-MIX-044	MIX	95.56	96.13	0.57	80.28	79.96	-0.32	100	100	0	50亿离婚案这个level太高了，普通人理解不了	The level of the 5 billion divorce case is too high, and ordinary people can’t understand it.	50亿离婚案这个级别太高了，普通人理解不了	The level of the 5 billion divorce case is too high, and ordinary people can’t understand it.	The level of the 5 billion divorce case is too high, ordinary people can't understand
B-MIX-045	MIX	97.58	88.17	-9.41	77.92	65.86	-12.06	100	0	-100	cosplay得很好，很像	The cosplay is good, it looks very similar.	角色扮演得很好，很像	The role is played well, and it looks like it.	cosplay done right looks so similar
B-MIX-046	MIX	94.16	93.73	-0.42	82.59	83.14	0.55	100	100	0	这个app一到发售就崩	This app crashed as soon as it went on sale.	这个应用一到发售就崩	This app crashed as soon as it went on sale.	this app crashes every launch
B-MIX-047	MIX	96.25	98.05	1.81	74.77	85.87	11.10	0	0	0	这个角色太OP了	This character is too OP.	这个角色太强了	This character is so strong.	this character is way too overpowered
B-MIX-048	MIX	88.70	88.94	0.24	76.01	76.95	0.94	100	100	0	lpl历史上有像清算48同样力度的清算吗？	Has there been a liquidation with the same intensity as the liquidation of 48 in the history of LPL?	LPL历史上有像清算48同样力度的清算吗？	Has there been a liquidation with the same intensity as the liquidation of 48 in the history of LPL?	has there ever been a reckoning as hard as '48' in LPL history?
B-MIX-049	MIX	85.50	84.37	-1.13	83.87	71.02	-12.85	0	0	0	加个buff，变得更强	Add a buff and become stronger.	加个增益，变得更强	Add a gain and it will become stronger.	add a power-up get stronger ez
B-MIX-050	MIX	100.00	100.00	0.00	84.73	84.20	-0.52	100	100	0	这个logo设计得好	This logo is well designed.	这个品牌标识设计得好	The brand logo is designed well.	this logo is well designed
B-MIX-051	MIX	84.58	83.79	-0.79	58.81	81.54	22.73	100	0	-100	被nerf了，变弱了	It was nerfed and became weaker.	被削弱了，变弱了	It was weakened and became weak.	got nerfed got weaker smh
B-MIX-052	MIX	97.02	97.37	0.35	82.73	83.69	0.96	0	0	0	我刚才去打apex了	I just went to play Apex.	我刚才去打Apex了	I just went to play Apex.	just went to play Apex
B-MIX-053	MIX	100.00	100.00	0.00	84.69	83.96	-0.74	100	100	0	GDP十强省份变了	The top ten provinces in terms of GDP have changed	国内生产总值十强省份变了	The top ten provinces in terms of GDP have changed	GDP top 10 provinces changed
B-MIX-054	MIX	87.51	91.81	4.30	71.33	76.00	4.67	0	0	0	GG了，完了	GG, it’s over.	完了，完了	It’s over, it’s over.	It's game over, we're done for.
B-MIX-055	MIX	60.37	61.59	1.23	46.12	48.15	2.03	0	0	0	就是在cp里吃瓜	I was eating melon in the cp.	就是在搭档组合里吃瓜	It’s just eating melons in the partner combination.	just watching the drama in the ship
B-MIX-056	MIX	74.58	97.64	23.07	58.95	69.92	10.97	0	100	100	图样森破，你太天真了	The picture is so ugly, you are so naive.	Too young too simple，你太天真了	Too young too simple, you are too naive.	too young too simple you're too naive
B-MIX-057	MIX	98.70	98.67	-0.03	87.22	86.65	-0.57	100	100	0	这个AI太厉害了	This AI is so powerful.	这个人工智能太厉害了	This AI is so powerful.	this AI is way too OP fr
B-MIX-058	MIX	75.64	69.57	-6.07	41.47	45.25	3.79	100	0	-100	carry全场，带飞	carry the whole game, lead the team to victory	带飞全场，带飞	Lead the whole field, lead the way.	carrying the whole squad what a carry
B-MIX-059	MIX	98.78	96.32	-2.46	84.07	83.64	-0.44	100	0	-100	她学的是泰语又不是IT	She studied Thai, not IT.	她学的是泰语又不是信息技术	She studied Thai, not information technology.	she studies Thai not IT
B-MIX-060	MIX	92.15	92.22	0.07	80.99	76.59	-4.40	100	100	0	VIP通道真快	The VIP channel is really fast.	贵宾通道真快	The VIP channel is really fast.	VIP lane is so fast
B-MIX-061	MIX	92.59	57.70	-34.89	66.99	44.06	-22.93	100	0	-100	solo一下，单挑	Solo, one-on-one	单挑一下，单挑	Single pick, single pick.	solo it 1v1 me bro
B-MIX-062	MIX	98.69	100.00	1.31	80.68	84.46	3.78	0	100	100	这个PK谁赢了	Who won this PK?	这个对决谁赢了	Who won this duel?	who won this duel
B-MIX-063	MIX	76.10	59.50	-16.60	64.82	68.60	3.78	100	100	0	因凡蒂诺和FIFA演都不演了，这是纯把梅西世界杯金球奖给抢劫了	Infantino and FIFA are not acting, and this is pure robbery of Messi’s World Cup Golden Ball Award.	因凡蒂诺和国际足联演都不演了，这是纯把梅西世界杯金球奖给抢劫了	Infantino and FIFA are not acting, and they are just robbing Messi of the World Cup Golden Ball Award.	Infantino and FIFA aren't even hiding it anymore straight up robbed Messi of the World Cup Golden Ball
B-MIX-064	MIX	97.26	97.69	0.43	83.91	84.19	0.28	100	100	0	做个SPA放松一下	Have a SPA and relax.	做个水疗放松一下	Have a spa and relax.	getting a spa to relax
B-MIX-065	MIX	87.89	80.75	-7.13	84.95	69.90	-15.05	100	0	-100	这个DJ太嗨了	This DJ is so cool.	这个唱片骑师太嗨了	This record jockey is so cool.	this DJ is too lit
B-MIX-066	MIX	81.51	81.61	0.10	75.59	70.65	-4.94	0	0	0	Rush E 朗朗PK街头钢琴家	Rush E Langlang PK Street Pianist	Rush E 朗朗对决街头钢琴家	Rush E Langlang Duel with Street Pianist	Rush E Lang Lang versus street pianist
B-MIX-067	MIX	92.40	78.38	-14.02	81.13	78.72	-2.42	0	100	100	这动漫OP太好听了，循环播放	The OP of this anime is so good, I’ve been playing it on repeat.	这动漫片头曲太好听了，循环播放	The opening theme song of this anime is so nice, and I’ll play it repeatedly.	this anime opening slaps on loop
B-MIX-068	MIX	97.44	96.79	-0.64	83.82	84.34	0.53	100	0	-100	买个iPad记笔记	Buy an iPad to take notes.	买个平板电脑记笔记	Buy a tablet to take notes.	getting an iPad for notes
B-MIX-069	MIX	58.00	76.68	18.68	63.48	62.80	-0.68	100	100	0	抖音的bgm怎么突然变得那么难听了到处都是想问问你敢不敢还有那天我经过一片花园	Why did the background music of Douyin suddenly become so bad, it’s everywhere, I want to ask if you dare to go there the other day when I passed by a garden.	抖音的背景音乐怎么突然变得那么难听了到处都是想问问你敢不敢还有那天我经过一片花园	Why did the background music of Douyin suddenly become so bad, it’s everywhere, I want to ask if you dare to go there, and the other day I passed a garden,	why has Douyin's background music gotten so bad everywhere it's either 'I Want to Ask If You Dare' or 'That Day I Passed a Garden'
B-MIX-070	MIX	98.47	98.97	0.50	83.60	81.39	-2.21	0	0	0	这个PPT做得好	This PPT is well done.	这个演示文稿做得好	This presentation is well done.	this PowerPoint is well made
B-MIX-071	MIX	78.82	80.79	1.97	45.88	72.28	26.40	100	100	0	法法这期ooc了吧	Is this episode of Fa Fa out of character?	法法这期脱离扮演角色了吧	Is Fa Fa out of character in this episode?	Fafa was so out of character this episode bruh
B-MIX-072	MIX	86.02	88.91	2.89	78.55	79.45	0.90	0	100	100	3.5h通关	3.5h customs clearance	3.5小时通关	3.5 hours to clear customs	beat the game in 3.5 hours
B-MIX-073	MIX	87.47	85.71	-1.77	58.61	44.79	-13.82	0	0	0	这个ins风好看	This ins style is nice.	这个网红风好看	This one is pretty.	this Instagram aesthetic looks good
B-MIX-074	MIX	82.48	92.01	9.52	50.78	81.80	31.02	100	0	-100	我的文化水平belike	My cultural level is belike	我的文化水平就像这样	My cultural level is like this.	my education level be like lmao
B-MIX-075	MIX	96.36	96.34	-0.02	79.45	83.41	3.96	100	100	0	来杯matcha	Have a cup of matcha.	来杯抹茶	Have a cup of matcha.	a cup of matcha
B-MIX-076	MIX	99.72	99.54	-0.19	80.58	84.46	3.88	0	0	0	店员花一秒钟get到你的意思了	The clerk got your meaning in a second.	店员花一秒钟理解到你的意思了	The clerk understood what you meant in a second.	the clerk took one second to get your meaning
B-MIX-077	MIX	98.80	94.52	-4.29	81.89	76.73	-5.16	100	0	-100	这个vlog拍得好	This vlog is well made.	这个视频博客拍得好	This video blog is well made.	this vlog is well shot
B-MIX-078	MIX	87.77	89.24	1.47	55.55	67.30	11.74	0	0	0	学习上problem不能发作	I can’t have any problems with my studies.	学习上问题不能发作	There can be no problems with learning.	can't let the issue flare up during studying
B-MIX-079	MIX	85.45	94.17	8.71	69.62	78.54	8.92	0	0	0	好久没有笑的这么开心了，必须收藏起来emo了再看	I haven’t laughed so much for a long time, I must save it and watch it again when I’m emo.	好久没有笑的这么开心了，必须收藏起来抑郁了再看	I haven’t laughed so much for a long time, I must save it and watch it again when I’m depressed.	haven't laughed this hard in ages saving it to watch when I'm feeling down fr
B-MIX-080	MIX	91.04	89.40	-1.63	77.55	76.56	-1.00	100	100	0	cult导演后悔道剧组没有你	The cult director said he regretted that the crew didn’t have you.	邪典导演后悔道剧组没有你	The cult director said he regretted that the crew didn’t have you.	cult director regrets not having you on set
B-MIX-081	MIX	60.85	54.15	-6.70	58.22	64.72	6.50	0	0	0	从技术舞美上讲是挺牛，但从意识上讲buff快叠满了	It is quite good in terms of technology and stage art, but the buff is almost full in terms of awareness.	从技术舞美上讲是挺牛，但从意识上讲增益快叠满了	It is quite good in terms of technology and stage art, but in terms of awareness, the bonus is almost full.	technically the stage design is pretty sick but ideologically the power-ups are almost fully stacked
B-MIX-082	MIX	47.13	44.24	-2.89	72.75	78.98	6.23	100	100	0	上了初中就开始恶化了，甚至游戏也会拖一会儿再启动，作业拖到ddl就算是期末周也学不进去	It started to get worse when I was in junior high school, and even the game would start a little later, and I couldn’t get into the final week of the semester even if I had to do the homework before the deadline.	上了初中就开始恶化了，甚至游戏也会拖一会儿再启动，作业拖到截止日期就算是期末周也学不进去	It started to get worse when I was in junior high school, and even the games would be delayed for a while before starting, and I couldn’t get into the final week of the semester even if the homework was delayed until the deadline.	middle school hit different even games I delay homework till deadline even in finals week can't focus smh
B-MIX-083	MIX	86.16	95.79	9.64	58.81	72.27	13.46	100	100	0	ddl就在眼前了还在摆烂	The deadline is right in front of me and I’m still messing around.	截止日期就在眼前了还在摆烂	The deadline is right in front of you and you are still doing nothing.	deadline is right there and you're still slacking
B-MIX-084	MIX	95.85	90.14	-5.71	83.77	77.44	-6.33	100	0	-100	asmr助眠真的有用吗	Is asmr sleep aid really useful?	自发性知觉经络反应助眠真的有用吗	Is spontaneous perception meridian reaction for sleep really useful?	does ASMR for sleep actually work
B-MIX-085	MIX	92.66	92.87	0.21	73.54	78.80	5.27	100	100	0	超mean老奶一般是英语老师	The mean old lady is usually an English teacher.	超刻薄老奶一般是英语老师	The mean old lady is usually an English teacher.	Super mean old ladies are usually English teachers
B-MIX-086	MIX	91.57	94.87	3.30	62.83	79.20	16.37	100	0	-100	绝对音感的正确用法belike	The correct usage of absolute pitch belike	绝对音感的正确用法是这样	The correct usage of absolute pitch is like this	The correct usage of absolute pitch be like
B-HOM-096	HOM	89.78	91.21	1.43	66.61	76.47	9.86	0	0	0	孩好像真的很困了，但是一直被麻麻薅过来薅过去配合拍视频	The child seems to be really sleepy, but he was always pulled back and forth by his mother to cooperate with the video.	孩好像真的很困了，但是一直被妈妈薅过来薅过去配合拍视频	The child seems to be really sleepy, but he was always pulled back and forth by his mother to cooperate with the video.	the kid really seems sleepy, but keeps getting dragged back and forth by mom to pose for the video
B-HOM-097	HOM	80.31	95.30	14.99	51.22	71.06	19.84	0	0	0	哈哈哈哈哈，不好意思哈哈哈哈哈没崩住	Hahaha, I’m sorry, hahaha, it didn’t stay on.	哈哈哈哈哈，不好意思哈哈哈哈哈没绷住	Hahaha, I’m sorry, I couldn’t hold it in.	hahaha, sorry hahaha I couldn't hold it together
B-HOM-098	HOM	97.49	94.15	-3.34	82.63	80.90	-1.74	100	100	0	淦，忘记原版了，有谁能补一下？	Damn, I forgot the original version, can someone fill it in?	干，忘记原版了，有谁能补一下？	Damn, I forgot the original version, can someone fill me in?	damn, I forgot the original, can anyone fill it in?
B-HOM-099	HOM	68.88	77.18	8.30	56.82	52.20	-4.62	0	100	100	你们要是给我炮儿玩似了我看什么啊	If you give me a cannon to play with, I’ll see what it is.	你们要是给我炮儿玩死了我看什么啊	If you guys give me a dead cannon, what am I going to watch?	if you guys play my Pao'er to death, what am I supposed to watch?
B-PYA-087	PYA	92.26	90.96	-1.30	74.79	75.45	0.66	0	0	0	快别TM说了，抓紧睡半个钟头，不然去早餐店要迟到了	Stop saying that, hurry up and sleep for half an hour, or you’ll be late for the breakfast shop.	快别他妈说了，抓紧睡半个钟头，不然去早餐店要迟到了	Stop talking, hurry up and sleep for half an hour, or you’ll be late for the breakfast shop.	stop freaking talking and grab half an hour of sleep, or you'll be late for the breakfast shop
B-NEO-087	NEO	96.32	95.93	-0.39	85.29	82.94	-2.35	0	0	0	某种意义上来看他也是个神人	In a sense, he is also a god.	某种意义上来看他也是个行为离谱的人	In a sense, he is also a person with outrageous behavior.	in a certain sense he's also an absolute character
B-NEO-088	NEO	79.99	76.99	-3.00	65.00	69.34	4.35	0	0	0	我都不知道出新图了，作业自己跑我脸上了	I didn’t even know there was a new picture, and the homework ran into my face.	我都不知道出新图了，攻略自己跑我脸上了	I didn’t even know there was a new map, and the strategy ran into my face.	I didn't even know a new stage was out, and the guide just ran right into my face
B-NEO-089	NEO	92.12	95.06	2.93	75.89	78.72	2.83	0	0	0	无论从哪个层面来看，都是吊炸了	It is amazing from any perspective.	无论从哪个层面来看，都是厉害极了	It is amazing from any level.	no matter how you look at it, it's insanely awesome
B-NEO-090	NEO	75.75	95.85	20.10	72.47	78.22	5.74	0	100	100	应该是的，不然怎么会气到把国粹给说出来了	It should be, otherwise how could he be so angry that he said the national anthem.	应该是的，不然怎么会气到把脏话给说出来了	It should be, otherwise how could he be so angry that he said swear words.	must be, otherwise how would he get so angry that the swear words came out
B-NEO-091	NEO	90.56	94.16	3.60	68.87	79.21	10.34	0	0	0	说个冷知识，来俊臣的父亲名叫来操，是个挺生草的名字	A little trivia, Lai Junchen’s father was named Lai Cao, which is a pretty strange name.	说个冷知识，来俊臣的父亲名叫来操，是个挺搞笑的名字	A little trivia, Lai Junchen’s father is named Lai Cao, which is a funny name.	fun fact: Lai Junchen's father was named Lai Cao, which is a pretty hilarious name
B-NEO-092	NEO	69.36	81.90	12.54	56.04	74.38	18.33	0	100	100	他不是好了，而是知道自己要凉了	He is not fine, but he knows that he is going to be out.	他不是好了，而是知道自己要完蛋了	He is not fine, but he knows that he is finished.	he's not better, he just knows he's done for
B-NEO-093	NEO	76.16	82.38	6.23	64.52	54.15	-10.37	0	0	0	置顶评论官方链接是淘宝就知道成分了	The official link of the top comment is Taobao, and you can know the ingredients.	置顶评论官方链接是淘宝就知道背景了	The official link of the top comment is the background of Taobao	the pinned official link is Taobao, that alone tells you what they're really about
B-NEO-094	NEO	92.54	94.30	1.76	79.11	82.02	2.91	0	0	0	逆天。。我现在开车老走错路	It’s crazy... I always take the wrong road when I drive now.	离谱。。我现在开车老走错路	It’s ridiculous. I always take the wrong road when I drive now.	wild… I keep taking wrong turns when driving now
B-MIX-087	MIX	53.00	63.77	10.77	52.83	68.37	15.54	100	0	-100	发现没火的作者belike	The author who found there was no fire belike	发现没火的作者就是这样	The author who found no fire is like this.	discovering an underrated creator be like
B-MIX-088	MIX	87.07	88.29	1.22	74.52	73.09	-1.43	0	100	100	第一次尝试做这么长的动画 感觉k帧速度有所提升绝宝二周年快乐!	It was my first time to try to make such a long animation, and I felt that the speed of k-frames was improved; Happy 2nd anniversary of Juebao!	第一次尝试做这么长的动画 感觉打关键帧速度有所提升绝宝二周年快乐!	It was my first time to try to make such a long animation, and I felt that the speed of keyframe was improved; Happy 2nd anniversary of Juebao!	first time making such a long animation, my keyframing speed has improved — happy 2nd anniversary Juebao!
B-MIX-089	MIX	95.83	95.22	-0.61	68.12	75.79	7.67	100	100	0	或许它真的是福利最好的fps	Maybe it really is the best FPS.	或许它真的是福利最好的第一人称射击游戏	Maybe it really is the best first-person shooter game.	maybe it really is the FPS with the best freebies
B-MIX-090	MIX	87.31	95.53	8.22	74.36	72.35	-2.01	0	100	100	杨博文四代唯一C位队长	Yang Bowen is the only C-position captain of the fourth generation	杨博文四代唯一中心位队长	Yang Bowen, the only center position captain of the fourth generation	Yang Bowen, Gen 4's only center-position captain
B-HOM-100	NEO	47.16	60.37	13.21	72.06	73.26	1.20	0	0	0	明显，队友大概率寄了，和上司有关，但扳机似乎记忆出现问题，咬死队友还活着，变相保护了上司，所以被上司放了	Obviously, the teammate was probably sent away, and it was related to the boss, but the trigger seemed to have a memory problem, and the teammate who was bitten was still alive, and he was protecting the boss in disguise, so he was let go by the boss.	明显，队友大概率死了，和上司有关，但扳机似乎记忆出现问题，咬死队友还活着，变相保护了上司，所以被上司放了	Obviously, the teammates are likely to die, and it has something to do with the boss, but the trigger seems to have a memory problem, and the teammates who bite to death are still alive, which is a disguised protection of the boss, so the boss let them go.	clearly the teammate is most likely dead and the boss is involved, but Trigger's memory seems broken — she insists the teammate is alive, which indirectly shielded the boss, so the boss let her go
B-HOM-101	HOM	61.02	57.25	-3.77	77.12	78.46	1.33	0	100	100	怪兽：我已经破坏掉了你所有能获取光的办法，看你还怎么变身 迪迦：你钱包的钱还有多少？ 怪兽：全花光了 迪迦：恰！	Monster: I have destroyed all the ways you can get light, and see how you can transform yourself now. Digga: How much money is left in your wallet? Monster: It’s all gone. Digga: Cha!	怪兽：我已经破坏掉了你所有能获取光的办法，看你还怎么变身 迪迦：你钱包的钱还有多少？ 怪兽：全花光了 迪迦：吃！	Monster: I have destroyed all your ways to get light, and see how you can transform yourself now. Digga: How much money is left in your wallet? Monster: It’s all gone. Digga: Eat!	Monster: I've destroyed every way you could gather light, let's see you transform now. Tiga: How much money is left in your wallet? Monster: All spent. Tiga: Nom!
B-HOM-102	HOM	67.73	83.63	15.90	67.69	80.31	12.62	100	100	0	人定不了天，一切的一切还是按照历史轨迹走，我记得是三段历史走向，猪脚心累了	People can’t decide the fate of the world, everything still follows the historical trajectory, I remember there are three historical trajectories, and the protagonist is tired.	人定不了天，一切的一切还是按照历史轨迹走，我记得是三段历史走向，主角心累了	People can’t decide the fate of the world, everything still follows the historical trajectory, I remember there are three historical trajectories, and the protagonist is tired.	man can't defy heaven, everything still follows the track of history — I remember there were three historical branches, and the protagonist is exhausted
B-HOM-103	HOM	80.69	83.02	2.33	74.97	69.65	-5.32	0	0	0	笑成猪头最好笑是因为！！！我本来就觉得很好笑哈哈哈，看到这个蚌不住了！！！	Laughing like a pig is the funniest because!!! I thought it was funny to begin with, haha, I couldn’t help it when I saw this!!!	笑成猪头最好笑是因为！！！我本来就觉得很好笑哈哈哈，看到这个绷不住了！！！	The pig head laughing is the funniest because!!! I thought it was funny to begin with, haha, I couldn’t hold it in when I saw this!!!	the pig-head laugh is the funniest because!!! I already found it hilarious hahaha, and seeing this I just lost it!!!
B-HOM-104	HOM	86.80	87.13	0.33	78.05	78.90	0.86	100	100	0	真旅行青蛙！  去哪了 会给麻麻带明信片回来  真好	A real traveling frog! Where did it go? It will bring a postcard back for mommy. It’s so nice.	真旅行青蛙！  去哪了 会给妈妈带明信片回来  真好	A real traveling frog! Where did it go? It will bring a postcard back to mom. It’s so nice.	a real Travel Frog! wherever it goes, it brings postcards back for mom — so sweet
B-HOM-105	HOM	64.60	90.23	25.63	70.72	77.38	6.66	100	100	0	兄dei，这么好的猪 你舍得一次性吃完吗（于谦声）	Brother, you’d rather eat such a good pig all at once? (Yu Qian voice)	兄弟，这么好的猪 你舍得一次性吃完吗（于谦声）	Brother, are you willing to eat such a good pig all at once (Yu Qian’s voice)?	bro, such a fine pig — could you really bear to eat it all in one go? (in Yu Qian's voice)
B-HOM-106	NEO	48.14	60.43	12.29	71.38	70.55	-0.83	0	100	100	这高达味怎么这么重啊，真的是百合拯救了萝卜？	Why is the taste of this so strong, is it really the lily that saved the radish?	这高达味怎么这么重啊，真的是百合拯救了机器人？	Why is the taste so strong, is it really the lily that saved the robot?	why does this feel so much like Gundam — did yuri really save the mecha genre?
B-HOM-107	HOM	95.15	92.49	-2.66	79.29	78.59	-0.70	100	100	0	淦，为什么要让我凌晨刷到，睡不着觉了()	Damn, why did I have to see this in the morning, I can’t sleep now ()	干，为什么要让我凌晨刷到，睡不着觉了()	Damn, why did you let me see this in the morning, I can’t sleep now ()	damn, why did I have to scroll onto this in the middle of the night, now I can't sleep ()
B-HOM-108	HOM	97.89	98.08	0.19	83.57	85.89	2.32	100	100	0	免责声明，此为系统自动播放，与我无瓜	Disclaimer, this is automatically played by the system and has nothing to do with me.	免责声明，此为系统自动播放，与我无关	Disclaimer, this is automatically played by the system and has nothing to do with me.	disclaimer: this was autoplayed by the system, nothing to do with me
B-HOM-109	HOM	79.11	89.07	9.95	68.29	71.71	3.41	100	100	0	又第一了 带领兄弟萌再冲一次～～～～	I’m the first again, let’s go for it again with my brothers.	又第一了 带领兄弟们再冲一次～～～～	I’m the first again, let’s go for it again, brothers~	number one again — leading the bros for one more charge~~~~
B-HOM-110	HOM	39.70	87.74	48.04	53.09	48.81	-4.28	0	0	0	预计会火，火钳刘明	It is expected to be a hit, and the fire tongs are Liu Ming.	预计会火，火前留名	It is expected to be popular, so please leave your name before it becomes popular.	this is going to blow up, leaving my name here before it does
B-HOM-111	HOM	65.95	81.21	15.26	69.47	75.12	5.65	0	0	0	扳机歪了，前来还怨	The trigger is crooked, and I came back to complain.	扳机歪了，前来还愿	The trigger is crooked, and I’m here to return the favor.	my pull for Trigger went off-banner — here to repay my vow
B-HOM-112	HOM	96.99	98.45	1.46	75.97	82.60	6.63	0	100	100	梅森：这我可太熟辣！	Mason: I’m so familiar with this!	梅森：这我可太熟啦！	Mason: I’m very familiar with this!	Mason: now this I know all too well!
B-HOM-114	HOM	86.37	86.34	-0.03	71.35	71.93	0.58	0	0	0	我不行了我笑得要噶了	I can’t do it, I’m laughing so hard.	我不行了我笑得要挂了	I can’t do it, I’m laughing so hard.	I can't take it, I'm about to die laughing
B-HOM-115	HOM	89.84	85.07	-4.78	77.09	83.09	6.00	0	0	0	活到老学到老,似了也要学习	Learn as long as you live, and you should learn even if you are old.	活到老学到老,死了也要学习	Learn until you die, and even after death.	live and learn — keep studying even when you're dead
B-HOM-116	HOM	79.19	66.02	-13.17	51.12	53.59	2.47	0	0	0	太好辣，是拐杖星人，我们没救了	It’s so good, it’s a crutch alien, we’re doomed.	太好啦，是拐杖星人，我们没救了	It’s so good, it’s a crutch alien, we’re saved.	oh great, it's the crutch alien, we're doomed
B-HOM-117	HOM	81.18	84.45	3.27	71.17	69.87	-1.30	0	0	0	老八胃大，无需多盐	Lao Ba has a big stomach, so there’s no need to add more salt.	老八胃大，无需多言	Lao Ba has a big stomach, so I don’t need to say more.	Laoba has a big stomach — no more words needed
B-HOM-118	HOM	82.01	97.49	15.47	81.15	84.31	3.15	0	100	100	雾草这幕太美了	The scene of the fog and the grass is so beautiful.	卧槽这幕太美了	Holy Christ, this scene is so beautiful.	holy crap this scene is gorgeous
B-HOM-119	NEO	78.25	99.77	21.52	61.78	84.81	23.03	0	100	100	欧内该，我什么都愿意做	Oner, I'm willing to do anything.	拜托了，我什么都愿意做	Please, I’ll do anything.	please, I'll do anything
B-HOM-120	HOM	95.32	95.55	0.23	68.05	71.34	3.29	100	100	0	果然混元是个妹纸	Sure enough, Hun Yuan is a girl.	果然混元是个妹子	Sure enough, Hun Yuan is a girl.	so Hunyuan really is a girl after all
B-HOM-121	HOM	66.97	91.28	24.31	71.19	62.88	-8.31	0	0	0	年轻人不讲武德！耗子尾汁	Young people have no chivalry! Rat tail soup	年轻人不讲武德！好自为之	Young people have no sense of chivalry!	young people have no martial virtue! you'd better behave yourselves
B-HOM-122	HOM	62.93	66.79	3.86	52.58	58.21	5.63	0	0	0	官方踏马自黑，这下别人黑不了了	The official team is self-deprecating, and now others can’t black it anymore.	官方他妈自黑，这下别人黑不了了	The official self-blackened himself, and now others can’t blacken him anymore.	the officials are freaking roasting themselves, now nobody else can roast them
B-HOM-123	HOM	89.13	97.86	8.73	59.98	77.57	17.59	0	0	0	这俩老男人的沙雕人生	The funny life of these two old men	这俩老男人的傻屌人生	The stupid life of these two old men	the goofball life of these two old guys
B-HOM-124	HOM	76.73	96.39	19.66	68.55	82.51	13.96	0	100	100	被天使蚊过的嗓子	Throat bitten by an angel mosquito	被天使吻过的嗓子	A voice kissed by an angel	a voice kissed by an angel
B-HOM-125	HOM	98.60	99.28	0.68	58.77	79.20	20.43	0	100	100	上一个视频就是不讲内个	The last video didn’t talk about this.	上一个视频就是不讲那个	The last video didn’t talk about that.	the last video just wouldn't talk about that
B-HOM-127	HOM	69.77	80.24	10.47	57.36	48.88	-8.47	0	100	100	可以四了这游戏	I can play this game for four hours.	可以死了这游戏	I can die with this game.	this game can just die already
B-HOM-128	HOM	89.11	97.79	8.68	73.08	83.62	10.53	100	100	0	全体欣赏阴乐	All enjoy the Yin music	全体欣赏音乐	Everyone enjoys music	everyone, enjoy the music
B-HOM-129	HOM	55.42	70.66	15.24	50.13	51.60	1.47	0	100	100	锁呐区甲亢哥	Lockna District, Hyperthyroidism	唢呐区甲亢哥	Suona District, Hyperthyroidism	suona-section Speed
B-HOM-130	HOM	86.94	97.78	10.84	69.51	82.84	13.34	0	0	0	哎你怎么似了	Hey, how did you look like that?	哎你怎么死了	Hey, how did you die?	hey, how come you died
B-HOM-131	HOM	80.39	96.48	16.09	66.71	76.80	10.10	0	100	100	密码的，很久没笑得这么无语了	It’s a password, I haven’t laughed so speechless for a long time.	妈的，很久没笑得这么无语了	Damn, I haven’t laughed so hard in a long time.	damn, it's been ages since I laughed this speechlessly
B-PYA-088	PYA	94.11	93.30	-0.81	79.98	80.43	0.45	0	0	0	不是，我TM哪来的教材，你在逗我呢	No, where did I get the textbook from, are you kidding me?	不是，我他妈哪来的教材，你在逗我呢	No, where did I get the textbook from, are you kidding me?	wait, where the hell would I get a textbook, are you kidding me
B-PYA-089	PYA	96.30	99.63	3.33	80.88	83.05	2.17	0	100	100	md，这军方也这么乱，难怪市民们这么乐观，哈哈	md, the military is so chaotic, no wonder the citizens are so optimistic, haha.	妈的，这军方也这么乱，难怪市民们这么乐观，哈哈	Damn, the military is so chaotic, no wonder the citizens are so optimistic, haha.	damn, even the military is this chaotic, no wonder the citizens are so optimistic, haha
B-PYA-090	PYA	79.25	86.21	6.95	71.30	69.15	-2.16	0	100	100	wc我想要高斯裤子的链接，真的好帅	wc, I want the link of the Gauss pants, it’s really handsome.	卧槽我想要高斯裤子的链接，真的好帅	Holy Christ, I want the link of the Gauss pants, it’s really handsome.	whoa I want the link to Gauss's pants, they look so cool
B-PYA-091	PYA	82.41	86.27	3.85	62.52	73.58	11.07	0	100	100	WC，这都能被发现啊	WC, this can be found.	卧槽，这都能被发现啊	Holy Christ, this can be found out.	whoa, even this got noticed
B-PYA-092	PYA	97.91	98.53	0.61	82.92	83.12	0.19	0	100	100	woc太萌了	woc is so cute.	卧槽太萌了	Holy Christ, it’s so cute.	omg so cute
B-PYA-093	PYA	70.59	84.68	14.09	52.96	70.70	17.73	0	100	100	dbq小啵有点像触电了	dbq is a little bit like it was electrocuted.	对不起小啵有点像触电了	Sorry, it’s like I’ve been electrocuted.	sorry but Xiaobo kind of looks electrocuted
B-PYA-094	PYA	89.30	96.90	7.59	80.13	83.40	3.27	0	0	0	无线能源是基于无线水的原理吗？(bushi)	Is wireless energy based on the principle of wireless water? (bushi)	无线能源是基于无线水的原理吗？(不是)	Is wireless energy based on the principle of wireless water? (No)	is wireless energy based on the principle of wireless water? (jk)
B-PYA-095	PYA	93.55	93.29	-0.27	80.69	73.63	-7.06	0	0	0	光明，赐予我力量（bushi）	Light, give me strength (bushi)	光明，赐予我力量（不是）	Light, give me strength (not)	light, grant me power (jk)
B-PYA-096	PYA	95.07	99.21	4.14	74.96	77.11	2.14	0	100	100	这么说我才发现字幕不是视频自带的hhhh	I just found out that the subtitles are not from the video itself hhhh	这么说我才发现字幕不是视频自带的哈哈哈哈	I just found out that the subtitles are not from the video itself, hahaha.	now that you mention it, I just realized the subtitles aren't part of the video hahaha
B-PYA-097	PYA	85.95	92.26	6.31	71.41	78.31	6.91	0	100	100	完了疑似吉米被吓疯了hh	It seems like Jimmy was scared crazy, hh.	完了疑似吉米被吓疯了哈哈	It seems like Jimmy was scared out of his mind, haha.	uh oh, Jimmy seems scared out of his mind haha
B-PYA-098	PYA	79.93	95.03	15.10	76.78	77.98	1.21	0	100	100	看清楚材质吧，pdd很多都是聚酯纤维，你问客服没几个敢说是纯棉的	Look at the material, many of the ones on pdd are polyester, and few of the customer service staff dare to say it is pure cotton.	看清楚材质吧，拼多多很多都是聚酯纤维，你问客服没几个敢说是纯棉的	Look at the material, many of them on Pinduoduo are polyester, and few of the customer service staff dare to say it is pure cotton.	check the fabric carefully — a lot of stuff on Pinduoduo is polyester, and few customer-service reps dare claim it's pure cotton
B-PYA-099	PYA	64.22	86.64	22.42	54.37	58.82	4.45	0	0	0	27W收藏4W点赞服了不提醒还不知道........	27W collected 4W liked it, and I didn’t know it if you didn’t remind me........	27万收藏4万点赞服了不提醒还不知道........	270,000 likes and 40,000 comments, I didn’t know it if you didn’t remind me...	270k saves and 40k likes, unbelievable — I wouldn't even have known without the reminder……
B-PYA-100	PYA	80.07	94.19	14.12	71.30	82.12	10.82	0	0	0	20w收藏3w点赞	20w likes and 3w favorites	20万收藏3万点赞	200,000 likes and 30,000 comments	200k saves, 30k likes
B-PYA-101	PYA	65.33	89.81	24.48	74.58	78.93	4.35	0	0	0	啊？60w围攻45w的城，对方还以骑兵为主？？！	Ah? 60w attacked 45w’s city, and the other side was mainly cavalry? !	啊？60万围攻45万的城，对方还以骑兵为主？？！	What? 600,000 attacking a city of 450,000, and the other side is mainly cavalry? !	what? 600k besieging a city of 450k, and the enemy is mostly cavalry??!
B-PYA-102	PYA	82.83	83.28	0.45	63.75	71.20	7.45	100	100	0	“义人，就是ta，欺负我。”	“The righteous person is him, who bullied me.”	“义人，就是他，欺负我。”	“The righteous man, it was him who bullied me.”	Righteous one, it was them — they bullied me.
B-PYA-103	PYA	58.66	94.46	35.80	45.97	70.18	24.20	0	100	100	好装好假好ex	It’s a good disguise, a good lie, and a good ex.	好装好假好恶心	It’s so fake and disgusting.	so pretentious, so fake, so gross
B-PYA-104	PYA	66.45	76.22	9.77	39.61	51.48	11.86	0	100	100	死yxh滚远点	Die yxh, get lost.	死营销号滚远点	Get the hell away from the marketing account.	damn clickbait accounts, get lost
B-PYA-106	PYA	69.94	75.38	5.44	71.57	67.78	-3.79	0	0	0	牛啊，我怎么幻听出歌词了(bushi)	Wow, how did I hear the lyrics in my head (bushi)	牛啊，我怎么幻听出歌词了(不是)	Wow, how did I hear the lyrics in my head (not)	impressive — why am I hallucinating lyrics out of this (jk)
B-PYA-107	PYA	89.16	94.11	4.94	68.86	75.02	6.17	0	100	100	心灵感应原版就是致敬火花hhh	The original version of telepathy is a tribute to Spark, hhh.	心灵感应原版就是致敬火花哈哈哈	The original version of telepathy is a tribute to Spark, hahaha.	the original Telepathy really is a homage to Spark hahaha
B-PYA-108	PYA	83.55	82.00	-1.55	74.31	66.26	-8.05	0	0	0	woc瞬间高清修补版	woc instant high-definition patched version	卧槽瞬间高清修补版	Fuck, instant HD patched version	whoa, instantly the HD restored version
B-NEO-096	NEO	89.41	88.33	-1.08	81.77	82.35	0.58	0	0	0	泪目，我一直不知道自己想做什么，感觉选择的大都错了，已经索性不想选择了...糟糕啊...	I was moved to tears, I have never known what I want to do, and I feel that I have made the wrong choices, and I don’t want to make any more choices... it’s terrible...	眼泛泪光，我一直不知道自己想做什么，感觉选择的大都错了，已经索性不想选择了...糟糕啊...	I have been crying, I don’t know what I want to do, I feel that most of my choices are wrong, and I don’t want to choose anymore... it’s terrible...	tearing up — I've never known what I want to do, feels like most of my choices were wrong, and now I've simply stopped choosing… this is bad…
B-NEO-097	NEO	91.84	91.90	0.06	67.40	68.25	0.84	0	0	0	10后，上一次看是三年前了，但是也泪目了	I watched it last time 10 years ago, and I cried then.	10后，上一次看是三年前了，但是也落泪了	I watched it last time 10 years ago, and I cried then.	born after 2010 — last watched this three years ago, but it still made me tear up
B-NEO-098	NEO	76.53	81.09	4.56	72.34	76.02	3.68	0	0	0	虽然整个乐队前期像拼好队一样，但是结局随着独角兽的回归写的还是不错的	Although the whole band was like a team in the early stage, the ending was still good with the return of the unicorn.	虽然整个乐队前期像拼凑起来的队伍一样，但是结局随着独角兽的回归写的还是不错的	Although the whole band was like a team put together in the early stage, the ending was still good with the return of the unicorn.	even though the band felt like a thrown-together group-buy squad early on, the ending with the unicorn's return was written pretty well
B-NEO-099	NEO	81.71	86.77	5.06	77.92	77.49	-0.43	0	0	0	“苏新皓你好的太突出”这句话的含金量还在上升	The value of the sentence “Su Xinhao, you are too outstanding” is still rising.	“苏新皓你好的太突出”这句话的价值还在提升	The value of the sentence “Su Xinhao, you are too outstanding” is still increasing.	"the line ""Su Xinhao, your hello is too striking"" keeps proving truer and truer"
B-NEO-100	NEO	80.10	80.24	0.14	70.63	68.35	-2.28	0	0	0	扎格列斯之手的含金量还在上升！	The value of the hand of Zagleres is still rising!	扎格列斯之手的价值还在提升！	The value of the hand of Zagleres is still rising!	the Hand of Zagreus keeps proving its worth!
B-NEO-101	NEO	45.93	68.53	22.60	53.70	71.67	17.97	0	0	0	红温了，把打野怪爆的装备给炸了，你好歹拿一些吧	I was red, and the equipment I got from killing monsters was blown up, so you should at least take some.	气急了，把打野怪爆的装备给炸了，你好歹拿一些吧	I was so angry that I blew up the equipment I got from killing monsters, so you can take some of it.	he's fuming — blew up the gear dropped from jungle monsters, at least take some of it, man
B-NEO-102	NEO	82.16	82.02	-0.14	73.82	74.77	0.94	0	0	0	反派看到了硬控他的回忆……	The villain saw the hard drive with his memories...	反派看到了完全控制住他的回忆……	The villain saw that he had complete control over his memories...	the villain saw the memories that completely transfixed him……
B-NEO-103	NEO	92.71	92.61	-0.10	78.01	65.39	-12.62	0	0	0	我还以为是9.9元拼好饭呢	I thought it was 9.9 yuan for a set meal.	我还以为是9.9元拼单买的饭呢	I thought it was a 9.9 yuan meal.	I thought it was a 9.9-yuan group-buy meal deal
B-NEO-104	NEO	79.38	79.86	0.48	68.44	67.39	-1.05	100	0	-100	向佐药水哥梦幻联动！	Xiang Zuo and Medicine Man have a dream collaboration!	向佐药水哥跨界合作！	Xiang Zuo and Yao Shui Ge cross-border cooperation!	Xiang Zuo and Yaoshui-ge, a dream crossover!
B-NEO-105	NEO	68.72	77.59	8.87	54.16	58.95	4.79	0	0	0	电子榨菜配跳跳糖	Electronic pickled vegetables with popping candy	下饭视频配跳跳糖	Video with popping candy is perfect for dinner	comfort-viewing video paired with popping candy
B-NEO-106	NEO	82.73	96.26	13.53	44.86	82.16	37.31	0	0	0	这声音绝绝子	This sound is so good.	这声音好极了	That sounds great.	this voice is simply divine
B-NEO-107	NEO	51.39	61.29	9.90	64.01	66.24	2.23	0	100	100	假师傅让拜，真师傅反而不让拜，难绷了	The fake master asked me to kowtow, but the real master didn’t let me kowtow, and it was hard to hold it in.	假师傅让拜，真师傅反而不让拜，让人无语了	The fake master asked me to kowtow, but the real master didn’t, which was speechless.	the fake master lets you bow to him, but the real master won't — I can't even
B-NEO-108	NEO	96.00	96.68	0.68	70.59	81.11	10.53	0	0	0	一想到一睁眼就有倒计时就难绷	It’s hard to not be nervous when you think about the countdown that starts as soon as you open your eyes.	一想到一睁眼就有倒计时就受不了	I can’t stand the thought of having a countdown when I open my eyes.	the thought of waking up to a countdown every day just breaks me
B-MIX-092	MIX	90.80	92.18	1.38	65.87	72.20	6.33	100	100	0	完全不给队友上buff的机会	He didn’t give his teammates any chance to buff.	完全不给队友上增益的机会	He didn’t give his teammates any chance to get buffs.	gives teammates zero chance to apply buffs
B-MIX-093	MIX	74.28	75.35	1.07	57.79	63.72	5.93	100	100	0	不会侵蚀后全是boss吧	It won’t be all bosses after the erosion.	不会侵蚀后全是头目吧	It won’t be all bosses after the erosion, right?	don't tell me everything after the corruption is a boss
B-MIX-094	MIX	92.34	84.51	-7.84	80.52	64.35	-16.17	100	0	-100	顾客：心平气和.jpg	Customer: Calm down.jpg	顾客：心平气和的表情包	Customer: Calm expression package	customer: calm-and-composed.jpg
B-MIX-095	MIX	98.56	96.28	-2.28	81.20	79.34	-1.86	100	100	0	海皇cpu高速运转中……	The CPU of the Sea Emperor is running at high speed...	海皇大脑高速运转中……	The brain of the Sea Emperor was running at high speed...	the Sea Emperor's CPU is running at full speed……
B-MIX-096	MIX	64.78	71.93	7.16	59.84	62.89	3.05	100	100	0	可以无限卡bug，站起来再躺下去，站起来再躺下去。	You can use the bug of unlimited cards, stand up and lie down again, stand up and lie down again.	可以无限卡漏洞，站起来再躺下去，站起来再躺下去。	You can use the bug of unlimited cards, stand up and lie down again, stand up and lie down again.	you can exploit the bug endlessly — stand up, lie back down, stand up, lie back down.
B-MIX-097	MIX	43.41	49.59	6.18	41.49	57.43	15.94	0	0	0	在扳机的视频里刷什么悠真真的很ky好吧	What is the brush in the video of the trigger, it’s really ky	在扳机的视频里刷什么悠真真的很不会看气氛好吧	What is Yu Zhen doing in the video of the trigger? It’s really not good to read the atmosphere.	spamming Harumasa comments on a Trigger video is honestly so tone-deaf, okay
B-MIX-098	MIX	88.14	73.05	-15.08	67.65	71.12	3.47	100	0	-100	别什么过场都搞qte，破坏连贯	Don’t do qte for every scene, it destroys the continuity.	别什么过场都搞快速反应事件，破坏连贯	Don’t make quick response events for every scene, and don’t destroy the coherence.	stop putting QTEs in every cutscene, it ruins the flow
B-MIX-099	MIX	71.82	65.43	-6.39	56.56	57.89	1.33	100	0	-100	不是哥们，怎么pv就删了。	It’s not a buddy, how did the PV get deleted.	不是哥们，怎么宣传片就删了。	It’s not a buddy, how come the promotional video was deleted.	wait bro, why did the PV get deleted.
B-MIX-100	MIX	99.87	99.57	-0.29	82.94	83.17	0.23	100	100	0	要是做出这样的mod，那就有意思了	It would be interesting if such a mod was made.	要是做出这样的模组，那就有意思了	It would be interesting if such a module was made.	if someone made a mod like this, that would be fun
B-MIX-101	MIX	92.22	92.95	0.73	81.43	80.19	-1.24	100	0	-100	omg！这是谁家的小孩这么有出息啊啊啊啊啊	OMG! Whose child is this who has such a promising future?	我的天！这是谁家的小孩这么有出息啊啊啊啊啊	My God! Whose child is this who has such a promising future?	omg! whose kid is this, so talented ahhhh
B-MIX-102	MIX	95.82	96.23	0.41	74.52	74.35	-0.18	100	100	0	很多老外不知道田一鸣叫什么，就叫他super idol	Many foreigners don’t know what Tian Yiming is called, so they call him super idol.	很多老外不知道田一鸣叫什么，就叫他超级偶像	Many foreigners don’t know what Tian Yiming is called, so they call him a super idol.	many foreigners don't know Tian Yiming's name, so they just call him super idol
B-MIX-103	MIX	72.42	83.18	10.76	59.51	74.96	15.45	0	0	0	知名up主老番茄视频内容不慎跌回五年前的水平	The content of the famous up master Lao Tomato has fallen back to the level of five years ago.	知名视频作者老番茄视频内容不慎跌回五年前的水平	The content of the famous video creator Lao Tomato has unfortunately fallen back to the level of five years ago.	famous uploader LaoFanQie's video content has accidentally slipped back to its level five years ago
B-MIX-104	MIX	98.93	94.91	-4.02	80.98	63.70	-17.28	100	100	0	我打个csgo心跳都能160	My heart rate is 160 when I play CSGO.	我打个反恐精英心跳都能160	My heart rate can reach 160 when I play Counter-Strike.	my heart rate hits 160 just playing CS:GO
B-MIX-105	MIX	99.66	99.68	0.02	56.00	88.20	32.19	100	0	-100	回答我，鸟为什么会飞？ Look at my eye, tell me why!	Answer me, why do birds fly? Look at my eye, tell me why!	回答我，鸟为什么会飞？ 看着我的眼睛，告诉我为什么！	Answer me, why do birds fly? Look into my eyes and tell me why!	answer me, why can birds fly? Look at my eye, tell me why!
B-MIX-106	MIX	90.17	91.17	1.00	56.59	81.57	24.98	100	100	0	这里应该说的是welcome to shaolin 吧	It should be welcome to shaolin here.	这里应该说的是欢迎来到少林 吧	I should say here, welcome to Shaolin.	what he should have said here is welcome to Shaolin, right
B-MIX-107	MIX	85.46	90.70	5.25	63.06	63.99	0.93	100	100	0	这BGM给我干天津去了	This BGM made me go to Tianjin.	这背景音乐给我干天津去了	This background music made me go to Tianjin.	this BGM just teleported me straight to Tianjin
B-MIX-108	MIX	60.30	57.04	-3.26	70.11	70.90	0.79	100	100	0	小八和啵哝就像是妈妈带了个teenager出来我服了。	Xiao Ba and Bo Nong are like a mother bringing a teenager out, I’m impressed.	小八和啵哝就像是妈妈带了个青少年出来我服了。	Xiao Ba and Bo Nong are like a mother bringing a teenager out, I’m impressed.	Xiaoba and Bonong are just like a mom taking a teenager out, I can't with them.
B-MIX-109	MIX	95.32	94.75	-0.57	74.88	73.56	-1.33	100	100	0	其实我不仅是rapper，我还是DJ，香蜜湖你听见了吗	Actually, I am not only a rapper, but also a DJ, can you hear me, Xiangmi Lake?	其实我不仅是说唱歌手，我还是打碟师，香蜜湖你听见了吗	Actually, I am not only a rapper, but also a DJ. Can you hear me, Xiangmi Lake?	actually I'm not just a rapper, I'm also a DJ — Xiangmi Lake, can you hear me
B-MIX-110	MIX	69.99	67.96	-2.03	69.19	65.32	-3.87	100	0	-100	我家小逻怎么成敌方boss单位了？还有精英干员长颈鹿	How did my little Luo become the enemy boss unit? And the elite agent giraffe	我家小逻怎么成敌方头目单位了？还有精英干员长颈鹿	How did my little Luo become the enemy’s leader? And the elite agent giraffe?	how did my Xiaoluo become an enemy boss unit? and there's an elite operator giraffe too
B-MIX-111	MIX	95.81	88.55	-7.26	81.26	65.59	-15.67	100	100	0	看得ptsd犯了	I have PTSD after watching it.	看得创伤后应激障碍犯了	I have PTSD from watching it.	watching this triggered my PTSD
B-MIX-112	MIX	94.78	95.33	0.55	80.46	82.45	1.99	100	0	-100	我独自拯救一切Pro max	I’ll save everything by myself, Pro max.	我独自拯救一切加强版	I’ll save everything by myself, enhanced version	I Alone Save Everything, Pro Max edition
B-MIX-113	MIX	78.95	79.23	0.28	64.69	66.96	2.26	100	100	0	那是债主催债了bro	That’s a debt-to-debt exchange, bro.	那是债主催债了兄弟	That’s a debt-to-debt transaction, brother.	that's the creditor coming to collect, bro
B-MIX-114	MIX	74.17	91.17	17.00	71.11	76.73	5.62	0	0	0	姐！邀请宋雨琦上节目！E人很适合！章昊也是！	Sister, invite Song Yuxi to the show! E people are suitable! Zhang Hao is also suitable!	姐！邀请宋雨琦上节目！外向的人很适合！章昊也是！	Sister, invite Song Yuxi to the show! She is outgoing and suitable for it! Zhang Hao is also suitable!	sis! invite Song Yuqi onto the show! extroverts are perfect for it! Zhang Hao too!
B-MIX-115	MIX	74.84	83.48	8.63	77.14	80.01	2.87	0	100	100	好阳光啊，这一定是相互救赎的少女乐队故事吧www	It’s so sunny, this must be a story of a girl band that saves each other, www	好阳光啊，这一定是相互救赎的少女乐队故事吧哈哈哈	It’s so sunny, this must be a story of a girl band that saves each other, hahaha	so wholesome — this must be a girls-band story of mutual redemption lol
B-MIX-116	MIX	84.85	85.35	0.50	81.58	81.48	-0.10	0	0	0	小时候我没有cp这个概念，一直认为这俩只是朋友	I didn’t have the concept of cp when I was a child, and I always thought they were just friends.	小时候我没有情侣配对这个概念，一直认为这俩只是朋友	I didn’t have the concept of couples when I was a child, and I always thought they were just friends.	as a kid I had no concept of shipping — I always thought these two were just friends
B-MIX-117	MIX	91.55	92.92	1.36	80.57	80.91	0.34	100	0	-100	妹妹在cos商鞅吗	Is your sister cosplaying Shang Yang?	妹妹在扮演商鞅吗	Is my sister playing Shang Yang?	is the girl cosplaying Shang Yang
B-MIX-118	MIX	97.18	93.82	-3.36	81.94	75.13	-6.81	100	0	-100	哎呀，蚊子得了MVP！	Wow, the mosquito got the MVP!	哎呀，蚊子得了全场最佳！	Oh, the mosquito won the best award!	oops, the mosquito got the MVP!
B-MIX-119	MIX	93.82	94.98	1.15	81.17	81.51	0.35	100	100	0	这都ai配音了，字幕当然也是ai啊	This is all AI voiceover, and the subtitles are also AI.	这都人工智能配音了，字幕当然也是人工智能啊	This is all AI voiceover, and the subtitles are also AI.	the voiceover is already AI, so of course the subtitles are AI too
B-MIX-120	MIX	95.76	95.37	-0.38	75.64	66.27	-9.37	100	100	0	谁还没看我都会伤心的OK？	I’ll be sad if you haven’t watched it, OK?	谁还没看我都会伤心的好吗？	I’ll be sad if you haven’t watched it yet, okay?	if anyone hasn't watched this yet I'll be sad, OK?
B-MIX-121	MIX	76.36	85.82	9.46	59.19	55.25	-3.94	0	100	100	少看一天b站都剪不出来	I can’t even edit a video after watching B station for a day.	少看一天哔哩哔哩都剪不出来	I can’t even edit a video after watching Bilibili for a day.	skip even one day of Bilibili and you couldn't edit this
B-MIX-122	MIX	100.00	97.12	-2.88	83.94	84.52	0.58	100	100	0	只是一个道歉，but这个道歉的代价实在太高	It’s just an apology, but the cost of this apology is too high.	只是一个道歉，但是这个道歉的代价实在太高	It was just an apology, but the cost of this apology was too high.	it's just an apology, but the price of this apology is way too high
B-MIX-123	MIX	93.84	90.27	-3.58	77.80	81.49	3.69	100	0	-100	记者会？不，个人show time	Press conference? No, it’s my personal show time.	记者会？不，个人表演时间	Press conference? No, personal performance time.	a press conference? no, it's personal show time
B-MIX-124	MIX	90.76	85.68	-5.08	66.71	76.31	9.61	100	0	-100	这一场演得不好，应该喊cut重来	This scene was not well acted, and the director should have called cut and done it again.	这一场演得不好，应该喊停重来	This performance is not good, and it should be stopped and re-performed.	this scene was badly acted, someone should call cut and redo it
B-MIX-125	MIX	96.22	96.90	0.68	81.17	84.35	3.17	100	100	0	喝水这part我真的笑了	I really laughed at the part of drinking water.	喝水这部分我真的笑了	I really laughed at the part about drinking water.	the water-drinking part genuinely made me laugh
B-MIX-126	MIX	97.01	95.78	-1.22	78.27	73.28	-5.00	100	0	-100	中式恐怖，真的next level	Chinese horror, really next level.	中式恐怖，真的更上一层楼	Chinese horror is really a step up.	Chinese-style horror, truly next level
B-MIX-127	MIX	97.65	96.55	-1.10	80.99	82.44	1.45	100	0	-100	他们都在好奇那个npc是谁扮的	They were all curious about who was playing the NPC.	他们都在好奇那个非玩家角色是谁扮的	They are all curious about who is playing the non-player character.	they're all wondering who played that NPC
B-MIX-128	MIX	84.50	78.95	-5.55	77.34	62.90	-14.44	0	0	0	os好想看张桂源也来一期	I really want to see Zhang Guilong in an episode.	内心独白好想看张桂源也来一期	I really want to see Zhang Guilong in the show	inner monologue: I really want to see Zhang Guiyuan do an episode too
B-MIX-129	MIX	97.76	96.97	-0.79	73.34	72.36	-0.98	100	100	0	我已经走在了country road 上了	I’m already on the country road.	我已经走在了乡间小路 上了	I was already walking on the country road.	I'm already walking on the country road
B-MIX-130	MIX	85.33	96.63	11.30	59.06	83.74	24.69	0	0	0	从来没有get到他颜值	I never got his looks.	从来没有领略到他颜值	I never knew he was so handsome.	I've never gotten the appeal of his looks
B-MIX-131	MIX	93.52	94.33	0.81	58.41	61.67	3.27	100	100	0	看哪一只eye啊sir	Which eye is it, sir?	看哪一只眼啊长官	Look at which eye, sir.	looking at which eye, sir
B-MIX-132	MIX	98.30	99.23	0.93	39.37	81.96	42.58	100	100	0	天磊：what can I say	Tianlei: what can I say	天磊：我能说什么	Tianlei: What can I say?	Tianlei: what can I say
B-MIX-133	MIX	87.44	90.39	2.95	76.90	81.14	4.23	100	100	0	唉，我去，真的有比利诶。该不会是暗示sp比利吧	Oh, my God, there really is Billy. I hope it’s not a hint of SP Billy.	唉，我去，真的有比利诶。该不会是暗示特殊版比利吧	Oh, my God, there really is a Billy. I hope it’s not a hint of a special edition Billy.	whoa, there really is a Billy — could this be hinting at an SP Billy
B-MIX-134	MIX	92.84	92.94	0.11	64.65	77.80	13.15	0	100	100	摊主，我也是你们play中的一环吗	Stall owner, am I also a part of your game?	摊主，我也是你们角色扮演中的一环吗	Stall owner, am I also a part of your role-playing?	stall owner, am I also part of your roleplay
B-MIX-135	MIX	86.82	83.84	-2.97	57.42	76.96	19.54	100	100	0	抽me,please抽me	Pick me, please pick me.	抽我,请抽我	Pick me, please pick me.	draw me, please draw me
B-MIX-136	MIX	97.21	84.53	-12.68	71.65	82.58	10.93	100	0	-100	boss已进入二阶段	The boss has entered the second stage.	头目已进入二阶段	The ringleader has entered the second stage.	the boss has entered phase two
B-MIX-137	MIX	76.16	76.14	-0.02	68.07	71.75	3.68	100	0	-100	这里是以为他要长期练，mcn没沟通好	I thought he was going to practice for a long time, and mcn didn’t communicate well.	这里是以为他要长期练，传媒公司没沟通好	I thought he was going to practice for a long time, and the media company didn’t communicate well.	here they thought he'd be training long-term — the MCN agency didn't communicate properly
B-MIX-138	MIX	79.59	79.88	0.29	72.60	80.84	8.24	0	0	0	加拉赫上线一年了还在c	It’s been a year since Gallagher went online and he’s still in C.	加拉赫上线一年了还在当主力	Gallagher has been online for a year and is still the main force.	Gallagher has been out for a year and is still carrying
B-MIX-139	MIX	84.52	90.09	5.57	67.27	77.23	9.96	100	0	-100	直伤+超击破+dot伤害	Direct damage + super damage + dot damage	直伤+超击破+持续伤害	Direct damage + super damage + continuous damage	direct damage + super break + DoT damage
B-HOM-133	PYA	81.98	86.79	4.81	67.50	70.03	2.53	100	100	0	兄dei  成佛吧   修仙太难了	Brother, become a Buddha; cultivating immortals is too difficult.	兄弟  成佛吧   修仙太难了	Brother, become a Buddha; cultivating immortals is too difficult.	bro, just become a buddha — cultivating immortality is too hard
B-HOM-134	HOM	64.73	76.99	12.27	65.86	79.31	13.44	0	100	100	我真怕药水一拳给向左打晕过去	I was really afraid that the potion would knock me out with one punch.	我真怕药水一拳给向佐打晕过去	I was really afraid that the potion would knock Xiang Zuo out with one punch.	I'm really afraid Yaoshui will knock Xiang Zuo out with one punch
B-HOM-135	HOM	83.61	82.83	-0.78	63.34	64.16	0.82	100	0	-100	甲亢哥：我还能再看亿遍	Hyperthyroidism: I can watch it a hundred million times.	甲亢哥：我还能再看一亿遍	Hyperthyroidism: I can watch it 100 million more times.	Jiakang Bro: I could watch this a hundred million more times
B-NEO-109	NEO	83.89	88.49	4.60	66.83	72.15	5.32	0	0	0	逆天，吴国给日本朝贡都来了	It’s crazy, the State of Wu has come to pay tribute to Japan.	离谱，吴国给日本朝贡都来了	It’s ridiculous, the Wu Kingdom has come to pay tribute to Japan.	outrageous — now we've even got the Wu kingdom paying tribute to Japan
B-NEO-110	NEO	85.11	85.12	0.01	77.00	77.85	0.85	100	100	0	泪目了，米哈游你坏事做尽	I was moved to tears, Mihayou, you’ve done so many bad things.	感动落泪了，米哈游你坏事做尽	I was moved to tears, Mihayou, you’ve done so many bad things.	I teared up — miHoYo, you've done every evil deed there is
B-NEO-111	NEO	74.38	81.97	7.60	74.05	81.29	7.24	100	0	-100	双非大学生，还没进厂。光看这个社会环境已经感觉自己燃尽了	I am a non-local student and I haven’t entered the factory yet. I feel like I am burned out just by looking at this social environment.	非重点大学的大学生，还没进厂。光看这个社会环境已经感觉自己精疲力竭了	Students from non-key universities have not entered the factory yet. I feel exhausted just by looking at this social environment.	a non-elite-university student who hasn't even started working yet — just looking at this social environment I already feel burned out
B-NEO-112	NEO	76.23	79.52	3.29	65.90	70.78	4.87	0	0	0	看勇哥直播，各种神人	Watching Yongge’s live broadcast, all kinds of gods.	看勇哥直播，各种行为离谱的人	Watching Yongge’s live broadcast, all kinds of people with outrageous behavior	watching Brother Yong's streams, you see all kinds of absolute characters
B-NEO-113	NEO	67.20	82.79	15.59	74.41	78.90	4.49	100	0	-100	太真实了，想到的那句话发现他可能听不懂于是在后面加点补丁	It’s so real, I thought of that sentence and found that he might not understand it, so I added some patches at the back.	太真实了，想到的那句话发现他可能听不懂于是在后面加点补充说明	It’s so true, I thought of that sentence and found that he might not understand it, so I added some supplementary explanation at the end.	so true — you think of a comeback, realize he might not get it, and then tack some patches onto it
B-NEO-114	NEO	92.23	92.94	0.71	62.78	77.91	15.13	0	0	0	为什么能匹到这么多神人	Why can I match so many great people?	为什么能匹配到这么多行为离谱的人	Why can I match so many outrageous people?	how do I keep getting matched with so many absolute characters
B-NEO-115	NEO	90.36	90.97	0.61	70.74	81.08	10.35	0	0	0	所以男主在嘎掉的威胁下领悟了？	So the male lead realized it under the threat of being killed?	所以男主在死掉的威胁下领悟了？	So the male lead realized it under the threat of death?	so the male lead had his awakening under the threat of getting offed?
B-MIX-140	MIX	74.52	66.97	-7.55	57.51	51.96	-5.55	100	0	-100	这个zzz不会要给他出个动画吧？	This zzz won’t make an animation for him, right?	这个绝区零不会要给他出个动画吧？	This absolute zero won’t give him an animation, right?	don't tell me ZZZ is going to make an anime for him?
B-MIX-141	MIX	96.98	97.74	0.76	79.41	82.47	3.06	100	100	0	怎么说呢 很怀疑up主的精神状态	What can I say, I doubt the uploader’s mental state.	怎么说呢 很怀疑视频作者的精神状态	What can I say? I doubt the mental state of the video creator.	how do I put it — I seriously question this uploader's state of mind
B-MIX-143	MIX	89.85	92.01	2.16	73.71	74.51	0.80	0	100	100	他和背后的 n pc 格格不入	He and the n pc behind him are incompatible.	他和背后的 非玩家角色 格格不入	He and the non-player characters behind him are out of sync.	he's completely out of place next to the NPC behind him
B-MIX-145	NEO	84.78	72.99	-11.79	68.94	68.70	-0.24	0	0	0	甲亢哥：我DNA动了	Hyperthyroidism: My DNA has been changed.	甲亢哥：我本能被唤醒了	Hyperthyroidism: My instinct was awakened.	Jiakang Bro: my DNA just moved
B-MIX-146	MIX	66.36	76.30	9.94	60.90	65.87	4.97	0	0	0	bro以为自己在演致命ID	I thought I was playing a deadly ID.	这哥们以为自己在演致命ID	This guy thought he was playing a deadly ID.	bro thinks he's starring in Identity
B-MIX-147	MIX	92.82	96.18	3.36	79.01	80.48	1.47	0	0	0	干嘛突然cos班主任	Why are you suddenly cosplaying as the class teacher?	干嘛突然扮演班主任	Why are you suddenly playing the role of the class teacher?	why are you suddenly cosplaying as the homeroom teacher
B-MIX-148	MIX	93.06	86.09	-6.97	64.70	73.76	9.06	100	0	-100	神作，没见过的mad种类呢	Great work, a type of mad I’ve never seen before.	神作，没见过的混剪视频种类呢	Great work, a type of mixed video I’ve never seen before.	a masterpiece — a kind of MAD I've never seen before
B-PYA-109	PYA	83.17	85.47	2.30	67.79	63.73	-4.07	0	100	100	拍了拍博士的石棺盖子hhhhh	I patted the lid of the sarcophagus of the doctor hhhhh	拍了拍博士的石棺盖子哈哈哈哈哈	I slapped the lid of the sarcophagus of the doctor, hahahahaha	gave the Doctor's stone coffin lid a little pat hahaha
B-PYA-110	PYA	85.37	97.49	12.12	51.71	84.49	32.78	0	100	100	万恶的zi ben jia	The evil zi ben jia	万恶的资本家	The evil capitalist	the evil capitalists
B-PYA-111	PYA	83.51	60.24	-23.27	70.07	71.79	1.72	0	0	0	就说问啥听不到，nnd只带了一个耳机	I said I couldn’t hear what you were saying, and I only brought one earphone.	就说问啥听不到，奶奶的只带了一个耳机	I said I couldn’t hear what she was saying, and my grandma only had one earphone.	no wonder he said he couldn't hear anything — damn it, he only brought one earbud
