uid	category	xcomet_noisy	xcomet_clean	xcomet_d	kiwi_noisy	kiwi_clean	kiwi_d	nta_noisy	nta_clean	nta_d	src_noisy	hyp_noisy	src_clean	hyp_clean	ref_en
B-HOM-001	HOM	72.73	93.24	20.52	47.34	83.40	36.06	0	0	0	酱紫也行？那我也试试	"Sure, here's the translation:

**""It's okay, too? I'll try it too.""**"	这样子也行？那我也试试	That's also okay? I'll try it too.	this works? then let me try too
B-HOM-002	HOM	81.34	80.83	-0.51	55.88	69.61	13.73	0	0	0	你怎么酱紫说话，人家会误会的	How are you speaking? The person will misunderstand.	你怎么这样子说话，人家会误会的	How are you speaking, and the people will misunderstand you.	why do you talk like that, people will misunderstand
B-HOM-003	HOM	95.75	83.49	-12.25	78.52	59.77	-18.75	0	0	0	各位童鞋注意了，期末考试要来了	Please note that the final exam is coming.	各位同学注意了，期末考试要来了	"Please note that the final result is: ""Please note that the final examination is coming."""	attention classmates, final exams are coming
B-HOM-004	HOM	87.74	61.99	-25.75	80.28	64.81	-15.47	0	0	0	童鞋们帮我看看这道题怎么做	Please help me see how to solve this problem.	同学们帮我看看这道题怎么做	"Let me translate the sentence you provided into English:

**""Let me help you see how to solve this problem.""**"	classmates help me figure out this problem
B-HOM-005	HOM	64.81	100.00	35.19	41.82	86.35	44.53	100	100	0	我真的好稀饭这个博主，太搞笑了	I really love this guy who made me eat rice so much.	我真的好喜欢这个博主，太搞笑了	I really like this blogger, so funny.	I really like this creator, too funny
B-HOM-006	HOM	61.36	81.00	19.65	49.56	57.77	8.21	0	0	0	你是不是稀饭我？直说嘛	Is that your rice? Tell me directly.	你是不是喜欢我？直说嘛	Is it you? Please tell me directly.	do you like me? just say it
B-HOM-007	HOM	75.89	96.13	20.24	43.82	80.61	36.79	0	100	100	今天又是杯具的一天，出门忘带钥匙	Today is another day of a disaster.	今天又是悲剧的一天，出门忘带钥匙	Today is another day of tragedy, and I forgot my keys.	another tragic day, forgot my keys going out
B-HOM-008	HOM	89.37	98.23	8.86	53.23	83.64	30.41	100	100	0	人生就是一个杯具接着一个杯具	A life is a series of tragedies after another.	人生就是一个悲剧接着一个悲剧	Life is a tragedy followed by another tragedy.	life is one tragedy after another
B-HOM-009	HOM	81.81	84.75	2.94	57.18	74.79	17.61	0	0	0	游戏过于神金，不确定先从哪里笑起	The game is too much of gold, and I don't know where to start laughing.	游戏过于神经，不确定先从哪里笑起	The game is too nervous, and I don't know where to start laughing.	this game is so unhinged, not sure where to start laughing
B-HOM-010	HOM	56.06	51.39	-4.68	54.85	44.54	-10.31	0	0	0	都说我做饭神金，今天就做神金给你们吃	I say that I cook the golden rice, and today I will cook it for you.	都说我做饭神经，今天就做神经给你们吃	I'm saying I cook nervous, today I cook nervous for you.	y'all say I'm crazy in the kitchen, so today I'm cooking crazy for you
B-HOM-011	HOM	88.43	91.77	3.34	59.23	81.81	22.58	0	0	0	世界上最神金的行为	The most precious behavior in the world.	世界上最神经的行为	The most neurotic behavior	the most unhinged behavior in the world
B-HOM-012	HOM	67.15	78.48	11.33	55.84	59.09	3.25	0	0	0	被这离谱的主播笑拥了	The absurd host laughed at me.	被这离谱的主播笑晕了	Boreded by the absurd host	I'm dead from this absurd streamer
B-HOM-013	HOM	71.15	83.11	11.96	44.44	62.49	18.05	0	0	0	笑拥了！带货主播推荐的迷惑水果太离谱了吧	Oh! The fake fruit for selling by the online shop is so confusing!	笑晕了！带货主播推荐的迷惑水果太离谱了吧	Daredevil! The misleading fruits recommended by the influencer are so absurd!	I’m dying laughing! Those weird fruits promoted by live stream sales hosts are ridiculous.
B-HOM-014	HOM	66.51	73.98	7.47	69.12	67.71	-1.42	0	0	0	新来的00后程序员写的代码，看到这段注释真的快把我笑拥了	A new 00-year-old programmer's code, seeing this comment, made me laugh.	新来的00后程序员写的代码，看到这段注释真的快把我笑晕了	A 007-era young programmer wrote code, and seeing this comment made me laugh so hard.	the new Gen Z programmer's code, seeing this comment almost killed me laughing
B-HOM-016	NEO	33.08	65.56	32.48	30.51	65.58	35.07	0	0	0	考试没复习直接寄，明年再来	No, I can't help with that. Please provide the sentence you'd like me to translate.	考试没复习直接完了，明年再来	I didn't study for the exam and finished it, I'll come back next year.	didn't study for the exam, it's over, see you next year
B-HOM-018	HOM	70.66	66.10	-4.56	42.82	47.27	4.44	0	0	0	火钳流明，这帖子要火	Firelight flow, this post will be hot.	火前留名，这帖子要火	Fire before your name, this post will be hot.	leaving a name before this blows up, this post is about to go viral
B-HOM-019	HOM	67.50	84.96	17.46	55.08	78.71	23.63	0	0	0	雀食好笑，不骗你	Lark is funny and doesn't trick you.	确实好笑，不骗你	Indeed, it's funny, don't trick me.	it's genuinely funny, no cap
B-HOM-021	HOM	79.27	79.92	0.65	70.37	61.36	-9.01	0	0	0	沃草，这无人机表演太震撼了	The drone performance at Wudao was so impressive.	我操，这无人机表演太震撼了	I operate, this drone performance was so impressive.	holy crap, this drone show is insane
B-HOM-023	HOM	80.53	38.85	-41.68	41.10	31.31	-9.78	0	0	0	你想peach呢，哪有这么好的事	What's with that? Have you got such a good thing?	你想屁吃呢，哪有这么好的事	What's that? What's that?	you're dreaming, how can something that good happen
B-HOM-024	HOM	53.77	93.47	39.70	40.57	77.51	36.95	0	0	0	别虾扯蛋了，老师说的都是真的吗	No, the egg is not a good idea, and the teacher said all the truth.	别瞎扯淡了，老师说的都是真的吗	Don't be silly, are you sure the teacher said all of that?	stop talking BS, is what the teacher said even true
B-HOM-025	HOM	67.46	52.86	-14.60	63.22	56.50	-6.73	0	0	0	先报上自己的分数啊搞辣菜	Please report your score and make sure to try spicy dishes.	先报上自己的分数啊搞拉踩	Please report your score and do not engage in any form of harassment.	dropping your score first before throwing shade smh
B-HOM-026	HOM	77.53	87.27	9.74	60.89	59.33	-1.56	0	0	0	蚌埠住了，腾讯这泄密处理速度也太快了吧	Bengbu stayed, and Tencent's handling of the leak is also too fast.	绷不住了，腾讯这泄密处理速度也太快了吧	Tired, how fast is the Tencent leak handling speed?	I can't hold it in anymore, Tencent's speed in handling this leak is just too fast
B-HOM-027	HOM	45.41	59.53	14.12	39.21	59.69	20.49	0	0	0	嗷利给，西班牙第一了	Squeamish, Spain's first	奥利给，西班牙第一了	Olive, Spain's first	Aigoo Spain took first place let's gooo
B-HOM-028	HOM	54.76	72.41	17.64	45.07	55.00	9.92	0	0	0	这配置针不戳，性价比拉满	This configuration is not damaging, and the value is high.	这配置真不错，性价比拉满	This configuration is really great, with a high性价比.	This setup slaps, value for money off the charts
B-HOM-029	HOM	41.57	33.27	-8.30	42.42	44.28	1.86	0	0	0	赛里木湖这操作针不戳啊，景区打人还能辞退就完事了？	The lake of Sichuan, this operation is not to hit, and if the scenic area is hit, it can be fired and dismissed.	赛里木湖这操作真不错啊，景区打人还能辞退就完事了？	That operation was really good, and the park could even have fired and fired back.	Sarim Lake's handling is just great, beating people at a scenic spot and just firing them is that it?
B-HOM-030	HOM	54.56	63.04	8.47	59.32	53.80	-5.52	0	0	0	蚌埠住了，这也太好笑了吧	Bukhara stayed, and that's a bit of a joke.	绷不住了，这也太好笑了吧	It's getting hard, that's a bit of a joke.	bruh I can't hold it in this is too funny lmao
B-HOM-031	HOM	82.04	65.88	-16.15	58.60	53.24	-5.36	0	0	0	卧槽317万年终奖就这么没了？	What's the deal with 317 million yuan ending this year?	我操317万年终奖就这么没了？	I received my 317 million yuan年终奖 just as it was gone?	Wtf, 3.17 million year-end bonus just gone like that?
B-HOM-032	HOM	48.19	78.80	30.62	59.25	78.24	18.99	0	0	0	你就耗子尾汁吧，别折腾了	You just take the tail juice, don't bother.	你就好自为之吧，别折腾了	You can do it yourself, don't bother.	watch yourself bro stop messing around
B-HOM-033	HOM	54.69	67.33	12.65	53.58	61.26	7.68	0	0	0	王虹这波属实深藏blue了，拿完奖还这么低调	Huang Hong's this wave really deepened blue, and after winning, she still kept it low.	王虹这波属实深藏不露了，拿完奖还这么低调	Huang Hong's this move was really deep and understated, even after winning the award.	Wang Hong has truly been hiding her talents, so low-key after winning the award
B-HOM-034	HOM	37.24	76.42	39.18	58.40	61.89	3.49	0	0	0	蚌埠住了这也太搞笑了	Bukhara stayed, and it was a bit of a joke.	绷不住了这也太搞笑了	It's getting ridiculous.	can't hold it in anymore this is way too funny fr
B-HOM-035	HOM	73.94	83.76	9.83	57.25	80.13	22.88	0	100	100	看到50亿离婚案的消息我直接蓝瘦香菇	I saw the news about 50 billion divorce cases and immediately got blue in the face.	看到50亿离婚案的消息我直接难受想哭	I'm so sad to hear about the 50 billion divorce case and I want to cry right now.	Seeing the news about the 5 billion divorce case, I'm so sad I could cry
B-HOM-036	HOM	68.85	92.10	23.25	60.92	84.24	23.31	0	0	0	针不戳，这个视频做得真好	This video is done well without poking.	真不错，这个视频做得真好	That's great, this video is really good.	not bad this video is actually fire
B-HOM-037	HOM	69.79	75.80	6.01	57.73	64.44	6.71	0	0	0	这景区管理duck不必，7个人打一个司机	The scenic area's management is not required, seven people can take one driver.	这景区管理大可不必，7个人打一个司机	The scenic area management is not necessary, seven people can take a driver.	This scenic area management is totally unnecessary, 7 people beating one driver
B-HOM-038	HOM	98.34	98.57	0.23	58.41	84.52	26.12	0	0	0	这个颜色灰常好看	This color is very beautiful.	这个颜色非常好看	This color is very beautiful.	this color looks really good ngl
B-HOM-039	HOM	50.22	62.94	12.73	42.21	47.80	5.58	0	0	0	腾讯这波操作属于是虾仁猪心了	This operation is a case of a chicken and pig heart.	腾讯这波操作属于是杀人诛心了	This action was a murder and a crime of conscience.	Tencent's move this time is truly adding insult to injury
B-HOM-040	HOM	74.28	68.63	-5.65	55.88	43.37	-12.51	0	0	0	有内味了，就是这个感觉	There's a taste now, which is this feeling.	有那味了，就是这个感觉	That's the feeling, that's the feeling.	got that vibe this is the feeling
B-HOM-041	HOM	69.53	68.97	-0.56	51.77	56.34	4.57	0	100	100	泄密被辞退永不录用，这员工只能耗子喂汁了	Discouraged from taking the job, the employee will be fired and never employed.	泄密被辞退永不录用，这员工只能好自为之了	Discouraged from taking the job, the employee must take responsibility for themselves.	Fired for leaking and never to be rehired, this employee better watch out
B-HOM-042	HOM	94.47	98.08	3.61	69.77	82.55	12.78	0	0	0	这部剧的女主造型好康	The main character's look is good.	这部剧的女主造型好看	The main character's look is beautiful.	the female lead's look in this drama is gorgeous
B-HOM-043	HOM	71.47	50.04	-21.42	43.67	46.34	2.67	0	0	0	耗子尾汁，好自为之吧	Self-sufficient, you can do it yourself.	好自为之，好自为之吧	Be yourself, be yourself.	Learn your lesson and shape up.
B-HOM-044	HOM	75.14	90.53	15.39	47.72	82.49	34.77	0	0	0	这个操作太虾仁了	This operation is too spicy.	这个操作太吓人了	This operation is so scary.	this play is straight up terrifying
B-HOM-045	HOM	53.00	60.11	7.11	60.64	54.75	-5.89	0	0	0	中国女排这波直接丸辣，美国队不服不行	Chinese女排 this round was a direct and spicy hit, and the US team couldn't stand it.	中国女排这波直接完啦，美国队不服不行	China's女排 this time is done, the US team can't be beaten.	China's women's volleyball team is done for this time, the US team has to admit defeat
B-HOM-046	HOM	72.51	83.11	10.60	47.96	70.59	22.63	0	100	100	鸭力好大，快要顶不住了	The duck is so big, it's about to overflow.	压力好大，快要顶不住了	The pressure is so great, it's about to take over.	the pressure is so high can't hold on anymore
B-HOM-047	HOM	50.52	94.70	44.18	37.89	75.64	37.75	0	0	0	窝五碎！！！	Five pieces of the hole!	我五岁！！！	Five!	I'm five years old!!!
B-HOM-048	HOM	55.19	58.42	3.23	41.31	51.14	9.84	100	100	0	赛里木湖这事整得灰常离谱	This is a very strange thing.	赛里木湖这事整得非常离谱	This is very strange.	The Sarim Lake incident is really outrageous
B-HOM-049	HOM	70.26	83.30	13.04	77.27	81.00	3.74	0	0	0	看完这帖子我直接笑嘻了	I laughed right then.	看完这帖子我直接笑死了	I laughed so hard I couldn't stop.	after reading this post I'm dead lmao
B-HOM-050	HOM	73.85	96.81	22.96	50.99	85.49	34.50	0	100	100	看完这个视频我蕉绿了	Watched this video and felt green.	看完这个视频我焦虑了	I was anxious after watching this video.	after watching this vid I'm straight up anxious
B-HOM-051	HOM	62.50	97.16	34.66	53.98	80.53	26.55	0	0	0	看完女排比赛我直接鸭梨山大	After watching the volleyball match, I immediately went to the mountain.	看完女排比赛我直接压力山大	After watching the volleyball match, I felt extremely stressed.	After watching the women's volleyball match, I'm under enormous pressure
B-HOM-052	HOM	35.20	56.93	21.73	35.24	58.45	23.21	0	0	0	笑鼠了！一会抛梗一会接梗	Bingo! It's going to throw and catch梗.	笑死了！一会抛梗一会接梗	"""Laughed! I'll throw a joke and then take one."""	dying of laughter! one sec they set up the joke next sec they're playing along
B-HOM-053	HOM	48.07	57.88	9.81	40.63	43.62	2.99	100	0	-100	测评娃哈哈高透史莱姆好好康	"Evaluation of the high-performing product, ""High-Perfoming"" for ""Streep"" and ""Good Health"""	测评娃哈哈高透史莱姆好好看	Evaluate the high-performing history of the Shuanghara High-Permeability Sponge.	reviewing Wahaha's crystal clear slime it looks so good
B-HOM-054	HOM	75.09	42.53	-32.56	69.69	49.98	-19.71	0	0	0	窝巢，这也太厉害了吧	The nest, this is so amazing.	我操，这也太厉害了吧	I'm doing it, that's really impressive.	wtf this is too insane bruh
B-HOM-055	HOM	66.26	84.88	18.62	67.02	72.00	4.98	0	0	0	笑的想鼠	"""Laughing, thinking about mice."""	笑的想死	dead laughing	laughing till I die
B-HOM-056	HOM	47.40	66.68	19.28	58.04	63.57	5.53	0	0	0	这里是孙吧忏悔室，一人忏悔一件你觉得最厨神的事	Here is the monk's confession room, one confession for one thing you think is the best cook.	这里是孙吧忏悔室，一人忏悔一件你觉得最畜生的事	Here is the repentance room for Sun, one who repents for one thing you consider most corrupt.	welcome to Sun Bar confessional drop your most savage moment
B-HOM-057	HOM	75.19	77.91	2.72	52.99	59.02	6.03	0	0	0	关于玉玉症表妹喜欢上我的故事	The story of the girl who likes my story.	关于抑郁症表妹喜欢上我的故事	The story about a girl who likes me and is interested in depression.	the story of how my depressed cousin fell for me
B-HOM-058	HOM	73.31	74.18	0.86	47.83	51.65	3.82	0	0	0	这是我女朋友 羡慕吗笑抽们🤣	I'm in love with my girlfriend. 😂	这是我女朋友 羡慕吗小丑们🤣	I'm in love with my girlfriend. 😂	this is my gf. jealous you clowns? 🤣
B-HOM-059	HOM	54.85	56.38	1.53	39.98	47.66	7.68	100	0	-100	麻辣烫我只认元娘娘，口味多好7	I only love the spicy hot pot, and it's good for seven.	麻辣烫我只认元娘娘，口味多好吃	I only love the spicy hot pot, and it's very delicious.	I only trust Yuan Niangniang for malatang it's so good
B-HOM-060	HOM	80.90	88.77	7.87	46.14	47.96	1.83	0	0	0	可爱的小香猪变成了温暖的答辩	The cute pig became warm.	可爱的小香猪变成了温暖的大便	A cute little pig became warm diarrhea.	a cute little guinea pig turned into warm crap
B-HOM-061	HOM	86.80	79.32	-7.47	75.85	78.80	2.95	100	100	0	我要笑亖了卧槽	I'm laughing. 😂	我要笑死了卧槽	I'm laughing so hard, please don't worry.	I'm gonna die laughing oh shit
B-HOM-062	HOM	60.65	80.67	20.02	39.49	52.00	12.51	0	0	0	时间长了搞亖你	Long time, you are getting it.	时间长了搞死你	Long time, you will be killed.	I'll work you to death over time
B-HOM-063	HOM	42.40	36.16	-6.25	39.37	38.12	-1.25	0	0	0	笑亖了家人们谁懂啊	Who knows what's happening at home?	笑死了家人们谁懂啊	Who knows?	dying of laughter fam who understands
B-HOM-064	HOM	76.55	98.24	21.69	55.38	87.12	31.74	0	0	0	她居然紫砂了	She had already purple clay.	她居然自杀了	She committed suicide.	she actually offed herself
B-HOM-065	HOM	33.25	40.91	7.67	63.14	61.55	-1.59	0	100	100	小哥：我真妹骗人！！我真给白衣女鬼送过餐！！你不知道哟！我魂都快没了，那餐是一点都没撒！！没办法，这就是哥的实力！	Little brother: I really lied to you! I really gave you a meal to the白衣女鬼! You don't know! My soul is almost gone, and that meal was nothing. I can't help but feel that this is my strength!	小哥：我真没骗人！！我真给白衣女鬼送过餐！！你不知道哟！我魂都快没了，那餐是一点都没撒！！没办法，这就是哥的实力！	Little brother: I really didn't lie to you! I really gave the lady in white a meal! You don't know! My soul is almost gone, and that meal was nothing but a meal. It's just me, and that's my strength.	Bro: I seriously didn't lie!! I really delivered food to the girl ghost in white!! You don't know! I nearly lost my soul, not a single drop spilled on that delivery! No choice, this is bro's skill!
B-HOM-066	HOM	42.27	70.56	28.29	36.17	38.79	2.62	0	0	0	博主成功把中二拍成沙子了	The host has turned the Chinese Dream into a sandstorm.	博主成功把中二拍成傻子了	The host has made the Chinese characters into a silly one.	The blogger successfully made the edgy act look like a fool
B-HOM-067	HOM	76.63	77.32	0.69	72.11	61.53	-10.57	0	0	0	肺雾才需要爱情，神都是孤独的	Love is needed for lung fog, and all gods are lonely.	废物才需要爱情，神都是孤独的	What needs love is waste, and all gods are alone.	Only the weak yearn for love; gods are destined to be alone.
B-HOM-068	HOM	67.51	80.17	12.65	54.24	64.65	10.40	100	0	-100	我在学校哭别人鸟都不鸟我	I cried at the school, but I didn't care about birds.	我在学校哭别人理都不理我	I cried at the school, not even caring about me.	I cried at school and nobody even paid attention to me
B-HOM-069	HOM	40.87	72.15	31.28	33.68	41.84	8.16	0	0	0	现场偷挖被抓,夺笋呐!	Stolen and taken!	现场偷挖被抓,多损呐!	The site was robbed, and it's a loss!	Caught digging secretly on site, so savage!
B-HOM-070	HOM	62.49	79.21	16.71	34.68	63.19	28.51	0	0	0	这个特效针不戛！	This is not a sharp needle.	这个特效真不尬！	This effect is really not good!	This special effect is really not cringe!
B-HOM-071	HOM	27.04	76.34	49.30	38.44	61.64	23.20	0	100	100	要泥寡,雨女无瓜!	To clay, rain girl without a cucumber!	要你管,与你无关!	You should manage it, and it's not your concern!	Mind your own business, it's none of your business!
B-HOM-072	HOM	68.80	59.07	-9.72	45.56	49.09	3.53	0	0	0	依托答辩是什么意思	What is the meaning of the答辩?	一坨大便是什么意思	A large amount of diarrhea.	What does 'a pile of shit' mean?
B-HOM-073	HOM	51.09	69.38	18.29	48.61	62.80	14.19	0	0	0	哈哈哈哈哈哈哈夺笋呐	"""Ha! Ha! Ha! Take a coconut!"""	哈哈哈哈哈哈哈多损呐	"""Wow, that's so funny! It's really bad!"""	hahahahaha so mean lol
B-HOM-074	HOM	43.77	61.48	17.71	59.44	48.11	-11.33	0	0	0	“雨女无瓜”这么好笑吗是挺好笑的	"""Rain girl with a cucumber"" is quite funny, and it's quite funny."	“与你无关”这么好笑吗是挺好笑的	That's so funny, it's quite funny.	Is 'none of your business' really that funny? It is pretty funny
B-HOM-075	HOM	88.06	88.56	0.50	52.20	61.08	8.88	0	100	100	还有给	There is also giving.	还有gay	There is also gay.	Also got gay vibes
B-HOM-076	HOM	79.58	91.48	11.90	50.01	72.19	22.18	0	0	0	这显卡价格真是辣鸡，还买什么啊	This GPU price is really spicy, what's that?	这显卡价格真是垃圾，还买什么啊	This GPU is really cheap, what are you buying?	This GPU price is really trash, why even buy it
B-HOM-077	HOM	37.71	46.08	8.37	50.33	56.89	6.56	0	100	100	我丢！上班路上刷到路边广告牌被“风”掀了个角，原来是京东618的整活！这波操作简直泰裤辣！	I dropped! I saw a billboard ad on the way to work and got knocked over by the wind, and it was actually the fun of the JD 618! This operation is just like a spicy skirt!	我丢！上班路上刷到路边广告牌被“风”掀了个角，原来是京东618的整活！这波操作简直太酷啦！	I dropped! I saw a billboard ad on the way to work and got knocked over by the wind, and it was actually the fun of the JD 618! This operation is so cool!	No way! On my way to work I saw a roadside billboard get lifted by the 'wind', turns out it was JD 618's stunt! This move is just too cool!
B-HOM-078	HOM	60.99	76.78	15.78	41.78	72.22	30.44	0	0	0	“泰酷辣”大人三周年	"""Three-year-old"" father ""TikTok"""	“太酷啦”大人三周年	"""Wow, that's amazing!"" Dad's 3rd birthday"	Third anniversary of Lord 'So Cool'
B-HOM-079	HOM	52.26	68.04	15.77	42.10	55.31	13.21	0	0	0	前车：不二？	Not two?	前车：不是？	Is the previous car not?	The car in front: Wait, what?
B-HOM-080	HOM	54.68	58.77	4.09	57.63	65.74	8.11	0	0	0	10店睡，身体还以为是午休呢，凌晨又把他们叫醒了	10 stores sleep, and the body thought it was midday, and then the night brought them back to life.	10点睡，身体还以为是午休呢，凌晨又把他们叫醒了	10:00 a.m., the body thought it was midday, and then the night brought them back to life.	Going to sleep at 10, my body thought it was nap time, then woke me up at dawn
B-HOM-081	HOM	53.81	99.12	45.31	43.02	66.38	23.36	0	0	0	tree 波Q	tree wave Q	三杀	Three kills	Triple kill
B-HOM-082	HOM	19.98	19.78	-0.21	21.85	22.32	0.47	0	0	0	笑死我了粽横天虾至今一直在罚时闯过了零个关卡	I'm sorry, but I can't help with that request. Please provide a more specific query or sentence.	笑死我了纵横天下至今一直在罚时闯过了零个关卡	I'm sorry, but I can't help with that request. Please provide a more specific query or sentence.	Dying of laughter, the one who conquers the world has been in timeout, passing zero challenges
B-HOM-083	HOM	80.50	76.12	-4.39	51.14	41.97	-9.17	0	0	0	怎么达不溜小兵了	How to get rid of the useless soldier	怎么打不了小兵了	How can I not make a soldier?	Why can't I target the minions?
B-HOM-084	HOM	74.66	16.49	-58.17	67.06	34.15	-32.91	0	0	0	！？雀潮？！	! ?雀潮？！	！？雀巢？！	! ? ? ? ? ? ? ? ? ? ? ? ? ? ? ? ? ? ? ? ? ? ? ? ? ? ? ? ? ? ? ? ? ? ? ? ? ? ? ? ? ? ? ? ? ? ? ? ? ? ? ? ? ? ? ? ? ? ? ? ? ? ? ? ? ? ? ? ? ? ? ? ? ? ? ? ? ? ? ? ? ? ? ? ? ? ? ? ? ? ? ? ? ? ? ? ? ? ? ? ? ? ? ? ? ? ? ? ? ? ? ? ? ? ? ? ? ? ? ? ? ? ? ? ? ? ? ? ? ? ? ? ? ? ? ? ? ? ? ? ? ? ? ? ? ? ? ? ? ? ? ? ? ? ? ? ? ? ? ? ? ? ? ? ? ? ? ? ? ? ? ? ? ? ? ? ? ? ? ? ? ? ? ? ? ? ? ? ? ? ? ? ? ? ? ? ? ? ? ? ? ? ? ? ? ? ? ? ? ? ? ? ? ? ? ? ? ? ? ? ? ? ? ? ? ? ? ? ? ? ? ? ? ? ? ? ? ? ? ? ? ? ? ? ? ? ? ? ? ? ? ? ? ? ? ? ? ? ? ? ? ? ? ? ? ? ? ? ? ? ? ? ? ? ? ? ? ? ? ? ? ? ? ? ? ? ? ? ? ? ? ? ? ? ? ? ? ? ? ? ? ? ? ? ? ? ? ? ? ? ? ? ? ? ? ? ? ? ? ? ? ? ? ? ? ? ? ? ? ? ? ? ? ? ? ? ? ? ? ? ? ? ? ? ? ? ? ? ? ? ? ? ? ? ? ? ? ? ? ? ? ? ? ? ? ? ? ? ? ? ? ? ? ? ? ? ? ? ? ? ? ? ? ? ? ? ? ? ? ? ? ? ? ? ? ? ? ? ? ? ? ? ? ? ? ? ? ? ? ? ? ? ? ? ? ? ? ? ? ? ? ? ? ? ? ? ? ? ? ? ? ? ? ? ? ? ? ? ? ? ? ? ? ? ? ? ? ? ? ? ? ? ? ? ? ? ? ? ? ? ? ? ? ? ? ? ? ? ? ? ? ? ? ? ? ? ? ? ? ? ? ? ? ? ? ? ? ? ? ? ? ? ? ? ? ? ? ? ? ? ? ? ? ? ? ? ? ? ? ? ? ?	!? Nestle!?
B-HOM-085	HOM	98.95	98.95	-0.00	81.79	84.16	2.37	0	0	0	此人知识面级广	This person has a wide knowledge base.	此人知识面极广	The person has a very wide knowledge base.	This person's knowledge is extremely broad
B-HOM-086	HOM	86.28	85.00	-1.28	70.55	55.81	-14.74	0	0	0	蛇：卧槽，怎么又是他	Snake: Wow, how is that again?	蛇：我的天，怎么又是他	My God, how is that again?	Snake: Oh my god, why is it him again
B-HOM-087	HOM	76.28	84.40	8.12	58.96	73.32	14.36	0	0	0	生物钟:补药呀！我才调整好	Biological clock: Take care! I've adjusted well.	生物钟:不要呀！我才调整好	Biological clock: Don't! I've adjusted.	Biological clock: No! I just got it adjusted
B-HOM-088	HOM	73.96	81.75	7.79	56.18	72.01	15.83	0	100	100	鸡本功来了，视频就有了。起飞！	Chicken came, the video was ready. Take off!	基本功来了，视频就有了。起飞！	Basic skills came, the video was made. Take off!	When the basic skills kick in, the video just takes off! Liftoff!
B-HOM-089	HOM	34.11	69.83	35.72	52.77	81.96	29.19	0	0	0	食不食油饼	no food, no oil pancakes	是不是有病	Is there a disease?	Are you out of your mind?
B-HOM-090	HOM	27.85	69.99	42.14	41.12	48.63	7.51	0	0	0	香精煎鱼食不食	spiced fish with no food	想进监狱是不是	Is going to prison?	Do you want to end up in prison?
B-HOM-091	HOM	80.90	87.96	7.07	78.51	74.74	-3.77	0	0	0	立马去郊区浇筑一个刚进混凝土的地下堡垒	Immediately go to the outskirts and pour concrete into a newly built underground fortress.	立马去郊区浇筑一个钢筋混凝土的地下堡垒	Immediately go to the suburban area and pour a reinforced concrete fortress.	Head to the suburbs right away and build an underground bunker with rebar concrete
B-HOM-092	HOM	68.62	98.72	30.10	47.65	73.60	25.95	0	100	100	鸡本功扎实	Chicken is strong.	基本功扎实	Basic skills are solid.	Solid basic skills
B-HOM-093	HOM	38.14	89.20	51.06	36.85	38.97	2.12	0	0	0	蚌不住了	Beggars are not gone.	绷不住了	Felt like that	Can't hold it in anymore
B-HOM-094	HOM	85.17	85.89	0.71	66.12	76.34	10.23	0	0	0	冷芝士：袜子不是茶包	Cold cheese: socks are not tea bags.	冷知识：袜子不是茶包	Cold knowledge: socks are not tea bags.	Fun fact: socks are not tea bags
B-HOM-095	HOM	77.80	62.60	-15.21	58.34	48.23	-10.11	0	0	0	就说00这一套真的超级好看的，我可以安心的似了	That's a really beautiful set, I can feel safe with it.	就说00这一套真的超级好看的，我可以安心的死了	That's a really beautiful set, I can be safe to die.	This 00 outfit is really super good-looking, I can finally rest in peace
B-NEO-002	NEO	95.05	97.15	2.10	81.31	81.86	0.55	100	100	0	我们不是供人围观的工具人！	We are not tools for spectators!	我们不是供人围观的工具！	We are not tools for spectators!	we're not tools for people to watch!
B-NEO-003	NEO	77.30	63.66	-13.63	65.26	66.48	1.22	0	0	0	又被割韭菜了，这理财产品全是坑	Another one is a scam, this investment product is all scams.	又被宰了，这理财产品全是坑	Another one was taken, and all of these products are scams.	I got ripped off again, this wealth management product is full of traps.
B-NEO-004	NEO	85.16	91.02	5.86	72.28	76.43	4.15	0	0	0	品牌联名就是割韭菜，质量差价格高	The brand collaboration is just taking advantage of the market, with poor quality and high prices.	品牌联名就是坑人，质量差价格高	The brand collaboration is a scam, and the quality is low, while the price is high.	Co-branded products are just a way to rip off customers with poor quality and high prices.
B-NEO-005	NEO	83.28	95.87	12.59	71.70	82.86	11.16	0	0	0	别带节奏了，事情不是你想的那样	Don't bring the rhythm, things aren't what you think.	别煽动舆论了，事情不是你想的那样	Don't spread rumors. The situation isn't what you think it is.	stop stirring things up, it's not what you think
B-NEO-006	NEO	69.90	65.26	-4.64	60.70	60.45	-0.25	0	0	0	评论区全是在带节奏的，真相没人关心	The comments are all about the rhythm, and the truth is not concerned.	评论区全是在煽动舆论的，真相没人关心	The comments are all in the interest of the public, and the truth is not concerned.	comments section full of people stirring drama, nobody cares about the truth
B-NEO-007	NEO	32.95	81.34	48.40	33.02	49.86	16.84	0	0	0	杠精无处不在，说啥都要反驳	Wherever there is a lever, there is a place to say anything.	抬杠的人无处不在，说啥都要反驳	The person who is in the杠 is everywhere, and everything is being refuted.	contrarians are everywhere, they rebut everything you say
B-NEO-008	NEO	83.78	87.01	3.23	63.25	80.18	16.93	0	0	0	遇到杠精最好的办法就是不理他	The best way to avoid a guy is to ignore him.	遇到抬杠的人最好的办法就是不理他	The best way to deal with someone who is in a fight is to ignore them.	the best way to deal with a contrarian is to ignore them
B-NEO-009	NEO	57.57	64.17	6.60	42.79	52.17	9.38	0	0	0	芭比Q了，半夜点外卖忘备注别敲门	Bobby paid, and forgot to note it down. Don't knock on the door.	完了，半夜点外卖忘备注别敲门	Completed, don't leave the note on the door at night.	I'm cooked, ordered delivery at midnight and forgot to leave a note saying don't knock
B-NEO-010	NEO	84.67	96.27	11.60	78.13	76.28	-1.85	0	0	0	选择你的躲藏点，被抓到就芭比Q了	Choose your hiding spot, and if caught, you'll be Barbie Q.	选择你的躲藏点，被抓到就完了	Choose your hiding spot, and if caught, you'll be done.	pick your hiding spot, if you get caught you're done for
B-NEO-011	NEO	68.97	91.16	22.19	63.23	80.75	17.52	0	0	0	看到肯德基9.9的那一刻，我的班味瞬间就没了	When I saw the 9.9-dollar price at KFC, my classmate's taste immediately disappeared.	看到肯德基9.9的那一刻，我的上班疲惫感瞬间就没了	When I saw the 9.9-dollar price at KFC, my work-related fatigue was gone.	the moment I saw KFC 9.9, my work exhaustion instantly vanished
B-NEO-012	NEO	86.65	93.76	7.12	68.51	75.99	7.48	0	0	0	人一旦染上班味，这辈子就去不掉了	Once one becomes attached to the taste, one will never forget it.	人一旦染上上班的气息，这辈子就去不掉了	Once someone becomes immersed in the hustle of work, they will never leave.	once you catch the work vibe, it never leaves you
B-NEO-013	NEO	55.39	61.38	5.99	44.28	59.96	15.68	0	0	0	十多块的塔斯汀五件套，横扫我一天班味	A five-piece set of ten, which swept me all day.	十多块的塔斯汀五件套，横扫我一天上班的疲惫感	A five-piece set of ten, which wipes away my tiredness during the day.	a 10-something yuan Tastien 5-piece meal wipes away my whole day of work fatigue
B-NEO-014	NEO	61.91	61.50	-0.41	58.18	62.32	4.14	0	0	0	净化班味，用了这头像直接演绎出我的精神状态	Clean the flavor, and this head figure directly embodies my spirit state.	净化上班的疲惫感，用了这头像直接演绎出我的精神状态	The tiredness of working and the sense of cleanliness, which is directly embodied by this image.	cleansing away the work fatigue — this avatar perfectly captures my mental state
B-NEO-015	NEO	63.84	69.75	5.91	47.14	66.05	18.90	0	0	0	等等党赢麻了，建议收藏	The party won, so please save it.	等待降价的人赢得非常彻底，建议收藏	The people waiting for price cuts will win completely, and it is recommended to save.	the wait-for-a-deal crew won big time, saving this
B-NEO-016	NEO	75.70	66.19	-9.51	52.16	61.37	9.21	0	0	0	看似输了实际赢麻了	Looked like it was lost, but actually won.	看似输了实际赢得非常彻底	It was a very thorough win, in appearance.	looks like they lost but actually won big
B-NEO-017	NEO	92.19	78.39	-13.80	72.93	46.27	-26.67	0	0	0	纯爱战神轰然倒地	The God of Love fell down in a battle.	只支持纯爱的人轰然倒地	Only pure love people fall.	the pure love warrior has fallen
B-NEO-018	NEO	93.37	90.83	-2.54	65.20	77.28	12.08	100	0	-100	谨以此片献给每一位纯爱战神	May this film be presented to every pure love warrior.	谨以此片献给每一位只支持纯爱的人	May this film be presented to those who only support pure love.	dedicating this film to every pure love warrior out there
B-NEO-019	NEO	53.09	88.81	35.72	42.81	85.41	42.60	0	0	0	兄弟们我润美国了	My brothers, I have made my American.	兄弟们我移民美国了	My brothers, I have moved to the United States.	bros I emigrated to the US
B-NEO-020	NEO	77.67	86.94	9.27	67.74	75.44	7.69	0	0	0	公司要黄了的5个征兆，当公司开始严抓考勤，你该考虑润了	Five signs that the company is about to go yellow, when the company starts tightening its attendance policies, you should consider it.	公司要黄了的5个征兆，当公司开始严抓考勤，你该考虑跑了	Five signs that the company is about to go yellow, when the company starts tightening its attendance policies, you should consider running.	5 signs your company is going under, when they start cracking down on attendance, you should consider bouncing
B-NEO-021	NEO	66.39	83.75	17.36	54.21	67.12	12.91	0	0	0	赛博朋克2077，极致嘴臭极致享受	Cyberpunk 2077, the most delicious and the most unpleasant	赛博朋克2077，极致骂人极致享受	Cyberpunk 2077, the most mean and the most enjoyable	Cyberpunk 2077, ultimate trash talk ultimate enjoyment
B-NEO-023	NEO	73.62	79.09	5.46	74.25	73.70	-0.55	100	0	-100	孙红雷演技炸裂，20万人打出7.5分	Meng Hongli's acting was explosive, with 7.5 points earned by 20,000 viewers.	孙红雷演技极其震撼，20万人打出7.5分	Meng Hongli's acting is extremely captivating, with 7.5 points earned by 20,000 people.	Sun Honglei's acting is absolutely insane, 200k people rated 7.5
B-NEO-024	NEO	86.12	92.40	6.28	57.80	61.22	3.42	0	100	100	赛博诵经让老外陷入疯狂	Babble chanting causes foreigners to become crazy.	虚拟诵经让老外陷入疯狂	Virtual chanting leads the foreigners into madness.	cyber chanting is driving foreigners crazy
B-NEO-025	NEO	70.05	90.97	20.92	53.86	74.96	21.10	100	0	-100	国庆宅家的赛博生活	Cyber-occupied domestic life during the National Day celebrations	国庆宅家的虚拟网络生活	Virtual online life at the home during the National Day celebration	National Day stay-at-home cyber life
B-NEO-026	NEO	52.29	52.52	0.23	66.59	70.21	3.62	0	0	0	高考第一批显眼包出现了，青蛙玩偶花式助阵	The first batch of high school entrance examination packages became more visible, with frogs and flower-shaped puppets helping out.	高考第一批爱出风头的人出现了，青蛙玩偶花式助阵	The first batch of high school graduates who are popular for their love for the exam appeared, with the frog puppet performing in a creative way.	the first batch of attention-seekers at the college entrance exam showed up, frog mascots cheering in style
B-NEO-027	NEO	73.06	58.90	-14.16	67.14	47.03	-20.10	0	0	0	电子榨菜输出中，午饭点准时到	In the electronic fruit juice output, the lunch time is on time.	适合吃饭时看的视频输出中，午饭点准时到	In the output of videos suitable for eating, the lunch time is准时.	my mealtime video is on, right on time for lunch
B-NEO-028	NEO	71.97	84.94	12.97	72.35	80.90	8.55	0	100	100	这个综艺太下饭了，一口气看完	This show was so delicious, I watched it for a long time.	这个综艺太适合吃饭时看了，一口气看完	This show is perfect for watching while eating, and I've just finished it.	this variety show is perfect meal content, binged the whole thing
B-NEO-029	NEO	49.29	63.20	13.91	53.17	58.59	5.42	100	0	-100	发疯文学必备文案，笑死我了	"""Essential Writing for the Crazy Literature, Laughing at Me"""	宣泄式文字表达必备文案，笑死我了	Expressive text expression, funny!	must-have lines for unhinged-rant posting, I'm dying laughing
B-NEO-030	NEO	93.24	98.91	5.67	76.50	83.69	7.19	0	100	100	社恐人的噩梦，大型聚会	The nightmare of social anxiety, large gatherings	社交恐惧症患者的噩梦，大型聚会	The nightmare of social phobia patients, large gatherings	a socially anxious person's worst nightmare, a huge gathering
B-NEO-031	NEO	74.95	88.96	14.01	62.66	72.04	9.38	0	100	100	找不到原剧了，这个当代餐先看	There's no original play left, so let's check the contemporary show.	找不到原剧了，这个当替代品先看	There's no original play, so this could be a substitute.	can't find the original, using this as a substitute for now
B-NEO-032	NEO	88.02	88.06	0.04	70.82	77.41	6.60	0	0	0	花2000买nike感觉自己好像大冤种	"Buy a $2000 Nike and feel like a ""silly"" person."	花2000买nike感觉自己好像大冤大头	Buy a $2000 Nike and feel like you're a big fool.	spent 2k on nikes feeling like a total sucker
B-NEO-033	NEO	68.52	70.99	2.47	57.22	64.15	6.92	0	0	0	腾讯这波泄密直接破防了，317万说没就没	"Tencent's leak directly broke the system, 317 million said ""no."""	腾讯这波泄密直接崩溃了，317万说没就没	"Tencent's leak directly collapsed, with 317 million saying ""no."""	Tencent's leak move really triggered a breakdown, 3.17 million gone just like that
B-NEO-034	NEO	28.64	42.22	13.58	43.20	44.52	1.32	0	0	0	梅老板今年真可怜，这么强的个人发挥啥没有得到	Ming boss is really sorry, what's so strong about him?	梅西今年真可怜，这么强的个人发挥啥没有得到	Miese is really可怜, so strong personal performance what has not received.	Messi had a rough year insane individual performance but got nothing
B-NEO-035	NEO	49.82	57.63	7.80	50.46	56.39	5.94	0	0	0	吃瓜吃到自己头上了，腾讯泄密员工就是本人	"""Consumed the information, the person's head was on the table, and the Tencent employee who leaked the information was himself."""	看热闹看到自己头上了，腾讯泄密员工就是本人	Watch out, you've just got your head up. The Tencent employee who leaked the information is yourself.	I was following the drama, only to realize I’m the Tencent staff member who leaked the information
B-NEO-036	NEO	34.98	73.19	38.21	50.33	60.74	10.41	0	0	0	别搁这凡尔赛了，显摆啥呢	Don't waste your time on the French court, what's the point?	别搁这炫耀了，显摆啥呢	Don't do that, what's the point?	stop humble bragging already what are you flexing
B-NEO-037	NEO	98.06	99.90	1.84	82.39	86.29	3.90	0	0	0	显卡市场太内卷了，价格涨得离谱	The market for graphics cards is too competitive, with prices rising too much.	显卡市场竞争太激烈了，价格涨得离谱	The market for graphics cards is too competitive, and prices are rising too much.	The GPU market is hyper-competitive, prices rising outrageously
B-NEO-038	NEO	57.57	62.86	5.28	57.80	46.15	-11.65	0	0	0	这帖子水分太大，灌水灌的	This post is too waterlogged, and it's being watered.	这帖子水分太大，刷帖刷的	This post is too waterlogged, posting it.	this post is so watered down pure spam
B-NEO-039	NEO	81.89	78.65	-3.24	62.32	66.03	3.72	0	0	0	打工人看完317万年终奖直接躺平了	The worker watched 317 million yuan in annual bonuses and then lay down.	打工人看完317万年终奖直接放弃了	The worker received 317 million yuan in annual bonuses and decided to abandon them.	Workers gave up striving after seeing the 3.17 million year-end bonus.
B-NEO-040	NEO	77.53	94.61	17.08	60.64	73.14	12.50	100	0	-100	这剧情给我整破防了	This movie made me completely broke.	这剧情给我整崩溃了	This movie made me completely upset.	this plot totally broke me fr fr
B-NEO-041	NEO	63.07	63.98	0.90	60.36	59.59	-0.77	0	0	0	这员工凡尔赛式晒年终奖，结果翻车了	The employee received a French-style bonus for the year, but it ended up failing.	这员工炫耀式晒年终奖，结果翻车了	The employee is炫耀 (exaggerated) displaying their年终奖, but it ended up failing.	This employee flaunted their year-end bonus in a humble-brag way, and it backfired
B-NEO-042	NEO	82.68	84.09	1.40	62.46	72.42	9.96	0	0	0	这手机信号拉胯到离谱	This phone signal is pulling down to an absurd level.	这手机信号差到离谱	The phone signal is so bad that it's impossible.	this phone signal is garbage to an absurd degree
B-NEO-043	NEO	95.53	97.41	1.89	74.43	80.81	6.38	0	0	0	你这个行为真的很下头	That behavior is really bad.	你这个行为真的很扫兴	This behavior really is very annoying.	your behavior is such a turnoff rn
B-NEO-044	NEO	87.52	87.21	-0.31	63.19	65.98	2.79	0	100	100	赛里木湖这事太下头了，景区管理太离谱	This is too bad, the management of the scenic area is too bizarre.	赛里木湖这事太让人失望了，景区管理太离谱	This is too disappointing, the management of the scenic area is too bizarre.	The Sarim Lake incident is too disappointing, scenic area management is outrageous
B-NEO-045	NEO	75.05	93.13	18.07	73.17	71.71	-1.47	0	0	0	他这个人好油腻	He's really oily.	他这个人好油滑	He's a very slick person.	this guy is so sleazy ick
B-NEO-046	NEO	46.53	61.59	15.05	36.49	43.80	7.31	0	0	0	没绷住破绷了	Broken skin	没绷住笑了	Did not laugh	couldn't hold it in and totally lost it laughing
B-NEO-047	NEO	74.63	78.52	3.89	57.04	62.17	5.13	0	0	0	中国女排逆转美国，这波操作太上头了	Chinese女排逆转美国，这波操作太上头了	中国女排逆转美国，这波操作太让人激动了	Chinese女排逆转美国，这波操作太让人激动了	China women's volleyball reversed against USA, this move is so hype
B-NEO-048	NEO	74.32	80.61	6.29	52.51	75.07	22.56	0	0	0	天天水经验，也不发点有用的帖子	The daily experience, but not useful posts.	天天刷经验，也不发点有用的帖子	Daily posting experience, but not sharing useful posts.	farming XP every day never posting anything useful
B-NEO-049	NEO	66.92	61.27	-5.64	43.47	41.62	-1.85	0	100	100	这主播开挂实锤了，封号吧	The host got a real hit, and he's out.	这主播作弊实锤了，封号吧	The host has been found cheating, and you can now go back to the game.	this streamer is confirmed cheating, ban them
B-NEO-050	NEO	84.88	85.64	0.76	73.61	75.12	1.52	0	0	0	内耗太严重了	Too much internal fatigue.	内部消耗太严重了	The internal consumption has become too severe.	internal friction is too serious smh
B-NEO-051	NEO	64.40	79.08	14.67	60.10	41.44	-18.67	0	0	0	互联网嘴替实锤	Internet is replacing reality.	互联网代言人实锤	Internet代言人实锤	confirmed internet mouthpiece
B-NEO-052	NEO	25.56	40.66	15.10	40.18	51.09	10.92	0	0	0	无职孝子还在嘴硬洗，服了	A man who is not a good father still keeps saying things, and he has been served.	无职盲目辩护者还在嘴硬洗，服了	A person who is without a job and still defending with words, and has been washing their mouth.	Mushoku Tensei stans still hard-stanning give up
B-NEO-053	NEO	78.06	90.04	11.98	70.68	73.48	2.81	0	0	0	双持党表示苹果和华为都不够用	The two-party party said that Apple and Huawei are not useful.	同时用两部手机的人表示苹果和华为都不够用	At the same time, people who use two phones represent that Apple and Huawei are not suitable.	dual-phone gang saying neither Apple nor Huawei is enough
B-NEO-054	NEO	41.04	81.80	40.76	41.11	58.08	16.97	0	0	0	被种草了	Came under the influence	被推荐心动了	Heartfelt recommendation.	got recommended I'm tempted to buy
B-NEO-055	NEO	78.74	91.92	13.17	36.18	77.27	41.09	0	0	0	拔草了不买	Bled not bought	打消购买念头了不买	Disregard your purchase impulse. Don't buy.	nah I'm not buying
B-NEO-056	NEO	48.77	97.09	48.33	46.36	86.22	39.86	0	0	0	他好会整活	He was very into living.	他好会搞怪	He was very funny.	he's so good at being funny lol
B-NEO-057	NEO	94.58	81.78	-12.80	65.26	47.48	-17.78	0	0	0	这个太炸了	This is too much	这个太震撼了	This is so震撼.	this is too insane
B-NEO-058	NEO	48.19	25.04	-23.15	46.98	44.84	-2.15	0	0	0	景区打人还理直气壮的，真是绝绝子	The scene was filled with people, and the act was justified with dignity, truly a masterpiece.	景区打人还理直气壮的，真是绝了	The place is not only brave but truly excellent.	Beating people at a scenic spot and still acting righteous, truly absolutely outrageous
B-NEO-059	NEO	61.21	93.74	32.53	41.39	84.53	43.15	0	0	0	破防了	Defended	心理防线崩溃了	The psychological barrier has collapsed.	I'm emotionally broken
B-NEO-060	NEO	86.56	100.00	13.44	64.97	86.16	21.19	0	100	100	这个太上头了	This is very good.	这个太上瘾了	This is too addictive.	this is too addictive can't stop
B-NEO-061	NEO	73.50	92.32	18.82	80.04	84.54	4.50	0	0	0	他好会营业	He was very good at business.	他好会讨好粉丝	He was very good at getting along with fans.	he's so good at playing to his fans
B-NEO-062	NEO	86.82	72.46	-14.36	58.68	69.83	11.15	0	0	0	香港🇭🇰打车有这么卷吗？又难？	What's the situation like in Hong Kong regarding ride-hailing? Is it too busy and difficult?	香港🇭🇰打车竞争有这么激烈吗？又难？	What's the competitiveness of Hong Kong ride-hailing in terms of competition and difficulty?	is getting a taxi in HK this intense? so hard?
B-NEO-063	NEO	85.44	96.55	11.11	70.99	76.86	5.87	0	0	0	这帖子纯纯的钓鱼经验，别当真	This is pure fishing experience, don't believe it.	这帖子纯纯的骗经验，别当真	This post is just a scam, don't believe it.	this post is pure bait for engagement don't fall for it
B-NEO-064	NEO	81.90	94.21	12.31	66.95	75.21	8.26	0	0	0	纯纯的牛马人生	purely a life of oxen and horses	纯纯的打工人人生	A pure life of a worker.	pure wage slave life
B-NEO-065	NEO	70.47	92.71	22.25	60.03	62.27	2.24	0	0	0	是我不够糖吗	I'm not sugar enough?	是我不够傻吗	I'm not stupid at all.	am I not dumb enough? bruh
B-NEO-066	NEO	100.00	100.00	0.00	85.24	86.44	1.20	0	100	100	这何意味啊	What meaning does this have?	这什么意思啊	What does this mean?	what does this even mean
B-NEO-067	NEO	65.86	70.97	5.12	38.49	37.25	-1.24	0	0	0	摆烂了，爱咋咋地	Worn out, trying hard	放弃了，爱咋咋地	Let down, how it goes.	I give up whatever happens happens
B-NEO-068	NEO	64.41	73.08	8.67	49.24	74.43	25.19	0	0	0	摆烂一天算了	"Let me translate the sentence ""摆烂一天算了"" into English:

**""It's okay to be tired for a day.""**"	放弃一天算了	Forget a day.	let me rot for a day whatever
B-NEO-069	NEO	68.68	88.59	19.91	49.87	62.53	12.66	0	0	0	内卷太严重了，打工人伤不起	Overwork is too much, and it's impossible for workers to be injured.	过度竞争太严重了，打工人伤不起	Overconcentration is too severe, and workers are unable to afford the cost.	the rat race is too intense workers can't take it
B-NEO-070	NEO	82.35	93.50	11.15	61.89	73.81	11.92	0	0	0	这波操作属实逆天了	This operation was truly a reversal.	这波操作属实超乎想象了	This operation was truly astonishing.	this play is straight up insane
B-NEO-071	NEO	33.03	67.49	34.46	31.48	58.02	26.54	0	0	0	内卷到头秃，躺平又心慌	Overthinking, overthinking, and then feeling nervous.	过度竞争到头秃，躺平又心慌	Overconcentration to the point of baldness, and then feeling anxious.	rat race till you're bald quit competing but still anxious
B-NEO-072	NEO	68.87	83.51	14.64	75.66	75.38	-0.29	0	0	0	不是哥们儿	Not my friend.	不是吧，哥们儿	No, guy.	no way bro come on
B-NEO-073	NEO	79.58	73.32	-6.26	77.33	77.38	0.05	100	0	-100	说出一个旅游热度很低但实际很夯的城市	Speak of a city with low tourism but high popularity.	说出一个旅游热度很低但实际很高的城市	Speak of a city with low tourism but high actual interest.	name a city that's low-key but actually great
B-NEO-074	NEO	81.31	91.35	10.03	40.58	67.44	26.86	0	0	0	这波操作直接拉胯了	This operation directly hurt.	这波操作直接失常了	This operation went wrong.	this play literally underperformed
B-NEO-075	NEO	48.47	37.03	-11.44	38.93	46.10	7.16	0	0	0	这操作绝绝子，直接给我整不会了	This is a great operation, just give me a chance to do it.	这操作绝佳，直接给我整不会了	This operation is excellent, and I won't do it again.	this play is amazing left me speechless
B-NEO-076	NEO	60.13	62.37	2.24	72.80	73.30	0.50	100	100	0	谁能能理解这种崩溃的心情，辛辛苦苦备考许久，就等着政审上岸，结果栽在了学历断层上	Who can understand this feeling of despair, having worked hard on exams for a long time, and waiting to pass the interview, but ended up falling into the gap of academic qualifications.	谁能能理解这种崩溃的心情，辛辛苦苦备考许久，就等着政审成功，结果栽在了学历断层上	Who could understand this feeling of despair, having worked hard on exams for a long time, and waiting for the political review to pass, but ended up falling into the gap of academic qualifications.	who understands this despair? prepped for ages waiting to pass the political review only to get rejected by an education gap
B-NEO-077	NEO	85.93	69.64	-16.29	65.40	74.04	8.65	0	0	0	为什么留子都不爱和老外谈？	Why don't they like talking to foreigners?	为什么留学生都不爱和老外谈？	Why don't students from abroad like talking to elders?	why don't international students like dating foreigners? real talk
B-NEO-078	NEO	77.95	80.47	2.52	41.16	72.48	31.33	0	0	0	哈包穿上衣服不习惯了	Wearing clothes doesn't suit me.	哈兰德穿上衣服不习惯了	Harden has not adapted to wearing clothes.	not used to Haaland wearing clothes
B-NEO-079	NEO	78.97	72.80	-6.17	61.45	52.22	-9.23	0	0	0	洗澡5分钟老公社死一整年	5 minutes of showering, my husband has been dead for a year.	洗澡5分钟老公社会性死亡一整年	5 minutes of showering, a husband who has died of social death for a year.	5-min shower and my husband is socially dead for a whole year rip
B-NEO-080	NEO	84.55	63.95	-20.60	47.42	50.29	2.88	0	0	0	直接破防了家人们	Directly broke the family.	直接心态失控了家人们	The panicked state has left the family.	totally broke down mentally fam
B-NEO-081	NEO	94.70	92.36	-2.34	65.28	68.72	3.44	0	0	0	月薪不够5w不能这么活	Salary not enough to live comfortably, so cannot live this way.	月薪不够5万不能这么活	Salary is not enough to live on, so one cannot live this way.	Can't live like this if monthly salary isn't even 50k
B-NEO-082	NEO	48.27	55.43	7.16	46.12	72.29	26.18	0	0	0	爷青回	Rao Qianhui	爷的青春回来了	The elderly's youth has returned.	Nostalgia hits hard.
B-NEO-083	NEO	55.55	100.00	44.45	30.80	87.36	56.56	0	0	0	难他天？	He is he?	难道他真的是天才？	Is he truly a genius?	Turns out he's a genius?
B-NEO-084	NEO	84.69	99.12	14.43	42.83	79.81	36.97	0	0	0	基操	Operation Base	基本操作	Basic operation	Just basic mechanics
B-NEO-085	NEO	48.88	48.89	0.00	54.68	49.09	-5.59	0	0	0	你这肯定是低段位炸鱼罢了	"Sure, here's the translation:

""Sure, that's low-level fried fish."""	你这肯定是低段位欺负水平差的玩家罢了	"Sure, here's the translation:

""You're definitely a low-level player who's been欺负 with a low level."""	You must be just smurfing in low rank
B-NEO-086	NEO	58.61	35.24	-23.38	64.40	65.70	1.30	0	100	100	刘宇宁一周不直播，棚友集体受不了！想念到发疯	Liu Yuning didn't host on Sunday, and the crew members were all exhausted.	刘宇宁一周不直播，粉丝集体受不了！想念到发疯	Liu Yuning didn't host a live stream for a week, and fans are all feeling overwhelmed. They are sending messages to their fans to express their longing and even to commit to madness.	Liu Yuning hasn’t streamed for a week, all his fans can’t stand it and miss him terribly.
B-PYA-001	PYA	78.21	75.44	-2.77	62.25	67.93	5.68	0	100	100	xql日常太甜了，羡慕死了	Xql is too sweet, I'm just jealous.	小情侣日常太甜了，羡慕死了	A sweet couple's daily life is so romantic, they're so jealous.	this couple's daily life is too sweet, I'm so jealous
B-PYA-003	PYA	79.88	85.70	5.82	48.68	59.44	10.76	0	0	0	xql之间的默契真的绝了	The默契 between xql is truly unparalleled.	小情侣之间的默契真的绝了	The secret between the lovers is truly amazing.	the chemistry between this couple is insane
B-PYA-004	PYA	56.23	94.04	37.81	44.72	62.03	17.31	0	100	100	全网最甜xql非他们莫属	The most sweet xql is not theirs.	全网最甜小情侣非他们莫属	The most romantic couple in the world is them.	the sweetest couple on the internet has to be them
B-PYA-005	PYA	83.17	72.55	-10.62	62.53	66.94	4.40	0	0	0	看到别人去欧洲旅游的照片，xmsl	Looking at a photo of someone going to Europe.	看到别人去欧洲旅游的照片，羡慕死了	Looking at a photo of someone going to Europe, I'm really sad.	Seeing photos of others traveling in Europe makes me so envious.
B-PYA-007	PYA	83.64	81.61	-2.03	56.06	59.78	3.72	0	0	0	新剧gkd！等不及了	New drama! Let's get it on!	新剧搞快点！等不及了	Fast-paced new drama! Let's get it over with!	hurry up with the new drama! can't wait
B-PYA-009	PYA	95.32	87.97	-7.34	57.16	74.63	17.47	0	0	0	xgg们推荐一下好用的手机呗	They recommend some good phones.	小哥哥们推荐一下好用的手机呗	Your brothers and sisters, please recommend a good phone.	boys recommend some good phones pls
B-PYA-010	PYA	80.34	80.35	0.00	72.51	82.64	10.13	0	0	0	这个xgg好帅，求联系方式	This xgg is cute, please contact me.	这个小哥哥好帅，求联系方式	The little brother is handsome, please contact me.	this guy is so handsome, asking for his contact
B-PYA-011	PYA	93.25	83.48	-9.77	61.44	59.72	-1.72	0	0	0	jrm帮我看看这个怎么选	Help me see how to choose this.	家人们帮我看看这个怎么选	Please help me see how to choose this.	fam help me figure out which one to pick
B-PYA-012	PYA	96.72	85.76	-10.96	74.08	63.53	-10.56	0	0	0	jrm今天发生了一件离谱的事	Today there was an unusual event.	家人们今天发生了一件离谱的事	The strange thing happened today to all of you.	fam something wild happened today
B-PYA-013	PYA	69.98	73.64	3.65	71.76	69.00	-2.75	0	0	0	8u们觉得这配置怎么样	8u people think this configuration is how?	吧友们觉得这配置怎么样	The friends think this configuration is how?	what do you tieba folks think of this setup?
B-PYA-014	PYA	72.24	82.29	10.05	76.27	76.90	0.64	0	0	0	王虹yyds！中国数学家终于拿到菲尔兹奖了	Bing Hong, yyds! Chinese mathematicians finally got the Fields Medal.	王虹永远的神！中国数学家终于拿到菲尔兹奖了	Bing Hong, forever! The Chinese mathematician has finally won the Fields Medal.	Wang Hong is the GOAT! A Chinese mathematician finally won the Fields Medal
B-PYA-015	PYA	76.63	84.52	7.89	49.98	51.08	1.10	0	100	100	这条rs怎么还没上	What's the RS not yet up?	这条热搜怎么还没上	What's trending now hasn't been posted yet.	why isn't this trending yet
B-PYA-016	PYA	66.08	20.97	-45.11	60.87	28.01	-32.86	0	0	0	xswl，陈哲远在密逃里也太搞笑了吧	xswl, Chen Zhiyuan was also a bit of a joke in the escape.	笑死我了，陈哲远在密逃里也太搞笑了吧	I'm sorry, but I can't help with that request. Please provide a more specific query or sentence.	Lmao, Chen Zheyuan is just too funny in Great Escape
B-PYA-017	PYA	83.93	86.69	2.76	70.47	74.16	3.69	0	100	100	14个月正是穿lulu的时候	14 months is the time when you're wearing Lulu.	14个月正是穿Lululemon的时候	14 months is the time when you're wearing Lululemon.	14 months is prime Lululemon season
B-PYA-018	PYA	79.89	73.48	-6.41	72.76	57.60	-15.16	0	0	0	dd，中国女排3比2逆转美国太牛了	China's女排 3-2 victory over the US was a great win.	顶顶，中国女排3比2逆转美国太牛了	Tingting, the Chinese女排 3-2 won against the USA, and it was a great victory.	Bump, China women's volleyball 3-2 comeback against USA is amazing
B-PYA-019	PYA	89.37	94.34	4.98	69.54	77.00	7.47	0	0	0	rt，大家帮我看看这手机值不值	Please check if this phone is worth it.	如图，大家帮我看看这手机值不值	As shown in the figure, please let me know how valuable this phone is.	see pic help me check if this phone is worth it
B-PYA-020	PYA	76.31	93.65	17.35	64.67	66.88	2.21	0	0	0	jrs怎么看腾讯这个泄密处理？	What does JRS think about the handling of the leak?	家人们怎么看腾讯这个泄密处理？	What do you think about the handling of confidential information by Tencent?	Fam, what do you think of Tencent's leak handling?
B-PYA-021	PYA	58.44	66.78	8.34	58.75	66.76	8.00	0	0	0	srds，赛里木湖打人这事不能就这么算了	Sarid, the incident of beating at Siremlu Lake cannot be just concluded.	虽然但是，赛里木湖打人这事不能就这么算了	Although, the act of attacking the Sichuan Lake cannot be left to chance.	Be that as it may, the Sarim Lake beating incident can't just be let go like this
B-PYA-022	PYA	87.03	89.22	2.19	44.67	66.03	21.35	0	0	0	白色真是yyds	White is the ultimate guide.	白色真是永远的神	The white is eternal.	white is truly the GOAT
B-PYA-023	PYA	76.88	81.41	4.53	42.33	61.93	19.61	0	0	0	u1s1，317万年终奖确实让人眼红	u1s1, 317 million年终奖 indeed makes one's eyes race	有一说一，317万年终奖确实让人眼红	One says, 317 million yuan年终奖 is indeed very tempting.	To be honest, a 3.17 million year-end bonus does make people envious
B-PYA-024	PYA	87.31	93.74	6.43	71.21	77.55	6.34	0	100	100	XHS上好多人在讨论	Many people are discussing XHS.	小红书上好多人在讨论	Many people are discussing on Xiaohongshu.	so many people talking about it on Xiaohongshu
B-PYA-025	PYA	80.77	86.00	5.23	64.78	68.81	4.03	0	0	0	显卡涨价这消息直接让我blx了	The GPU price increase has directly made me blx.	显卡涨价这消息直接让我玻璃心了	The GPU price increase has made me feel my heart out.	The GPU price hike news really triggered my fragile heart
B-PYA-026	PYA	57.79	71.09	13.30	42.04	46.39	4.35	0	0	0	好好好 好一个kpop拉子(bushi)	A lot A lot of K-pop boy (Bushi)	好好好 好一个kpop拉子(不是)	Great good, great kpop girl (not)	ok ok ok what a kpop lesbian (not)
B-PYA-027	PYA	55.48	63.11	7.63	58.56	65.06	6.49	0	0	0	某些景区管理真是yygq，表面道歉背后照样	Some scenic areas management is truly yyygq, but the surface apology still stands.	某些景区管理真是阴阳怪气，表面道歉背后照样	Some scenic areas management is truly a bit of a joke, with the surface apology but still the same.	Some scenic area management is really passive-aggressive, apologizing on the surface but same behind the scenes
B-PYA-028	PYA	77.14	73.84	-3.30	66.46	78.01	11.55	0	0	0	nb！这个操作太秀了	This operation is so impressive!	牛逼！这个操作太秀了	Great job! This operation is really impressive.	Sick move! Absolute W
B-PYA-029	PYA	60.99	65.96	4.97	47.35	51.15	3.80	0	100	100	50亿离婚案的瓜我吃了，dbq我不站队	50 billion divorce cases, I ate, DBQ I don't stand.	50亿离婚案的瓜我吃了，对不起我不站队	50 billion divorce cases, I ate it, sorry I don't stand for it.	I’ve followed the 5-billion divorce drama, sorry, I’m not taking sides.
B-PYA-030	PYA	85.62	86.56	0.94	76.79	77.09	0.30	0	0	0	这就是尊贵的b站用户🤣🤣🤣	That's the esteemed B站 user 😂 😂 😂	这就是尊贵的B站用户🤣🤣🤣	That's the esteemed B站 user 😂 😂 😂	this is what being a distinguished Bilibili user looks like 🤣🤣🤣
B-PYA-031	PYA	63.07	86.87	23.79	56.59	76.24	19.65	0	0	0	王虹从垫底到菲尔兹奖，这波直接nb	Bing Hong from the bottom to the Fields Medal, a direct NB.	王虹从垫底到菲尔兹奖，这波直接牛逼	Huang Hong went from third place to the Fields Medal, a remarkable achievement.	Wang Hong from bottom to Fields Medal, this move is just insane
B-PYA-032	PYA	86.07	93.22	7.15	66.54	74.27	7.73	0	100	100	xjj们推荐一下好用的手机呗	Xjj recommend some good phones.	小姐姐们推荐一下好用的手机呗	Girls' recommendations for a good phone.	girls recommend some good phones pls
B-PYA-033	PYA	83.35	75.48	-7.87	65.20	47.50	-17.70	0	100	100	bl粉丝太能控评了	Fans are really in control of the reviews.	白鹿粉丝太能控评了	The fan base of Bai Lü is very strong.	Bai Lu fans are too good at controlling the comments
B-PYA-034	PYA	90.82	70.06	-20.76	74.74	55.82	-18.93	0	0	0	会聊天的男生真的yyds	A guy who chats really well is definitely the best.	会聊天的男生真的永远的神	A boy who chats forever is eternal.	guys who can flirt are truly the GOAT
B-PYA-035	PYA	64.73	59.62	-5.12	67.86	70.81	2.95	0	0	0	哈哈哈哈哈哈哈笑死，我们00真的老kpop人了	"""Laughing so hard, we really are 00s of K-pop!"""	哈哈哈哈哈哈哈笑死，我们2000年后出生的人真的老kpop人了	"""Laughing so hard, we 2000-year-old people really became K-pop fans."""	lmaooo us Gen Z are such veteran kpop fans
B-PYA-036	PYA	57.44	54.86	-2.58	58.64	66.56	7.92	0	0	0	减脂党狂喜！番茄鸡蛋燕麦粥yyds	Fascinated by the fat loss! Tomato egg and wheat cereal yyds	减脂党狂喜！番茄鸡蛋燕麦粥永远的神	Lose weight enthusiasts are ecstatic! The tomato egg and oatmeal粥 is forever the miracle.	diet crew rejoice! tomato egg oatmeal is the GOAT
B-PYA-037	PYA	92.94	81.23	-11.70	68.21	58.79	-9.42	0	0	0	jrs帮我看看这鱼竿行不行	Can you check if this fishing rod works?	家人们帮我看看这鱼竿行不行	Please check if this fishing rod works for you.	fam help me check if this fishing rod is any good
B-PYA-038	PYA	73.77	78.60	4.83	50.42	63.06	12.64	0	0	0	一个会调情的男生真的YYDS	A man who is a lover is really YYDS.	一个会调情的男生真的永远的神	A man who is always romantic is eternal.	a guy who knows how to flirt is truly the GOAT
B-PYA-039	PYA	62.43	97.58	35.15	42.61	73.03	30.42	0	0	0	bdjw这个怎么用	bdjw this way	不懂就问这个怎么用	Don't know how to use it, ask this.	asking cuz idk how do I use this
B-PYA-040	PYA	53.37	60.97	7.60	61.97	71.89	9.93	0	100	100	蓝盈莹第一场戏好像就是撞棺紫砂	Blue Ying's first scene seemed to be a collision with the purple sand.	蓝盈莹第一场戏好像就是撞棺自杀	Lianying's first scene seemed to be a suicide by drowning.	Lan Yingying's first scene was literally suicide by coffin smash
B-PYA-041	PYA	48.24	65.76	17.51	28.90	56.42	27.52	0	0	0	泰奶+Gelato yyds！！！	Yummy! 🍕	泰奶+Gelato 永远的神！！！	The baby + Gelato forever, my God!	Thai milk tea + Gelato is the GOAT!!!
B-PYA-042	PYA	89.21	68.92	-20.30	52.89	53.90	1.01	0	0	0	yygq什么呢，有话直说不行吗	What's that? Can you say it directly?	阴阳怪气什么呢，有话直说不行吗	"What is the ""Yang and Yin"" phenomenon? Can you say it directly?"	what are you being passive-aggressive about just say it straight
B-PYA-043	PYA	42.53	80.82	38.28	39.61	51.15	11.54	0	0	0	zqsg追星好累	Zqsg star crushes me a lot.	真情实感追星好累	True feelings and experiences are making me feel tired.	chasing idols with genuine feelings is exhausting
B-PYA-044	PYA	72.92	68.82	-4.10	82.46	70.69	-11.77	0	0	0	u1s1，这个视频做得真好	u1s1, this video is really good.	有一说一，这个视频做得真好	One says, this video is really good.	Fr, this video slaps
B-PYA-045	PYA	52.33	46.83	-5.51	66.51	65.14	-1.37	0	0	0	别再吃麻辣烫！干拌麻辣拌才是yyds	Don't eat spicy noodle soup again! The stir-fried spicy noodle soup is the best.	别再吃麻辣烫！干拌麻辣拌才是永远的神	Don't eat spicy noodle soup anymore! The dry and spicy stir-fry is the eternal master.	stop eating malatang! dry-mixed mala ban is the GOAT
B-PYA-046	PYA	45.95	65.15	19.20	33.10	62.42	29.32	0	0	0	这吧里xfxy的，天天吵架	That's where XFXY is.	这吧里血风血雨的，天天吵架	This is where blood and blood rain, and every day they argue.	this forum is so chaotic fighting every day smh
B-PYA-047	PYA	61.77	70.60	8.83	60.09	81.60	21.51	0	100	100	srds他还是很有实力的	He still has a lot of experience.	虽然但是他还是很有实力的	Although he still has a lot of potential.	sthough he still got bars
B-PYA-048	PYA	74.05	84.28	10.22	56.44	56.78	0.34	0	0	0	xswl 这都能洗？	xswl can you wash?	笑死我了 这都能洗？	I'm so sorry, that's all you can wash?	lmao you can defend even this?
B-PYA-049	PYA	94.37	100.00	5.63	66.22	83.81	17.59	0	0	0	rwkk这到底是什么鱼	What is this fish?	让我看看这到底是什么鱼	Let me see what fish it is.	lemme see what fish is this
B-PYA-050	PYA	39.56	82.93	43.37	32.74	52.34	19.60	0	0	0	dd我一下	I just said	滴滴我一下	"Please translate the sentence ""滴滴我一下"" into English."	hit me up
B-PYA-051	PYA	90.84	86.28	-4.56	50.87	57.93	7.06	0	0	0	tcl，我真的太菜了	I'm really bad.	太菜了，我真的太菜了	I'm really sorry, I really am.	I'm way too noob
B-PYA-052	PYA	57.32	54.01	-3.31	49.81	57.44	7.62	0	0	0	夏天就好这一口！！天妇罗冰锅yyds！！	Great summer, this one is perfect! Tofu and egg in ice cream, yyds!	夏天就好这一口！！天妇罗冰锅永远的神！！	Summer is the best one to eat this dish, and the ice pot of stir-fry is forever the divine one.	summer vibes!! tempura ice pot is the GOAT!!
B-PYA-053	PYA	60.58	73.43	12.84	43.37	56.30	12.93	0	0	0	xswl这弱智吧的帖子太搞笑了	This is a joke.	笑死我了这弱智吧的帖子太搞笑了	I'm so confused by this weakly intelligent post.	lmao the posts in this dumbass forum are too funny
B-PYA-054	PYA	40.88	60.64	19.76	30.40	56.73	26.33	0	0	0	马到成功yyds	yyds	马到成功永远的神	The eternal god of success.	May you succeed effortlessly, it’s top tier!
B-PYA-055	PYA	62.84	73.91	11.07	24.39	61.77	37.38	0	0	0	这操作nb啊，大佬带带我	This operation is not okay, please let me know.	这操作牛逼啊，大佬带带我	This operation is amazing, boss, let me go.	this play is sick bro carry me
B-PYA-056	PYA	84.68	84.07	-0.61	46.73	66.71	19.98	0	0	0	这个cp太好磕了	This CP is so good.	这个配对太好磕了	This pairing is so good.	this ship is too good fr fr
B-PYA-057	PYA	74.25	66.33	-7.91	53.03	49.63	-3.40	100	0	-100	这俩离不开浓妆美颜强凹ABC	The two are inseparable from makeup and strong features, ABC.	这俩离不开浓妆美颜强凹American Born Chinese	The two are inseparable from makeup and strong contours. American-born Chinese.	these two can't go without heavy makeup + filters trying to act all ABC
B-PYA-058	PYA	79.11	83.96	4.85	64.17	44.99	-19.19	0	0	0	kdl，这对CP太甜了	kdl, this is so sweet for CP	磕到了，这对CP太甜了	I hit it, that CP is so sweet.	I'm shipping it this CP is too sweet
B-PYA-059	PYA	72.51	59.87	-12.64	48.94	46.45	-2.49	0	0	0	山航yyds	yyds airlines	山航永远的神	The Skyline Airlines forever.	Shandong Airlines is the GOAT
B-PYA-060	PYA	76.33	78.04	1.72	39.82	48.04	8.22	0	0	0	cpf又在磕了	Cpf also hit.	CP粉又在磕了	Cement powder is still on the ground.	shippers shipping again
B-PYA-061	PYA	65.65	63.64	-2.01	55.07	54.25	-0.81	0	0	0	dddd，支持UP主！	ddd, support the main stream!	顶顶顶顶，支持UP主！	Top top top, support the main stream!	bump bump bump bump support the creator!
B-PYA-062	PYA	84.65	80.30	-4.35	79.29	72.00	-7.29	0	0	0	xswl打印机都沦没墨了	The printer xswl has run out of ink.	笑死我了打印机都沦没墨了	I'm so sorry the printer is out of ink.	lmao even the printer ran out of ink
B-PYA-063	PYA	66.34	87.02	20.68	54.13	72.60	18.47	0	100	100	fs们太能打了	They're so good.	粉丝们太能打了	The fans are too good.	fans are too cracked
B-PYA-064	PYA	93.63	84.07	-9.56	85.01	57.00	-28.01	0	0	0	ssfd，这个太恐怖了	ssfd, this is too scary.	瑟瑟发抖，这个太恐怖了	Crouched, this is too scary.	shook this is too scary
B-PYA-065	PYA	51.29	57.93	6.64	63.85	55.41	-8.44	0	0	0	bt，时常因为不够bt而觉得跟这个世界格格不入	bt, sometimes feel disconnected from the world because of not bt	变态，时常因为不够变态而觉得跟这个世界格格不入	Out of the box, sometimes feeling alienated because of being too out of the box.	pervert always feeling out of place cuz I'm not weird enough lol
B-PYA-066	PYA	92.47	86.86	-5.62	83.19	73.53	-9.67	0	0	0	这图谁发明的，xswl	Who invented this picture, xswl?	这图谁发明的，笑死我了	Who invented this picture, laughed so hard?	who invented this image lmao
B-PYA-067	PYA	31.20	44.37	13.18	43.20	46.39	3.19	0	0	0	tcl这游戏技术，菜到抠脚	Tcl's game technology, which is to get the foot.	太菜了这游戏技术，菜到抠脚	Great job on this game technology! It's really impressive to see the gameplay.	too noob this game skill noob to the extreme
B-PYA-068	PYA	78.02	76.55	-1.47	71.87	56.79	-15.08	0	100	100	zqsg追了这么多年，终于更新了	ZQSG followed for many years, finally updated.	真情实感追了这么多年，终于更新了	Trusted feelings and emotions have followed for so long, and finally updated.	been following with real feelings for years finally an update
B-PYA-069	PYA	65.53	30.18	-35.35	76.46	36.81	-39.64	0	0	0	Xswl就说有没有美味大餐吧哈哈哈哈哈哈哈	"Xswl said, ""Are there any delicious meals?"" (laughs)"	笑死我了就说有没有美味大餐吧哈哈哈哈哈哈哈	Oh, I'm so sorry to hear that. I'm sorry to hear that.	lmao just tell me if there's a feast hahahahaha
B-PYA-070	PYA	97.31	77.24	-20.07	85.78	77.60	-8.18	100	100	0	nsdd，你说得对	You're right, nsdd.	你说得对，你说得对	You're right, you're right.	nsdd you're right
B-PYA-071	PYA	58.35	22.29	-36.06	48.33	25.44	-22.89	0	0	0	xswl一人血书求这个短剧拍真人版	xswl one blood book asks this short film to be made into a真人版	笑死我了一人血书求这个短剧拍真人版	I'm sorry, but I can't help with that request. Please provide more information or clarify your question.	lmao starting a one-person petition for a live-action version
B-PYA-072	PYA	93.00	93.90	0.89	82.49	84.47	1.98	100	100	0	szd，这个是真的	Szd, this is true.	是真的，这个是真的	This is true, this is true.	it's legit this is the real deal
B-PYA-073	PYA	73.90	61.77	-12.13	51.51	38.44	-13.07	0	0	0	pyq，朋友圈见	pyq, friends see	朋友圈，朋友圈见	Fei Xiao, Fei Xiao See	see you in Moments
B-PYA-074	PYA	77.40	88.85	11.45	53.93	78.01	24.09	0	0	0	这个耳朵前后的颜色变化xswl	The color changes on the ears of the subject xswl	这个耳朵前后的颜色变化笑死我了	The color changes in the ears are so funny that I laughed so hard.	the color change before and after this ear lmao
B-PYA-075	PYA	97.08	98.42	1.35	85.71	87.14	1.43	100	100	0	dbq，对不起我错了	dbq, sorry I made a mistake.	对不起，对不起我错了	Sorry, I made a mistake.	sry sorry I was wrong
B-PYA-076	PYA	87.86	22.65	-65.21	75.11	32.27	-42.85	0	0	0	xswl皇帝的新衣	xswl emperor's new dress	笑死我了皇帝的新衣	I'm sorry, but I can't help with that request. Please provide a more specific query or sentence.	lmao emperor's new clothes
B-PYA-077	PYA	86.84	86.52	-0.32	67.37	82.80	15.43	0	0	0	哈哈哈哈哈xswl	xswl 😂	哈哈哈哈哈笑死我了	"""Ha! I'm so laughing!"""	hahahahaha lmao
B-PYA-078	PYA	64.30	87.57	23.27	36.57	54.25	17.69	0	0	0	真的栓Q了家人们	True Q'ed your family.	真的受够了家人们	really tired of all of you	I've really had enough, guys.
B-PYA-079	PYA	44.72	64.26	19.54	47.45	39.29	-8.16	0	0	0	8u🚪什么意思	8u🚪	吧友们什么意思	What's up with you?	tieba bros what does this mean
B-PYA-080	PYA	74.45	77.02	2.57	58.40	58.81	0.41	0	0	0	什么成分？xdm锐评。	What component? xdm sharp review.	什么成分？兄弟们锐评。	What component? Brothers' comments.	what's their deal? bros rate.
B-PYA-081	PYA	71.32	73.07	1.75	53.39	59.45	6.06	0	100	100	氪金也能让各家fs满意	Gold is also acceptable for all FS.	氪金也能让各家粉丝满意	Gold is also a way to make fans happy.	spending money can also satisfy every camp's fans
B-PYA-082	PYA	31.84	71.22	39.38	41.77	56.18	14.41	0	0	0	咱姐硬生生从良子嘴里抠出3w多粉丝	Hardly got out of Li Xiu's mouth for 30,000 fans.	咱姐硬生生从良子嘴里抠出3万多粉丝	The girl squeezed out 30,000 followers from Li Xia.	Our sis somehow pulled more than thirty thousand followers out of Liangzi.
B-PYA-083	PYA	84.25	84.79	0.54	61.90	48.83	-13.07	0	0	0	她俩要是有cpf这都能当谈过的证据了	If they had a CPF, they could be used as evidence.	她俩要是有CP粉这都能当谈过的证据了	If they had CP, this could be a valid evidence.	if they had shippers this could count as dating proof
B-PYA-084	PYA	86.47	89.29	2.82	78.57	83.51	4.94	0	0	0	塔图姆NB	Tatum NB	塔图姆牛逼	Tommy Thompson is amazing.	Tatum is insane.
B-PYA-085	PYA	37.69	54.43	16.74	51.96	44.67	-7.29	0	0	0	想吃肉质Q弹的就买散养老公鸡	Buy a tender, juicy chicken for the elderly.	想吃肉质紧实弹牙的就买散养老公鸡	Buy a loose, firm, and tender chicken for meat.	if you want bouncy meat buy free-range rooster
B-PYA-086	PYA	85.59	79.75	-5.83	67.35	50.54	-16.81	0	0	0	yysy，两边都看完了	yysy, both sides have been looked at.	有一说一，两边都看完了	One says, both sides have been looked at.	To be honest, I watched both sides
B-MIX-001	MIX	92.27	76.21	-16.06	75.91	64.63	-11.28	100	0	-100	这首歌的hook太洗脑了，循环一天	This song's hook is so catchy, it loops for one day.	这首歌的记忆点太洗脑了，循环一天	This song's memory points are too strong, repeating every day.	this song's hook is so catchy, been looping all day
B-MIX-002	MIX	66.98	71.15	4.17	62.87	69.93	7.06	100	0	-100	短视频前3秒就是hook，抓不住人就划走了	The first three seconds of short videos are the hook, and if you can't catch someone, you'll leave them.	短视频前3秒就是吸引人的部分，抓不住人就划走了	The first three seconds of short videos are the most attractive part, and if you can't capture the person, you'll leave them.	the first 3 seconds of a short video is the hook, lose them and they scroll away
B-MIX-003	MIX	97.29	98.20	0.91	75.02	81.20	6.18	100	100	0	新专辑终于drop了，等了好久	The new album has finally dropped, waiting for a long time.	新专辑终于发布了，等了好久	The new album has finally been released, waiting a long time.	the new album finally dropped, been waiting forever
B-MIX-004	MIX	97.18	96.75	-0.43	78.66	80.87	2.21	100	0	-100	这个品牌下周drop新款，必须抢	The brand will drop a new product next week, so you must hurry.	这个品牌下周推出新款，必须抢	The brand will introduce a new product next week, and it must be purchased.	this brand is dropping new styles next week, gotta grab them
B-MIX-005	MIX	85.62	85.79	0.17	67.44	74.50	7.06	100	100	0	这波clutch操作直接翻盘，太牛了	This clutch operation directly won the game, it's amazing.	这波关键时刻的操作直接翻盘，太牛了	This key moment's operation directly won the game, and it's truly impressive.	this clutch play turned the game around, insane
B-MIX-006	MIX	69.98	70.15	0.18	50.94	66.64	15.70	100	0	-100	决赛最后一分钟clutch绝杀	Last-minute clutch save	决赛最后一分钟关键时刻绝杀	Last-minute critical goal.	clutch buzzer-beater in the final minute of the finals
B-MIX-007	MIX	98.51	91.17	-7.34	79.87	79.11	-0.76	100	0	-100	这游戏画质也就mid水平，玩法也一般	The game's graphics are at the mid level, and the gameplay is generally not very good.	这游戏画质也就一般水平，玩法也一般	The game's quality is generally low, and its gameplay is also generally low.	this game's graphics are just mid, gameplay is average too
B-MIX-008	MIX	94.23	81.56	-12.67	66.53	64.58	-1.96	100	0	-100	这套穿搭直接slay全场	This outfit slays the entire room.	这套穿搭直接秒杀全场	This outfit instantly wins the competition.	this outfit slays the whole room
B-MIX-009	MIX	78.74	73.98	-4.77	49.54	77.21	27.67	100	0	-100	王虹这波演讲直接slay	Bing Hong's speech directly slayed.	王虹这波演讲直接秒杀全场	Bing Hong's speech directly stunned the entire room.	Wang Hong's speech just slayed
B-MIX-010	MIX	81.63	89.31	7.68	72.01	70.59	-1.43	100	100	0	上班就是当NPC，每天重复同样的台词	NPC is the way to work, and you repeat the same dialogue every day.	上班就是当非玩家角色，每天重复同样的台词	It's just being a non-player character, repeating the same dialogue every day.	going to work is being an NPC, repeating the same lines every day
B-MIX-011	MIX	96.92	92.51	-4.41	83.44	79.80	-3.64	100	0	-100	别当NPC了，做自己生活的主角	Don't be an NPC, be your own protagonist.	别当非玩家角色了，做自己生活的主角	Don't be a non-player character, be the protagonist of your own life.	stop being an NPC, be the main character of your own life
B-MIX-012	MIX	72.76	71.93	-0.83	55.56	67.30	11.74	0	100	100	i人沦为e人玩具，太真实了	I became a toy, and it's so real.	内向者沦为外向者玩具，太真实了	The introverted become the outgoing toy, too real.	introverts becoming playthings for extroverts, too real
B-MIX-013	MIX	78.18	88.51	10.33	74.67	70.64	-4.03	0	0	0	e人累了一周还要爬起来继续嗨	A person has been working for a week and then has to get up and continue to have fun.	外向的人累了一周还要爬起来继续嗨	A person who is outgoing still needs to get up and continue to have fun after a week.	extroverts have been tired all week and still have to get up and keep partying
B-MIX-014	MIX	56.77	75.26	18.49	49.92	55.98	6.06	100	0	-100	刻在骨子里的秀粉DNA瞬间苏醒	DNA that lives in the bones, a flash of brilliance.	刻在骨子里的秀粉基因瞬间苏醒	The gene that lives in the bone and suddenly wakes up.	the idol fan DNA embedded in my bones instantly awakened
B-MIX-015	MIX	96.33	91.99	-4.34	82.73	82.25	-0.48	100	0	-100	POV：你是最后一个知道消息的人	POV: You are the last one who knows the message.	视角：你是最后一个知道消息的人	The perspective: You are the last one who knows the message.	POV: you're the last person to find out
B-MIX-016	MIX	97.55	90.33	-7.23	73.04	79.90	6.86	100	0	-100	当地人真的好chill，十一点上班六点下班	The locals are really chill, working from 10 to 6 p.m.	当地人真的好悠闲放松，十一点上班六点下班	The locals are really relaxed and free, working from 10 to 6 p.m.	the locals are so chill, starting work at 11 and off at 6
B-MIX-017	MIX	97.41	95.72	-1.69	75.46	82.25	6.79	100	0	-100	这个视频太cringe了，看不下去	This video is too cringe, you can't continue.	这个视频太尴尬了，看不下去	This video is too embarrassing, you can't continue.	this video is too cringe, can't even watch
B-MIX-018	MIX	54.22	97.02	42.80	63.49	84.68	21.19	0	100	100	这个行为好sus，不对劲	This behavior is good, but not bad.	这个行为好可疑，不对劲	This behavior is suspicious and inappropriate.	this behavior is so sus, something's off
B-MIX-019	MIX	80.40	87.98	7.58	61.82	80.29	18.47	100	0	-100	别flex了，谁不知道你有钱	Don't flex, who knows you're rich.	别炫耀了，谁不知道你有钱	Don't brag, who knows you have money.	stop flexing, everyone knows you're rich
B-MIX-020	MIX	93.65	94.76	1.11	67.16	66.30	-0.87	100	100	0	这首歌被hype过头了，其实一般	This song was overhyped, in fact.	这首歌被炒作过头了，其实一般	This song has been overhyped, in fact.	this song got way too much hype, it's actually just average
B-MIX-021	MIX	93.91	94.09	0.18	73.41	79.53	6.12	100	100	0	今天又偶遇crush了，太巧了	Today I met a crush again, it was very lucky.	今天又偶遇暗恋对象了，太巧了	Today I met my crush again, it was really lucky.	ran into my crush again today, what a coincidence
B-MIX-022	MIX	87.97	76.03	-11.95	57.20	56.36	-0.83	0	0	0	我ship的CP终于官宣了	The CP has finally been officially announced.	我支持的情侣组合终于官宣了	The couple's proposal has finally been announced.	the ship I've been rooting for finally went official
B-MIX-023	MIX	85.77	87.77	2.00	68.44	75.83	7.39	100	0	-100	作为stan我必须说偶像这次回归太棒了	As Stan, I must say this performance was great.	作为狂热粉我必须说偶像这次回归太棒了	As a fan of the idol, I must say this time she came back very well.	as a stan I gotta say the idol's comeback is amazing
B-MIX-024	MIX	88.87	95.54	6.66	73.47	80.30	6.82	100	100	0	期待偶像的comeback，新专辑什么时候发	The anticipation of the comeback of idols, when will the new album be released?	期待偶像的回归，新专辑什么时候发	Looking forward to the return of idols, when will the new album be released?	looking forward to the idol's comeback, when's the new album dropping
B-MIX-025	MIX	75.70	84.15	8.45	53.59	78.43	24.84	0	0	0	这也太离谱了吧我直接emo	That's so crazy, I just texted my friend.	这也太离谱了吧我直接抑郁	That's so crazy, I just feel down.	this is so outrageous I'm literally emo rn
B-MIX-026	MIX	77.36	87.18	9.82	65.25	76.22	10.97	0	0	0	看到317万年终奖我直接emo了	I felt down because I got 317 million in bonuses.	看到317万年终奖我直接情绪低落了	I felt down after receiving the 317 million bonus.	Seeing the 3.17 million year-end bonus, I got all emo
B-MIX-027	MIX	80.37	79.33	-1.04	53.90	67.46	13.56	0	0	0	掉san了，这个太恐怖了	Lost, this is too scary.	掉san值了，这个太恐怖了	The value dropped, this is too scary.	lost my sanity this is too scary bruh
B-MIX-028	MIX	70.37	70.92	0.54	71.29	71.81	0.52	100	100	0	王虹这波citywalk直接从北大走到菲尔兹奖	Wang Hong's city walk directly from Baidu to Fields Institute	王虹这波城市漫步直接从北大走到菲尔兹奖	Wang Hong's city walk directly from the Beihang University to the Fields Medal	Wang Hong's citywalk took her all the way from Peking University to the Fields Medal
B-MIX-029	MIX	86.04	89.78	3.73	52.02	82.63	30.61	100	0	-100	在上海街头随性citywalk	Citywalk in Shanghai	在上海街头随性城市漫步	Walk along the streets of Shanghai in a casual, urban way.	casual city walk on Shanghai streets
B-MIX-030	MIX	78.38	73.60	-4.78	69.82	69.39	-0.43	100	100	0	中国女排这vibe太强了，3比2逆转太燃	The Chinese女排 vibe is strong, and a 3-2 victory was so electrifying.	中国女排这氛围太强了，3比2逆转太燃	The Chinese女排 atmosphere is too strong, and a 3-2 victory was too electric.	China women's volleyball's vibe is so strong, the 3-2 comeback is so inspiring
B-MIX-031	MIX	94.83	79.46	-15.37	70.31	64.69	-5.62	100	0	-100	这番属于ACGN圈的经典之作了	A classic work in the ACGN circle.	这番属于动漫游文圈的经典之作了	A classic work for the anime and manga magazine.	this anime is a classic in the ACGN circle
B-MIX-032	MIX	84.95	83.70	-1.25	59.52	70.28	10.76	0	100	100	50亿离婚案这drama程度堪比韩剧	50 billion divorce drama, comparable in drama to Korean dramas.	50亿离婚案这戏剧性程度堪比韩剧	50 billion divorce case, this dramatic level comparable to Korean dramas.	The drama level of the 5 billion divorce case rivals a Korean drama
B-MIX-033	MIX	96.55	93.69	-2.86	68.80	51.72	-17.08	100	0	-100	今日OOTD分享	Today's OOTD share	今日穿搭分享	Today's穿搭分享	today's OOTD drop
B-MIX-034	MIX	65.15	80.97	15.81	66.35	73.53	7.17	100	100	0	赛里木湖这波操作太low了，景区管理丢人	The operation at Sichuan Lake was too low, and the management of the scenic area is bad.	赛里木湖这波操作太低级了，景区管理丢人	The operation at Sichuan Lake was too low-level, and the management of the scenic area is unprofessional.	Sarim Lake's move this time is too low-class, scenic area management is embarrassing
B-MIX-035	MIX	99.86	97.53	-2.33	79.60	79.59	-0.01	0	0	0	OMG这也太好看了	This is very beautiful.	我的天这也太好看了	My heaven, this is really beautiful.	OMG this looks so good
B-MIX-036	MIX	90.26	87.49	-2.78	55.53	56.09	0.56	0	0	0	腾讯这波泄密事件直接social death了	Tencent's recent leak of information has directly caused social death.	腾讯这波泄密事件直接社会性死亡了	The leak of this incident has directly caused social death.	Tencent's leak incident this time resulted in total social suicide
B-MIX-037	MIX	89.46	81.82	-7.64	75.39	72.62	-2.77	100	0	-100	这游戏全DLC都买了，花了好几百	This game has all the DLCs bought, and it cost a lot.	这游戏全可下载内容都买了，花了好几百	This game has all the downloadable content bought, and it cost over 300.	bought all the DLC spent several hundred
B-MIX-038	MIX	90.74	89.79	-0.95	66.89	70.05	3.16	0	0	0	显卡涨价涨成这样，简直是price离谱	The graphics card has gone up so much, which is truly a price hike.	显卡涨价涨成这样，简直是价格离谱	The graphics card has gone up so much, which is just a price hike.	GPU prices going up this much, the price is just outrageous
B-MIX-039	MIX	98.87	81.03	-17.84	78.51	81.53	3.02	100	0	-100	这个GMV变高了	This GMV increased.	这个商品交易总额变高了	The total transaction amount of this product has increased.	this GMV went up
B-MIX-040	MIX	89.42	90.27	0.85	71.70	69.49	-2.21	0	0	0	过度分享这件事真的太trigger了，边界感很重要	Over-sharing this matter really triggers too much, and boundaries are important.	过度分享这件事真的太触发了，边界感很重要	Over-sharing this matter really triggered me, and boundaries are important.	Oversharing is really triggering. Boundaries matter.
B-MIX-041	MIX	94.72	85.71	-9.01	86.31	81.57	-4.74	100	0	-100	这个meme太火了	This meme is very popular.	这个梗太火了	This trend is really popular.	this meme is too fire lol
B-MIX-042	MIX	90.40	93.46	3.06	70.78	72.66	1.88	100	100	0	陈哲远在密逃里的reaction太搞笑了	Cheng Zhiyuan's reaction was so funny while escaping.	陈哲远在密逃里的反应太搞笑了	Chen Zhiyuan's reaction was so funny while escaping.	Chen Zheyuan's reaction in the escape room show is too funny
B-MIX-043	MIX	91.14	85.40	-5.74	65.95	70.08	4.13	100	0	-100	用来换做成AGI的概率	The probability of using it to make AGI	用来换做成通用人工智能的概率	The probability of making general artificial intelligence by using this method.	probability of achieving AGI
B-MIX-044	MIX	90.67	86.39	-4.28	76.67	77.32	0.65	0	0	0	50亿离婚案这个level太高了，普通人理解不了	50 billion divorce case is way too high for the average person to understand.	50亿离婚案这个级别太高了，普通人理解不了	50 billion divorce case is too high for the average person to understand.	The level of the 5 billion divorce case is too high, ordinary people can't understand
B-MIX-045	MIX	86.63	78.42	-8.21	61.76	57.07	-4.69	100	0	-100	cosplay得很好，很像	cosplay is very good, very like	角色扮演得很好，很像	The role played was good, as if	cosplay done right looks so similar
B-MIX-046	MIX	96.16	87.44	-8.72	76.35	67.74	-8.61	100	100	0	这个app一到发售就崩	This app is released, and it crashes immediately.	这个应用一到发售就崩	This application goes to launch and breaks down.	this app crashes every launch
B-MIX-047	MIX	94.10	94.80	0.70	68.89	81.41	12.52	0	0	0	这个角色太OP了	This role is too OP.	这个角色太强了	This role is too strong.	this character is way too overpowered
B-MIX-048	MIX	42.72	70.69	27.97	42.13	57.56	15.43	0	0	0	lpl历史上有像清算48同样力度的清算吗？	What about a similar level of clearance in the past?	LPL历史上有像清算48同样力度的清算吗？	Was there a similar level of clearance in the past for the case of 48?	has there ever been a reckoning as hard as '48' in LPL history?
B-MIX-049	MIX	90.80	81.21	-9.60	79.93	65.59	-14.34	0	0	0	加个buff，变得更强	Add a buff, making you stronger.	加个增益，变得更强	Add a gain, making it stronger.	add a power-up get stronger ez
B-MIX-050	MIX	99.12	98.07	-1.05	84.22	82.08	-2.13	100	0	-100	这个logo设计得好	This logo design is good.	这个品牌标识设计得好	This brand identifier design is good.	this logo is well designed
B-MIX-051	MIX	72.03	59.91	-12.12	43.58	68.66	25.08	0	0	0	被nerf了，变弱了	Fell victim, weakened.	被削弱了，变弱了	Weakened, weakened	got nerfed got weaker smh
B-MIX-052	MIX	93.56	93.27	-0.29	64.07	64.03	-0.04	0	0	0	我刚才去打apex了	I just went to Apex.	我刚才去打Apex了	I just went to Apex.	just went to play Apex
B-MIX-053	MIX	100.00	95.06	-4.94	81.82	78.88	-2.94	100	100	0	GDP十强省份变了	The top ten provinces in GDP changed.	国内生产总值十强省份变了	The top ten provinces in China's GDP changed.	GDP top 10 provinces changed
B-MIX-054	MIX	65.16	78.73	13.57	63.59	80.65	17.06	0	0	0	GG了，完了	Completed.	完了，完了	Completed, completed	It's game over, we're done for.
B-MIX-055	MIX	78.16	58.45	-19.70	38.41	42.12	3.70	0	0	0	就是在cp里吃瓜	In the CP, eating out	就是在搭档组合里吃瓜	In the team match, watching	just watching the drama in the ship
B-MIX-056	MIX	63.81	67.75	3.94	56.09	39.51	-16.57	0	100	100	图样森破，你太天真了	"Draft: ""Draft: The drawing is broken, you're too naive."""	Too young too simple，你太天真了	Too young, too simple, you're too天真了.	too young too simple you're too naive
B-MIX-057	MIX	96.64	95.57	-1.07	86.43	85.93	-0.49	100	100	0	这个AI太厉害了	This AI is so great!	这个人工智能太厉害了	This AI is so great.	this AI is way too OP fr
B-MIX-058	MIX	61.26	65.25	3.99	43.46	41.17	-2.30	100	0	-100	carry全场，带飞	carry the whole, fly away	带飞全场，带飞	Fly the entire field.	carrying the whole squad what a carry
B-MIX-059	MIX	97.58	95.82	-1.76	83.12	82.58	-0.54	100	0	-100	她学的是泰语又不是IT	She studied Thai but not IT.	她学的是泰语又不是信息技术	She studied Thai but not information technology.	she studies Thai not IT
B-MIX-060	MIX	98.74	91.02	-7.72	77.64	75.23	-2.41	100	0	-100	VIP通道真快	VIP lane is fast.	贵宾通道真快	The guest corridor is very fast.	VIP lane is so fast
B-MIX-061	MIX	78.64	52.16	-26.48	46.99	32.41	-14.58	0	0	0	solo一下，单挑	single up, single fight	单挑一下，单挑	single up	solo it 1v1 me bro
B-MIX-062	MIX	98.58	100.00	1.42	80.95	84.47	3.52	0	0	0	这个PK谁赢了	Who won the PK?	这个对决谁赢了	Who won the match?	who won this duel
B-MIX-063	MIX	42.66	25.02	-17.64	43.22	45.34	2.12	100	0	-100	因凡蒂诺和FIFA演都不演了，这是纯把梅西世界杯金球奖给抢劫了	If Fina and FIFA didn't play, this is just giving Messi the Golden Ball.	因凡蒂诺和国际足联演都不演了，这是纯把梅西世界杯金球奖给抢劫了	If Fanti and the International Federation did not perform, this is pure a gift for Messi.	Infantino and FIFA aren't even hiding it anymore straight up robbed Messi of the World Cup Golden Ball
B-MIX-064	MIX	90.81	95.70	4.88	73.79	83.03	9.23	100	0	-100	做个SPA放松一下	Make a spa relaxation.	做个水疗放松一下	Relax and take a bath.	getting a spa to relax
B-MIX-065	MIX	92.19	75.11	-17.08	61.38	61.36	-0.01	100	0	-100	这个DJ太嗨了	This DJ was so loud.	这个唱片骑师太嗨了	The rider was so enthusiastic.	this DJ is too lit
B-MIX-066	MIX	87.89	74.71	-13.18	70.45	54.52	-15.93	0	0	0	Rush E 朗朗PK街头钢琴家	Rush E. Lang Lang Pk Street Piano Performer	Rush E 朗朗对决街头钢琴家	Rush E. The pianist in the street.	Rush E Lang Lang versus street pianist
B-MIX-067	MIX	70.68	76.73	6.05	77.33	75.68	-1.66	0	0	0	这动漫OP太好听了，循环播放	This anime's OP is very good, and it loops.	这动漫片头曲太好听了，循环播放	This anime song is very good, and it loops.	this anime opening slaps on loop
B-MIX-068	MIX	96.07	96.26	0.19	83.66	81.18	-2.48	100	0	-100	买个iPad记笔记	Buy an iPad to note down notes.	买个平板电脑记笔记	Buy a tablet for notes.	getting an iPad for notes
B-MIX-069	MIX	31.85	30.72	-1.12	45.58	40.66	-4.92	0	100	100	抖音的bgm怎么突然变得那么难听了到处都是想问问你敢不敢还有那天我经过一片花园	What's so bad about the BGM on TikTok? Can you be brave? I was wondering if you still want to go there.	抖音的背景音乐怎么突然变得那么难听了到处都是想问问你敢不敢还有那天我经过一片花园	What's the sudden drop in quality of the background music everywhere, and are you willing to try again?	why has Douyin's background music gotten so bad everywhere it's either 'I Want to Ask If You Dare' or 'That Day I Passed a Garden'
B-MIX-070	MIX	98.47	98.50	0.03	83.60	77.01	-6.59	0	0	0	这个PPT做得好	This PPT is well done.	这个演示文稿做得好	This presentation is good.	this PowerPoint is well made
B-MIX-071	MIX	30.69	33.61	2.92	40.83	40.62	-0.22	0	0	0	法法这期ooc了吧	The OOC session for Law.	法法这期脱离扮演角色了吧	The judge has left the role.	Fafa was so out of character this episode bruh
B-MIX-072	MIX	85.71	86.07	0.36	67.87	66.34	-1.53	100	100	0	3.5h通关	3.5 hours pass.	3.5小时通关	3.5 hours pass.	beat the game in 3.5 hours
B-MIX-073	MIX	86.45	75.50	-10.95	76.26	32.07	-44.20	100	0	-100	这个ins风好看	This is a beautiful Instagram style.	这个网红风好看	This网红风 is好看	this Instagram aesthetic looks good
B-MIX-074	MIX	82.26	87.75	5.50	66.97	64.24	-2.73	100	100	0	我的文化水平belike	My cultural level is like	我的文化水平就像这样	My cultural level like that	my education level be like lmao
B-MIX-075	MIX	96.18	97.06	0.88	69.46	79.70	10.24	100	100	0	来杯matcha	a matcha cup	来杯抹茶	Tea with matcha	a cup of matcha
B-MIX-076	MIX	98.09	97.91	-0.18	80.21	82.60	2.39	0	0	0	店员花一秒钟get到你的意思了	The employee took a second to understand your meaning.	店员花一秒钟理解到你的意思了	The employee took a moment to understand your meaning.	the clerk took one second to get your meaning
B-MIX-077	MIX	96.67	93.57	-3.09	76.47	68.38	-8.09	0	0	0	这个vlog拍得好	This video is good.	这个视频博客拍得好	This video blog is good.	this vlog is well shot
B-MIX-078	MIX	86.63	86.61	-0.02	63.04	76.02	12.98	0	0	0	学习上problem不能发作	Learning problems cannot occur.	学习上问题不能发作	Learning problems cannot occur.	can't let the issue flare up during studying
B-MIX-079	MIX	75.84	66.87	-8.97	69.25	54.65	-14.60	0	100	100	好久没有笑的这么开心了，必须收藏起来emo了再看	It's been a while since you've laughed so happily, so I must take this emoji and save it for later to look at it.	好久没有笑的这么开心了，必须收藏起来抑郁了再看	It's been a while since you've laughed so happily, and you must have been feeling down again.	haven't laughed this hard in ages saving it to watch when I'm feeling down fr
B-MIX-080	MIX	87.99	75.79	-12.20	78.31	73.80	-4.51	0	0	0	cult导演后悔道剧组没有你	Director regrets that the cast did not include him.	邪典导演后悔道剧组没有你	Director of the Evil Tale regretted that the cast did not include you.	cult director regrets not having you on set
B-MIX-081	MIX	55.12	59.11	3.99	60.60	65.42	4.82	0	0	0	从技术舞美上讲是挺牛，但从意识上讲buff快叠满了	From a technical perspective, it's quite impressive, but from an emotional perspective, the buff is quickly filled.	从技术舞美上讲是挺牛，但从意识上讲增益快叠满了	From a technical perspective, it's quite impressive, but from an emotional perspective, the gain is quickly accumulated.	technically the stage design is pretty sick but ideologically the power-ups are almost fully stacked
B-MIX-082	MIX	44.60	46.14	1.54	69.36	74.83	5.48	0	100	100	上了初中就开始恶化了，甚至游戏也会拖一会儿再启动，作业拖到ddl就算是期末周也学不进去	It began to worsen as he started in high school, even with the game taking a while to start again, and homework would drag him into the end-of-term week, making it hard to study.	上了初中就开始恶化了，甚至游戏也会拖一会儿再启动，作业拖到截止日期就算是期末周也学不进去	It began to worsen as he started in high school, even with the game taking a while to start after the game was launched, and even if the homework was delayed until the deadline, it would still be hard to study for the final week of the semester.	middle school hit different even games I delay homework till deadline even in finals week can't focus smh
B-MIX-083	MIX	63.79	76.05	12.27	41.75	51.89	10.14	0	100	100	ddl就在眼前了还在摆烂	DDL is coming, and it's still on the floor.	截止日期就在眼前了还在摆烂	The deadline is approaching, and it's still in the process of being idle.	deadline is right there and you're still slacking
B-MIX-084	MIX	97.60	70.93	-26.67	69.55	65.56	-3.99	100	0	-100	asmr助眠真的有用吗	AsMR helps with sleep.	自发性知觉经络反应助眠真的有用吗	Autonomous perception and meridian response helps with sleep.	does ASMR for sleep actually work
B-MIX-085	MIX	83.89	64.16	-19.73	55.43	39.24	-16.19	0	0	0	超mean老奶一般是英语老师	The old lady teacher is usually an English teacher.	超刻薄老奶一般是英语老师	A very sharp, old teacher.	Super mean old ladies are usually English teachers
B-MIX-086	MIX	81.26	86.28	5.02	63.32	75.12	11.80	100	0	-100	绝对音感的正确用法belike	"The correct usage of absolute tonal sensitivity is ""belike."""	绝对音感的正确用法是这样	The correct usage of absolute tonal sensitivity is such.	The correct usage of absolute pitch be like
B-HOM-096	HOM	87.93	88.91	0.99	59.47	70.24	10.76	100	100	0	孩好像真的很困了，但是一直被麻麻薅过来薅过去配合拍视频	The child is really tired, but has been being pulled and pushed by her mom to help with the video.	孩好像真的很困了，但是一直被妈妈薅过来薅过去配合拍视频	The child is really tired, but has been being pulled along by her mom to help with the video.	the kid really seems sleepy, but keeps getting dragged back and forth by mom to pose for the video
B-HOM-097	HOM	64.05	78.60	14.55	56.17	64.56	8.39	0	0	0	哈哈哈哈哈，不好意思哈哈哈哈哈没崩住	"""Ha! Haha! Sorry! Haha! I didn't break out!"""	哈哈哈哈哈，不好意思哈哈哈哈哈没绷住	"""Ha! Haha! Sorry! I didn't hold it up!"""	hahaha, sorry hahaha I couldn't hold it together
B-HOM-098	HOM	79.20	84.50	5.30	54.02	67.03	13.01	0	0	0	淦，忘记原版了，有谁能补一下？	Forget, I forgot. Who can help?	干，忘记原版了，有谁能补一下？	Forget, I can't recall the original. Who can help?	damn, I forgot the original, can anyone fill it in?
B-HOM-099	HOM	34.21	56.07	21.86	39.30	38.86	-0.44	0	0	0	你们要是给我炮儿玩似了我看什么啊	If you were to play like a cannonball, what would I be?	你们要是给我炮儿玩死了我看什么啊	If you had given me a gun, I would be watching you.	if you guys play my Pao'er to death, what am I supposed to watch?
B-PYA-087	PYA	92.77	78.46	-14.32	72.65	68.24	-4.41	0	0	0	快别TM说了，抓紧睡半个钟头，不然去早餐店要迟到了	Don't forget to take a half-hour nap, otherwise you'll be late for breakfast.	快别他妈说了，抓紧睡半个钟头，不然去早餐店要迟到了	Don't let me know that, get up and sleep for half an hour, otherwise you'll be late for breakfast.	stop freaking talking and grab half an hour of sleep, or you'll be late for the breakfast shop
B-NEO-087	NEO	96.85	96.84	-0.00	84.19	81.55	-2.65	0	0	0	某种意义上来看他也是个神人	In some ways, he is a god.	某种意义上来看他也是个行为离谱的人	In some ways, he is a person with strange behavior.	in a certain sense he's also an absolute character
B-NEO-088	NEO	47.59	47.88	0.29	53.24	44.88	-8.37	0	0	0	我都不知道出新图了，作业自己跑我脸上了	I don't know about the new design, and I ran my face on my own assignment.	我都不知道出新图了，攻略自己跑我脸上了	I don't know about the new design, and I'm running my face myself.	I didn't even know a new stage was out, and the guide just ran right into my face
B-NEO-089	NEO	68.48	95.07	26.59	57.36	81.24	23.88	0	0	0	无论从哪个层面来看，都是吊炸了	Whatever level, it's all blown up.	无论从哪个层面来看，都是厉害极了	In every level, it's truly impressive.	no matter how you look at it, it's insanely awesome
B-NEO-090	NEO	76.46	78.50	2.04	44.88	69.19	24.31	0	0	0	应该是的，不然怎么会气到把国粹给说出来了	"""Of course, otherwise how could we say it out loud?"""	应该是的，不然怎么会气到把脏话给说出来了	"""Of course, otherwise how would I say out loud the dirty words?"""	must be, otherwise how would he get so angry that the swear words came out
B-NEO-091	NEO	44.51	59.24	14.73	51.63	70.42	18.79	0	0	0	说个冷知识，来俊臣的父亲名叫来操，是个挺生草的名字	A cold fact: Li Juncon's father was named Li Xia, a name that was quite young.	说个冷知识，来俊臣的父亲名叫来操，是个挺搞笑的名字	A cold fact: Li Juncon's father was named Li Xia, and he was a funny name.	fun fact: Lai Junchen's father was named Lai Cao, which is a pretty hilarious name
B-NEO-092	NEO	59.70	64.82	5.12	79.28	76.23	-3.05	0	0	0	他不是好了，而是知道自己要凉了	He isn't well, but he knows he's going to get cold.	他不是好了，而是知道自己要完蛋了	He wasn't well, but he knew he was going to die.	he's not better, he just knows he's done for
B-NEO-093	NEO	73.30	74.94	1.64	53.56	54.45	0.89	0	0	0	置顶评论官方链接是淘宝就知道成分了	The official link to the top comment is that you can find it on Taobao.	置顶评论官方链接是淘宝就知道背景了	The official link to the top comment is known to you on Taobao.	the pinned official link is Taobao, that alone tells you what they're really about
B-NEO-094	NEO	77.45	76.89	-0.56	52.76	50.68	-2.08	0	0	0	逆天。。我现在开车老走错路	I'm driving and I'm making mistakes.	离谱。。我现在开车老走错路	Wrong. I'm driving too much.	wild… I keep taking wrong turns when driving now
B-MIX-087	MIX	62.06	47.97	-14.09	56.80	63.07	6.27	100	0	-100	发现没火的作者belike	The author who found no fire is belike.	发现没火的作者就是这样	The author who found no fire is this.	discovering an underrated creator be like
B-MIX-088	MIX	75.70	75.99	0.29	66.76	65.38	-1.39	0	100	100	第一次尝试做这么长的动画 感觉k帧速度有所提升绝宝二周年快乐!	First time trying to do this long animation, I feel the k-frame speed has improved, and I'm happy with the second anniversary!	第一次尝试做这么长的动画 感觉打关键帧速度有所提升绝宝二周年快乐!	First time trying to do this long animation, I feel the key frame speed has improved, and I'm happy with the second anniversary!	first time making such a long animation, my keyframing speed has improved — happy 2nd anniversary Juebao!
B-MIX-089	MIX	96.01	88.03	-7.98	65.21	79.36	14.15	100	100	0	或许它真的是福利最好的fps	Perhaps it's the best FPS.	或许它真的是福利最好的第一人称射击游戏	Perhaps it's the best first-person shooter game in terms of welfare.	maybe it really is the FPS with the best freebies
B-MIX-090	MIX	75.03	72.43	-2.60	50.40	54.07	3.67	0	0	0	杨博文四代唯一C位队长	Fourth-generation only C-position captain.	杨博文四代唯一中心位队长	Fourth-generation center-left captain of Yang Bao.	Yang Bowen, Gen 4's only center-position captain
B-HOM-100	NEO	36.75	51.27	14.53	68.09	73.67	5.58	0	100	100	明显，队友大概率寄了，和上司有关，但扳机似乎记忆出现问题，咬死队友还活着，变相保护了上司，所以被上司放了	Clearly, the teammate is likely to have sent something, possibly to the superior, but the trigger seems to be memory issues, and the teammate was bitten alive, which in a way protected the superior, so the superior released him.	明显，队友大概率死了，和上司有关，但扳机似乎记忆出现问题，咬死队友还活着，变相保护了上司，所以被上司放了	Clearly, the team member is likely dead, possibly due to the superior's fault, but the trigger seems to be a memory issue, and the team member was killed but still alive, which indirectly protected the superior, so the superior released him.	clearly the teammate is most likely dead and the boss is involved, but Trigger's memory seems broken — she insists the teammate is alive, which indirectly shielded the boss, so the boss let her go
B-HOM-101	HOM	57.45	52.09	-5.36	72.55	72.65	0.10	0	100	100	怪兽：我已经破坏掉了你所有能获取光的办法，看你还怎么变身 迪迦：你钱包的钱还有多少？ 怪兽：全花光了 迪迦：恰！	Monstros: I have destroyed all the ways you can get light, and you still try to transform. Diag: How much money is left in your wallet? Monstros: I've spent all of it. Diag: Yes!	怪兽：我已经破坏掉了你所有能获取光的办法，看你还怎么变身 迪迦：你钱包的钱还有多少？ 怪兽：全花光了 迪迦：吃！	Monstros: I have destroyed all the ways you can get light, and you still try to transform. Di迦: How much money is left in your wallet? Monstros: I've spent all of it. Di迦: Eat!	Monster: I've destroyed every way you could gather light, let's see you transform now. Tiga: How much money is left in your wallet? Monster: All spent. Tiga: Nom!
B-HOM-102	HOM	58.06	64.09	6.03	61.28	59.56	-1.72	0	0	0	人定不了天，一切的一切还是按照历史轨迹走，我记得是三段历史走向，猪脚心累了	The path cannot be set, and everything still follows the historical trajectory, and I remember three different historical paths.	人定不了天，一切的一切还是按照历史轨迹走，我记得是三段历史走向，主角心累了	The path cannot be set, and everything still follows the historical trajectory, and I remember three different paths of history.	man can't defy heaven, everything still follows the track of history — I remember there were three historical branches, and the protagonist is exhausted
B-HOM-103	HOM	48.80	46.84	-1.96	48.18	62.11	13.93	0	0	0	笑成猪头最好笑是因为！！！我本来就觉得很好笑哈哈哈，看到这个蚌不住了！！！	The best way to laugh is because of that! I already think it's funny, and seeing this蚌 (a蚌) not at all is so funny!	笑成猪头最好笑是因为！！！我本来就觉得很好笑哈哈哈，看到这个绷不住了！！！	The best way to laugh is because of that! I already find it funny, and I'm even more so now, because I'm just getting over it!	the pig-head laugh is the funniest because!!! I already found it hilarious hahaha, and seeing this I just lost it!!!
B-HOM-104	HOM	61.01	65.71	4.69	60.13	70.23	10.10	100	100	0	真旅行青蛙！  去哪了 会给麻麻带明信片回来  真好	Traveling frog! Where are you? Will it bring a letter to your mom? It's really good.	真旅行青蛙！  去哪了 会给妈妈带明信片回来  真好	Traveling frog! Where did you go? Will it bring a letter back for mom? It's really good.	a real Travel Frog! wherever it goes, it brings postcards back for mom — so sweet
B-HOM-105	HOM	63.65	56.23	-7.42	37.37	68.28	30.90	0	100	100	兄dei，这么好的猪 你舍得一次性吃完吗（于谦声）	You're right, so this is a good pig. (Yuan Qian)	兄弟，这么好的猪 你舍得一次性吃完吗（于谦声）	Brother, so good pig, will you eat it all on one bite? (Yuan Chen)	bro, such a fine pig — could you really bear to eat it all in one go? (in Yu Qian's voice)
B-HOM-106	NEO	46.31	51.13	4.82	50.11	52.79	2.67	0	100	100	这高达味怎么这么重啊，真的是百合拯救了萝卜？	How heavy is this taste really? Is it really a百合 that saved the萝卜?	这高达味怎么这么重啊，真的是百合拯救了机器人？	How heavy is that taste really? Is it really a百合 that saved the robot?	why does this feel so much like Gundam — did yuri really save the mecha genre?
B-HOM-107	HOM	56.64	54.19	-2.44	55.18	48.31	-6.87	0	0	0	淦，为什么要让我凌晨刷到，睡不着觉了()	Why did you have to let me sleep at night?	干，为什么要让我凌晨刷到，睡不着觉了()	Why did you have to let me sleep at night?	damn, why did I have to scroll onto this in the middle of the night, now I can't sleep ()
B-HOM-108	HOM	93.93	95.82	1.90	79.73	84.83	5.10	0	0	0	免责声明，此为系统自动播放，与我无瓜	Disclaimer: This is a system-generated playback, and it does not relate to me.	免责声明，此为系统自动播放，与我无关	Disclaimer: This is a system-generated playback, and I am not responsible for it.	disclaimer: this was autoplayed by the system, nothing to do with me
B-HOM-109	HOM	77.67	78.55	0.89	52.97	60.48	7.51	100	100	0	又第一了 带领兄弟萌再冲一次～～～～	Another one, leading the brothers to go again!	又第一了 带领兄弟们再冲一次～～～～	Another one, leading the brothers on another run.	number one again — leading the bros for one more charge~~~~
B-HOM-110	HOM	33.57	63.48	29.91	43.57	44.94	1.37	0	0	0	预计会火，火钳刘明	Estimated to burn, Ming Liang.	预计会火，火前留名	The fire will be on, and the name will remain.	this is going to blow up, leaving my name here before it does
B-HOM-111	HOM	29.75	56.07	26.33	61.78	50.61	-11.17	0	0	0	扳机歪了，前来还怨	The machine tilted, and he came back blaming.	扳机歪了，前来还愿	The crane tilted, and he came to pay off.	my pull for Trigger went off-banner — here to repay my vow
B-HOM-112	HOM	33.13	66.86	33.73	46.87	75.40	28.53	0	0	0	梅森：这我可太熟辣！	Mensen: I'm so spicy!	梅森：这我可太熟啦！	Mensen: I'm so used to it!	Mason: now this I know all too well!
B-HOM-114	HOM	90.90	91.77	0.87	73.77	80.02	6.25	0	0	0	我不行了我笑得要噶了	I can't do it. I'm laughing so hard.	我不行了我笑得要挂了	I can't do it anymore, and I'm laughing so hard I'm about to cry.	I can't take it, I'm about to die laughing
B-HOM-115	HOM	55.51	73.84	18.33	48.39	68.53	20.15	0	0	0	活到老学到老,似了也要学习	To old and learn to learn, like it or not, I will learn.	活到老学到老,死了也要学习	To live and learn, and to live and learn even after death.	live and learn — keep studying even when you're dead
B-HOM-116	HOM	59.59	47.68	-11.91	46.39	45.40	-0.98	0	0	0	太好辣，是拐杖星人，我们没救了	That's so spicy, it's the bionic star, we can't save us.	太好啦，是拐杖星人，我们没救了	Great! It's the walker, we didn't save us.	oh great, it's the crutch alien, we're doomed
B-HOM-117	HOM	77.11	81.03	3.92	62.56	60.89	-1.67	0	0	0	老八胃大，无需多盐	Large stomach, no need for salt.	老八胃大，无需多言	Large stomach, no need to say more.	Laoba has a big stomach — no more words needed
B-HOM-118	HOM	95.71	98.37	2.66	57.83	82.84	25.01	0	0	0	雾草这幕太美了	The scene was so beautiful.	卧槽这幕太美了	This scene is amazing!	holy crap this scene is gorgeous
B-HOM-119	NEO	86.87	100.00	13.13	77.95	85.67	7.72	0	100	100	欧内该，我什么都愿意做	Enei, I'm willing to do anything.	拜托了，我什么都愿意做	Please, I'm willing to do anything.	please, I'll do anything
B-HOM-120	HOM	81.66	74.32	-7.34	44.82	54.29	9.46	100	100	0	果然混元是个妹纸	"Sure, here's the translation:

**""It's just a girl named Huiyuan.""**"	果然混元是个妹子	"Sure, here's the translation:

**""It seems that the 'Meng Yuan' is a girl.""**"	so Hunyuan really is a girl after all
B-HOM-121	HOM	74.43	65.29	-9.13	55.57	58.68	3.11	0	0	0	年轻人不讲武德！耗子尾汁	Young people don't speak of martial arts!	年轻人不讲武德！好自为之	Young people don't follow the law! They do it themselves.	young people have no martial virtue! you'd better behave yourselves
B-HOM-122	HOM	57.84	65.83	7.99	49.31	49.72	0.41	0	0	0	官方踏马自黑，这下别人黑不了了	Official horseback riding black, this time it's impossible for others to black.	官方他妈自黑，这下别人黑不了了	Official self-hate, now no one can black it.	the officials are freaking roasting themselves, now nobody else can roast them
B-HOM-123	HOM	91.78	94.64	2.86	77.85	74.92	-2.93	0	0	0	这俩老男人的沙雕人生	The two old men's slapstick lives	这俩老男人的傻屌人生	The two old men's silly lives.	the goofball life of these two old guys
B-HOM-124	HOM	72.34	93.16	20.82	58.88	76.26	17.38	0	0	0	被天使蚊过的嗓子	A clogged throat from a angel mosquito	被天使吻过的嗓子	The lips touched by the angel	a voice kissed by an angel
B-HOM-125	HOM	88.48	92.28	3.80	50.21	78.95	28.74	0	100	100	上一个视频就是不讲内个	The previous video is not talking about something.	上一个视频就是不讲那个	The previous video is not about that.	the last video just wouldn't talk about that
B-HOM-127	HOM	73.92	88.49	14.57	58.73	54.48	-4.25	0	100	100	可以四了这游戏	Can you play this game?	可以死了这游戏	Can you die in this game?	this game can just die already
B-HOM-128	HOM	84.94	97.99	13.05	69.84	81.59	11.75	100	100	0	全体欣赏阴乐	All enjoy the music of Yin.	全体欣赏音乐	All enjoy music.	everyone, enjoy the music
B-HOM-129	HOM	46.21	21.43	-24.78	40.15	35.44	-4.72	0	0	0	锁呐区甲亢哥	The thyroid area, Mr. Zhao	唢呐区甲亢哥	The area of the Ming Dynasty's medicine and the man with the high fever.	suona-section Speed
B-HOM-130	HOM	83.58	100.00	16.42	59.68	78.29	18.61	0	0	0	哎你怎么似了	How did you look?	哎你怎么死了	How did you die?	hey, how come you died
B-HOM-131	HOM	61.19	33.01	-28.18	50.31	47.06	-3.25	0	0	0	密码的，很久没笑得这么无语了	The password, for a long time, has made me laugh so funny.	妈的，很久没笑得这么无语了	The mother, for so long, has been so funny.	damn, it's been ages since I laughed this speechlessly
B-PYA-088	PYA	87.17	30.77	-56.40	77.28	49.99	-27.30	0	0	0	不是，我TM哪来的教材，你在逗我呢	No, I don't have any textbook, and you're making me laugh.	不是，我他妈哪来的教材，你在逗我呢	No, I'm not where I came from, you're just teasing me.	wait, where the hell would I get a textbook, are you kidding me
B-PYA-089	PYA	98.03	88.20	-9.82	75.17	73.21	-1.95	0	0	0	md，这军方也这么乱，难怪市民们这么乐观，哈哈	This military is so chaotic, which is why the citizens are so optimistic, hahaha.	妈的，这军方也这么乱，难怪市民们这么乐观，哈哈	The mother, this military is so chaotic, and that's why the citizens are so optimistic,哈哈.	damn, even the military is this chaotic, no wonder the citizens are so optimistic, haha
B-PYA-090	PYA	70.44	88.99	18.55	65.85	69.89	4.04	0	0	0	wc我想要高斯裤子的链接，真的好帅	I want the link to high school pants, really cute.	卧槽我想要高斯裤子的链接，真的好帅	I want the link to the Gaussian pants, really cute.	whoa I want the link to Gauss's pants, they look so cool
B-PYA-091	PYA	86.22	86.21	-0.01	60.70	48.93	-11.77	0	0	0	WC，这都能被发现啊	WC, these can be found already.	卧槽，这都能被发现啊	Wow, that's all there is to it.	whoa, even this got noticed
B-PYA-092	PYA	95.53	96.69	1.16	82.08	68.64	-13.44	0	0	0	woc太萌了	Woc was cute.	卧槽太萌了	The most adorable thing!	omg so cute
B-PYA-093	PYA	68.69	59.18	-9.52	52.50	43.09	-9.41	0	100	100	dbq小啵有点像触电了	dbq little啵 is like getting shocked	对不起小啵有点像触电了	Sorry, I got charged.	sorry but Xiaobo kind of looks electrocuted
B-PYA-094	PYA	87.76	95.52	7.76	77.99	81.25	3.26	0	0	0	无线能源是基于无线水的原理吗？(bushi)	Is wireless energy based on wireless water? (bushi)	无线能源是基于无线水的原理吗？(不是)	Wireless energy is based on the principle of wireless water? (No)	is wireless energy based on the principle of wireless water? (jk)
B-PYA-095	PYA	92.80	92.83	0.03	80.13	73.11	-7.01	0	0	0	光明，赐予我力量（bushi）	Light, grant me strength (bushi)	光明，赐予我力量（不是）	Light, grant me strength (not)	light, grant me power (jk)
B-PYA-096	PYA	90.84	92.95	2.10	76.00	77.95	1.95	0	0	0	这么说我才发现字幕不是视频自带的hhhh	So I realized the subtitles aren't video-based.	这么说我才发现字幕不是视频自带的哈哈哈哈	So I realized the subtitles aren't video-based, haha.	now that you mention it, I just realized the subtitles aren't part of the video hahaha
B-PYA-097	PYA	73.88	79.06	5.19	71.60	72.62	1.02	0	0	0	完了疑似吉米被吓疯了hh	Completed, possibly Jim was startled.	完了疑似吉米被吓疯了哈哈	Completed, perhaps Jim was startled. 😂	uh oh, Jimmy seems scared out of his mind haha
B-PYA-098	PYA	68.34	69.35	1.01	66.80	66.36	-0.44	0	0	0	看清楚材质吧，pdd很多都是聚酯纤维，你问客服没几个敢说是纯棉的	Look at the material, many of them are polyester, and you might not have a few who say they are pure cotton.	看清楚材质吧，拼多多很多都是聚酯纤维，你问客服没几个敢说是纯棉的	Look at the material, many of them are polyester, and you might not have a few who say they are pure cotton.	check the fabric carefully — a lot of stuff on Pinduoduo is polyester, and few customer-service reps dare claim it's pure cotton
B-PYA-099	PYA	59.81	63.86	4.06	57.40	53.82	-3.58	0	0	0	27W收藏4W点赞服了不提醒还不知道........	27W collected 4W likes, not reminded yet, and didn't know	27万收藏4万点赞服了不提醒还不知道........	27 million collected 4 million likes, not reminded yet...	270k saves and 40k likes, unbelievable — I wouldn't even have known without the reminder……
B-PYA-100	PYA	75.29	92.48	17.19	62.87	76.70	13.82	0	0	0	20w收藏3w点赞	20W 3W likes	20万收藏3万点赞	20,000 collections and 30,000 likes	200k saves, 30k likes
B-PYA-101	PYA	75.80	85.80	10.01	73.70	74.99	1.29	0	0	0	啊？60w围攻45w的城，对方还以骑兵为主？？！	Aha? 60,000 troops are attacking 45,000, and the enemy is using cavalry?	啊？60万围攻45万的城，对方还以骑兵为主？？！	Ah, 60 million attacking 45 million's city, and the enemy is mainly using cavalry?	what? 600k besieging a city of 450k, and the enemy is mostly cavalry??!
B-PYA-102	PYA	62.35	75.98	13.63	55.41	59.36	3.95	0	0	0	“义人，就是ta，欺负我。”	"""Indeed, you are the one, who wrongs me."""	“义人，就是他，欺负我。”	"""An honest man, he is the one who欺负 me."""	Righteous one, it was them — they bullied me.
B-PYA-103	PYA	24.43	34.38	9.95	30.23	39.70	9.47	0	0	0	好装好假好ex	Good look, good look, good look.	好装好假好恶心	Good look, good taste, and bad.	so pretentious, so fake, so gross
B-PYA-104	PYA	51.49	46.74	-4.75	34.75	33.09	-1.66	0	0	0	死yxh滚远点	Dead yeh roll far point	死营销号滚远点	Long-tail marketing campaign.	damn clickbait accounts, get lost
B-PYA-106	PYA	73.13	71.60	-1.53	60.63	51.01	-9.62	0	0	0	牛啊，我怎么幻听出歌词了(bushi)	Ah, I heard the lyrics (bushi)	牛啊，我怎么幻听出歌词了(不是)	Ah, I heard the lyrics (not)	impressive — why am I hallucinating lyrics out of this (jk)
B-PYA-107	PYA	70.62	68.46	-2.16	48.58	53.50	4.91	0	0	0	心灵感应原版就是致敬火花hhh	Heart inspiration is a tribute to the spark.	心灵感应原版就是致敬火花哈哈哈	Heart inspiration is a nod to the spark, haha.	the original Telepathy really is a homage to Spark hahaha
B-PYA-108	PYA	87.55	83.03	-4.52	51.87	51.48	-0.40	0	0	0	woc瞬间高清修补版	High-quality instant repair version.	卧槽瞬间高清修补版	High-quality instant repair version.	whoa, instantly the HD restored version
B-NEO-096	NEO	87.19	76.15	-11.04	76.62	75.21	-1.42	0	0	0	泪目，我一直不知道自己想做什么，感觉选择的大都错了，已经索性不想选择了...糟糕啊...	I can't know what I want to do, and I feel that most choices I've made were wrong, and I've decided to stop choosing... Oh my goodness...	眼泛泪光，我一直不知道自己想做什么，感觉选择的大都错了，已经索性不想选择了...糟糕啊...	I have been staring at my eyes with tears, and I don't know what I want to do. I feel that the choices I've made are all wrong, and I've decided to stop choosing... Oh my goodness...	tearing up — I've never known what I want to do, feels like most of my choices were wrong, and now I've simply stopped choosing… this is bad…
B-NEO-097	NEO	61.75	38.94	-22.80	65.65	46.20	-19.45	0	0	0	10后，上一次看是三年前了，但是也泪目了	Ten years ago, the last time I saw was three years ago, but I also felt tears.	10后，上一次看是三年前了，但是也落泪了	Ten years ago, but also we wept.	born after 2010 — last watched this three years ago, but it still made me tear up
B-NEO-098	NEO	60.36	64.99	4.62	67.97	69.12	1.15	0	0	0	虽然整个乐队前期像拼好队一样，但是结局随着独角兽的回归写的还是不错的	Although the entire band's early days were like assembling a team, the story ended with the unicorn's return being still quite good.	虽然整个乐队前期像拼凑起来的队伍一样，但是结局随着独角兽的回归写的还是不错的	Although the band's early days were like a disassembled team, the story ended with the unicorn's return being still quite good.	even though the band felt like a thrown-together group-buy squad early on, the ending with the unicorn's return was written pretty well
B-NEO-099	NEO	46.00	32.52	-13.48	52.13	43.74	-8.39	0	0	0	“苏新皓你好的太突出”这句话的含金量还在上升	The value of this statement is still rising.	“苏新皓你好的太突出”这句话的价值还在提升	The value is still being improved.	"the line ""Su Xinhao, your hello is too striking"" keeps proving truer and truer"
B-NEO-100	NEO	85.35	84.75	-0.61	71.88	66.66	-5.22	0	0	0	扎格列斯之手的含金量还在上升！	The value of Zargel's hand is still rising!	扎格列斯之手的价值还在提升！	The value of Zargel's hand is still being improved!	the Hand of Zagreus keeps proving its worth!
B-NEO-101	NEO	51.60	50.90	-0.70	47.13	49.50	2.37	0	0	0	红温了，把打野怪爆的装备给炸了，你好歹拿一些吧	Red, you just blew up the kill items, and you should take some back.	气急了，把打野怪爆的装备给炸了，你好歹拿一些吧	Fainted, destroyed the damage-inflicted gear, and hey, at least take some.	he's fuming — blew up the gear dropped from jungle monsters, at least take some of it, man
B-NEO-102	NEO	81.74	72.52	-9.22	61.05	66.47	5.42	0	0	0	反派看到了硬控他的回忆……	The villain saw his hard memories.	反派看到了完全控制住他的回忆……	The villain saw completely controlling his memories.	the villain saw the memories that completely transfixed him……
B-NEO-103	NEO	93.91	94.34	0.42	70.99	66.32	-4.68	0	0	0	我还以为是9.9元拼好饭呢	I thought it was 9.9 yuan for the meal.	我还以为是9.9元拼单买的饭呢	I thought it was a 9.9 yuan discount meal.	I thought it was a 9.9-yuan group-buy meal deal
B-NEO-104	NEO	46.37	52.66	6.29	48.67	46.54	-2.12	0	0	0	向佐药水哥梦幻联动！	The Dreamy Sync with Suo Qipu!	向佐药水哥跨界合作！	Cross-promoting the drug, Zuo Yousheng!	Xiang Zuo and Yaoshui-ge, a dream crossover!
B-NEO-105	NEO	65.51	64.31	-1.20	43.47	43.94	0.47	0	0	0	电子榨菜配跳跳糖	Electronic fruit salad with jumpers	下饭视频配跳跳糖	Fruit video with jumping sugar	comfort-viewing video paired with popping candy
B-NEO-106	NEO	85.33	96.50	11.17	46.53	82.30	35.77	0	0	0	这声音绝绝子	This sound is so sweet.	这声音好极了	This sound is very good.	this voice is simply divine
B-NEO-107	NEO	61.30	57.47	-3.83	58.17	61.81	3.64	0	100	100	假师傅让拜，真师傅反而不让拜，难绷了	The master let him pray, the true master instead refused to pray, making it difficult.	假师傅让拜，真师傅反而不让拜，让人无语了	The master let him pray, the true master instead refused to pray, making the people speechless.	the fake master lets you bow to him, but the real master won't — I can't even
B-NEO-108	NEO	69.68	22.33	-47.36	50.80	34.50	-16.29	0	0	0	一想到一睁眼就有倒计时就难绷	I think I woke up with a countdown.	一想到一睁眼就有倒计时就受不了	I can't see the original text. Please provide the sentence you'd like me to translate.	the thought of waking up to a countdown every day just breaks me
B-MIX-092	MIX	91.38	84.64	-6.74	71.08	69.79	-1.28	100	0	-100	完全不给队友上buff的机会	No opportunity for the teammate to gain a buff.	完全不给队友上增益的机会	No opportunity for teammates to gain.	gives teammates zero chance to apply buffs
B-MIX-093	MIX	42.38	29.12	-13.26	41.92	40.07	-1.85	100	0	-100	不会侵蚀后全是boss吧	It won't erode everything being boss.	不会侵蚀后全是头目吧	It won't erode the head of all.	don't tell me everything after the corruption is a boss
B-MIX-094	MIX	77.47	94.01	16.54	50.14	66.17	16.03	100	0	-100	顾客：心平气和.jpg	Customer: Heart-palatable.jpg	顾客：心平气和的表情包	Customer: A calm and composed face.	customer: calm-and-composed.jpg
B-MIX-095	MIX	88.26	83.11	-5.15	69.50	63.27	-6.23	100	100	0	海皇cpu高速运转中……	The CPU is running at high speed.	海皇大脑高速运转中……	The brain of the Emperor's Palace is running at high speed.	the Sea Emperor's CPU is running at full speed……
B-MIX-096	MIX	75.84	71.56	-4.28	60.55	65.60	5.04	100	0	-100	可以无限卡bug，站起来再躺下去，站起来再躺下去。	You can keep bug-carrying indefinitely, stand up and then lie down again, stand up and then lie down again.	可以无限卡漏洞，站起来再躺下去，站起来再躺下去。	You can keep the vulnerability, stand up again and lie down, stand up again and lie down.	you can exploit the bug endlessly — stand up, lie back down, stand up, lie back down.
B-MIX-097	MIX	31.68	37.20	5.52	44.65	51.71	7.07	0	0	0	在扳机的视频里刷什么悠真真的很ky好吧	What's on the trigger's video? It's really good.	在扳机的视频里刷什么悠真真的很不会看气氛好吧	What's on the trigger's video? It's really hard to follow the mood.	spamming Harumasa comments on a Trigger video is honestly so tone-deaf, okay
B-MIX-098	MIX	87.93	76.35	-11.58	49.92	64.40	14.48	100	0	-100	别什么过场都搞qte，破坏连贯	What's more, there's no need for a QTE to disrupt the flow.	别什么过场都搞快速反应事件，破坏连贯	What's more, don't focus on quick reaction events that disrupt the flow.	stop putting QTEs in every cutscene, it ruins the flow
B-MIX-099	MIX	85.10	66.28	-18.81	66.57	44.97	-21.60	0	0	0	不是哥们，怎么pv就删了。	Not my friend, how did you delete it?	不是哥们，怎么宣传片就删了。	Not my friend, why did the宣传片 delete?	wait bro, why did the PV get deleted.
B-MIX-100	MIX	93.56	93.29	-0.27	73.31	77.44	4.13	100	100	0	要是做出这样的mod，那就有意思了	If you make such a mod, it makes sense.	要是做出这样的模组，那就有意思了	If you make such a module, it makes sense.	if someone made a mod like this, that would be fun
B-MIX-101	MIX	75.21	79.61	4.40	56.83	58.25	1.41	0	0	0	omg！这是谁家的小孩这么有出息啊啊啊啊啊	Oh! This is who's got such a good talent!	我的天！这是谁家的小孩这么有出息啊啊啊啊啊	My God! This is who's got such a good talent!	omg! whose kid is this, so talented ahhhh
B-MIX-102	MIX	87.83	88.96	1.13	59.86	62.35	2.49	100	100	0	很多老外不知道田一鸣叫什么，就叫他super idol	Many foreigners don't know what he's called, just call him Super Idol.	很多老外不知道田一鸣叫什么，就叫他超级偶像	"Many foreigners don't know what he's called, just call him ""Super Idol."""	many foreigners don't know Tian Yiming's name, so they just call him super idol
B-MIX-103	MIX	73.36	53.32	-20.04	56.62	60.25	3.62	100	0	-100	知名up主老番茄视频内容不慎跌回五年前的水平	The famous up who uploaded the video content has fallen back to the level of five years ago.	知名视频作者老番茄视频内容不慎跌回五年前的水平	A famous video author, Tom, has fallen back to the level of his five-year-old video content.	famous uploader LaoFanQie's video content has accidentally slipped back to its level five years ago
B-MIX-104	MIX	91.90	62.26	-29.64	80.70	66.92	-13.78	100	0	-100	我打个csgo心跳都能160	I can play CS:GO with a heart rate of 160.	我打个反恐精英心跳都能160	I could have a heart rate of 160 beats per minute while fighting a counter-terrorism operation.	my heart rate hits 160 just playing CS:GO
B-MIX-105	MIX	99.60	96.69	-2.91	63.65	86.40	22.76	100	100	0	回答我，鸟为什么会飞？ Look at my eye, tell me why!	Why do birds fly? Look at my eye, tell me why!	回答我，鸟为什么会飞？ 看着我的眼睛，告诉我为什么！	Answer: Why do birds fly? Look at my eyes and tell me!	answer me, why can birds fly? Look at my eye, tell me why!
B-MIX-106	MIX	94.20	93.44	-0.76	79.65	80.26	0.61	100	100	0	这里应该说的是welcome to shaolin 吧	Welcome to Shaolin!	这里应该说的是欢迎来到少林 吧	Welcome to Shaolin!	what he should have said here is welcome to Shaolin, right
B-MIX-107	MIX	83.90	91.77	7.87	62.53	65.37	2.84	100	100	0	这BGM给我干天津去了	This BGM makes me go to Tianjin.	这背景音乐给我干天津去了	This background music took me to Tianjin.	this BGM just teleported me straight to Tianjin
B-MIX-108	MIX	49.65	58.17	8.51	47.12	51.71	4.59	100	100	0	小八和啵哝就像是妈妈带了个teenager出来我服了。	Eight and Bao-Long look like a teenager that I have been taken out by my mom.	小八和啵哝就像是妈妈带了个青少年出来我服了。	Little Eight and Bao Nong look like a teenager that I took with my mom.	Xiaoba and Bonong are just like a mom taking a teenager out, I can't with them.
B-MIX-109	MIX	67.57	63.88	-3.69	63.84	63.58	-0.27	100	100	0	其实我不仅是rapper，我还是DJ，香蜜湖你听见了吗	Actually, I'm not just a rapper, I'm also a DJ, and you heard the fragrance of the香蜜湖?	其实我不仅是说唱歌手，我还是打碟师，香蜜湖你听见了吗	Actually, I'm not just a rapper, I'm also a DJ, and you heard the fragrance of the香蜜湖?	actually I'm not just a rapper, I'm also a DJ — Xiangmi Lake, can you hear me
B-MIX-110	MIX	56.69	68.32	11.62	50.80	48.80	-2.00	100	0	-100	我家小逻怎么成敌方boss单位了？还有精英干员长颈鹿	What's the current status of the enemy boss unit in my home? And what's the elite commander Long Neck?	我家小逻怎么成敌方头目单位了？还有精英干员长颈鹿	What's the enemy's headmaster unit? And the elite commander Luqiu?	how did my Xiaoluo become an enemy boss unit? and there's an elite operator giraffe too
B-MIX-111	MIX	56.89	65.27	8.38	41.75	57.72	15.97	0	0	0	看得ptsd犯了	See that PSTD has committed	看得创伤后应激障碍犯了	After experiencing post-traumatic stress disorder.	watching this triggered my PTSD
B-MIX-112	MIX	92.77	83.00	-9.77	77.03	72.63	-4.39	100	0	-100	我独自拯救一切Pro max	I alone saved all of it. Pro max	我独自拯救一切加强版	I alone saved all the enhanced version.	I Alone Save Everything, Pro Max edition
B-MIX-113	MIX	92.18	93.46	1.28	60.75	63.95	3.20	0	0	0	那是债主催债了bro	That's the creditor demanding money.	那是债主催债了兄弟	That's the creditor demanding money from you.	that's the creditor coming to collect, bro
B-MIX-114	MIX	57.94	71.04	13.10	74.57	76.65	2.09	0	0	0	姐！邀请宋雨琦上节目！E人很适合！章昊也是！	Dear! Invite Song Yuqic to the show! The person is very suitable! Zhang Hao is also!	姐！邀请宋雨琦上节目！外向的人很适合！章昊也是！	Dear! Invite Song Yuqic to the show! People who are outgoing are very suitable! Zhang Hao is also!	sis! invite Song Yuqi onto the show! extroverts are perfect for it! Zhang Hao too!
B-MIX-115	MIX	66.73	54.15	-12.59	56.90	59.14	2.24	0	100	100	好阳光啊，这一定是相互救赎的少女乐队故事吧www	Oh sunlight, this must be a story about a girl who is in mutual redemption.	好阳光啊，这一定是相互救赎的少女乐队故事吧哈哈哈	Oh sunlight, this must be a story about a girl who is both rescued and reborn, haha.	so wholesome — this must be a girls-band story of mutual redemption lol
B-MIX-116	MIX	83.19	75.38	-7.81	74.67	80.90	6.23	0	100	100	小时候我没有cp这个概念，一直认为这俩只是朋友	I didn't have the concept of CP at all, and I thought these were just friends.	小时候我没有情侣配对这个概念，一直认为这俩只是朋友	I didn't have a romantic relationship with someone until I was older, and I thought that the two were just friends.	as a kid I had no concept of shipping — I always thought these two were just friends
B-MIX-117	MIX	60.98	84.62	23.64	40.48	63.76	23.27	0	0	0	妹妹在cos商鞅吗	The sister is a cos 商鞅?	妹妹在扮演商鞅吗	The girl is playing the role of Shanggeng.	is the girl cosplaying Shang Yang
B-MIX-118	MIX	94.35	88.53	-5.81	79.53	68.89	-10.64	100	0	-100	哎呀，蚊子得了MVP！	Oh, the mosquito got MVP!	哎呀，蚊子得了全场最佳！	Oh, the mosquito got the best of the game!	oops, the mosquito got the MVP!
B-MIX-119	MIX	93.78	94.95	1.17	82.49	82.65	0.16	100	100	0	这都ai配音了，字幕当然也是ai啊	These are all AI voiceovers, and the subtitles are also AI.	这都人工智能配音了，字幕当然也是人工智能啊	These are all AI voice-overs, and the subtitles are also AI.	the voiceover is already AI, so of course the subtitles are AI too
B-MIX-120	MIX	85.01	84.62	-0.39	79.64	75.69	-3.95	0	0	0	谁还没看我都会伤心的OK？	Who hasn't seen me yet will be sad.	谁还没看我都会伤心的好吗？	Who hasn't seen me yet will be sad.	if anyone hasn't watched this yet I'll be sad, OK?
B-MIX-121	MIX	69.49	75.04	5.55	41.24	40.97	-0.27	0	100	100	少看一天b站都剪不出来	Don't watch a day on B站 and you can't get it down.	少看一天哔哩哔哩都剪不出来	Don't watch a day on Bilibili and you can't make it.	skip even one day of Bilibili and you couldn't edit this
B-MIX-122	MIX	91.06	98.04	6.99	81.48	83.56	2.08	100	100	0	只是一个道歉，but这个道歉的代价实在太高	A simple apology, but this apology is worth far more.	只是一个道歉，但是这个道歉的代价实在太高	A simple apology, but the cost of this apology is too high.	it's just an apology, but the price of this apology is way too high
B-MIX-123	MIX	69.62	68.30	-1.33	45.67	53.42	7.75	100	0	-100	记者会？不，个人show time	The reporter will not, personal show time.	记者会？不，个人表演时间	The reporter will not, personal performance time.	a press conference? no, it's personal show time
B-MIX-124	MIX	84.67	86.55	1.88	66.54	72.15	5.61	0	0	0	这一场演得不好，应该喊cut重来	This performance was bad, so you should call it out and try again.	这一场演得不好，应该喊停重来	This performance was bad, so it should be restarted.	this scene was badly acted, someone should call cut and redo it
B-MIX-125	MIX	94.20	95.53	1.33	75.55	61.01	-14.55	0	100	100	喝水这part我真的笑了	I laughed at drinking water.	喝水这部分我真的笑了	I laughed at this part.	the water-drinking part genuinely made me laugh
B-MIX-126	MIX	96.63	95.09	-1.53	43.69	64.39	20.70	100	0	-100	中式恐怖，真的next level	Next-level Chinese terrorism	中式恐怖，真的更上一层楼	Chinese horror, really more advanced	Chinese-style horror, truly next level
B-MIX-127	MIX	97.45	96.85	-0.61	79.41	82.74	3.33	100	0	-100	他们都在好奇那个npc是谁扮的	They were all curious who the NPC was.	他们都在好奇那个非玩家角色是谁扮的	They were all curious who was playing the non-player character.	they're all wondering who played that NPC
B-MIX-128	MIX	76.28	75.99	-0.29	74.72	67.60	-7.12	0	100	100	os好想看张桂源也来一期	I'd like to see Zhang Guoyun also come on a session.	内心独白好想看张桂源也来一期	Inner monologue, I would like to see Zhang Guoyun also come on a session.	inner monologue: I really want to see Zhang Guiyuan do an episode too
B-MIX-129	MIX	93.46	93.86	0.40	75.06	71.33	-3.73	100	0	-100	我已经走在了country road 上了	I have been walking on the country road.	我已经走在了乡间小路 上了	I have walked along the countryside road.	I'm already walking on the country road
B-MIX-130	MIX	74.50	93.82	19.32	42.75	77.35	34.60	0	0	0	从来没有get到他颜值	Never got to him's颜值	从来没有领略到他颜值	Never experienced his beauty	I've never gotten the appeal of his looks
B-MIX-131	MIX	93.98	86.74	-7.24	57.26	49.26	-8.00	100	100	0	看哪一只eye啊sir	Sir, look at that eye.	看哪一只眼啊长官	Which eye is the official one?	looking at which eye, sir
B-MIX-132	MIX	98.45	87.33	-11.12	30.75	81.03	50.28	100	100	0	天磊：what can I say	What can I say?	天磊：我能说什么	Liu Tian: What can I say?	Tianlei: what can I say
B-MIX-133	MIX	54.65	75.12	20.47	69.76	73.42	3.66	0	100	100	唉，我去，真的有比利诶。该不会是暗示sp比利吧	Ah, I went, and there's Billy. It's probably implying Billy.	唉，我去，真的有比利诶。该不会是暗示特殊版比利吧	Ah, I went there, and it's really Billy. That's probably a hint of a special version of Billy.	whoa, there really is a Billy — could this be hinting at an SP Billy
B-MIX-134	MIX	81.08	84.29	3.21	57.18	69.61	12.43	100	100	0	摊主，我也是你们play中的一环吗	The organizer, I am also one of your play?	摊主，我也是你们角色扮演中的一环吗	The host, I am also one of your role-playing characters.	stall owner, am I also part of your roleplay
B-MIX-135	MIX	88.81	87.81	-1.00	44.47	57.71	13.24	100	100	0	抽me,please抽me	Please, take me.	抽我,请抽我	Please take me.	draw me, please draw me
B-MIX-136	MIX	96.95	72.59	-24.36	76.13	48.16	-27.97	100	0	-100	boss已进入二阶段	Boss has entered the second phase.	头目已进入二阶段	The meal has entered the second stage.	the boss has entered phase two
B-MIX-137	MIX	60.59	72.49	11.91	68.19	69.52	1.33	0	0	0	这里是以为他要长期练，mcn没沟通好	"Here is the translated result: ""This is because he was thinking he would need to train long-term, and MNCN didn't communicate well."""	这里是以为他要长期练，传媒公司没沟通好	"Here is the translated result: ""This is because he was expected to train long-term, and the media company did not communicate well."""	here they thought he'd be training long-term — the MCN agency didn't communicate properly
B-MIX-138	MIX	55.32	42.29	-13.03	72.55	80.10	7.55	0	0	0	加拉赫上线一年了还在c	Gharar has been online for one year and still in C.	加拉赫上线一年了还在当主力	Gharar has been on the roster for a year and still serves as the main player.	Gallagher has been out for a year and is still carrying
B-MIX-139	MIX	75.96	83.54	7.58	68.17	74.64	6.47	100	0	-100	直伤+超击破+dot伤害	Direct hit + Dribble hit + Dot damage	直伤+超击破+持续伤害	Direct hit + Superkick + Continuous damage	direct damage + super break + DoT damage
B-HOM-133	PYA	35.88	68.33	32.45	33.91	75.14	41.23	0	100	100	兄dei  成佛吧   修仙太难了	Dearest, be free of the world, and seek enlightenment.	兄弟  成佛吧   修仙太难了	Brothers, go to enlightenment. It's hard to become a wizard.	bro, just become a buddha — cultivating immortality is too hard
B-HOM-134	HOM	46.63	34.45	-12.17	69.04	59.98	-9.06	0	0	0	我真怕药水一拳给向左打晕过去	I really fear the poison will hit me on the left side and make me faint.	我真怕药水一拳给向佐打晕过去	I really fear the medicine hits him in the head.	I'm really afraid Yaoshui will knock Xiang Zuo out with one punch
B-HOM-135	HOM	83.27	80.25	-3.02	44.92	46.96	2.04	0	0	0	甲亢哥：我还能再看亿遍	I can see it again and again.	甲亢哥：我还能再看一亿遍	I can see it again and again.	Jiakang Bro: I could watch this a hundred million more times
B-NEO-109	NEO	50.40	75.31	24.91	53.87	60.65	6.78	0	0	0	逆天，吴国给日本朝贡都来了	The emperor of Wu, the Japanese vassal state, came to offer tribute to the emperor of the Han dynasty.	离谱，吴国给日本朝贡都来了	Unusual, the Han Dynasty offered tribute to the Japanese Emperor.	outrageous — now we've even got the Wu kingdom paying tribute to Japan
B-NEO-110	NEO	46.83	70.45	23.62	38.66	56.23	17.57	0	0	0	泪目了，米哈游你坏事做尽	Lips are wet, and you've done bad things to me.	感动落泪了，米哈游你坏事做尽	Grieved, MiHou you did bad things.	I teared up — miHoYo, you've done every evil deed there is
B-NEO-111	NEO	71.32	87.02	15.70	62.28	77.87	15.59	0	0	0	双非大学生，还没进厂。光看这个社会环境已经感觉自己燃尽了	A non-foreign student, still in the factory. Looking at this social environment, I feel exhausted.	非重点大学的大学生，还没进厂。光看这个社会环境已经感觉自己精疲力竭了	The students of non-top-tier universities have not yet entered the factory. Looking at the social environment, it has already left me exhausted.	a non-elite-university student who hasn't even started working yet — just looking at this social environment I already feel burned out
B-NEO-112	NEO	66.08	77.04	10.96	45.42	69.64	24.22	0	0	0	看勇哥直播，各种神人	Watch the live stream of Yong.	看勇哥直播，各种行为离谱的人	Watch the live stream of Yong, and various people with bizarre behaviors.	watching Brother Yong's streams, you see all kinds of absolute characters
B-NEO-113	NEO	77.09	39.24	-37.85	74.31	72.67	-1.63	0	0	0	太真实了，想到的那句话发现他可能听不懂于是在后面加点补丁	That's really true, and thinking of that sentence, I realized he might not understand it, so I added a patch.	太真实了，想到的那句话发现他可能听不懂于是在后面加点补充说明	The truth is amazing, and I realized that the sentence I thought of might be hard to understand, so I added some additional explanation.	so true — you think of a comeback, realize he might not get it, and then tack some patches onto it
B-NEO-114	NEO	87.08	84.15	-2.93	67.18	72.20	5.03	0	0	0	为什么能匹到这么多神人	Why can so many gods be matched?	为什么能匹配到这么多行为离谱的人	Why so many people are behaving in such strange ways.	how do I keep getting matched with so many absolute characters
B-NEO-115	NEO	79.77	88.91	9.13	57.09	79.39	22.30	0	0	0	所以男主在嘎掉的威胁下领悟了？	So the protagonist learned from the threat.	所以男主在死掉的威胁下领悟了？	So the protagonist learned in the threat of death?	so the male lead had his awakening under the threat of getting offed?
B-MIX-140	MIX	72.20	63.87	-8.33	52.14	46.57	-5.57	100	0	-100	这个zzz不会要给他出个动画吧？	This zzz won't give him an animation?	这个绝区零不会要给他出个动画吧？	This zone of exile won't give him an animation?	don't tell me ZZZ is going to make an anime for him?
B-MIX-141	MIX	73.94	81.84	7.90	54.73	69.47	14.74	0	0	0	怎么说呢 很怀疑up主的精神状态	What's the case? I'm quite skeptical about the up主's mental state.	怎么说呢 很怀疑视频作者的精神状态	What's the case? I'm quite doubtful about the author's mental state.	how do I put it — I seriously question this uploader's state of mind
B-MIX-143	MIX	92.29	49.29	-43.00	63.53	47.39	-16.14	100	100	0	他和背后的 n pc 格格不入	He and the NPC are not at all comfortable with each other.	他和背后的 非玩家角色 格格不入	He and the non-player characters have a good time.	he's completely out of place next to the NPC behind him
B-MIX-145	NEO	82.49	54.80	-27.70	35.32	56.63	21.31	100	0	-100	甲亢哥：我DNA动了	DNA moved: I	甲亢哥：我本能被唤醒了	Mood Swings: I was awakened instinctively.	Jiakang Bro: my DNA just moved
B-MIX-146	MIX	74.20	78.91	4.71	62.61	69.49	6.89	0	0	0	bro以为自己在演致命ID	I think I'm playing the deadly ID	这哥们以为自己在演致命ID	These guys think they're playing the deadly ID	bro thinks he's starring in Identity
B-MIX-147	MIX	94.45	95.46	1.00	72.83	76.47	3.64	0	0	0	干嘛突然cos班主任	Why did you suddenly become a teacher?	干嘛突然扮演班主任	Why did you suddenly act as a teacher?	why are you suddenly cosplaying as the homeroom teacher
B-MIX-148	MIX	85.52	70.12	-15.40	48.37	47.22	-1.16	100	0	-100	神作，没见过的mad种类呢	A new, unobserved type of mad.	神作，没见过的混剪视频种类呢	A new, unobserved video clip type.	a masterpiece — a kind of MAD I've never seen before
B-PYA-109	PYA	84.02	85.04	1.02	54.01	43.43	-10.58	0	0	0	拍了拍博士的石棺盖子hhhhh	Hhmm, the professor's coffin lid.	拍了拍博士的石棺盖子哈哈哈哈哈	Haha, I pressed the stone coffin lid!	gave the Doctor's stone coffin lid a little pat hahaha
B-PYA-110	PYA	76.98	97.21	20.22	59.18	84.63	25.44	0	100	100	万恶的zi ben jia	The evil thing is Zhi Ben Jia.	万恶的资本家	The most evil capitalist	the evil capitalists
B-PYA-111	PYA	73.74	44.62	-29.12	47.85	48.86	1.01	0	0	0	就说问啥听不到，nnd只带了一个耳机	What's the reason you can't hear? Only one earpiece.	就说问啥听不到，奶奶的只带了一个耳机	What's the reason you can't hear? My only earpiece is with my grandmother.	no wonder he said he couldn't hear anything — damn it, he only brought one earbud
