uid	category	xcomet_noisy	xcomet_clean	xcomet_d	kiwi_noisy	kiwi_clean	kiwi_d	nta_noisy	nta_clean	nta_d	src_noisy	hyp_noisy	src_clean	hyp_clean	ref_en
B-HOM-001	HOM	93.74	95.90	2.16	60.77	84.73	23.96	0	0	0	酱紫也行？那我也试试	Is that okay? I'll give it a try.	这样子也行？那我也试试	Is that okay? I'll give it a try.	this works? then let me try too
B-HOM-002	HOM	98.07	99.61	1.54	65.00	80.78	15.78	0	0	0	你怎么酱紫说话，人家会误会的	How can you talk like that? People will misunderstand.	你怎么这样子说话，人家会误会的	Why are you talking like that? People will misunderstand.	why do you talk like that, people will misunderstand
B-HOM-003	HOM	99.90	100.00	0.10	82.94	84.16	1.21	0	0	0	各位童鞋注意了，期末考试要来了	Attention students, final exams are coming soon!	各位同学注意了，期末考试要来了	Attention students, final exams are coming soon!	attention classmates, final exams are coming
B-HOM-004	HOM	92.26	97.05	4.79	78.07	82.15	4.08	0	100	100	童鞋们帮我看看这道题怎么做	Can you guys help me figure out how to do this problem?	同学们帮我看看这道题怎么做	Classmates, please help me figure out how to do this problem.	classmates help me figure out this problem
B-HOM-005	HOM	90.34	96.66	6.32	72.27	81.05	8.79	100	100	0	我真的好稀饭这个博主，太搞笑了	I really like this blogger, they're hilarious!	我真的好喜欢这个博主，太搞笑了	I really love this blogger, they're hilarious!	I really like this creator, too funny
B-HOM-006	HOM	95.49	100.00	4.51	58.25	86.19	27.94	100	100	0	你是不是稀饭我？直说嘛	Do you like me? Just say so.	你是不是喜欢我？直说嘛	Do you like me? Just say it.	do you like me? just say it
B-HOM-007	HOM	96.66	98.66	2.00	79.52	84.30	4.78	0	100	100	今天又是杯具的一天，出门忘带钥匙	Today was another unfortunate day; I forgot my keys when I went out.	今天又是悲剧的一天，出门忘带钥匙	Today was another tragic day; I forgot my keys when I went out.	another tragic day, forgot my keys going out
B-HOM-008	HOM	90.38	99.97	9.59	53.31	84.90	31.60	100	100	0	人生就是一个杯具接着一个杯具	Life is one tragedy after another.	人生就是一个悲剧接着一个悲剧	Life is one tragedy after another.	life is one tragedy after another
B-HOM-009	HOM	89.67	96.76	7.09	73.71	81.55	7.85	0	100	100	游戏过于神金，不确定先从哪里笑起	The game is too amazing, I'm not sure where to start laughing.	游戏过于神经，不确定先从哪里笑起	The game is too crazy, I'm not sure where to start laughing.	this game is so unhinged, not sure where to start laughing
B-HOM-010	HOM	70.61	93.14	22.53	66.57	72.39	5.82	0	100	100	都说我做饭神金，今天就做神金给你们吃	Everyone says I'm a master cook, so today I'll make some divine-grade meat for you all.	都说我做饭神经，今天就做神经给你们吃	Everyone says I'm a crazy cook, so today I'll make something crazy for you guys to eat.	y'all say I'm crazy in the kitchen, so today I'm cooking crazy for you
B-HOM-011	HOM	81.44	91.75	10.31	66.62	82.61	15.99	0	0	0	世界上最神金的行为	The most divine gold behavior in the world	世界上最神经的行为	The most neurotic behavior in the world	the most unhinged behavior in the world
B-HOM-012	HOM	70.62	93.68	23.07	55.64	65.16	9.52	0	0	0	被这离谱的主播笑拥了	I was laughing so hard at this outrageous streamer.	被这离谱的主播笑晕了	I'm dying of laughter at this outrageous streamer!	I'm dead from this absurd streamer
B-HOM-013	HOM	88.75	93.81	5.05	66.47	74.01	7.54	0	0	0	笑拥了！带货主播推荐的迷惑水果太离谱了吧	LOL! The perplexing fruits recommended by the livestreaming sales host are outrageous!	笑晕了！带货主播推荐的迷惑水果太离谱了吧	I'm dying of laughter! The bizarre fruits recommended by the livestreaming sales host are just too outrageous!	I’m dying laughing! Those weird fruits promoted by live stream sales hosts are ridiculous.
B-HOM-014	HOM	91.70	93.14	1.44	76.32	79.52	3.20	0	0	0	新来的00后程序员写的代码，看到这段注释真的快把我笑拥了	The code written by the new Gen Z programmer almost made me burst out laughing when I saw this comment.	新来的00后程序员写的代码，看到这段注释真的快把我笑晕了	The code written by the new Gen Z programmer almost made me laugh to death when I saw this comment.	the new Gen Z programmer's code, seeing this comment almost killed me laughing
B-HOM-016	NEO	77.67	92.70	15.03	72.56	73.72	1.16	0	0	0	考试没复习直接寄，明年再来	I didn't study for the exam, so I just sent it to them. I'll come back next year.	考试没复习直接完了，明年再来	I failed the exam without studying, I'll have to try again next year.	didn't study for the exam, it's over, see you next year
B-HOM-018	HOM	63.66	84.23	20.57	50.09	64.27	14.18	0	0	0	火钳流明，这帖子要火	Fire tongs and lumens, this post is going to go viral.	火前留名，这帖子要火	Leaving my mark before this post goes viral; it's going to be a hit!	leaving a name before this blows up, this post is about to go viral
B-HOM-019	HOM	82.32	97.33	15.02	71.49	84.59	13.10	0	0	0	雀食好笑，不骗你	Sparrows eating is funny, I'm not kidding.	确实好笑，不骗你	It's really funny, I'm not kidding.	it's genuinely funny, no cap
B-HOM-021	HOM	97.82	99.40	1.58	82.54	84.69	2.15	0	100	100	沃草，这无人机表演太震撼了	Wow, that drone show was absolutely amazing!	我操，这无人机表演太震撼了	Holy crap, that drone show was amazing!	holy crap, this drone show is insane
B-HOM-023	HOM	41.51	59.63	18.13	64.53	47.22	-17.31	0	0	0	你想peach呢，哪有这么好的事	You want a peach? There's no such thing as a free lunch.	你想屁吃呢，哪有这么好的事	You wish! There's no such thing as a free lunch.	you're dreaming, how can something that good happen
B-HOM-024	HOM	95.19	96.85	1.66	79.97	84.26	4.28	100	100	0	别虾扯蛋了，老师说的都是真的吗	Stop talking nonsense, is everything the teacher said true?	别瞎扯淡了，老师说的都是真的吗	Stop talking nonsense, is everything the teacher said true?	stop talking BS, is what the teacher said even true
B-HOM-025	HOM	71.50	74.83	3.33	68.75	51.22	-17.53	0	0	0	先报上自己的分数啊搞辣菜	First, state your score and then prepare spicy dishes.	先报上自己的分数啊搞拉踩	First, state your score; don't try to put others down.	dropping your score first before throwing shade smh
B-HOM-026	HOM	78.33	98.96	20.63	57.93	77.36	19.42	0	0	0	蚌埠住了，腾讯这泄密处理速度也太快了吧	Bengbu is stunned. Tencent's speed in handling this data leak is astounding!	绷不住了，腾讯这泄密处理速度也太快了吧	I can't hold back anymore, Tencent's response to this data leak is way too fast!	I can't hold it in anymore, Tencent's speed in handling this leak is just too fast
B-HOM-027	HOM	73.43	73.70	0.27	78.69	70.91	-7.78	0	0	0	嗷利给，西班牙第一了	Awesome, Spain is number one!	奥利给，西班牙第一了	Awesome, Spain is number one!	Aigoo Spain took first place let's gooo
B-HOM-028	HOM	63.92	73.70	9.78	51.92	78.65	26.73	0	0	0	这配置针不戳，性价比拉满	This configuration is excellent, and the price-performance ratio is top-notch.	这配置真不错，性价比拉满	This configuration is really good, and the price-performance ratio is excellent.	This setup slaps, value for money off the charts
B-HOM-029	HOM	55.64	59.56	3.93	55.24	59.00	3.76	0	0	0	赛里木湖这操作针不戳啊，景区打人还能辞退就完事了？	The actions taken at Sayram Lake are really questionable. They think they can just fire someone for assaulting them and call it a day?	赛里木湖这操作真不错啊，景区打人还能辞退就完事了？	Sayram Lake's handling of this is really something else. They can just fire someone for assaulting them at the scenic area and that's it?	Sarim Lake's handling is just great, beating people at a scenic spot and just firing them is that it?
B-HOM-030	HOM	62.22	97.98	35.76	56.50	80.44	23.95	0	100	100	蚌埠住了，这也太好笑了吧	Bengbu is living here? This is hilarious!	绷不住了，这也太好笑了吧	I can't hold it in anymore, this is too funny!	bruh I can't hold it in this is too funny lmao
B-HOM-031	HOM	92.53	91.81	-0.72	80.12	81.29	1.17	0	0	0	卧槽317万年终奖就这么没了？	Holy crap, my 3.17 million yuan year-end bonus just vanished like that?	我操317万年终奖就这么没了？	Holy crap, my 3.17 million yuan year-end bonus just vanished like that?	Wtf, 3.17 million year-end bonus just gone like that?
B-HOM-032	HOM	70.63	93.86	23.24	77.46	78.59	1.13	0	100	100	你就耗子尾汁吧，别折腾了	Just use rat tail juice, don't bother with anything else.	你就好自为之吧，别折腾了	You should just take care of yourself and stop making trouble.	watch yourself bro stop messing around
B-HOM-033	HOM	90.13	92.45	2.32	61.87	71.95	10.09	0	100	100	王虹这波属实深藏blue了，拿完奖还这么低调	Wang Hong is truly hiding her true colors; she's remained so low-key even after winning the award.	王虹这波属实深藏不露了，拿完奖还这么低调	Wang Hong has truly kept a low profile this time; she remained so modest even after winning the award.	Wang Hong has truly been hiding her talents, so low-key after winning the award
B-HOM-034	HOM	58.75	97.77	39.02	67.86	78.84	10.97	0	100	100	蚌埠住了这也太搞笑了	Living in Bengbu is hilarious!	绷不住了这也太搞笑了	I can't hold it in anymore, this is too funny!	can't hold it in anymore this is way too funny fr
B-HOM-035	HOM	76.65	88.33	11.68	48.62	82.72	34.10	0	100	100	看到50亿离婚案的消息我直接蓝瘦香菇	Seeing the news of the 5 billion yuan divorce case made me feel utterly heartbroken.	看到50亿离婚案的消息我直接难受想哭	Seeing the news of the 5 billion yuan divorce case made me feel so sad I wanted to cry.	Seeing the news about the 5 billion divorce case, I'm so sad I could cry
B-HOM-036	HOM	79.59	91.43	11.85	48.95	80.83	31.88	100	0	-100	针不戳，这个视频做得真好	This video is really well made, not bad.	真不错，这个视频做得真好	This video is really good, it's excellent.	not bad this video is actually fire
B-HOM-037	HOM	75.53	85.64	10.11	54.10	58.82	4.73	0	0	0	这景区管理duck不必，7个人打一个司机	The management of this scenic area is completely unnecessary; seven people were crammed into one driver.	这景区管理大可不必，7个人打一个司机	This scenic area management is completely unnecessary; seven people were crowding one driver.	This scenic area management is totally unnecessary, 7 people beating one driver
B-HOM-038	HOM	98.34	98.57	0.23	58.41	84.52	26.12	0	0	0	这个颜色灰常好看	This color is very beautiful.	这个颜色非常好看	This color is very beautiful.	this color looks really good ngl
B-HOM-039	HOM	85.66	83.19	-2.48	64.32	63.90	-0.42	0	0	0	腾讯这波操作属于是虾仁猪心了	Tencent's move is utterly disingenuous.	腾讯这波操作属于是杀人诛心了	Tencent's move is akin to killing someone and crushing their spirit.	Tencent's move this time is truly adding insult to injury
B-HOM-040	HOM	88.07	82.27	-5.81	57.94	58.77	0.83	0	0	0	有内味了，就是这个感觉	That's the vibe, that's the feeling!	有那味了，就是这个感觉	That's the taste, that's the feeling!	got that vibe this is the feeling
B-HOM-041	HOM	79.70	92.11	12.41	78.27	78.25	-0.02	0	100	100	泄密被辞退永不录用，这员工只能耗子喂汁了	The employee who leaked information was fired and will never be rehired; now he can only be fed with mouse juice.	泄密被辞退永不录用，这员工只能好自为之了	This employee was fired and will never be rehired for leaking information; they'd better watch themselves.	Fired for leaking and never to be rehired, this employee better watch out
B-HOM-042	HOM	99.49	99.95	0.46	78.00	85.57	7.57	100	0	-100	这部剧的女主造型好康	The female lead's look in this drama is gorgeous!	这部剧的女主造型好看	The female lead in this drama looks beautiful.	the female lead's look in this drama is gorgeous
B-HOM-043	HOM	65.32	50.32	-15.01	60.80	52.67	-8.13	0	0	0	耗子尾汁，好自为之吧	Rat tail juice, you'd better watch yourself.	好自为之，好自为之吧	Take care of yourself, take care of yourself.	Learn your lesson and shape up.
B-HOM-044	HOM	85.48	96.06	10.58	38.92	83.82	44.90	0	100	100	这个操作太虾仁了	This is too much!	这个操作太吓人了	This operation is terrifying.	this play is straight up terrifying
B-HOM-045	HOM	83.44	92.33	8.89	66.75	67.91	1.16	0	100	100	中国女排这波直接丸辣，美国队不服不行	The Chinese women's volleyball team's performance was absolutely stunning; the American team has no choice but to admit defeat.	中国女排这波直接完啦，美国队不服不行	The Chinese women's volleyball team is completely finished this time; the American team has no choice but to admit defeat.	China's women's volleyball team is done for this time, the US team has to admit defeat
B-HOM-046	HOM	74.07	100.00	25.93	65.04	81.62	16.58	0	100	100	鸭力好大，快要顶不住了	The duck is so strong, I can't hold on much longer.	压力好大，快要顶不住了	The pressure is immense, I can't take it anymore.	the pressure is so high can't hold on anymore
B-HOM-047	HOM	41.67	100.00	58.33	54.27	87.99	33.72	0	100	100	窝五碎！！！	This is utterly awful!	我五岁！！！	I'm five years old!!!	I'm five years old!!!
B-HOM-048	HOM	85.42	85.21	-0.21	78.09	80.81	2.72	0	0	0	赛里木湖这事整得灰常离谱	The Sayram Lake incident is extremely absurd.	赛里木湖这事整得非常离谱	The Sayram Lake incident is extremely absurd.	The Sarim Lake incident is really outrageous
B-HOM-049	HOM	91.84	93.84	2.00	83.79	84.36	0.57	0	0	0	看完这帖子我直接笑嘻了	I burst out laughing after reading this post.	看完这帖子我直接笑死了	I died laughing after reading this post.	after reading this post I'm dead lmao
B-HOM-050	HOM	83.44	98.45	15.01	70.82	85.88	15.06	0	100	100	看完这个视频我蕉绿了	I turned green after watching this video.	看完这个视频我焦虑了	I felt anxious after watching this video.	after watching this vid I'm straight up anxious
B-HOM-051	HOM	86.82	96.94	10.12	39.81	82.87	43.07	0	0	0	看完女排比赛我直接鸭梨山大	I felt incredibly stressed after watching the women's volleyball match.	看完女排比赛我直接压力山大	I felt incredibly stressed after watching the women's volleyball match.	After watching the women's volleyball match, I'm under enormous pressure
B-HOM-052	HOM	57.59	79.65	22.06	67.02	75.85	8.83	0	100	100	笑鼠了！一会抛梗一会接梗	Laughing mouse! One minute it's throwing out a joke, the next it's catching it.	笑死了！一会抛梗一会接梗	I'm dying of laughter! One minute they're throwing out a joke, the next they're catching it.	dying of laughter! one sec they set up the joke next sec they're playing along
B-HOM-053	HOM	90.24	91.63	1.39	69.22	67.46	-1.76	100	0	-100	测评娃哈哈高透史莱姆好好康	Wahaha High Transparency Slime Review: It's So Good!	测评娃哈哈高透史莱姆好好看	Wahaha's high-transparency slime looks amazing!	reviewing Wahaha's crystal clear slime it looks so good
B-HOM-054	HOM	93.01	94.26	1.26	50.14	82.76	32.62	0	0	0	窝巢，这也太厉害了吧	Wow, that's amazing!	我操，这也太厉害了吧	Holy crap, that's amazing!	wtf this is too insane bruh
B-HOM-055	HOM	78.89	97.23	18.34	74.12	81.94	7.82	0	0	0	笑的想鼠	Laughing like a mouse	笑的想死	Laughing to death	laughing till I die
B-HOM-056	HOM	56.54	82.11	25.58	75.51	79.33	3.82	0	0	0	这里是孙吧忏悔室，一人忏悔一件你觉得最厨神的事	This is Sunba's Confession Room, where each person can confess one thing they think is the most amazing thing about a chef.	这里是孙吧忏悔室，一人忏悔一件你觉得最畜生的事	This is Sunba's confession room, where each person confesses to the one thing they think is the most despicable thing.	welcome to Sun Bar confessional drop your most savage moment
B-HOM-057	HOM	84.33	99.03	14.70	76.08	83.30	7.22	0	0	0	关于玉玉症表妹喜欢上我的故事	The story of my cousin with Yu Yu syndrome falling in love with me	关于抑郁症表妹喜欢上我的故事	The story of my cousin with depression falling in love with me.	the story of how my depressed cousin fell for me
B-HOM-058	HOM	87.52	95.38	7.85	75.66	82.90	7.24	0	100	100	这是我女朋友 羡慕吗笑抽们🤣	This is my girlfriend. Aren't you jealous, everyone? LOL 🤣	这是我女朋友 羡慕吗小丑们🤣	This is my girlfriend. Aren't you jealous, clowns? 🤣	this is my gf. jealous you clowns? 🤣
B-HOM-059	HOM	81.30	81.61	0.31	66.86	67.03	0.17	100	0	-100	麻辣烫我只认元娘娘，口味多好7	For Mala Tang (spicy hot pot), I only trust Yuan Niangniang; the taste is so good!	麻辣烫我只认元娘娘，口味多好吃	For Mala Tang (spicy hot pot), I only trust Yuan Niangniang; the flavors are so delicious!	I only trust Yuan Niangniang for malatang it's so good
B-HOM-060	HOM	76.80	92.91	16.11	72.10	59.95	-12.15	0	0	0	可爱的小香猪变成了温暖的答辩	The adorable little pig turned into a heartwarming defense.	可爱的小香猪变成了温暖的大便	The cute little pig turned into warm poop	a cute little guinea pig turned into warm crap
B-HOM-061	HOM	93.06	98.35	5.29	80.90	84.81	3.91	100	0	-100	我要笑亖了卧槽	I'm laughing so hard, holy crap!	我要笑死了卧槽	I'm dying of laughter, holy crap!	I'm gonna die laughing oh shit
B-HOM-062	HOM	77.34	94.15	16.82	73.63	80.09	6.47	0	0	0	时间长了搞亖你	It will mess with you over time.	时间长了搞死你	It'll kill you if it goes on for too long.	I'll work you to death over time
B-HOM-063	HOM	85.16	80.59	-4.57	73.38	62.28	-11.10	0	0	0	笑亖了家人们谁懂啊	I laughed so hard, but none of my family members understand.	笑死了家人们谁懂啊	LOL, family members, who would understand?	dying of laughter fam who understands
B-HOM-064	HOM	62.40	98.15	35.75	48.89	87.63	38.74	0	0	0	她居然紫砂了	She actually made Zisha teapots.	她居然自杀了	She actually committed suicide.	she actually offed herself
B-HOM-065	HOM	49.64	49.32	-0.32	68.43	72.16	3.73	100	100	0	小哥：我真妹骗人！！我真给白衣女鬼送过餐！！你不知道哟！我魂都快没了，那餐是一点都没撒！！没办法，这就是哥的实力！	Guy: I'm not lying!! I really did deliver food to the woman in white!! You wouldn't believe it! I was practically scared out of my wits, but not a single bite of the food spilled!! That's just how powerful I am!	小哥：我真没骗人！！我真给白衣女鬼送过餐！！你不知道哟！我魂都快没了，那餐是一点都没撒！！没办法，这就是哥的实力！	Deliveryman: I'm not lying!! I really did deliver food to the woman in white!! You wouldn't believe it! I was practically scared out of my wits, but not a single bite of the food spilled!! That's just how powerful I am!	Bro: I seriously didn't lie!! I really delivered food to the girl ghost in white!! You don't know! I nearly lost my soul, not a single drop spilled on that delivery! No choice, this is bro's skill!
B-HOM-066	HOM	63.66	74.00	10.34	50.62	54.59	3.97	0	0	0	博主成功把中二拍成沙子了	The blogger successfully turned chuunibyou (adolescent delusions of grandeur) into sand.	博主成功把中二拍成傻子了	The blogger successfully turned chuunibyou (a person with delusions of grandeur) into an idiot.	The blogger successfully made the edgy act look like a fool
B-HOM-067	HOM	73.44	95.89	22.45	73.69	84.98	11.29	0	0	0	肺雾才需要爱情，神都是孤独的	Lung phlegm is what needs love; even gods are lonely.	废物才需要爱情，神都是孤独的	Only useless people need love; even gods are lonely.	Only the weak yearn for love; gods are destined to be alone.
B-HOM-068	HOM	95.64	96.62	0.98	73.93	85.08	11.16	100	100	0	我在学校哭别人鸟都不鸟我	At school, nobody pays any attention to me when I cry.	我在学校哭别人理都不理我	When I cry at school, nobody pays any attention to me.	I cried at school and nobody even paid attention to me
B-HOM-069	HOM	83.63	80.62	-3.01	45.13	54.56	9.43	0	0	0	现场偷挖被抓,夺笋呐!	They were caught illegally digging up bamboo shoots!	现场偷挖被抓,多损呐!	Getting caught illegally digging on-site is such a loss!	Caught digging secretly on site, so savage!
B-HOM-070	HOM	81.13	87.50	6.37	58.56	79.41	20.85	0	100	100	这个特效针不戛！	This special effect is so seamless!	这个特效真不尬！	This special effect isn't awkward at all!	This special effect is really not cringe!
B-HOM-071	HOM	46.76	93.29	46.54	32.59	58.69	26.10	100	100	0	要泥寡,雨女无瓜!	If it's muddy and there's no rain, then it has nothing to do with me!	要你管,与你无关!	It's none of your business!	Mind your own business, it's none of your business!
B-HOM-072	HOM	64.16	93.46	29.31	72.27	82.29	10.01	0	0	0	依托答辩是什么意思	"What does ""relying on the defense"" mean?"	一坨大便是什么意思	"What does ""a lump of poop"" mean?"	What does 'a pile of shit' mean?
B-HOM-073	HOM	67.39	98.63	31.25	60.43	80.98	20.55	0	100	100	哈哈哈哈哈哈哈夺笋呐	Hahahaha, snatching bamboo shoots!	哈哈哈哈哈哈哈多损呐	Hahahaha, so mean!	hahahahaha so mean lol
B-HOM-074	HOM	91.20	94.34	3.14	57.55	83.16	25.61	100	100	0	“雨女无瓜”这么好笑吗是挺好笑的	"Is ""It's none of your business"" really that funny? It is quite funny."	“与你无关”这么好笑吗是挺好笑的	"Is ""It's none of your business"" really that funny? It is quite funny."	Is 'none of your business' really that funny? It is pretty funny
B-HOM-075	HOM	47.31	75.72	28.40	47.35	55.03	7.68	0	100	100	还有给	And give	还有gay	And gay	Also got gay vibes
B-HOM-076	HOM	96.85	97.86	1.02	82.16	82.45	0.29	0	0	0	这显卡价格真是辣鸡，还买什么啊	This graphics card is ridiculously overpriced, why even buy it?	这显卡价格真是垃圾，还买什么啊	This graphics card is ridiculously overpriced, why even buy it?	This GPU price is really trash, why even buy it
B-HOM-077	HOM	64.55	80.56	16.01	65.07	71.42	6.35	0	100	100	我丢！上班路上刷到路边广告牌被“风”掀了个角，原来是京东618的整活！这波操作简直泰裤辣！	Holy crap! On my way to work, I saw a corner of a roadside billboard being blown off by the wind – turns out it was a stunt by JD.com for their 618 sale! This is absolutely amazing!	我丢！上班路上刷到路边广告牌被“风”掀了个角，原来是京东618的整活！这波操作简直太酷啦！	Holy crap! On my way to work, I saw a corner of a roadside billboard being blown off by the wind – turns out it was a stunt by JD.com for their 618 sale! That was so cool!	No way! On my way to work I saw a roadside billboard get lifted by the 'wind', turns out it was JD 618's stunt! This move is just too cool!
B-HOM-078	HOM	73.29	82.46	9.18	67.36	65.10	-2.26	0	100	100	“泰酷辣”大人三周年	"""Thai Cool & Spicy"" Adult 3rd Anniversary"	“太酷啦”大人三周年	"""So Cool"" Adults' Third Anniversary"	Third anniversary of Lord 'So Cool'
B-HOM-079	HOM	82.41	95.98	13.57	55.36	72.40	17.04	0	0	0	前车：不二？	The car in front: No one?	前车：不是？	The car in front: No?	The car in front: Wait, what?
B-HOM-080	HOM	68.23	77.68	9.45	74.70	78.76	4.05	0	0	0	10店睡，身体还以为是午休呢，凌晨又把他们叫醒了	They slept at 10 a.m., their bodies still thought it was a nap, but they were woken up again in the early hours of the morning.	10点睡，身体还以为是午休呢，凌晨又把他们叫醒了	I went to bed at 10 pm, but my body thought it was taking a nap, so I woke them up again in the early hours of the morning.	Going to sleep at 10, my body thought it was nap time, then woke me up at dawn
B-HOM-081	HOM	53.81	97.28	43.47	43.02	70.16	27.14	0	100	100	tree 波Q	tree wave Q	三杀	Triple Kill	Triple kill
B-HOM-082	HOM	60.87	63.73	2.86	53.49	57.08	3.59	0	100	100	笑死我了粽横天虾至今一直在罚时闯过了零个关卡	I'm dying of laughter! Zongzi Hengtian Shrimp has been penalized for zero levels so far.	笑死我了纵横天下至今一直在罚时闯过了零个关卡	"I'm dying of laughter! I've been playing ""Conquer the World"" for so long, and I've never passed a level while still under penalty time."	Dying of laughter, the one who conquers the world has been in timeout, passing zero challenges
B-HOM-083	HOM	73.98	91.02	17.04	59.00	70.21	11.21	0	0	0	怎么达不溜小兵了	What happened to the lowly soldier?	怎么打不了小兵了	Why can't I kill minions?	Why can't I target the minions?
B-HOM-084	HOM	80.77	98.26	17.49	64.81	82.44	17.63	0	100	100	！？雀潮？！	!? A magpie tide?!	！？雀巢？！	Nestlé?!	!? Nestle!?
B-HOM-085	HOM	100.00	100.00	0.00	81.48	84.66	3.18	0	0	0	此人知识面级广	This person has a broad range of knowledge.	此人知识面极广	This person has a very broad range of knowledge.	This person's knowledge is extremely broad
B-HOM-086	HOM	96.03	94.69	-1.34	83.11	83.89	0.78	0	0	0	蛇：卧槽，怎么又是他	Snake: Holy crap, it's him again!	蛇：我的天，怎么又是他	Snake: My God, it's him again!	Snake: Oh my god, why is it him again
B-HOM-087	HOM	78.99	95.02	16.04	69.20	78.90	9.70	0	100	100	生物钟:补药呀！我才调整好	Biological clock: I need supplements! I just adjusted it.	生物钟:不要呀！我才调整好	Biological clock: No way! I just adjusted it!	Biological clock: No! I just got it adjusted
B-HOM-088	HOM	76.92	89.49	12.58	67.46	76.15	8.69	0	0	0	鸡本功来了，视频就有了。起飞！	Chicken Kung Fu is here, and the video is here. Take off!	基本功来了，视频就有了。起飞！	Once you've mastered the basics, the video will follow. Take off!	When the basic skills kick in, the video just takes off! Liftoff!
B-HOM-089	HOM	62.43	87.88	25.45	51.36	86.42	35.06	0	0	0	食不食油饼	Do you eat fried dough?	是不是有病	Is he sick?	Are you out of your mind?
B-HOM-090	HOM	37.16	99.29	62.13	47.40	83.26	35.86	0	0	0	香精煎鱼食不食	Is it okay to eat fish fried with artificial flavoring?	想进监狱是不是	Do you want to go to jail?	Do you want to end up in prison?
B-HOM-091	HOM	83.17	85.81	2.64	76.29	75.37	-0.92	0	0	0	立马去郊区浇筑一个刚进混凝土的地下堡垒	Immediately go to the suburbs to pour concrete for an underground fortress.	立马去郊区浇筑一个钢筋混凝土的地下堡垒	Immediately go to the suburbs to pour a reinforced concrete underground fortress.	Head to the suburbs right away and build an underground bunker with rebar concrete
B-HOM-092	HOM	86.29	100.00	13.71	66.61	77.39	10.78	0	100	100	鸡本功扎实	Chicken has solid skills	基本功扎实	Solid basic skills	Solid basic skills
B-HOM-093	HOM	91.48	99.92	8.44	73.90	76.64	2.74	0	100	100	蚌不住了	The clam couldn't hold on any longer.	绷不住了	I can't hold it in anymore.	Can't hold it in anymore
B-HOM-094	HOM	83.54	96.08	12.53	72.17	82.76	10.59	0	100	100	冷芝士：袜子不是茶包	Cold Cheese: Socks are not tea bags	冷知识：袜子不是茶包	Fun fact: Socks are not tea bags	Fun fact: socks are not tea bags
B-HOM-095	HOM	84.01	88.66	4.64	64.88	64.92	0.04	0	100	100	就说00这一套真的超级好看的，我可以安心的似了	This outfit of 00's is absolutely gorgeous, I can finally wear it with peace of mind.	就说00这一套真的超级好看的，我可以安心的死了	This outfit of 00's is absolutely gorgeous, I can die in peace now.	This 00 outfit is really super good-looking, I can finally rest in peace
B-NEO-002	NEO	98.69	99.79	1.10	82.65	83.07	0.42	100	100	0	我们不是供人围观的工具人！	We are not tools for others to watch!	我们不是供人围观的工具！	We are not tools for people to watch!	we're not tools for people to watch!
B-NEO-003	NEO	97.32	97.38	0.06	80.24	78.88	-1.36	0	100	100	又被割韭菜了，这理财产品全是坑	I've been scammed again; these investment products are all traps.	又被宰了，这理财产品全是坑	I got ripped off again; these investment products are all scams.	I got ripped off again, this wealth management product is full of traps.
B-NEO-004	NEO	93.56	92.82	-0.74	80.68	78.58	-2.10	0	0	0	品牌联名就是割韭菜，质量差价格高	Brand collaborations are just a way to fleece consumers; the quality is poor and the price is high.	品牌联名就是坑人，质量差价格高	Brand collaborations are a rip-off; poor quality and high prices.	Co-branded products are just a way to rip off customers with poor quality and high prices.
B-NEO-005	NEO	96.42	97.37	0.95	69.77	85.74	15.97	0	0	0	别带节奏了，事情不是你想的那样	Stop spreading rumors, things aren't as you think.	别煽动舆论了，事情不是你想的那样	Stop stirring up public opinion; things aren't as you think.	stop stirring things up, it's not what you think
B-NEO-006	NEO	94.01	98.05	4.04	73.35	83.66	10.31	0	0	0	评论区全是在带节奏的，真相没人关心	The comments section is full of people stirring up trouble; nobody cares about the truth.	评论区全是在煽动舆论的，真相没人关心	The comments section is full of people inciting public opinion; nobody cares about the truth.	comments section full of people stirring drama, nobody cares about the truth
B-NEO-007	NEO	98.50	94.28	-4.22	77.07	74.31	-2.75	0	100	100	杠精无处不在，说啥都要反驳	Trolls are everywhere; they'll argue with anything you say.	抬杠的人无处不在，说啥都要反驳	Argumentative people are everywhere; they'll argue with anything you say.	contrarians are everywhere, they rebut everything you say
B-NEO-008	NEO	97.59	94.80	-2.79	79.57	79.37	-0.20	0	0	0	遇到杠精最好的办法就是不理他	The best way to deal with a troll is to ignore them.	遇到抬杠的人最好的办法就是不理他	The best way to deal with someone who's just arguing is to ignore them.	the best way to deal with a contrarian is to ignore them
B-NEO-009	NEO	72.61	87.06	14.45	75.58	76.72	1.13	0	0	0	芭比Q了，半夜点外卖忘备注别敲门	"Barbie Q is here; she ordered takeout late at night but forgot to add a note saying ""don't knock."""	完了，半夜点外卖忘备注别敲门	"Oh no, I ordered takeout in the middle of the night and forgot to add a note saying ""don't knock."""	I'm cooked, ordered delivery at midnight and forgot to leave a note saying don't knock
B-NEO-010	NEO	90.05	96.73	6.68	76.54	73.11	-3.44	0	100	100	选择你的躲藏点，被抓到就芭比Q了	Choose your hiding spot; if you get caught, you'll be Barbie Q!	选择你的躲藏点，被抓到就完了	Choose your hiding spot; if you get caught, you're done for.	pick your hiding spot, if you get caught you're done for
B-NEO-011	NEO	69.37	94.30	24.92	71.38	80.35	8.96	0	0	0	看到肯德基9.9的那一刻，我的班味瞬间就没了	The moment I saw KFC's 9.9 yuan deal, my sense of belonging vanished instantly.	看到肯德基9.9的那一刻，我的上班疲惫感瞬间就没了	The moment I saw KFC's 9.9 yuan deal, my work fatigue vanished instantly.	the moment I saw KFC 9.9, my work exhaustion instantly vanished
B-NEO-012	NEO	92.35	92.79	0.45	72.05	77.33	5.28	0	0	0	人一旦染上班味，这辈子就去不掉了	"Once you get that ""work smell,"" you can never get rid of it."	人一旦染上上班的气息，这辈子就去不掉了	"Once you get used to the ""workplace vibe,"" you can never shake it off."	once you catch the work vibe, it never leaves you
B-NEO-013	NEO	59.62	82.75	23.13	63.67	70.47	6.80	0	0	0	十多块的塔斯汀五件套，横扫我一天班味	A five-piece Tastin bedding set costing just over ten yuan completely erased the smell of my workday.	十多块的塔斯汀五件套，横扫我一天上班的疲惫感	The five-piece Tastin bedding set, costing just over ten yuan, swept away my fatigue from a long day at work.	a 10-something yuan Tastien 5-piece meal wipes away my whole day of work fatigue
B-NEO-014	NEO	79.11	93.67	14.56	73.76	72.95	-0.81	0	0	0	净化班味，用了这头像直接演绎出我的精神状态	To clean up the classroom atmosphere, this profile picture directly reflects my mental state.	净化上班的疲惫感，用了这头像直接演绎出我的精神状态	This profile picture perfectly captures my mental state, helping me shake off the fatigue of work.	cleansing away the work fatigue — this avatar perfectly captures my mental state
B-NEO-015	NEO	68.10	91.49	23.38	58.96	69.03	10.08	0	100	100	等等党赢麻了，建议收藏	"The ""wait and see"" party has won too much; I suggest you bookmark this."	等待降价的人赢得非常彻底，建议收藏	Those who waited for the price to drop won big; I recommend saving this post.	the wait-for-a-deal crew won big time, saving this
B-NEO-016	NEO	81.05	94.61	13.57	58.42	79.34	20.92	0	0	0	看似输了实际赢麻了	Seemingly lost, but actually won to the point of numbness.	看似输了实际赢得非常彻底	It may seem like a loss, but in reality, it was a complete victory.	looks like they lost but actually won big
B-NEO-017	NEO	87.43	84.67	-2.76	78.08	76.72	-1.36	0	0	0	纯爱战神轰然倒地	The God of Pure Love collapsed to the ground.	只支持纯爱的人轰然倒地	Those who only support pure love collapsed.	the pure love warrior has fallen
B-NEO-018	NEO	98.47	98.41	-0.06	66.38	82.10	15.72	100	0	-100	谨以此片献给每一位纯爱战神	This film is dedicated to every pure love warrior.	谨以此片献给每一位只支持纯爱的人	This film is dedicated to everyone who supports pure love.	dedicating this film to every pure love warrior out there
B-NEO-019	NEO	93.43	94.11	0.68	68.99	86.78	17.78	0	100	100	兄弟们我润美国了	Brothers, I've made it to America!	兄弟们我移民美国了	Brothers, I've immigrated to the United States.	bros I emigrated to the US
B-NEO-020	NEO	89.01	92.23	3.21	78.44	81.65	3.21	0	0	0	公司要黄了的5个征兆，当公司开始严抓考勤，你该考虑润了	Five signs your company is going to fail; when your company starts strictly enforcing attendance, you should consider resigning.	公司要黄了的5个征兆，当公司开始严抓考勤，你该考虑跑了	Five signs your company is going to fail; when your company starts strictly enforcing attendance, you should consider leaving.	5 signs your company is going under, when they start cracking down on attendance, you should consider bouncing
B-NEO-021	NEO	89.98	90.69	0.71	68.96	75.78	6.81	0	0	0	赛博朋克2077，极致嘴臭极致享受	Cyberpunk 2077: The ultimate in foul language, the ultimate enjoyment.	赛博朋克2077，极致骂人极致享受	Cyberpunk 2077: The ultimate in swearing, the ultimate enjoyment.	Cyberpunk 2077, ultimate trash talk ultimate enjoyment
B-NEO-023	NEO	97.24	97.52	0.28	79.83	76.51	-3.32	0	0	0	孙红雷演技炸裂，20万人打出7.5分	Sun Honglei's acting was phenomenal; 200,000 people gave it a 7.5 rating.	孙红雷演技极其震撼，20万人打出7.5分	Sun Honglei's acting was extremely impressive, earning him a 7.5 rating from 200,000 users.	Sun Honglei's acting is absolutely insane, 200k people rated 7.5
B-NEO-024	NEO	87.29	86.95	-0.35	71.85	77.37	5.53	100	100	0	赛博诵经让老外陷入疯狂	Cyber chanting drives foreigners crazy	虚拟诵经让老外陷入疯狂	Virtual chanting drives foreigners crazy	cyber chanting is driving foreigners crazy
B-NEO-025	NEO	86.89	83.73	-3.16	70.88	74.02	3.14	100	0	-100	国庆宅家的赛博生活	Cyber life at home during National Day	国庆宅家的虚拟网络生活	Virtual life at home during National Day	National Day stay-at-home cyber life
B-NEO-026	NEO	68.73	74.53	5.79	77.24	74.22	-3.02	0	100	100	高考第一批显眼包出现了，青蛙玩偶花式助阵	The first batch of eye-catching bags for the college entrance examination has appeared, with frog dolls adding a creative touch.	高考第一批爱出风头的人出现了，青蛙玩偶花式助阵	The first batch of attention-seeking students have emerged during the college entrance examination, with frog dolls providing various forms of support.	the first batch of attention-seekers at the college entrance exam showed up, frog mascots cheering in style
B-NEO-027	NEO	56.80	91.64	34.85	60.70	73.13	12.43	0	100	100	电子榨菜输出中，午饭点准时到	Electronic pickled mustard tuber is being dispensed; it will arrive promptly at lunchtime.	适合吃饭时看的视频输出中，午饭点准时到	The video output is suitable for watching while eating; lunchtime arrives promptly.	my mealtime video is on, right on time for lunch
B-NEO-028	NEO	91.79	94.70	2.91	75.49	81.07	5.57	0	100	100	这个综艺太下饭了，一口气看完	This variety show is so good for watching while eating, I watched it all in one go.	这个综艺太适合吃饭时看了，一口气看完	This variety show is perfect for watching while eating; I binged it all in one go!	this variety show is perfect meal content, binged the whole thing
B-NEO-029	NEO	78.35	84.04	5.69	64.73	72.14	7.41	100	0	-100	发疯文学必备文案，笑死我了	Essential copywriting for mad literature, it's hilarious!	宣泄式文字表达必备文案，笑死我了	Essential captions for cathartic writing, they're hilarious!	must-have lines for unhinged-rant posting, I'm dying laughing
B-NEO-030	NEO	98.55	99.91	1.36	82.66	83.37	0.71	100	100	0	社恐人的噩梦，大型聚会	Large gatherings are a nightmare for people with social anxiety.	社交恐惧症患者的噩梦，大型聚会	Large gatherings are a nightmare for people with social anxiety disorder.	a socially anxious person's worst nightmare, a huge gathering
B-NEO-031	NEO	93.21	95.76	2.55	69.28	84.43	15.15	100	100	0	找不到原剧了，这个当代餐先看	I can't find the original series, so I'll watch this as a substitute.	找不到原剧了，这个当替代品先看	I can't find the original series, so I'll watch this as a substitute for now.	can't find the original, using this as a substitute for now
B-NEO-032	NEO	88.67	88.05	-0.63	74.00	72.18	-1.82	0	0	0	花2000买nike感觉自己好像大冤种	I feel like I was ripped off for spending 2000 on Nike shoes.	花2000买nike感觉自己好像大冤大头	I feel like I've been ripped off after spending 2000 on Nike shoes.	spent 2k on nikes feeling like a total sucker
B-NEO-033	NEO	81.54	83.23	1.69	75.88	76.59	0.71	0	0	0	腾讯这波泄密直接破防了，317万说没就没	Tencent's data breach completely broke their defenses; 3.17 million yuan vanished in an instant.	腾讯这波泄密直接崩溃了，317万说没就没	Tencent was devastated by this data breach; 3.17 million yuan vanished just like that.	Tencent's leak move really triggered a breakdown, 3.17 million gone just like that
B-NEO-034	NEO	90.04	89.57	-0.47	71.09	74.97	3.89	100	100	0	梅老板今年真可怜，这么强的个人发挥啥没有得到	It's really pitiful for Messi this year; with such strong individual performance, he didn't get anything.	梅西今年真可怜，这么强的个人发挥啥没有得到	Messi is really unfortunate this year; with such strong individual performance, he hasn't received any recognition.	Messi had a rough year insane individual performance but got nothing
B-NEO-035	NEO	66.53	74.08	7.55	59.76	65.55	5.79	0	0	0	吃瓜吃到自己头上了，腾讯泄密员工就是本人	The person who leaked the information from Tencent has gotten himself involved in the scandal.	看热闹看到自己头上了，腾讯泄密员工就是本人	The person who was watching the drama has now found himself in the mess; the Tencent employee who leaked the information is none other than himself.	I was following the drama, only to realize I’m the Tencent staff member who leaked the information
B-NEO-036	NEO	53.84	89.77	35.93	74.97	75.93	0.96	0	0	0	别搁这凡尔赛了，显摆啥呢	Stop showing off in Versailles!	别搁这炫耀了，显摆啥呢	Stop showing off, what are you flaunting?	stop humble bragging already what are you flexing
B-NEO-037	NEO	98.79	100.00	1.21	83.06	86.18	3.12	0	0	0	显卡市场太内卷了，价格涨得离谱	The graphics card market is extremely competitive, and prices have risen outrageously.	显卡市场竞争太激烈了，价格涨得离谱	The graphics card market is too competitive, and prices have risen outrageously.	The GPU market is hyper-competitive, prices rising outrageously
B-NEO-038	NEO	82.49	84.73	2.25	67.53	72.62	5.09	0	100	100	这帖子水分太大，灌水灌的	This post is full of fluff and irrelevant content.	这帖子水分太大，刷帖刷的	This post is full of fluff and is obviously spammed.	this post is so watered down pure spam
B-NEO-039	NEO	90.51	76.73	-13.78	71.62	74.25	2.63	0	100	100	打工人看完317万年终奖直接躺平了	After seeing their 3.17 million yuan year-end bonus, working people just collapsed in despair.	打工人看完317万年终奖直接放弃了	After seeing his 3.17 million yuan year-end bonus, a working-class person gave up on it.	Workers gave up striving after seeing the 3.17 million year-end bonus.
B-NEO-040	NEO	91.78	94.76	2.97	74.83	81.90	7.07	0	0	0	这剧情给我整破防了	This plot has completely overwhelmed me.	这剧情给我整崩溃了	This plot is driving me crazy.	this plot totally broke me fr fr
B-NEO-041	NEO	80.18	88.46	8.28	77.04	79.16	2.12	0	0	0	这员工凡尔赛式晒年终奖，结果翻车了	This employee's Versailles-style year-end bonus posting backfired.	这员工炫耀式晒年终奖，结果翻车了	This employee's boastful display of his year-end bonus backfired.	This employee flaunted their year-end bonus in a humble-brag way, and it backfired
B-NEO-042	NEO	94.79	99.06	4.27	59.58	83.45	23.87	0	0	0	这手机信号拉胯到离谱	The cell phone signal is ridiculously bad.	这手机信号差到离谱	The cell phone signal is ridiculously bad.	this phone signal is garbage to an absurd degree
B-NEO-043	NEO	97.15	99.10	1.95	82.35	84.88	2.52	0	0	0	你这个行为真的很下头	Your behavior is really despicable.	你这个行为真的很扫兴	Your behavior is really annoying.	your behavior is such a turnoff rn
B-NEO-044	NEO	86.54	89.14	2.61	78.58	80.18	1.60	0	100	100	赛里木湖这事太下头了，景区管理太离谱	The situation at Sayram Lake is outrageous; the management of the scenic area is utterly absurd.	赛里木湖这事太让人失望了，景区管理太离谱	The situation at Sayram Lake is extremely disappointing; the management of the scenic area is outrageous.	The Sarim Lake incident is too disappointing, scenic area management is outrageous
B-NEO-045	NEO	92.51	88.14	-4.37	76.62	63.98	-12.64	0	0	0	他这个人好油腻	He's such a greasy person.	他这个人好油滑	He's a very slippery person.	this guy is so sleazy ick
B-NEO-046	NEO	84.82	95.26	10.43	55.60	75.21	19.61	0	0	0	没绷住破绷了	It broke because I couldn't hold it in.	没绷住笑了	I couldn't help but laugh.	couldn't hold it in and totally lost it laughing
B-NEO-047	NEO	91.68	91.91	0.23	72.31	73.55	1.24	0	100	100	中国女排逆转美国，这波操作太上头了	The Chinese women's volleyball team's comeback against the United States was absolutely incredible!	中国女排逆转美国，这波操作太让人激动了	The Chinese women's volleyball team's comeback against the United States was incredibly exciting!	China women's volleyball reversed against USA, this move is so hype
B-NEO-048	NEO	91.08	92.77	1.69	57.83	75.04	17.21	0	0	0	天天水经验，也不发点有用的帖子	You just post random experience points all day long, and never post anything useful.	天天刷经验，也不发点有用的帖子	You spend all your time grinding for experience points, but never post anything useful.	farming XP every day never posting anything useful
B-NEO-049	NEO	96.58	98.28	1.70	69.59	72.82	3.22	100	100	0	这主播开挂实锤了，封号吧	This streamer is definitely cheating, their account should be banned.	这主播作弊实锤了，封号吧	This streamer is definitely cheating, their account should be banned.	this streamer is confirmed cheating, ban them
B-NEO-050	NEO	99.40	85.21	-14.19	82.63	74.74	-7.89	100	0	-100	内耗太严重了	The internal friction is too severe.	内部消耗太严重了	The internal consumption is too severe.	internal friction is too serious smh
B-NEO-051	NEO	85.19	93.35	8.16	51.85	72.91	21.06	0	100	100	互联网嘴替实锤	Internet-based fake testimonials confirmed	互联网代言人实锤	Internet spokesperson confirmed	confirmed internet mouthpiece
B-NEO-052	NEO	39.12	48.20	9.08	46.68	55.16	8.48	0	0	0	无职孝子还在嘴硬洗，服了	This unemployed, filial son is still stubbornly trying to justify his actions; I'm speechless.	无职盲目辩护者还在嘴硬洗，服了	Those who blindly defend others without any real authority are still stubbornly trying to justify their actions; I'm speechless.	Mushoku Tensei stans still hard-stanning give up
B-NEO-053	NEO	82.28	95.81	13.53	68.84	75.85	7.01	0	0	0	双持党表示苹果和华为都不够用	Dual-use users say that neither Apple nor Huawei is enough.	同时用两部手机的人表示苹果和华为都不够用	People who use two phones say that neither Apple nor Huawei is enough.	dual-phone gang saying neither Apple nor Huawei is enough
B-NEO-054	NEO	89.81	96.58	6.77	31.65	74.05	42.40	0	0	0	被种草了	I'm tempted to buy it!	被推荐心动了	I'm tempted by the recommendation.	got recommended I'm tempted to buy
B-NEO-055	NEO	80.99	97.51	16.52	41.38	71.34	29.96	0	0	0	拔草了不买	Weeded but didn't buy	打消购买念头了不买	I've given up on buying it.	nah I'm not buying
B-NEO-056	NEO	88.09	99.05	10.96	52.27	85.30	33.02	0	0	0	他好会整活	He's good at creating drama.	他好会搞怪	He's so funny	he's so good at being funny lol
B-NEO-057	NEO	95.52	98.54	3.02	81.85	83.54	1.69	0	0	0	这个太炸了	This is amazing!	这个太震撼了	This is so amazing!	this is too insane
B-NEO-058	NEO	89.23	88.76	-0.47	70.02	74.76	4.74	0	100	100	景区打人还理直气壮的，真是绝绝子	It's utterly despicable that someone assaulted someone at a tourist attraction and then acted so self-righteously.	景区打人还理直气壮的，真是绝了	It's unbelievable that someone assaulted someone at a tourist attraction and then acted so self-righteously.	Beating people at a scenic spot and still acting righteous, truly absolutely outrageous
B-NEO-059	NEO	86.26	94.43	8.17	80.65	85.21	4.56	0	0	0	破防了	My defenses have been breached.	心理防线崩溃了	My psychological defenses collapsed.	I'm emotionally broken
B-NEO-060	NEO	98.24	100.00	1.76	67.57	85.88	18.31	100	100	0	这个太上头了	This is so addictive!	这个太上瘾了	This is so addictive!	this is too addictive can't stop
B-NEO-061	NEO	70.10	96.24	26.14	77.59	86.23	8.64	0	0	0	他好会营业	He's good at business.	他好会讨好粉丝	He's so good at pleasing his fans.	he's so good at playing to his fans
B-NEO-062	NEO	93.57	96.30	2.72	61.24	78.77	17.53	0	100	100	香港🇭🇰打车有这么卷吗？又难？	Is it really that difficult to hail a taxi in Hong Kong?	香港🇭🇰打车竞争有这么激烈吗？又难？	Is the competition for taxis in Hong Kong really that fierce? And difficult?	is getting a taxi in HK this intense? so hard?
B-NEO-063	NEO	88.96	87.72	-1.24	80.97	76.63	-4.34	0	0	0	这帖子纯纯的钓鱼经验，别当真	This post is purely phishing advice, don't take it seriously.	这帖子纯纯的骗经验，别当真	This post is purely for trying to gain experience points; don't take it seriously.	this post is pure bait for engagement don't fall for it
B-NEO-064	NEO	80.85	96.33	15.48	73.73	82.74	9.01	0	0	0	纯纯的牛马人生	A pure life of cattle and horses	纯纯的打工人人生	A typical working-class life	pure wage slave life
B-NEO-065	NEO	71.00	99.18	28.17	84.22	86.73	2.51	0	0	0	是我不够糖吗	Am I not getting enough sugar?	是我不够傻吗	Am I not stupid enough?	am I not dumb enough? bruh
B-NEO-066	NEO	100.00	100.00	0.00	85.42	86.44	1.02	100	100	0	这何意味啊	What does this mean?	这什么意思啊	What does this mean?	what does this even mean
B-NEO-067	NEO	84.06	95.63	11.58	38.51	55.27	16.77	0	100	100	摆烂了，爱咋咋地	I'm giving up, whatever.	放弃了，爱咋咋地	I've given up, whatever.	I give up whatever happens happens
B-NEO-068	NEO	87.83	92.90	5.07	63.77	80.96	17.19	0	0	0	摆烂一天算了	Let's just give up for a day.	放弃一天算了	Just give up for one day	let me rot for a day whatever
B-NEO-069	NEO	93.89	94.71	0.82	48.67	72.09	23.42	0	0	0	内卷太严重了，打工人伤不起	The competition is too fierce; working people can't afford it.	过度竞争太严重了，打工人伤不起	The excessive competition is too severe; working people can't afford it.	the rat race is too intense workers can't take it
B-NEO-070	NEO	94.63	93.12	-1.51	75.12	77.84	2.72	0	0	0	这波操作属实逆天了	This move was truly incredible.	这波操作属实超乎想象了	This move was truly beyond imagination.	this play is straight up insane
B-NEO-071	NEO	66.01	69.78	3.76	52.73	76.97	24.24	0	0	0	内卷到头秃，躺平又心慌	Coping to the point of baldness, lying down makes me anxious.	过度竞争到头秃，躺平又心慌	Excessive competition leads to hair loss, while lying down causes anxiety.	rat race till you're bald quit competing but still anxious
B-NEO-072	NEO	74.93	82.20	7.27	80.82	79.39	-1.43	0	0	0	不是哥们儿	Not a buddy	不是吧，哥们儿	Seriously, buddy?	no way bro come on
B-NEO-073	NEO	93.36	78.44	-14.92	85.55	84.53	-1.02	100	100	0	说出一个旅游热度很低但实际很夯的城市	Name a city that has low tourist popularity but is actually very popular.	说出一个旅游热度很低但实际很高的城市	Name a city with low tourist popularity but high actual tourist demand.	name a city that's low-key but actually great
B-NEO-074	NEO	83.71	84.31	0.60	44.22	76.72	32.50	0	0	0	这波操作直接拉胯了	This move was a complete disaster.	这波操作直接失常了	This move was completely erratic.	this play literally underperformed
B-NEO-075	NEO	81.23	80.87	-0.36	54.91	63.35	8.44	100	0	-100	这操作绝绝子，直接给我整不会了	This is absolutely amazing, it completely baffled me.	这操作绝佳，直接给我整不会了	This is brilliant; it completely stumped me.	this play is amazing left me speechless
B-NEO-076	NEO	77.68	82.90	5.22	72.16	74.75	2.59	100	100	0	谁能能理解这种崩溃的心情，辛辛苦苦备考许久，就等着政审上岸，结果栽在了学历断层上	Who can understand this feeling of devastation? You've studied so hard for so long, just waiting to pass the political background check, only to be defeated because of a lack of formal education.	谁能能理解这种崩溃的心情，辛辛苦苦备考许久，就等着政审成功，结果栽在了学历断层上	Who can understand this feeling of devastation? You've studied so hard for so long, hoping to pass the background check, only to fail because of a lack of formal education.	who understands this despair? prepped for ages waiting to pass the political review only to get rejected by an education gap
B-NEO-077	NEO	80.84	89.48	8.63	83.85	84.82	0.97	0	100	100	为什么留子都不爱和老外谈？	Why does Ryuko not like to talk to foreigners?	为什么留学生都不爱和老外谈？	Why do international students not like to talk to foreigners?	why don't international students like dating foreigners? real talk
B-NEO-078	NEO	79.03	93.29	14.26	74.03	74.08	0.05	0	0	0	哈包穿上衣服不习惯了	Ha Bao is not used to wearing clothes.	哈兰德穿上衣服不习惯了	Haaland is not used to wearing clothes.	not used to Haaland wearing clothes
B-NEO-079	NEO	77.03	93.91	16.88	53.62	57.93	4.31	0	100	100	洗澡5分钟老公社死一整年	My husband will be dead after just 5 minutes of showering.	洗澡5分钟老公社会性死亡一整年	My husband became socially dead after just 5 minutes of showering.	5-min shower and my husband is socially dead for a whole year rip
B-NEO-080	NEO	75.16	85.27	10.10	66.25	63.30	-2.95	0	0	0	直接破防了家人们	It directly broke through the defenses of my family.	直接心态失控了家人们	The family members lost control of their emotions.	totally broke down mentally fam
B-NEO-081	NEO	98.41	98.74	0.32	81.08	81.16	0.08	100	100	0	月薪不够5w不能这么活	You can't live like this if your monthly salary isn't 50,000.	月薪不够5万不能这么活	You can't live like this if your monthly salary isn't 50,000.	Can't live like this if monthly salary isn't even 50k
B-NEO-082	NEO	59.67	72.60	12.93	66.94	80.87	13.94	0	0	0	爷青回	Ye Qing returns	爷的青春回来了	My youth is back!	Nostalgia hits hard.
B-NEO-083	NEO	49.10	100.00	50.90	42.63	87.51	44.88	0	0	0	难他天？	Is it possible that he is in trouble?	难道他真的是天才？	Is he really a genius?	Turns out he's a genius?
B-NEO-084	NEO	97.31	99.12	1.81	48.29	82.22	33.93	0	0	0	基操	Basic Operations	基本操作	Basic Operations	Just basic mechanics
B-NEO-085	NEO	86.67	83.82	-2.85	48.94	78.33	29.40	100	0	-100	你这肯定是低段位炸鱼罢了	You're definitely just a low-level player smurfing.	你这肯定是低段位欺负水平差的玩家罢了	You're definitely just a low-ranked player bullying a less skilled player.	You must be just smurfing in low rank
B-NEO-086	NEO	90.75	90.97	0.22	78.26	80.36	2.10	100	100	0	刘宇宁一周不直播，棚友集体受不了！想念到发疯	Liu Yuning hasn't streamed for a week, and his fans are going crazy with longing!	刘宇宁一周不直播，粉丝集体受不了！想念到发疯	Liu Yuning hasn't streamed for a week, and his fans are going crazy with longing!	Liu Yuning hasn’t streamed for a week, all his fans can’t stand it and miss him terribly.
B-PYA-001	PYA	86.54	99.43	12.90	78.44	79.89	1.45	0	100	100	xql日常太甜了，羡慕死了	XQL's daily life is so sweet, I'm so envious!	小情侣日常太甜了，羡慕死了	This couple's daily life is so sweet, I'm so envious!	this couple's daily life is too sweet, I'm so jealous
B-PYA-003	PYA	87.80	99.51	11.71	80.28	83.32	3.03	0	100	100	xql之间的默契真的绝了	The teamwork between xql is truly amazing.	小情侣之间的默契真的绝了	The chemistry between the young couple is amazing!	the chemistry between this couple is insane
B-PYA-004	PYA	86.81	98.86	12.05	63.56	78.88	15.31	0	100	100	全网最甜xql非他们莫属	The sweetest romance on the entire internet has to be them.	全网最甜小情侣非他们莫属	They are undoubtedly the sweetest couple on the entire internet.	the sweetest couple on the internet has to be them
B-PYA-005	PYA	91.07	98.66	7.59	72.32	81.68	9.36	0	0	0	看到别人去欧洲旅游的照片，xmsl	Seeing photos of other people traveling in Europe, xmsl	看到别人去欧洲旅游的照片，羡慕死了	I'm so envious of other people's photos from their trip to Europe!	Seeing photos of others traveling in Europe makes me so envious.
B-PYA-007	PYA	95.48	94.98	-0.50	67.30	71.18	3.88	100	100	0	新剧gkd！等不及了	New drama, hurry up! I can't wait!	新剧搞快点！等不及了	Hurry up and finish the new drama! I can't wait!	hurry up with the new drama! can't wait
B-PYA-009	PYA	99.95	99.88	-0.07	69.58	80.97	11.39	100	100	0	xgg们推荐一下好用的手机呗	Hey guys, can you recommend some good phones?	小哥哥们推荐一下好用的手机呗	Guys, can you recommend a good phone?	boys recommend some good phones pls
B-PYA-010	PYA	99.29	99.61	0.32	76.67	84.24	7.57	100	100	0	这个xgg好帅，求联系方式	This guy is so handsome, can I get his contact information?	这个小哥哥好帅，求联系方式	This guy is so handsome, can I get his contact information?	this guy is so handsome, asking for his contact
B-PYA-011	PYA	92.95	95.18	2.23	78.71	64.80	-13.91	0	100	100	jrm帮我看看这个怎么选	JRM, could you help me figure out how to choose this?	家人们帮我看看这个怎么选	Family members, please help me choose this.	fam help me figure out which one to pick
B-PYA-012	PYA	93.58	95.29	1.71	84.00	80.39	-3.62	0	100	100	jrm今天发生了一件离谱的事	Something outrageous happened at JRM today.	家人们今天发生了一件离谱的事	Something outrageous happened to my family today.	fam something wild happened today
B-PYA-013	PYA	93.27	95.50	2.23	78.08	80.23	2.15	0	0	0	8u们觉得这配置怎么样	What do you guys think of this configuration?	吧友们觉得这配置怎么样	What do you guys think of this configuration?	what do you tieba folks think of this setup?
B-PYA-014	PYA	93.22	92.79	-0.43	74.58	82.69	8.10	0	0	0	王虹yyds！中国数学家终于拿到菲尔兹奖了	Wang Hong is amazing! A Chinese mathematician has finally won the Fields Medal!	王虹永远的神！中国数学家终于拿到菲尔兹奖了	Wang Hong is a legend! A Chinese mathematician has finally won the Fields Medal!	Wang Hong is the GOAT! A Chinese mathematician finally won the Fields Medal
B-PYA-015	PYA	84.92	96.57	11.65	73.51	73.70	0.19	0	100	100	这条rs怎么还没上	Why hasn't this RS been uploaded yet?	这条热搜怎么还没上	Why hasn't this trending topic appeared yet?	why isn't this trending yet
B-PYA-016	PYA	91.09	92.10	1.01	69.99	78.08	8.09	100	0	-100	xswl，陈哲远在密逃里也太搞笑了吧	LOL, Chen Zheyuan is hilarious on Escape Room!	笑死我了，陈哲远在密逃里也太搞笑了吧	I'm dying of laughter! Chen Zheyuan is so hilarious on Escape Room!	Lmao, Chen Zheyuan is just too funny in Great Escape
B-PYA-017	PYA	89.19	98.27	9.07	80.20	82.04	1.84	0	100	100	14个月正是穿lulu的时候	14 months is the perfect time to wear Lulu.	14个月正是穿Lululemon的时候	14 months is the perfect time to wear Lululemon.	14 months is prime Lululemon season
B-PYA-018	PYA	86.27	93.54	7.27	82.14	79.42	-2.72	0	0	0	dd，中国女排3比2逆转美国太牛了	dd, the Chinese women's volleyball team's 3-2 comeback victory against the United States is amazing!	顶顶，中国女排3比2逆转美国太牛了	Wow, the Chinese women's volleyball team's 3-2 comeback victory against the United States is amazing!	Bump, China women's volleyball 3-2 comeback against USA is amazing
B-PYA-019	PYA	94.13	98.02	3.90	75.98	80.67	4.69	0	0	0	rt，大家帮我看看这手机值不值	I need your opinions on whether this phone is worth it.	如图，大家帮我看看这手机值不值	As shown in the picture, can you guys help me decide if this phone is worth it?	see pic help me check if this phone is worth it
B-PYA-020	PYA	94.07	94.29	0.22	81.73	71.42	-10.31	100	0	-100	jrs怎么看腾讯这个泄密处理？	What do you guys think of Tencent's handling of this data leak?	家人们怎么看腾讯这个泄密处理？	What do you think of Tencent's handling of this data leak?	Fam, what do you think of Tencent's leak handling?
B-PYA-021	PYA	71.41	84.12	12.71	71.70	74.95	3.26	0	0	0	srds，赛里木湖打人这事不能就这么算了	srds, this incident of being assaulted at Sayram Lake can't just be left like this.	虽然但是，赛里木湖打人这事不能就这么算了	However, the incident of the assault at Sayram Lake cannot be left unresolved.	Be that as it may, the Sarim Lake beating incident can't just be let go like this
B-PYA-022	PYA	90.24	88.11	-2.12	58.76	79.74	20.97	0	0	0	白色真是yyds	White is so cool!	白色真是永远的神	White is truly an eternal god.	white is truly the GOAT
B-PYA-023	PYA	96.97	94.51	-2.46	67.99	72.79	4.79	100	100	0	u1s1，317万年终奖确实让人眼红	To be honest, a year-end bonus of 3.17 million is indeed enviable.	有一说一，317万年终奖确实让人眼红	To be honest, a year-end bonus of 3.17 million yuan is indeed enviable.	To be honest, a 3.17 million year-end bonus does make people envious
B-PYA-024	PYA	94.34	97.24	2.90	79.71	80.38	0.68	0	100	100	XHS上好多人在讨论	Many people on XHS are discussing this.	小红书上好多人在讨论	Many people on Xiaohongshu are discussing this.	so many people talking about it on Xiaohongshu
B-PYA-025	PYA	91.56	92.76	1.21	76.10	80.34	4.24	0	0	0	显卡涨价这消息直接让我blx了	The news of graphics card price increases really made me angry.	显卡涨价这消息直接让我玻璃心了	The news of graphics card price increases really upset me.	The GPU price hike news really triggered my fragile heart
B-PYA-026	PYA	77.23	76.45	-0.77	58.40	65.04	6.63	0	0	0	好好好 好一个kpop拉子(bushi)	Good, good, good, what a K-pop fan (just kidding)!	好好好 好一个kpop拉子(不是)	Good, good, good, what a K-pop fanboy (not really).	ok ok ok what a kpop lesbian (not)
B-PYA-027	PYA	82.91	86.49	3.58	70.33	75.96	5.63	0	0	0	某些景区管理真是yygq，表面道歉背后照样	Some scenic area management is truly incompetent; they apologize on the surface but continue their practices behind the scenes.	某些景区管理真是阴阳怪气，表面道歉背后照样	Some scenic area management is really hypocritical; they apologize on the surface but continue their practices behind the scenes.	Some scenic area management is really passive-aggressive, apologizing on the surface but same behind the scenes
B-PYA-028	PYA	80.02	78.64	-1.38	59.38	77.98	18.60	0	0	0	nb！这个操作太秀了	Wow! That was amazing!	牛逼！这个操作太秀了	Awesome! That was an amazing move!	Sick move! Absolute W
B-PYA-029	PYA	77.63	78.15	0.53	57.67	68.49	10.82	100	0	-100	50亿离婚案的瓜我吃了，dbq我不站队	I've heard the gossip about the 5 billion yuan divorce case, but I'm sorry, I'm not taking sides.	50亿离婚案的瓜我吃了，对不起我不站队	I've heard the gossip about the 5 billion yuan divorce case, but I'm not taking sides.	I’ve followed the 5-billion divorce drama, sorry, I’m not taking sides.
B-PYA-030	PYA	89.39	93.57	4.19	67.19	69.32	2.14	100	100	0	这就是尊贵的b站用户🤣🤣🤣	This is what our esteemed Bilibili user is like! 🤣🤣🤣	这就是尊贵的B站用户🤣🤣🤣	This is what our esteemed Bilibili user is like! 🤣🤣🤣	this is what being a distinguished Bilibili user looks like 🤣🤣🤣
B-PYA-031	PYA	91.55	93.97	2.42	60.40	78.00	17.61	0	0	0	王虹从垫底到菲尔兹奖，这波直接nb	Wang Hong went from being at the bottom to winning the Fields Medal; this is truly amazing.	王虹从垫底到菲尔兹奖，这波直接牛逼	Wang Hong went from being at the bottom to winning the Fields Medal; that's truly amazing.	Wang Hong from bottom to Fields Medal, this move is just insane
B-PYA-032	PYA	97.86	99.54	1.69	70.38	82.81	12.43	0	0	0	xjj们推荐一下好用的手机呗	Hey everyone, can you recommend some good mobile phones?	小姐姐们推荐一下好用的手机呗	Ladies, could you recommend a good mobile phone?	girls recommend some good phones pls
B-PYA-033	PYA	90.05	95.19	5.14	74.33	66.66	-7.67	0	100	100	bl粉丝太能控评了	BL fans are too good at controlling comments.	白鹿粉丝太能控评了	Bai Lu's fans are really good at controlling the comments.	Bai Lu fans are too good at controlling the comments
B-PYA-034	PYA	91.41	83.27	-8.14	78.37	78.51	0.14	0	0	0	会聊天的男生真的yyds	Guys who are good at chatting are really awesome!	会聊天的男生真的永远的神	Guys who can chat are truly amazing.	guys who can flirt are truly the GOAT
B-PYA-035	PYA	77.58	83.88	6.30	81.77	82.85	1.08	0	0	0	哈哈哈哈哈哈哈笑死，我们00真的老kpop人了	Hahahaha, I'm dying of laughter! We 00s are really old K-pop fans!	哈哈哈哈哈哈哈笑死，我们2000年后出生的人真的老kpop人了	Hahahaha, I'm dying of laughter! Those of us born after 2000 are seriously old-school K-pop fans.	lmaooo us Gen Z are such veteran kpop fans
B-PYA-036	PYA	82.82	77.89	-4.93	71.16	72.74	1.58	0	0	0	减脂党狂喜！番茄鸡蛋燕麦粥yyds	Weight loss enthusiasts rejoice! Tomato, egg, and oatmeal porridge is awesome!	减脂党狂喜！番茄鸡蛋燕麦粥永远的神	Diet enthusiasts rejoice! Tomato, egg, and oatmeal porridge is the ultimate miracle!	diet crew rejoice! tomato egg oatmeal is the GOAT
B-PYA-037	PYA	93.64	94.30	0.65	73.44	75.76	2.32	0	100	100	jrs帮我看看这鱼竿行不行	Guys, can you check if this fishing rod is any good?	家人们帮我看看这鱼竿行不行	Family members, please take a look and see if this fishing rod is any good.	fam help me check if this fishing rod is any good
B-PYA-038	PYA	72.22	86.11	13.89	58.96	79.44	20.48	0	0	0	一个会调情的男生真的YYDS	A guy who knows how to flirt is really YYDS (a Chinese internet slang term for someone who is good at expressing romantic feelings	一个会调情的男生真的永远的神	A guy who knows how to flirt is truly a godsend.	a guy who knows how to flirt is truly the GOAT
B-PYA-039	PYA	92.78	100.00	7.22	74.50	83.88	9.37	0	0	0	bdjw这个怎么用	How do I use bdjw?	不懂就问这个怎么用	If you don't understand, just ask how to use this.	asking cuz idk how do I use this
B-PYA-040	PYA	72.64	86.23	13.59	65.43	81.30	15.87	0	100	100	蓝盈莹第一场戏好像就是撞棺紫砂	Lan Yingying's first scene seems to be hitting a coffin with a purple clay pot.	蓝盈莹第一场戏好像就是撞棺自杀	Lan Yingying's first scene seems to be about committing suicide by hitting her head against a coffin.	Lan Yingying's first scene was literally suicide by coffin smash
B-PYA-041	PYA	80.71	95.03	14.32	73.10	79.19	6.09	0	0	0	泰奶+Gelato yyds！！！	Thai milk+Gelato yyds! ! !	泰奶+Gelato 永远的神！！！	Thai milk tea + gelato, forever the best!!!	Thai milk tea + Gelato is the GOAT!!!
B-PYA-042	PYA	84.49	95.52	11.03	64.86	68.41	3.55	0	0	0	yygq什么呢，有话直说不行吗	What's with the 'yygq'? Can't you just say what you mean?	阴阳怪气什么呢，有话直说不行吗	Why are you being sarcastic? Can't you just say what you mean?	what are you being passive-aggressive about just say it straight
B-PYA-043	PYA	94.98	96.15	1.17	61.47	71.00	9.54	0	100	100	zqsg追星好累	It's so tiring to be a fan!	真情实感追星好累	It's exhausting to be a fan of celebrities with such genuine feelings.	chasing idols with genuine feelings is exhausting
B-PYA-044	PYA	77.66	77.98	0.31	58.33	81.51	23.18	0	0	0	u1s1，这个视频做得真好	To be honest, this video is really well made.	有一说一，这个视频做得真好	To be honest, this video is really well made.	Fr, this video slaps
B-PYA-045	PYA	67.14	60.43	-6.71	55.33	62.86	7.53	0	0	0	别再吃麻辣烫！干拌麻辣拌才是yyds	Stop eating mala tang! Dry-mixed mala tang is the way to go!	别再吃麻辣烫！干拌麻辣拌才是永远的神	Stop eating mala tang! Dry-mixed mala tang is the eternal best!	stop eating malatang! dry-mixed mala ban is the GOAT
B-PYA-046	PYA	94.77	96.14	1.37	59.72	70.91	11.19	0	0	0	这吧里xfxy的，天天吵架	This forum is full of people who are always arguing.	这吧里血风血雨的，天天吵架	This forum is full of heated arguments, they're always fighting.	this forum is so chaotic fighting every day smh
B-PYA-047	PYA	60.82	72.55	11.73	80.44	80.05	-0.39	0	100	100	srds他还是很有实力的	srds He is still very capable.	虽然但是他还是很有实力的	Although he is still very capable.	sthough he still got bars
B-PYA-048	PYA	78.85	80.29	1.44	67.75	76.22	8.46	0	0	0	xswl 这都能洗？	LOL, how can this be washed?	笑死我了 这都能洗？	This is hilarious! How can they even wash this?	lmao you can defend even this?
B-PYA-049	PYA	87.45	100.00	12.55	83.21	84.49	1.28	0	0	0	rwkk这到底是什么鱼	rwkk What kind of fish is this?	让我看看这到底是什么鱼	Let me see what kind of fish this is.	lemme see what fish is this
B-PYA-050	PYA	88.46	79.14	-9.32	40.10	58.78	18.68	0	0	0	dd我一下	dd me	滴滴我一下	Didi, give me a beep	hit me up
B-PYA-051	PYA	91.91	84.67	-7.23	69.07	59.67	-9.41	0	0	0	tcl，我真的太菜了	I'm such a noob at TCL.	太菜了，我真的太菜了	I'm so bad, I'm really so bad.	I'm way too noob
B-PYA-052	PYA	90.30	73.79	-16.50	60.44	62.37	1.93	0	0	0	夏天就好这一口！！天妇罗冰锅yyds！！	This is the perfect summer treat!! Tempura ice cream is the best!!	夏天就好这一口！！天妇罗冰锅永远的神！！	This is the perfect treat in summer!! Tempura ice cream is the eternal god!!	summer vibes!! tempura ice pot is the GOAT!!
B-PYA-053	PYA	76.08	85.05	8.97	50.25	66.78	16.53	0	0	0	xswl这弱智吧的帖子太搞笑了	"This post on the ""lol"" forum is hilarious!"	笑死我了这弱智吧的帖子太搞笑了	"This post from the ""Idiot Bar"" is hilarious! It's so funny!"	lmao the posts in this dumbass forum are too funny
B-PYA-054	PYA	89.23	78.53	-10.70	53.38	48.76	-4.62	0	0	0	马到成功yyds	May you achieve your goal!	马到成功永远的神	May you achieve instant success and be forever blessed!	May you succeed effortlessly, it’s top tier!
B-PYA-055	PYA	62.05	65.99	3.94	28.31	46.51	18.20	0	0	0	这操作nb啊，大佬带带我	That's amazing! Can you teach me how to do that?	这操作牛逼啊，大佬带带我	That's amazing! Can you teach me how to do that?	this play is sick bro carry me
B-PYA-056	PYA	67.06	73.15	6.09	49.10	68.17	19.07	0	0	0	这个cp太好磕了	This couple is so adorable!	这个配对太好磕了	This pairing is so sweet!	this ship is too good fr fr
B-PYA-057	PYA	85.95	81.30	-4.65	61.68	56.48	-5.20	100	0	-100	这俩离不开浓妆美颜强凹ABC	These two can't do without heavy makeup and forced ABC poses.	这俩离不开浓妆美颜强凹American Born Chinese	"These two can't do without heavy makeup and a forced ""American Born Chinese"" persona."	these two can't go without heavy makeup + filters trying to act all ABC
B-PYA-058	PYA	81.25	89.82	8.57	82.23	41.96	-40.27	0	0	0	kdl，这对CP太甜了	kdl, this couple is so sweet!	磕到了，这对CP太甜了	I'm totally shipping them! This couple is so sweet!	I'm shipping it this CP is too sweet
B-PYA-059	PYA	85.99	90.88	4.90	60.18	74.09	13.90	0	0	0	山航yyds	Shandong Airlines yyds	山航永远的神	Shandong Airlines, forever a legend	Shandong Airlines is the GOAT
B-PYA-060	PYA	82.58	87.83	5.24	36.38	40.00	3.62	0	0	0	cpf又在磕了	CP fans are shipping again.	CP粉又在磕了	CP fans are shipping again.	shippers shipping again
B-PYA-061	PYA	78.41	82.83	4.42	75.85	74.99	-0.86	0	0	0	dddd，支持UP主！	dddd, supporting the uploader!	顶顶顶顶，支持UP主！	Great post! Support the uploader!	bump bump bump bump support the creator!
B-PYA-062	PYA	84.55	75.51	-9.04	77.78	78.57	0.79	0	0	0	xswl打印机都沦没墨了	The XSwl printer is out of ink.	笑死我了打印机都沦没墨了	I'm dying of laughter, the printer is completely out of ink.	lmao even the printer ran out of ink
B-PYA-063	PYA	67.21	91.80	24.60	71.06	74.04	2.98	0	100	100	fs们太能打了	The FS players are too good at fighting.	粉丝们太能打了	The fans are amazing!	fans are too cracked
B-PYA-064	PYA	92.23	94.89	2.66	85.39	84.42	-0.96	0	0	0	ssfd，这个太恐怖了	ssfd, that's terrifying.	瑟瑟发抖，这个太恐怖了	I'm trembling with fear, this is terrifying.	shook this is too scary
B-PYA-065	PYA	69.49	88.30	18.81	55.76	75.71	19.95	0	100	100	bt，时常因为不够bt而觉得跟这个世界格格不入	BT (bt) often feels out of place in this world because they are not BT enough.	变态，时常因为不够变态而觉得跟这个世界格格不入	A pervert, often feeling out of place in this world because he is not perverted enough.	pervert always feeling out of place cuz I'm not weird enough lol
B-PYA-066	PYA	95.82	98.04	2.23	80.30	82.93	2.64	0	0	0	这图谁发明的，xswl	Who invented this picture? LOL	这图谁发明的，笑死我了	Who invented this picture? It's hilarious!	who invented this image lmao
B-PYA-067	PYA	61.11	76.74	15.63	59.44	44.27	-15.16	0	0	0	tcl这游戏技术，菜到抠脚	TCL's gaming skills are so bad they're practically nonexistent.	太菜了这游戏技术，菜到抠脚	This game skill is so bad, it's unbelievable.	too noob this game skill noob to the extreme
B-PYA-068	PYA	92.15	96.25	4.10	73.52	73.32	-0.20	0	0	0	zqsg追了这么多年，终于更新了	After following ZQSG for so many years, it's finally updated!	真情实感追了这么多年，终于更新了	After following this story with genuine passion for so many years, it's finally updated!	been following with real feelings for years finally an update
B-PYA-069	PYA	85.64	91.48	5.84	77.78	80.42	2.64	0	0	0	Xswl就说有没有美味大餐吧哈哈哈哈哈哈哈	Xswl, just tell me, is there a delicious meal coming up? Hahahaha	笑死我了就说有没有美味大餐吧哈哈哈哈哈哈哈	I'm dying of laughter! Just tell me if there's a delicious meal! Hahahaha!	lmao just tell me if there's a feast hahahahaha
B-PYA-070	PYA	99.02	77.24	-21.78	85.34	77.60	-7.74	100	100	0	nsdd，你说得对	nsdd, you're right	你说得对，你说得对	You're right, you're right.	nsdd you're right
B-PYA-071	PYA	70.85	60.11	-10.74	54.80	68.53	13.73	0	0	0	xswl一人血书求这个短剧拍真人版	I'm dying to get this short drama made into a live-action version!	笑死我了一人血书求这个短剧拍真人版	I'm dying of laughter! I'm begging you to make a live-action version of this short drama!	lmao starting a one-person petition for a live-action version
B-PYA-072	PYA	100.00	100.00	0.00	71.51	86.45	14.94	100	100	0	szd，这个是真的	It's true, this is real.	是真的，这个是真的	It's true, this is real.	it's legit this is the real deal
B-PYA-073	PYA	88.92	92.02	3.11	62.64	51.23	-11.41	100	100	0	pyq，朋友圈见	See you on pyq and WeChat Moments	朋友圈，朋友圈见	See you on WeChat Moments!	see you in Moments
B-PYA-074	PYA	81.95	95.47	13.52	49.68	79.75	30.08	0	0	0	这个耳朵前后的颜色变化xswl	The color change of that ear is hilarious!	这个耳朵前后的颜色变化笑死我了	The color change in front of and behind that ear is hilarious!	the color change before and after this ear lmao
B-PYA-075	PYA	99.39	79.91	-19.48	74.84	86.71	11.87	100	100	0	dbq，对不起我错了	I'm sorry, I was wrong.	对不起，对不起我错了	I'm sorry, I'm sorry, I was wrong.	sry sorry I was wrong
B-PYA-076	PYA	89.74	88.90	-0.84	71.41	72.46	1.04	0	0	0	xswl皇帝的新衣	LOL, The Emperor's New Clothes	笑死我了皇帝的新衣	The Emperor's New Clothes is hilarious!	lmao emperor's new clothes
B-PYA-077	PYA	86.38	96.42	10.04	75.95	85.42	9.46	0	0	0	哈哈哈哈哈xswl	Hahahaha xswl	哈哈哈哈哈笑死我了	Hahahaha, I'm dying of laughter!	hahahahaha lmao
B-PYA-078	PYA	59.52	88.69	29.17	64.98	70.40	5.43	0	100	100	真的栓Q了家人们	It really tied up the family members.	真的受够了家人们	I've really had enough of my family.	I've really had enough, guys.
B-PYA-079	PYA	85.33	84.80	-0.53	82.46	50.87	-31.58	0	0	0	8u🚪什么意思	What does 8u🚪 mean?	吧友们什么意思	What do you guys mean?	tieba bros what does this mean
B-PYA-080	PYA	77.00	75.62	-1.38	69.91	68.71	-1.20	0	0	0	什么成分？xdm锐评。	What are the ingredients? xdm commentary.	什么成分？兄弟们锐评。	What are the ingredients? Brothers, give your sharp comments.	what's their deal? bros rate.
B-PYA-081	PYA	73.33	95.33	22.00	66.76	68.47	1.71	0	100	100	氪金也能让各家fs满意	Pay-to-win can satisfy all the players.	氪金也能让各家粉丝满意	Spending money can also satisfy fans of all sides.	spending money can also satisfy every camp's fans
B-PYA-082	PYA	74.10	74.13	0.02	65.73	68.02	2.28	0	0	0	咱姐硬生生从良子嘴里抠出3w多粉丝	Our sister managed to extract over 30,000 fans from Liangzi's mouth.	咱姐硬生生从良子嘴里抠出3万多粉丝	Our sister managed to extract over 30,000 fans from Liangzi's mouth.	Our sis somehow pulled more than thirty thousand followers out of Liangzi.
B-PYA-083	PYA	83.01	82.40	-0.61	53.74	56.13	2.39	0	0	0	她俩要是有cpf这都能当谈过的证据了	If they have a romantic relationship, this could be considered evidence that they were dating.	她俩要是有CP粉这都能当谈过的证据了	If they have fans who ship them as a couple, this could be considered evidence that they were in a relationship.	if they had shippers this could count as dating proof
B-PYA-084	PYA	86.47	99.04	12.57	78.57	86.43	7.87	0	0	0	塔图姆NB	Tatum NB	塔图姆牛逼	Tatum is awesome	Tatum is insane.
B-PYA-085	PYA	92.34	90.29	-2.05	72.04	72.13	0.09	0	0	0	想吃肉质Q弹的就买散养老公鸡	If you want tender, springy meat, buy free-range roosters.	想吃肉质紧实弹牙的就买散养老公鸡	If you want firm and springy meat, buy free-range roosters.	if you want bouncy meat buy free-range rooster
B-PYA-086	PYA	90.31	96.48	6.17	76.49	77.57	1.08	0	100	100	yysy，两边都看完了	yysy, I've watched both sides.	有一说一，两边都看完了	To be honest, I've read both sides.	To be honest, I watched both sides
B-MIX-001	MIX	97.13	95.12	-2.01	79.34	67.42	-11.92	100	0	-100	这首歌的hook太洗脑了，循环一天	The hook of this song is so catchy, I've been listening to it on repeat all day.	这首歌的记忆点太洗脑了，循环一天	This song is so catchy, I listened to it on repeat all day.	this song's hook is so catchy, been looping all day
B-MIX-002	MIX	94.71	90.87	-3.84	70.52	76.69	6.17	100	0	-100	短视频前3秒就是hook，抓不住人就划走了	The first 3 seconds of a short video are the hook; if you can't grab someone's attention, they'll swipe away.	短视频前3秒就是吸引人的部分，抓不住人就划走了	The first three seconds of a short video are crucial for grabbing attention; if they don't hold your interest, you'll swipe away.	the first 3 seconds of a short video is the hook, lose them and they scroll away
B-MIX-003	MIX	98.67	99.80	1.13	79.51	83.34	3.84	100	100	0	新专辑终于drop了，等了好久	The new album has finally been released! I've been waiting for so long.	新专辑终于发布了，等了好久	The new album is finally released! I've been waiting for so long!	the new album finally dropped, been waiting forever
B-MIX-004	MIX	98.37	99.96	1.59	80.17	83.06	2.89	100	100	0	这个品牌下周drop新款，必须抢	This brand is dropping their new collection next week, you have to grab it!	这个品牌下周推出新款，必须抢	This brand is launching new models next week, you have to grab them!	this brand is dropping new styles next week, gotta grab them
B-MIX-005	MIX	94.14	95.28	1.15	75.85	78.98	3.14	100	0	-100	这波clutch操作直接翻盘，太牛了	That clutch maneuver completely turned the game around, it was amazing!	这波关键时刻的操作直接翻盘，太牛了	That crucial maneuver turned the tide completely; it was incredible!	this clutch play turned the game around, insane
B-MIX-006	MIX	70.13	85.22	15.09	71.16	78.61	7.46	100	0	-100	决赛最后一分钟clutch绝杀	Clutch's last-minute winner in the final round	决赛最后一分钟关键时刻绝杀	A last-minute game-winning shot in the final round	clutch buzzer-beater in the final minute of the finals
B-MIX-007	MIX	98.05	100.00	1.95	81.98	85.13	3.14	100	100	0	这游戏画质也就mid水平，玩法也一般	The game's graphics are only mid-range, and the gameplay is mediocre.	这游戏画质也就一般水平，玩法也一般	The game's graphics are just average, and the gameplay is also average.	this game's graphics are just mid, gameplay is average too
B-MIX-008	MIX	89.46	87.16	-2.30	70.48	82.33	11.85	100	0	-100	这套穿搭直接slay全场	This outfit completely slayed the entire scene.	这套穿搭直接秒杀全场	This outfit completely stole the show.	this outfit slays the whole room
B-MIX-009	MIX	83.66	85.78	2.12	54.60	80.17	25.58	0	0	0	王虹这波演讲直接slay	Wang Hong's speech was absolutely slay!	王虹这波演讲直接秒杀全场	Wang Hong's speech completely captivated the audience.	Wang Hong's speech just slayed
B-MIX-010	MIX	99.57	96.64	-2.93	86.15	83.11	-3.04	100	100	0	上班就是当NPC，每天重复同样的台词	Going to work is like being an NPC, repeating the same lines every day.	上班就是当非玩家角色，每天重复同样的台词	Going to work is like being a non-player character, repeating the same lines every day.	going to work is being an NPC, repeating the same lines every day
B-MIX-011	MIX	98.93	94.65	-4.28	85.57	80.96	-4.61	100	0	-100	别当NPC了，做自己生活的主角	Stop being an NPC, be the protagonist of your own life.	别当非玩家角色了，做自己生活的主角	Stop being a non-player character, be the protagonist of your own life.	stop being an NPC, be the main character of your own life
B-MIX-012	MIX	77.73	95.28	17.56	75.12	81.88	6.76	0	100	100	i人沦为e人玩具，太真实了	Humans have become toys for other humans—it's all too real.	内向者沦为外向者玩具，太真实了	Introverts become toys for extroverts—it's so true!	introverts becoming playthings for extroverts, too real
B-MIX-013	MIX	92.13	96.34	4.21	79.46	80.60	1.13	0	100	100	e人累了一周还要爬起来继续嗨	After a tiring week, people still have to get up and keep having fun.	外向的人累了一周还要爬起来继续嗨	Extroverts, even after a tiring week, still have to get up and keep having fun.	extroverts have been tired all week and still have to get up and keep partying
B-MIX-014	MIX	79.33	86.20	6.87	60.26	58.22	-2.05	100	0	-100	刻在骨子里的秀粉DNA瞬间苏醒	The fan DNA ingrained in their bones instantly awakened.	刻在骨子里的秀粉基因瞬间苏醒	The fan gene ingrained in my bones was instantly awakened.	the idol fan DNA embedded in my bones instantly awakened
B-MIX-015	MIX	99.80	94.69	-5.11	82.90	84.58	1.68	100	0	-100	POV：你是最后一个知道消息的人	POV: You were the last to know.	视角：你是最后一个知道消息的人	Perspective: You were the last person to know the news.	POV: you're the last person to find out
B-MIX-016	MIX	87.40	87.67	0.28	71.73	81.97	10.24	100	100	0	当地人真的好chill，十一点上班六点下班	The locals are so chill, they get off work from 11 am to 6 pm.	当地人真的好悠闲放松，十一点上班六点下班	The locals are so relaxed and laid-back; they get off work from 11 am to 6 pm.	the locals are so chill, starting work at 11 and off at 6
B-MIX-017	MIX	99.05	99.11	0.06	84.67	86.10	1.42	100	0	-100	这个视频太cringe了，看不下去	This video is so cringeworthy, I can't watch it.	这个视频太尴尬了，看不下去	This video is so embarrassing, I can't bear to watch it.	this video is too cringe, can't even watch
B-MIX-018	MIX	92.97	97.16	4.19	77.01	84.78	7.77	100	100	0	这个行为好sus，不对劲	This behavior is suspicious, something's not right.	这个行为好可疑，不对劲	This behavior is suspicious, something's not right.	this behavior is so sus, something's off
B-MIX-019	MIX	94.94	91.39	-3.55	72.96	84.34	11.37	100	0	-100	别flex了，谁不知道你有钱	Stop flexing, everyone knows you're rich.	别炫耀了，谁不知道你有钱	Stop showing off, everyone knows you're rich.	stop flexing, everyone knows you're rich
B-MIX-020	MIX	99.10	99.17	0.07	83.24	82.98	-0.26	100	100	0	这首歌被hype过头了，其实一般	This song is overhyped; it's actually just average.	这首歌被炒作过头了，其实一般	This song has been overhyped; it's actually just average.	this song got way too much hype, it's actually just average
B-MIX-021	MIX	93.48	99.36	5.87	82.84	82.33	-0.51	100	100	0	今天又偶遇crush了，太巧了	I ran into Crush again today, what a coincidence!	今天又偶遇暗恋对象了，太巧了	I ran into my crush again today, what a coincidence!	ran into my crush again today, what a coincidence
B-MIX-022	MIX	94.18	94.72	0.54	69.19	82.41	13.22	100	0	-100	我ship的CP终于官宣了	My ship's CP has finally been officially announced!	我支持的情侣组合终于官宣了	The couple I support has finally made their official announcement!	the ship I've been rooting for finally went official
B-MIX-023	MIX	94.44	97.54	3.11	79.01	84.64	5.63	100	100	0	作为stan我必须说偶像这次回归太棒了	As a Stan, I have to say that my idol's comeback this time is amazing!	作为狂热粉我必须说偶像这次回归太棒了	As a die-hard fan, I have to say that my idol's comeback was amazing!	as a stan I gotta say the idol's comeback is amazing
B-MIX-024	MIX	97.36	96.48	-0.88	82.17	81.08	-1.09	100	100	0	期待偶像的comeback，新专辑什么时候发	Looking forward to my idol's comeback! When will the new album be released?	期待偶像的回归，新专辑什么时候发	Looking forward to my idol's comeback, when will the new album be released?	looking forward to the idol's comeback, when's the new album dropping
B-MIX-025	MIX	96.60	96.61	0.00	75.26	81.82	6.55	0	0	0	这也太离谱了吧我直接emo	This is outrageous! I'm totally speechless.	这也太离谱了吧我直接抑郁	This is outrageous! I'm totally depressed.	this is so outrageous I'm literally emo rn
B-MIX-026	MIX	94.22	90.01	-4.21	81.02	78.18	-2.84	0	0	0	看到317万年终奖我直接emo了	Seeing the 3.17 million yuan year-end bonus made me completely emotional.	看到317万年终奖我直接情绪低落了	Seeing my year-end bonus of 3.17 million yuan made me feel really down.	Seeing the 3.17 million year-end bonus, I got all emo
B-MIX-027	MIX	96.32	91.08	-5.24	73.32	64.80	-8.52	0	0	0	掉san了，这个太恐怖了	I lost my sanity, this is terrifying.	掉san值了，这个太恐怖了	My sanity dropped, that's terrifying.	lost my sanity this is too scary bruh
B-MIX-028	MIX	91.43	91.95	0.52	75.47	77.01	1.54	100	0	-100	王虹这波citywalk直接从北大走到菲尔兹奖	Wang Hong's city walk took her all the way from Peking University to the Fields Medal.	王虹这波城市漫步直接从北大走到菲尔兹奖	Wang Hong's urban stroll took her all the way from Peking University to the Fields Medal.	Wang Hong's citywalk took her all the way from Peking University to the Fields Medal
B-MIX-029	MIX	96.07	96.93	0.87	66.48	80.69	14.21	100	0	-100	在上海街头随性citywalk	A casual city walk through Shanghai	在上海街头随性城市漫步	A casual stroll through the streets of Shanghai	casual city walk on Shanghai streets
B-MIX-030	MIX	93.95	92.14	-1.81	75.79	80.73	4.94	0	100	100	中国女排这vibe太强了，3比2逆转太燃	The Chinese women's volleyball team is too strong! Their 3-2 comeback victory is so exciting!	中国女排这氛围太强了，3比2逆转太燃	The atmosphere at the Chinese women's volleyball team is incredible; their 3-2 comeback victory was absolutely thrilling.	China women's volleyball's vibe is so strong, the 3-2 comeback is so inspiring
B-MIX-031	MIX	90.81	81.99	-8.82	69.53	75.87	6.35	100	0	-100	这番属于ACGN圈的经典之作了	This is a classic in the ACGN (Anime, Comics, Games, Novels) community.	这番属于动漫游文圈的经典之作了	This is a classic work in the anime, game, and literature world.	this anime is a classic in the ACGN circle
B-MIX-032	MIX	89.10	90.42	1.32	75.94	82.98	7.04	0	0	0	50亿离婚案这drama程度堪比韩剧	The 5 billion yuan divorce case is as dramatic as a Korean drama.	50亿离婚案这戏剧性程度堪比韩剧	The dramatic nature of this 5 billion yuan divorce case is comparable to a Korean drama.	The drama level of the 5 billion divorce case rivals a Korean drama
B-MIX-033	MIX	96.08	95.88	-0.20	73.38	77.20	3.82	100	0	-100	今日OOTD分享	Today's OOTD sharing	今日穿搭分享	Today's outfit sharing	today's OOTD drop
B-MIX-034	MIX	76.77	82.24	5.46	65.79	73.95	8.16	100	0	-100	赛里木湖这波操作太low了，景区管理丢人	This move by Sayram Lake was incredibly low; the scenic area management is a disgrace.	赛里木湖这波操作太低级了，景区管理丢人	This move by Sayram Lake was incredibly sloppy; the scenic area management is a disgrace.	Sarim Lake's move this time is too low-class, scenic area management is embarrassing
B-MIX-035	MIX	100.00	99.73	-0.27	84.26	83.46	-0.79	100	0	-100	OMG这也太好看了	OMG, this is so beautiful!	我的天这也太好看了	My God, this is so beautiful!	OMG this looks so good
B-MIX-036	MIX	87.27	91.08	3.80	53.25	67.15	13.90	0	0	0	腾讯这波泄密事件直接social death了	This data breach at Tencent has resulted in social death.	腾讯这波泄密事件直接社会性死亡了	This data breach at Tencent has resulted in its social death.	Tencent's leak incident this time resulted in total social suicide
B-MIX-037	MIX	95.51	93.07	-2.44	84.81	81.91	-2.90	100	0	-100	这游戏全DLC都买了，花了好几百	I bought all the DLC for this game, it cost me several hundred dollars.	这游戏全可下载内容都买了，花了好几百	I bought all the downloadable content for this game, it cost me several hundred.	bought all the DLC spent several hundred
B-MIX-038	MIX	97.02	98.05	1.03	69.82	82.26	12.44	0	0	0	显卡涨价涨成这样，简直是price离谱	The price increase of graphics cards is simply outrageous.	显卡涨价涨成这样，简直是价格离谱	Graphics card prices have skyrocketed to this level; the prices are simply outrageous.	GPU prices going up this much, the price is just outrageous
B-MIX-039	MIX	100.00	84.96	-15.04	78.08	83.94	5.85	100	0	-100	这个GMV变高了	The GMV has increased.	这个商品交易总额变高了	The total transaction amount for this commodity has increased.	this GMV went up
B-MIX-040	MIX	97.10	97.17	0.07	77.99	79.29	1.30	100	100	0	过度分享这件事真的太trigger了，边界感很重要	Over-sharing is really triggering; boundaries are very important.	过度分享这件事真的太触发了，边界感很重要	Excessive sharing is really triggering; maintaining boundaries is very important.	Oversharing is really triggering. Boundaries matter.
B-MIX-041	MIX	95.43	96.05	0.62	85.57	84.58	-0.98	100	100	0	这个meme太火了	This meme is so popular!	这个梗太火了	This meme is so popular!	this meme is too fire lol
B-MIX-042	MIX	95.22	95.66	0.44	75.64	75.88	0.23	100	100	0	陈哲远在密逃里的reaction太搞笑了	Chen Zheyuan's reactions on Escape Room were hilarious.	陈哲远在密逃里的反应太搞笑了	Chen Zheyuan's reactions in Escape Room were hilarious.	Chen Zheyuan's reaction in the escape room show is too funny
B-MIX-043	MIX	91.05	93.20	2.15	76.01	77.64	1.63	100	0	-100	用来换做成AGI的概率	The probability used to convert to AGI	用来换做成通用人工智能的概率	The probability of converting it into general artificial intelligence	probability of achieving AGI
B-MIX-044	MIX	84.41	84.71	0.30	83.45	83.86	0.41	100	100	0	50亿离婚案这个level太高了，普通人理解不了	A 5 billion yuan divorce case is too high a level for ordinary people to understand.	50亿离婚案这个级别太高了，普通人理解不了	A 5 billion yuan divorce case is too high a level for ordinary people to understand.	The level of the 5 billion divorce case is too high, ordinary people can't understand
B-MIX-045	MIX	93.05	85.99	-7.06	80.81	77.21	-3.60	100	0	-100	cosplay得很好，很像	The cosplay was excellent, very lifelike.	角色扮演得很好，很像	The role was played very well, very convincingly.	cosplay done right looks so similar
B-MIX-046	MIX	96.81	96.42	-0.39	83.67	84.24	0.56	100	100	0	这个app一到发售就崩	This app crashed as soon as it was released.	这个应用一到发售就崩	This app crashed as soon as it was released.	this app crashes every launch
B-MIX-047	MIX	96.25	98.84	2.59	74.77	85.42	10.65	0	0	0	这个角色太OP了	This character is too OP.	这个角色太强了	This character is too strong.	this character is way too overpowered
B-MIX-048	MIX	90.69	81.47	-9.22	78.91	78.66	-0.25	100	100	0	lpl历史上有像清算48同样力度的清算吗？	Has there ever been a purge in LPL history with the same intensity as the purge of 48?	LPL历史上有像清算48同样力度的清算吗？	Has there ever been a cleanup in LPL history with the same intensity as the cleanup of 48?	has there ever been a reckoning as hard as '48' in LPL history?
B-MIX-049	MIX	85.50	91.45	5.94	83.87	76.10	-7.77	0	0	0	加个buff，变得更强	Add a buff and become stronger.	加个增益，变得更强	Add a boost, and it becomes stronger.	add a power-up get stronger ez
B-MIX-050	MIX	100.00	99.12	-0.88	84.73	84.61	-0.12	100	100	0	这个logo设计得好	This logo is well designed.	这个品牌标识设计得好	This brand logo is well designed.	this logo is well designed
B-MIX-051	MIX	87.69	88.46	0.77	63.45	82.75	19.30	100	0	-100	被nerf了，变弱了	It's been nerfed and made weaker.	被削弱了，变弱了	It has been weakened, it has become weaker.	got nerfed got weaker smh
B-MIX-052	MIX	93.69	94.00	0.31	83.02	83.36	0.35	100	100	0	我刚才去打apex了	I just went to play Apex Legends.	我刚才去打Apex了	I just went to play Apex Legends.	just went to play Apex
B-MIX-053	MIX	100.00	100.00	0.00	84.93	84.14	-0.78	100	100	0	GDP十强省份变了	The top ten provinces in terms of GDP have changed.	国内生产总值十强省份变了	The top ten provinces in terms of GDP have changed.	GDP top 10 provinces changed
B-MIX-054	MIX	84.70	89.89	5.19	60.59	77.21	16.62	0	0	0	GG了，完了	It's GG, it's over.	完了，完了	It's over, it's over	It's game over, we're done for.
B-MIX-055	MIX	67.85	62.12	-5.73	53.31	55.51	2.20	100	100	0	就是在cp里吃瓜	It's about watching the drama unfold in the context of a couple's relationship.	就是在搭档组合里吃瓜	It's about being a gossipmonger in a partnership/group.	just watching the drama in the ship
B-MIX-056	MIX	92.59	98.02	5.43	53.59	61.95	8.36	0	100	100	图样森破，你太天真了	You're too naive.	Too young too simple，你太天真了	Too young, too simple. You're too naive.	too young too simple you're too naive
B-MIX-057	MIX	98.20	98.34	0.14	86.54	85.95	-0.58	100	0	-100	这个AI太厉害了	This AI is amazing!	这个人工智能太厉害了	This artificial intelligence is amazing!	this AI is way too OP fr
B-MIX-058	MIX	78.53	66.64	-11.89	47.85	49.03	1.18	100	100	0	carry全场，带飞	Carry the whole team, make it to the top!	带飞全场，带飞	Carry the whole team to victory, carry the team to victory	carrying the whole squad what a carry
B-MIX-059	MIX	98.78	96.32	-2.46	84.07	83.64	-0.44	100	0	-100	她学的是泰语又不是IT	She studied Thai, not IT.	她学的是泰语又不是信息技术	She studied Thai, not information technology.	she studies Thai not IT
B-MIX-060	MIX	96.68	99.40	2.72	81.31	79.88	-1.42	100	100	0	VIP通道真快	VIP access is really fast.	贵宾通道真快	The VIP lane is really fast.	VIP lane is so fast
B-MIX-061	MIX	84.19	73.69	-10.49	67.03	66.81	-0.22	100	0	-100	solo一下，单挑	Let's solo, one-on-one.	单挑一下，单挑	Let's have a one-on-one fight!	solo it 1v1 me bro
B-MIX-062	MIX	100.00	100.00	0.00	83.22	84.46	1.24	0	100	100	这个PK谁赢了	Who won this battle?	这个对决谁赢了	Who won this duel?	who won this duel
B-MIX-063	MIX	81.38	86.10	4.72	75.12	74.94	-0.18	100	100	0	因凡蒂诺和FIFA演都不演了，这是纯把梅西世界杯金球奖给抢劫了	Infantino and FIFA aren't even putting on a show anymore; this is practically robbing Messi of the World Cup Golden Ball award.	因凡蒂诺和国际足联演都不演了，这是纯把梅西世界杯金球奖给抢劫了	Infantino and FIFA aren't even putting on a show anymore; this is pure robbery of Messi's World Cup Golden Ball award.	Infantino and FIFA aren't even hiding it anymore straight up robbed Messi of the World Cup Golden Ball
B-MIX-064	MIX	97.93	97.83	-0.10	84.69	84.47	-0.23	100	100	0	做个SPA放松一下	Relax at a spa	做个水疗放松一下	Relax with a spa treatment	getting a spa to relax
B-MIX-065	MIX	88.86	92.65	3.79	82.08	51.01	-31.07	100	100	0	这个DJ太嗨了	This DJ is so energetic!	这个唱片骑师太嗨了	This DJ is so hyped!	this DJ is too lit
B-MIX-066	MIX	89.07	79.82	-9.25	75.06	77.51	2.45	0	0	0	Rush E 朗朗PK街头钢琴家	Rush E Lang Lang vs. Street Pianist	Rush E 朗朗对决街头钢琴家	Rush E vs. Lang Lang: A Showdown with a Street Pianist	Rush E Lang Lang versus street pianist
B-MIX-067	MIX	84.41	84.45	0.05	80.21	78.87	-1.34	100	100	0	这动漫OP太好听了，循环播放	This anime opening theme is so good, I'm playing it on repeat.	这动漫片头曲太好听了，循环播放	This anime opening theme is so good, I'm playing it on repeat.	this anime opening slaps on loop
B-MIX-068	MIX	96.78	96.29	-0.49	84.06	84.49	0.43	100	0	-100	买个iPad记笔记	Buy an iPad to take notes	买个平板电脑记笔记	Buy a tablet to take notes	getting an iPad for notes
B-MIX-069	MIX	75.86	79.72	3.86	75.90	75.60	-0.30	100	100	0	抖音的bgm怎么突然变得那么难听了到处都是想问问你敢不敢还有那天我经过一片花园	Why have the background music on TikTok suddenly become so awful? It's everywhere. I want to ask you, do you dare? And that day I walked through a garden...	抖音的背景音乐怎么突然变得那么难听了到处都是想问问你敢不敢还有那天我经过一片花园	Why has the background music on TikTok suddenly become so awful? It's everywhere. I want to ask you, do you dare? And that day I walked through a garden...	why has Douyin's background music gotten so bad everywhere it's either 'I Want to Ask If You Dare' or 'That Day I Passed a Garden'
B-MIX-070	MIX	99.54	98.97	-0.58	82.61	81.39	-1.22	0	0	0	这个PPT做得好	This PPT is well made.	这个演示文稿做得好	This presentation is well done.	this PowerPoint is well made
B-MIX-071	MIX	83.11	82.12	-0.99	50.03	76.06	26.03	100	0	-100	法法这期ooc了吧	Fafa was out of character this episode, right?	法法这期脱离扮演角色了吧	Fafa seems to have broken free from her role this episode.	Fafa was so out of character this episode bruh
B-MIX-072	MIX	88.48	83.26	-5.21	80.18	76.71	-3.47	100	0	-100	3.5h通关	3.5 hours to clear customs	3.5小时通关	3.5-hour customs clearance	beat the game in 3.5 hours
B-MIX-073	MIX	92.06	90.38	-1.68	76.66	62.77	-13.88	100	0	-100	这个ins风好看	This Instagram style is beautiful.	这个网红风好看	This trendy style is pretty.	this Instagram aesthetic looks good
B-MIX-074	MIX	86.44	94.98	8.54	74.19	82.23	8.04	0	0	0	我的文化水平belike	My educational level is similar	我的文化水平就像这样	My educational level is like this.	my education level be like lmao
B-MIX-075	MIX	91.88	96.65	4.77	74.61	82.51	7.90	100	100	0	来杯matcha	Have a matcha	来杯抹茶	Have a cup of matcha	a cup of matcha
B-MIX-076	MIX	97.76	97.81	0.06	81.60	84.41	2.81	0	0	0	店员花一秒钟get到你的意思了	The shop assistant understood what you meant in a second.	店员花一秒钟理解到你的意思了	The shop assistant understood what you meant in a second.	the clerk took one second to get your meaning
B-MIX-077	MIX	98.80	94.52	-4.29	81.89	76.73	-5.16	100	0	-100	这个vlog拍得好	This vlog is well made.	这个视频博客拍得好	This video blog is well made.	this vlog is well shot
B-MIX-078	MIX	91.25	86.67	-4.58	69.11	53.84	-15.27	0	0	0	学习上problem不能发作	Problems in learning cannot be manifested.	学习上问题不能发作	Problems with studies should not be exposed.	can't let the issue flare up during studying
B-MIX-079	MIX	87.59	94.08	6.49	72.75	81.15	8.40	0	0	0	好久没有笑的这么开心了，必须收藏起来emo了再看	I haven't laughed this happily in a long time. I have to save this and watch it when I'm feeling emo.	好久没有笑的这么开心了，必须收藏起来抑郁了再看	I haven't laughed this happily in a long time. I have to save this for when I'm depressed.	haven't laughed this hard in ages saving it to watch when I'm feeling down fr
B-MIX-080	MIX	91.29	95.63	4.34	80.07	78.01	-2.06	100	100	0	cult导演后悔道剧组没有你	The cult director regretted not having you in the crew.	邪典导演后悔道剧组没有你	The cult director regretted not having you on the film set.	cult director regrets not having you on set
B-MIX-081	MIX	69.53	65.62	-3.91	63.37	70.37	7.00	0	0	0	从技术舞美上讲是挺牛，但从意识上讲buff快叠满了	Technically and in terms of stage design, it's pretty impressive, but conceptually, the buffs are almost fully stacked.	从技术舞美上讲是挺牛，但从意识上讲增益快叠满了	Technically and in terms of stage design, it's pretty impressive, but conceptually, the gains are almost maxed out.	technically the stage design is pretty sick but ideologically the power-ups are almost fully stacked
B-MIX-082	MIX	67.90	59.54	-8.36	74.24	76.98	2.74	100	100	0	上了初中就开始恶化了，甚至游戏也会拖一会儿再启动，作业拖到ddl就算是期末周也学不进去	It started getting worse when I entered junior high school. I would even delay starting games, and I couldn't concentrate on my homework until the deadline, even during final exam week.	上了初中就开始恶化了，甚至游戏也会拖一会儿再启动，作业拖到截止日期就算是期末周也学不进去	It started getting worse when I entered junior high school. I would even delay starting games, and I couldn't concentrate on studying even during final exam week, leaving homework until the deadline.	middle school hit different even games I delay homework till deadline even in finals week can't focus smh
B-MIX-083	MIX	78.15	95.56	17.41	45.72	70.63	24.91	100	100	0	ddl就在眼前了还在摆烂	The deadline is looming and they're still giving up.	截止日期就在眼前了还在摆烂	The deadline is fast approaching and you're still just lying around doing nothing.	deadline is right there and you're still slacking
B-MIX-084	MIX	99.91	88.66	-11.25	82.39	84.02	1.63	100	0	-100	asmr助眠真的有用吗	Does ASMR really work for sleep?	自发性知觉经络反应助眠真的有用吗	Does spontaneous sensory meridian response really help with sleep?	does ASMR for sleep actually work
B-MIX-085	MIX	95.72	91.89	-3.84	72.51	77.90	5.39	100	100	0	超mean老奶一般是英语老师	Super mean grandmas are usually English teachers	超刻薄老奶一般是英语老师	Extremely mean-spirited older women are usually English teachers.	Super mean old ladies are usually English teachers
B-MIX-086	MIX	87.20	89.58	2.38	68.69	77.74	9.06	100	0	-100	绝对音感的正确用法belike	The correct way to use perfect pitch is like	绝对音感的正确用法是这样	The correct way to use perfect pitch is as follows:	The correct usage of absolute pitch be like
B-HOM-096	HOM	90.54	91.77	1.22	63.38	73.95	10.57	100	0	-100	孩好像真的很困了，但是一直被麻麻薅过来薅过去配合拍视频	The child seemed really sleepy, but kept being pulled around by mom to cooperate with filming.	孩好像真的很困了，但是一直被妈妈薅过来薅过去配合拍视频	The child seemed really sleepy, but kept being pulled around by her mother to cooperate with filming.	the kid really seems sleepy, but keeps getting dragged back and forth by mom to pose for the video
B-HOM-097	HOM	93.41	94.00	0.59	66.93	73.07	6.14	0	0	0	哈哈哈哈哈，不好意思哈哈哈哈哈没崩住	Hahahaha, sorry hahahaha I couldn't hold it in.	哈哈哈哈哈，不好意思哈哈哈哈哈没绷住	Hahahaha, sorry hahahaha I couldn't hold it in.	hahaha, sorry hahaha I couldn't hold it together
B-HOM-098	HOM	98.08	97.26	-0.83	80.87	79.98	-0.88	100	100	0	淦，忘记原版了，有谁能补一下？	Damn, I forgot the original version. Can anyone provide a copy?	干，忘记原版了，有谁能补一下？	Damn, I forgot the original version. Can anyone provide a copy?	damn, I forgot the original, can anyone fill it in?
B-HOM-099	HOM	78.60	74.03	-4.57	59.96	54.84	-5.12	0	0	0	你们要是给我炮儿玩似了我看什么啊	If you guys play the cannon like this, what am I supposed to watch?	你们要是给我炮儿玩死了我看什么啊	If you guys kill my cannon, what am I supposed to watch?	if you guys play my Pao'er to death, what am I supposed to watch?
B-PYA-087	PYA	85.50	87.59	2.10	76.46	72.39	-4.07	0	0	0	快别TM说了，抓紧睡半个钟头，不然去早餐店要迟到了	Stop talking the hell out of here, hurry up and get some sleep for half an hour, or you'll be late for breakfast.	快别他妈说了，抓紧睡半个钟头，不然去早餐店要迟到了	Stop talking the hell out there and get some sleep for half an hour, or you'll be late for breakfast.	stop freaking talking and grab half an hour of sleep, or you'll be late for the breakfast shop
B-NEO-087	NEO	94.18	93.06	-1.11	85.70	83.38	-2.32	0	0	0	某种意义上来看他也是个神人	In a sense, he was also a god.	某种意义上来看他也是个行为离谱的人	In a sense, he was also a person with outrageous behavior.	in a certain sense he's also an absolute character
B-NEO-088	NEO	71.63	81.37	9.74	64.16	71.18	7.02	0	100	100	我都不知道出新图了，作业自己跑我脸上了	I didn't even know a new picture came out; my homework just appeared on my face.	我都不知道出新图了，攻略自己跑我脸上了	I didn't even know a new map was released; the walkthrough just popped into my face.	I didn't even know a new stage was out, and the guide just ran right into my face
B-NEO-089	NEO	94.64	99.88	5.24	77.99	80.39	2.40	0	0	0	无论从哪个层面来看，都是吊炸了	From any perspective, it's absolutely amazing.	无论从哪个层面来看，都是厉害极了	It's incredibly impressive from any perspective.	no matter how you look at it, it's insanely awesome
B-NEO-090	NEO	78.75	94.71	15.96	71.43	79.63	8.20	0	0	0	应该是的，不然怎么会气到把国粹给说出来了	That's probably right, otherwise why would he be so angry that he brought up the essence of Chinese culture?	应该是的，不然怎么会气到把脏话给说出来了	That's probably right, otherwise why would he be so angry that he swore?	must be, otherwise how would he get so angry that the swear words came out
B-NEO-091	NEO	89.59	92.48	2.89	70.25	77.15	6.90	0	0	0	说个冷知识，来俊臣的父亲名叫来操，是个挺生草的名字	Here's a little-known fact: Lai Junchen's father's name was Lai Cao, which is quite a quirky name.	说个冷知识，来俊臣的父亲名叫来操，是个挺搞笑的名字	Here's a little-known fact: Lai Junchen's father's name was Lai Cao, which is quite a funny name.	fun fact: Lai Junchen's father was named Lai Cao, which is a pretty hilarious name
B-NEO-092	NEO	71.73	81.37	9.64	72.15	83.03	10.88	0	0	0	他不是好了，而是知道自己要凉了	He wasn't cured; he knew he was doomed.	他不是好了，而是知道自己要完蛋了	He wasn't cured; he knew he was doomed.	he's not better, he just knows he's done for
B-NEO-093	NEO	71.09	83.46	12.37	67.87	66.31	-1.56	0	0	0	置顶评论官方链接是淘宝就知道成分了	The pinned comment says the official link is on Taobao, which will let you know the ingredients.	置顶评论官方链接是淘宝就知道背景了	The pinned comment mentions an official link on Taobao, which gives you an idea of the background.	the pinned official link is Taobao, that alone tells you what they're really about
B-NEO-094	NEO	72.40	81.40	9.01	79.31	80.56	1.25	0	100	100	逆天。。我现在开车老走错路	Unbelievable... I keep getting lost while driving these days.	离谱。。我现在开车老走错路	Outrageous... I keep getting lost while driving these days.	wild… I keep taking wrong turns when driving now
B-MIX-087	MIX	73.21	92.18	18.97	50.21	75.45	25.24	100	0	-100	发现没火的作者belike	Belike discovered that the author who didn't become popular	发现没火的作者就是这样	This is how it is when you discover an author who isn't popular.	discovering an underrated creator be like
B-MIX-088	MIX	93.55	92.42	-1.14	74.15	75.29	1.15	100	100	0	第一次尝试做这么长的动画 感觉k帧速度有所提升绝宝二周年快乐!	This is my first attempt at making such a long animation. I feel like the keyframe speed has improved. Happy 2nd Anniversary to Juebao!	第一次尝试做这么长的动画 感觉打关键帧速度有所提升绝宝二周年快乐!	This is my first time trying to make such a long animation. I feel like my keyframe-setting speed has improved. Happy 2nd Anniversary to Juebao!	first time making such a long animation, my keyframing speed has improved — happy 2nd anniversary Juebao!
B-MIX-089	MIX	93.93	94.41	0.48	79.41	82.46	3.05	100	100	0	或许它真的是福利最好的fps	Perhaps it really is the FPS with the best benefits.	或许它真的是福利最好的第一人称射击游戏	Perhaps it really is the first-person shooter game with the best perks.	maybe it really is the FPS with the best freebies
B-MIX-090	MIX	95.77	93.44	-2.33	71.10	74.43	3.33	100	100	0	杨博文四代唯一C位队长	Yang Bowen is the only center-position captain in the fourth generation.	杨博文四代唯一中心位队长	Yang Bowen is the only center position captain in four generations.	Yang Bowen, Gen 4's only center-position captain
B-HOM-100	NEO	73.97	57.31	-16.65	65.65	74.99	9.34	0	100	100	明显，队友大概率寄了，和上司有关，但扳机似乎记忆出现问题，咬死队友还活着，变相保护了上司，所以被上司放了	Clearly, the teammate most likely died, and it's related to the superior, but Trigger seems to have a memory problem, insisting the teammate was still alive, thus indirectly protecting the superior, which is why the superior let him go.	明显，队友大概率死了，和上司有关，但扳机似乎记忆出现问题，咬死队友还活着，变相保护了上司，所以被上司放了	Clearly, the teammate was most likely dead, and it was related to the superior, but Trigger seemed to have a memory problem, biting the teammate who was still alive, thus indirectly protecting the superior, which is why the superior let him go.	clearly the teammate is most likely dead and the boss is involved, but Trigger's memory seems broken — she insists the teammate is alive, which indirectly shielded the boss, so the boss let her go
B-HOM-101	HOM	76.62	75.74	-0.88	78.99	80.77	1.78	0	100	100	怪兽：我已经破坏掉了你所有能获取光的办法，看你还怎么变身 迪迦：你钱包的钱还有多少？ 怪兽：全花光了 迪迦：恰！	Monster: I've destroyed all your means of obtaining light, let's see how you transform now! Tiga: How much money do you have left in your wallet? Monster: All gone! Tiga: Cha!	怪兽：我已经破坏掉了你所有能获取光的办法，看你还怎么变身 迪迦：你钱包的钱还有多少？ 怪兽：全花光了 迪迦：吃！	Monster: I've destroyed all your means of obtaining light, let's see how you transform now! Tiga: How much money do you have left in your wallet? Monster: All gone! Tiga: Eat!	Monster: I've destroyed every way you could gather light, let's see you transform now. Tiga: How much money is left in your wallet? Monster: All spent. Tiga: Nom!
B-HOM-102	HOM	87.24	90.84	3.60	68.55	83.33	14.78	100	100	0	人定不了天，一切的一切还是按照历史轨迹走，我记得是三段历史走向，猪脚心累了	Humans can't control fate; everything still follows the historical trajectory. I remember there were three historical periods. The protagonist is exhausted.	人定不了天，一切的一切还是按照历史轨迹走，我记得是三段历史走向，主角心累了	Humans cannot control fate; everything still follows the historical trajectory. I remember there were three historical periods, and the protagonist was exhausted.	man can't defy heaven, everything still follows the track of history — I remember there were three historical branches, and the protagonist is exhausted
B-HOM-103	HOM	64.97	80.06	15.10	71.18	72.45	1.27	0	0	0	笑成猪头最好笑是因为！！！我本来就觉得很好笑哈哈哈，看到这个蚌不住了！！！	The funniest part is laughing like a pig's head because!!! I already thought it was hilarious, but I couldn't help it when I saw this clam!!!	笑成猪头最好笑是因为！！！我本来就觉得很好笑哈哈哈，看到这个绷不住了！！！	The funniest part is laughing like a pig's head because!!! I already thought it was hilarious, but I couldn't hold it in anymore when I saw this!!!	the pig-head laugh is the funniest because!!! I already found it hilarious hahaha, and seeing this I just lost it!!!
B-HOM-104	HOM	73.90	82.11	8.21	70.85	78.00	7.15	100	100	0	真旅行青蛙！  去哪了 会给麻麻带明信片回来  真好	The Traveling Frog is amazing! Where did it go? It even brings back postcards for its mom!	真旅行青蛙！  去哪了 会给妈妈带明信片回来  真好	The traveling frog is amazing! Where did it go? It even brings back postcards for its mom! That's so nice!	a real Travel Frog! wherever it goes, it brings postcards back for mom — so sweet
B-HOM-105	HOM	90.96	90.22	-0.74	74.16	78.23	4.07	100	100	0	兄dei，这么好的猪 你舍得一次性吃完吗（于谦声）	Bro, such a good pig, are you really willing to eat it all at once? (Yu Qian's voice)	兄弟，这么好的猪 你舍得一次性吃完吗（于谦声）	Brother, are you really willing to eat such a good pig all at once? (Yu Qian's voice)	bro, such a fine pig — could you really bear to eat it all in one go? (in Yu Qian's voice)
B-HOM-106	NEO	90.76	93.82	3.06	54.15	69.05	14.90	100	100	0	这高达味怎么这么重啊，真的是百合拯救了萝卜？	Why does this Gundam vibe feel so strong? Is it really because yuri saved the mecha?	这高达味怎么这么重啊，真的是百合拯救了机器人？	Why does this feel so much like Gundam? Is it really because yuri saved the robot?	why does this feel so much like Gundam — did yuri really save the mecha genre?
B-HOM-107	HOM	93.02	93.69	0.68	77.51	76.67	-0.84	100	100	0	淦，为什么要让我凌晨刷到，睡不着觉了()	Damn it, why did I have to see this at this hour? I can't sleep now.	干，为什么要让我凌晨刷到，睡不着觉了()	Damn, why did I have to see this at this hour? I can't sleep now.	damn, why did I have to scroll onto this in the middle of the night, now I can't sleep ()
B-HOM-108	HOM	96.40	94.02	-2.38	83.42	85.38	1.96	100	0	-100	免责声明，此为系统自动播放，与我无瓜	Disclaimer: This is an automated playback by the system and has nothing to do with me.	免责声明，此为系统自动播放，与我无关	Disclaimer: This is an automated playback and is not my responsibility.	disclaimer: this was autoplayed by the system, nothing to do with me
B-HOM-109	HOM	91.24	90.66	-0.58	71.79	77.01	5.21	100	100	0	又第一了 带领兄弟萌再冲一次～～～～	We're number one again! Let's lead our brothers to another victory!	又第一了 带领兄弟们再冲一次～～～～	We're number one again! Let's lead the brothers and charge forward once more!	number one again — leading the bros for one more charge~~~~
B-HOM-110	HOM	48.33	88.84	40.50	45.56	62.09	16.53	0	0	0	预计会火，火钳刘明	It's expected to be popular, fire tongs Liu Ming	预计会火，火前留名	This is expected to go viral; I'll leave my name before it does.	this is going to blow up, leaving my name here before it does
B-HOM-111	HOM	67.26	75.56	8.30	70.12	62.43	-7.68	0	0	0	扳机歪了，前来还怨	The trigger is bent, and you come here to complain.	扳机歪了，前来还愿	The trigger was misaligned; I've come to offer thanks.	my pull for Trigger went off-banner — here to repay my vow
B-HOM-112	HOM	91.42	97.36	5.94	68.73	83.35	14.62	0	0	0	梅森：这我可太熟辣！	Mason: I know this like the back of my hand!	梅森：这我可太熟啦！	Mason: I know this all too well!	Mason: now this I know all too well!
B-HOM-114	HOM	95.51	96.12	0.62	79.38	82.09	2.71	0	100	100	我不行了我笑得要噶了	I can't take it anymore, I'm laughing so hard I'm about to burst!	我不行了我笑得要挂了	I can't take it anymore, I'm laughing so hard I'm about to die.	I can't take it, I'm about to die laughing
B-HOM-115	HOM	95.53	93.33	-2.20	73.41	84.77	11.36	0	0	0	活到老学到老,似了也要学习	One should never stop learning, even when one is old.	活到老学到老,死了也要学习	One is never too old to learn, and one should continue learning even after death.	live and learn — keep studying even when you're dead
B-HOM-116	HOM	62.18	78.07	15.89	63.47	64.76	1.29	0	0	0	太好辣，是拐杖星人，我们没救了	It's so spicy! We're like cane-wielding aliens, we're hopeless.	太好啦，是拐杖星人，我们没救了	Great, they're from the Cane Alien world, we're doomed.	oh great, it's the crutch alien, we're doomed
B-HOM-117	HOM	76.90	73.33	-3.57	68.07	73.11	5.04	0	0	0	老八胃大，无需多盐	Old Ba has a big stomach, so he doesn't need much salt.	老八胃大，无需多言	The eighth son has a big stomach, no need to elaborate.	Laoba has a big stomach — no more words needed
B-HOM-118	HOM	96.52	99.76	3.24	58.59	85.40	26.80	0	100	100	雾草这幕太美了	This scene is so beautiful!	卧槽这幕太美了	Holy crap, this scene is so beautiful!	holy crap this scene is gorgeous
B-HOM-119	NEO	95.50	99.76	4.25	79.16	84.64	5.48	0	100	100	欧内该，我什么都愿意做	Oh my god, I'm willing to do anything.	拜托了，我什么都愿意做	Please, I'll do anything.	please, I'll do anything
B-HOM-120	HOM	98.58	98.60	0.02	71.42	73.90	2.47	100	100	0	果然混元是个妹纸	As expected, Hunyuan is a girl.	果然混元是个妹子	As expected, Hunyuan is a girl.	so Hunyuan really is a girl after all
B-HOM-121	HOM	74.19	79.19	5.00	75.55	59.97	-15.57	0	0	0	年轻人不讲武德！耗子尾汁	Young people lack martial ethics! (Rat tail juice)	年轻人不讲武德！好自为之	Young people who lack martial ethics! They should think twice before acting.	young people have no martial virtue! you'd better behave yourselves
B-HOM-122	HOM	72.69	65.89	-6.80	54.95	59.20	4.25	0	0	0	官方踏马自黑，这下别人黑不了了	The official account has made a self-deprecating joke, now no one can criticize it anymore.	官方他妈自黑，这下别人黑不了了	The official account made a self-deprecating joke, so now no one can criticize it anymore.	the officials are freaking roasting themselves, now nobody else can roast them
B-HOM-123	HOM	95.11	98.12	3.01	64.85	79.13	14.28	100	0	-100	这俩老男人的沙雕人生	The ridiculous lives of these two old men	这俩老男人的傻屌人生	The idiotic lives of these two old men	the goofball life of these two old guys
B-HOM-124	HOM	73.76	96.39	22.63	69.62	82.51	12.88	0	100	100	被天使蚊过的嗓子	throat touched by angel mosquitoes	被天使吻过的嗓子	A voice kissed by an angel	a voice kissed by an angel
B-HOM-125	HOM	98.13	98.65	0.52	63.16	80.52	17.36	100	100	0	上一个视频就是不讲内个	The previous video didn't talk about that.	上一个视频就是不讲那个	The previous video didn't talk about that.	the last video just wouldn't talk about that
B-HOM-127	HOM	79.53	93.94	14.41	47.99	61.29	13.29	0	100	100	可以四了这游戏	This game is ready to be played.	可以死了这游戏	You can die in this game.	this game can just die already
B-HOM-128	HOM	84.61	99.01	14.39	53.01	68.95	15.94	100	100	0	全体欣赏阴乐	Enjoy the music for the whole family.	全体欣赏音乐	Enjoy the music	everyone, enjoy the music
B-HOM-129	HOM	66.76	70.46	3.71	56.80	58.01	1.21	100	100	0	锁呐区甲亢哥	Hyperthyroidism in Suona District	唢呐区甲亢哥	Suona District Hyperthyroidism Brother	suona-section Speed
B-HOM-130	HOM	95.41	98.67	3.26	82.70	83.97	1.27	0	0	0	哎你怎么似了	Hey, what's wrong with you?	哎你怎么死了	Oh, how did you die?	hey, how come you died
B-HOM-131	HOM	78.45	90.68	12.23	70.69	75.91	5.22	0	100	100	密码的，很久没笑得这么无语了	The password... I haven't laughed this dumbfounded in a long time.	妈的，很久没笑得这么无语了	Damn, I haven't laughed this dumbfounded in ages.	damn, it's been ages since I laughed this speechlessly
B-PYA-088	PYA	95.58	95.68	0.10	81.88	82.57	0.69	100	100	0	不是，我TM哪来的教材，你在逗我呢	No way, where the hell would I get textbooks? Are you kidding me?	不是，我他妈哪来的教材，你在逗我呢	No way, where the hell would I get textbooks? Are you kidding me?	wait, where the hell would I get a textbook, are you kidding me
B-PYA-089	PYA	95.85	97.51	1.66	80.14	83.90	3.75	100	100	0	md，这军方也这么乱，难怪市民们这么乐观，哈哈	Damn, the military is in such disarray, no wonder the citizens are so optimistic, haha.	妈的，这军方也这么乱，难怪市民们这么乐观，哈哈	Damn, the military is in such a mess, no wonder the citizens are so optimistic, haha.	damn, even the military is this chaotic, no wonder the citizens are so optimistic, haha
B-PYA-090	PYA	93.14	93.26	0.13	79.43	79.51	0.08	0	100	100	wc我想要高斯裤子的链接，真的好帅	I want the link to the Gauss pants, they look so cool!	卧槽我想要高斯裤子的链接，真的好帅	Holy crap, I want the link to the Gauss pants, they're so cool!	whoa I want the link to Gauss's pants, they look so cool
B-PYA-091	PYA	86.83	86.53	-0.30	52.76	71.96	19.20	0	100	100	WC，这都能被发现啊	Wow, how did they even notice that?	卧槽，这都能被发现啊	Holy crap, how did they even find out?	whoa, even this got noticed
B-PYA-092	PYA	97.25	99.08	1.83	83.04	85.66	2.62	0	100	100	woc太萌了	woc is so cute	卧槽太萌了	Holy crap, so cute!	omg so cute
B-PYA-093	PYA	86.67	90.91	4.24	62.20	79.82	17.61	100	100	0	dbq小啵有点像触电了	Sorry, Xiao Bo looks like he's been electrocuted.	对不起小啵有点像触电了	Sorry, Xiao Bo looks like he's been electrocuted.	sorry but Xiaobo kind of looks electrocuted
B-PYA-094	PYA	88.87	96.90	8.02	62.04	83.40	21.36	100	0	-100	无线能源是基于无线水的原理吗？(bushi)	Is wireless energy based on the principle of wireless water? (not really)	无线能源是基于无线水的原理吗？(不是)	Is wireless energy based on the principle of wireless water? (No)	is wireless energy based on the principle of wireless water? (jk)
B-PYA-095	PYA	85.94	88.11	2.17	58.62	76.82	18.20	0	0	0	光明，赐予我力量（bushi）	Light, grant me strength (not really).	光明，赐予我力量（不是）	Light, grant me strength (not really).	light, grant me power (jk)
B-PYA-096	PYA	99.68	99.97	0.29	79.74	80.28	0.54	0	100	100	这么说我才发现字幕不是视频自带的hhhh	Now I realize the subtitles aren't part of the video, haha.	这么说我才发现字幕不是视频自带的哈哈哈哈	Now I realize the subtitles aren't part of the video, hahaha.	now that you mention it, I just realized the subtitles aren't part of the video hahaha
B-PYA-097	PYA	92.82	90.31	-2.52	78.62	78.47	-0.15	100	100	0	完了疑似吉米被吓疯了hh	It seems Jimmy has gone crazy from fright, haha.	完了疑似吉米被吓疯了哈哈	It seems Jimmy was scared out of his wits, haha.	uh oh, Jimmy seems scared out of his mind haha
B-PYA-098	PYA	93.41	93.95	0.54	73.84	81.28	7.44	100	100	0	看清楚材质吧，pdd很多都是聚酯纤维，你问客服没几个敢说是纯棉的	Make sure you check the material carefully. Many items on Pinduoduo are made of polyester fiber; if you ask customer service, very few will dare to say they're pure cotton.	看清楚材质吧，拼多多很多都是聚酯纤维，你问客服没几个敢说是纯棉的	Make sure you check the material carefully. Many items on Pinduoduo are made of polyester fiber; if you ask customer service, very few will dare to say they're pure cotton.	check the fabric carefully — a lot of stuff on Pinduoduo is polyester, and few customer-service reps dare claim it's pure cotton
B-PYA-099	PYA	87.62	88.14	0.52	64.33	75.76	11.44	0	0	0	27W收藏4W点赞服了不提醒还不知道........	270,000 favorites and 40,000 likes—I'm amazed! I wouldn't even know unless I was told...	27万收藏4万点赞服了不提醒还不知道........	270,000 favorites and 40,000 likes—I'm impressed! I wouldn't have known if I hadn't been notified...	270k saves and 40k likes, unbelievable — I wouldn't even have known without the reminder……
B-PYA-100	PYA	93.58	95.44	1.86	65.43	80.06	14.62	0	0	0	20w收藏3w点赞	200,000 favorites, 30,000 likes	20万收藏3万点赞	200,000 favorites, 30,000 likes	200k saves, 30k likes
B-PYA-101	PYA	89.25	91.08	1.83	79.65	82.60	2.95	0	0	0	啊？60w围攻45w的城，对方还以骑兵为主？？！	Huh? 600,000 troops besieging a city with 450,000 troops, and the enemy is mainly composed of cavalry?!	啊？60万围攻45万的城，对方还以骑兵为主？？！	Huh? 600,000 besieging a city with 450,000, and the enemy is mainly composed of cavalry?!	what? 600k besieging a city of 450k, and the enemy is mostly cavalry??!
B-PYA-102	PYA	73.31	82.10	8.79	68.04	69.65	1.61	100	100	0	“义人，就是ta，欺负我。”	“The righteous one, that’s him, is bullying me.”	“义人，就是他，欺负我。”	“The righteous one, it’s him, who bullied me.”	Righteous one, it was them — they bullied me.
B-PYA-103	PYA	67.16	97.51	30.36	53.17	77.03	23.86	0	100	100	好装好假好ex	Good at pretending, good at fake, good at ex.	好装好假好恶心	So pretentious, so fake, so disgusting	so pretentious, so fake, so gross
B-PYA-104	PYA	77.52	79.69	2.17	58.09	56.48	-1.61	0	100	100	死yxh滚远点	Get lost, you damn troll!	死营销号滚远点	Get lost, you damn marketing accounts!	damn clickbait accounts, get lost
B-PYA-106	PYA	93.26	92.22	-1.04	70.79	74.16	3.38	100	100	0	牛啊，我怎么幻听出歌词了(bushi)	Wow, I'm hallucinating the lyrics! (Just kidding)	牛啊，我怎么幻听出歌词了(不是)	Wow, I'm hallucinating the lyrics! (Just kidding)	impressive — why am I hallucinating lyrics out of this (jk)
B-PYA-107	PYA	94.99	93.89	-1.10	77.11	79.06	1.95	0	0	0	心灵感应原版就是致敬火花hhh	The original version of Telepathy is clearly a tribute to Spark, haha.	心灵感应原版就是致敬火花哈哈哈	The original version of Telepathy is clearly a tribute to Sparks, haha.	the original Telepathy really is a homage to Spark hahaha
B-PYA-108	PYA	86.36	78.87	-7.50	75.31	69.13	-6.18	0	0	0	woc瞬间高清修补版	woc Instant HD Repair Version	卧槽瞬间高清修补版	Holy crap, instant HD patched version	whoa, instantly the HD restored version
B-NEO-096	NEO	89.27	87.66	-1.61	82.47	82.61	0.14	0	0	0	泪目，我一直不知道自己想做什么，感觉选择的大都错了，已经索性不想选择了...糟糕啊...	Tears well up in my eyes. I've never known what I want to do. I feel like most of my choices have been wrong, and I've almost given up on choosing altogether... Oh no...	眼泛泪光，我一直不知道自己想做什么，感觉选择的大都错了，已经索性不想选择了...糟糕啊...	My eyes are brimming with tears. I still don't know what I want to do. I feel like most of my choices have been wrong, and I've simply given up on choosing altogether... Oh no...	tearing up — I've never known what I want to do, feels like most of my choices were wrong, and now I've simply stopped choosing… this is bad…
B-NEO-097	NEO	93.41	94.46	1.05	73.18	72.61	-0.58	0	0	0	10后，上一次看是三年前了，但是也泪目了	I was born in the 2010s, and the last time I watched it was three years ago, but it still brought tears to my eyes.	10后，上一次看是三年前了，但是也落泪了	I was born in the 2010s, and the last time I watched it was three years ago, but I still shed tears.	born after 2010 — last watched this three years ago, but it still made me tear up
B-NEO-098	NEO	83.20	90.11	6.91	76.48	80.45	3.98	0	0	0	虽然整个乐队前期像拼好队一样，但是结局随着独角兽的回归写的还是不错的	Although the band's early stages felt like a hastily assembled team, the ending, with the return of the unicorn, was quite well-written.	虽然整个乐队前期像拼凑起来的队伍一样，但是结局随着独角兽的回归写的还是不错的	Although the band seemed like a cobbled-together group in the early stages, the ending, with the return of the unicorn, was quite well-written.	even though the band felt like a thrown-together group-buy squad early on, the ending with the unicorn's return was written pretty well
B-NEO-099	NEO	86.37	86.96	0.59	77.27	76.66	-0.61	0	0	0	“苏新皓你好的太突出”这句话的含金量还在上升	"The value of the phrase ""Su Xinhao, you are too outstanding"" is still rising."	“苏新皓你好的太突出”这句话的价值还在提升	"The value of the phrase ""Su Xinhao, you are too outstanding"" is still increasing."	"the line ""Su Xinhao, your hello is too striking"" keeps proving truer and truer"
B-NEO-100	NEO	85.94	87.14	1.21	67.55	64.85	-2.69	0	0	0	扎格列斯之手的含金量还在上升！	The value of the Hand of Zagreb is still rising!	扎格列斯之手的价值还在提升！	The value of the Hand of Zagreb is still increasing!	the Hand of Zagreus keeps proving its worth!
B-NEO-101	NEO	64.92	77.40	12.48	55.55	70.05	14.50	0	0	0	红温了，把打野怪爆的装备给炸了，你好歹拿一些吧	The red zone is active, and it destroyed the equipment dropped by the jungle monsters. You should at least take some of it.	气急了，把打野怪爆的装备给炸了，你好歹拿一些吧	I was so angry that I destroyed the equipment dropped by the jungle monsters. You should at least take some of it!	he's fuming — blew up the gear dropped from jungle monsters, at least take some of it, man
B-NEO-102	NEO	74.75	93.35	18.60	69.66	77.31	7.65	0	0	0	反派看到了硬控他的回忆……	The villain saw his memories of being controlled by a hardened force...	反派看到了完全控制住他的回忆……	The villain saw the memories that completely controlled him...	the villain saw the memories that completely transfixed him……
B-NEO-103	NEO	93.89	92.85	-1.04	74.59	75.28	0.68	100	0	-100	我还以为是9.9元拼好饭呢	I thought it was a 9.9 yuan combo meal.	我还以为是9.9元拼单买的饭呢	I thought it was a meal bought through a group purchase for 9.9 yuan.	I thought it was a 9.9-yuan group-buy meal deal
B-NEO-104	NEO	65.00	79.31	14.31	66.76	67.48	0.71	100	0	-100	向佐药水哥梦幻联动！	A dream collaboration between Jacky Heung and Yaoshui Ge!	向佐药水哥跨界合作！	Xiang Zuo and Yao Shui Ge collaborate across industries!	Xiang Zuo and Yaoshui-ge, a dream crossover!
B-NEO-105	NEO	66.15	78.39	12.24	50.12	62.97	12.86	0	0	0	电子榨菜配跳跳糖	Electronic pickled mustard tuber with popping candy	下饭视频配跳跳糖	Videos with popping candy to accompany your meal	comfort-viewing video paired with popping candy
B-NEO-106	NEO	87.02	96.69	9.67	47.91	83.91	36.01	0	0	0	这声音绝绝子	This voice is absolutely...	这声音好极了	That sound is wonderful.	this voice is simply divine
B-NEO-107	NEO	79.79	77.75	-2.04	74.69	75.92	1.23	0	0	0	假师傅让拜，真师傅反而不让拜，难绷了	The fake master allows you to worship, but the real master forbids it; it's so frustrating!	假师傅让拜，真师傅反而不让拜，让人无语了	The fake master allows you to worship, but the real master forbids it; it's ridiculous.	the fake master lets you bow to him, but the real master won't — I can't even
B-NEO-108	NEO	98.93	98.30	-0.63	76.30	82.43	6.13	0	0	0	一想到一睁眼就有倒计时就难绷	The thought of waking up to a countdown is unbearable.	一想到一睁眼就有倒计时就受不了	The thought of a countdown starting as soon as I open my eyes is unbearable.	the thought of waking up to a countdown every day just breaks me
B-MIX-092	MIX	93.29	91.23	-2.06	74.62	72.01	-2.60	100	100	0	完全不给队友上buff的机会	Not giving teammates a chance to apply buffs at all	完全不给队友上增益的机会	Completely denying teammates the opportunity to apply buffs	gives teammates zero chance to apply buffs
B-MIX-093	MIX	75.69	49.47	-26.21	61.98	69.24	7.26	100	0	-100	不会侵蚀后全是boss吧	Won't it be all bosses after the erosion?	不会侵蚀后全是头目吧	Won't they all become leaders after the erosion?	don't tell me everything after the corruption is a boss
B-MIX-094	MIX	96.92	88.46	-8.47	75.61	72.76	-2.85	100	0	-100	顾客：心平气和.jpg	Customer: Calm and composed.jpg	顾客：心平气和的表情包	Customer: A calm and composed emoji	customer: calm-and-composed.jpg
B-MIX-095	MIX	87.63	97.51	9.88	73.06	80.72	7.65	100	100	0	海皇cpu高速运转中……	The Neptune CPU is running at high speed...	海皇大脑高速运转中……	The Sea Emperor's brain is working at high speed...	the Sea Emperor's CPU is running at full speed……
B-MIX-096	MIX	83.34	85.69	2.35	64.70	75.91	11.20	100	0	-100	可以无限卡bug，站起来再躺下去，站起来再躺下去。	You can exploit bugs infinitely, standing up and lying down repeatedly.	可以无限卡漏洞，站起来再躺下去，站起来再躺下去。	You can exploit the loopholes indefinitely, standing up and lying down repeatedly.	you can exploit the bug endlessly — stand up, lie back down, stand up, lie back down.
B-MIX-097	MIX	47.82	53.58	5.76	46.75	45.43	-1.31	0	0	0	在扳机的视频里刷什么悠真真的很ky好吧	"It's really inappropriate to comment ""Yuma"" in the trigger video."	在扳机的视频里刷什么悠真真的很不会看气氛好吧	In the trigger video, Yuma really has no sense of atmosphere.	spamming Harumasa comments on a Trigger video is honestly so tone-deaf, okay
B-MIX-098	MIX	92.98	79.79	-13.20	70.42	78.18	7.76	100	0	-100	别什么过场都搞qte，破坏连贯	Don't use QTEs for every cutscene; it disrupts the flow.	别什么过场都搞快速反应事件，破坏连贯	Don't use rapid-response events for every transition scene; it disrupts the flow.	stop putting QTEs in every cutscene, it ruins the flow
B-MIX-099	MIX	93.27	92.81	-0.46	61.93	65.39	3.46	100	0	-100	不是哥们，怎么pv就删了。	Dude, why was the PV deleted?	不是哥们，怎么宣传片就删了。	Dude, why was the promotional video deleted?	wait bro, why did the PV get deleted.
B-MIX-100	MIX	97.48	96.55	-0.93	60.68	62.49	1.81	0	0	0	要是做出这样的mod，那就有意思了	That would be interesting.	要是做出这样的模组，那就有意思了	That would be interesting.	if someone made a mod like this, that would be fun
B-MIX-101	MIX	95.95	96.47	0.52	67.28	80.39	13.11	100	0	-100	omg！这是谁家的小孩这么有出息啊啊啊啊啊	OMG! Whose kid is this?! !!!	我的天！这是谁家的小孩这么有出息啊啊啊啊啊	My goodness! Whose child is this so talented?!	omg! whose kid is this, so talented ahhhh
B-MIX-102	MIX	98.81	97.64	-1.17	75.42	75.41	-0.00	100	100	0	很多老外不知道田一鸣叫什么，就叫他super idol	"Many foreigners don't know Tian Yiming's real name, so they call him ""super idol""."	很多老外不知道田一鸣叫什么，就叫他超级偶像	"Many foreigners don't know Tian Yiming's real name, so they just call him ""Super Idol""."	many foreigners don't know Tian Yiming's name, so they just call him super idol
B-MIX-103	MIX	93.97	93.22	-0.74	75.38	77.20	1.82	0	0	0	知名up主老番茄视频内容不慎跌回五年前的水平	Popular YouTuber Lao Fanqie's video content has inadvertently fallen back to the level of five years ago.	知名视频作者老番茄视频内容不慎跌回五年前的水平	Popular video creator Lao Fanqie's video content has inadvertently fallen back to the level of five years ago.	famous uploader LaoFanQie's video content has accidentally slipped back to its level five years ago
B-MIX-104	MIX	98.62	92.20	-6.41	80.70	58.92	-21.78	100	100	0	我打个csgo心跳都能160	My heart rate reaches 160 even when I play CS:GO.	我打个反恐精英心跳都能160	My heart rate gets 160 even when I play Counter-Strike.	my heart rate hits 160 just playing CS:GO
B-MIX-105	MIX	99.37	99.93	0.56	56.02	87.02	31.01	100	0	-100	回答我，鸟为什么会飞？ Look at my eye, tell me why!	Answer me, why can birds fly? Look at my eye, tell me why!	回答我，鸟为什么会飞？ 看着我的眼睛，告诉我为什么！	Answer me, why can birds fly? Look me in the eyes and tell me why!	answer me, why can birds fly? Look at my eye, tell me why!
B-MIX-106	MIX	94.01	92.42	-1.59	83.64	82.03	-1.61	100	100	0	这里应该说的是welcome to shaolin 吧	"This should be interpreted as ""welcome to shaolin""."	这里应该说的是欢迎来到少林 吧	"This should be saying ""Welcome to Shaolin,"" right?"	what he should have said here is welcome to Shaolin, right
B-MIX-107	MIX	70.57	83.32	12.75	69.72	50.61	-19.11	100	100	0	这BGM给我干天津去了	This background music is making me want to go to Tianjin.	这背景音乐给我干天津去了	This background music is driving me crazy!	this BGM just teleported me straight to Tianjin
B-MIX-108	MIX	59.53	66.31	6.78	69.61	60.98	-8.63	100	100	0	小八和啵哝就像是妈妈带了个teenager出来我服了。	Xiao Ba and Bo Nong are like a teenager brought out by their mother, I'm impressed.	小八和啵哝就像是妈妈带了个青少年出来我服了。	Xiao Ba and Bo Nong are like a mother bringing out a teenager, I'm speechless.	Xiaoba and Bonong are just like a mom taking a teenager out, I can't with them.
B-MIX-109	MIX	97.32	96.09	-1.23	78.22	76.38	-1.83	100	100	0	其实我不仅是rapper，我还是DJ，香蜜湖你听见了吗	Actually, I'm not just a rapper, I'm also a DJ. Xiangmi Lake, can you hear me?	其实我不仅是说唱歌手，我还是打碟师，香蜜湖你听见了吗	Actually, I'm not just a rapper, I'm also a DJ. Xiangmi Lake, can you hear me?	actually I'm not just a rapper, I'm also a DJ — Xiangmi Lake, can you hear me
B-MIX-110	MIX	72.09	72.83	0.74	71.99	70.40	-1.59	100	0	-100	我家小逻怎么成敌方boss单位了？还有精英干员长颈鹿	How did my little Luo become an enemy boss unit? And what about the elite operator Giraffe?	我家小逻怎么成敌方头目单位了？还有精英干员长颈鹿	How did my little Luo become an enemy leader unit? And what about the elite operator Giraffe?	how did my Xiaoluo become an enemy boss unit? and there's an elite operator giraffe too
B-MIX-111	MIX	95.04	94.15	-0.89	65.50	69.27	3.77	100	0	-100	看得ptsd犯了	It triggered my PTSD.	看得创伤后应激障碍犯了	It triggered my post-traumatic stress disorder.	watching this triggered my PTSD
B-MIX-112	MIX	91.23	94.20	2.98	79.87	81.64	1.77	100	0	-100	我独自拯救一切Pro max	I single-handedly saved everything, Pro Max.	我独自拯救一切加强版	I Saved Everything Alone (Enhanced Version)	I Alone Save Everything, Pro Max edition
B-MIX-113	MIX	90.86	81.23	-9.63	64.58	67.06	2.48	100	100	0	那是债主催债了bro	That's the creditor pressing for payment, bro.	那是债主催债了兄弟	That's the creditor pressing for repayment, brother.	that's the creditor coming to collect, bro
B-MIX-114	MIX	72.02	89.38	17.36	65.73	78.16	12.43	0	0	0	姐！邀请宋雨琦上节目！E人很适合！章昊也是！	Sister! Invite Song Yuqi to the show! She'd be perfect for E-person! Zhang Hao too!	姐！邀请宋雨琦上节目！外向的人很适合！章昊也是！	Sister! Invite Song Yuqi to the show! Outgoing people are perfect for it! Zhang Hao too!	sis! invite Song Yuqi onto the show! extroverts are perfect for it! Zhang Hao too!
B-MIX-115	MIX	68.77	83.09	14.31	79.71	80.58	0.87	0	100	100	好阳光啊，这一定是相互救赎的少女乐队故事吧www	Wow, this is so sunny! It must be a story of a girl band finding redemption in each other, right? www	好阳光啊，这一定是相互救赎的少女乐队故事吧哈哈哈	Wow, this is so sunny! It must be a story of a girl band finding redemption in each other, hahaha.	so wholesome — this must be a girls-band story of mutual redemption lol
B-MIX-116	MIX	85.94	86.92	0.98	82.10	82.04	-0.05	0	0	0	小时候我没有cp这个概念，一直认为这俩只是朋友	"When I was little, I didn't have the concept of ""couples"" and always thought these two were just friends."	小时候我没有情侣配对这个概念，一直认为这俩只是朋友	When I was little, I didn't have the concept of couples; I always thought these two were just friends.	as a kid I had no concept of shipping — I always thought these two were just friends
B-MIX-117	MIX	87.13	92.92	5.79	80.20	80.91	0.71	100	0	-100	妹妹在cos商鞅吗	Is my sister cosplaying Shang Yang?	妹妹在扮演商鞅吗	Is my sister playing Shang Yang?	is the girl cosplaying Shang Yang
B-MIX-118	MIX	95.37	94.04	-1.32	81.49	74.18	-7.31	100	100	0	哎呀，蚊子得了MVP！	Oh dear, the mosquito got the MVP!	哎呀，蚊子得了全场最佳！	Oh dear, the mosquito is the MVP!	oops, the mosquito got the MVP!
B-MIX-119	MIX	93.04	96.71	3.67	81.26	81.57	0.31	100	100	0	这都ai配音了，字幕当然也是ai啊	Since it's voice-over done by AI, the subtitles must be AI-generated too.	这都人工智能配音了，字幕当然也是人工智能啊	Since the voice-over is done by AI, the subtitles must also be AI-generated.	the voiceover is already AI, so of course the subtitles are AI too
B-MIX-120	MIX	96.53	96.16	-0.37	77.68	70.28	-7.41	100	100	0	谁还没看我都会伤心的OK？	I'll be sad if anyone hasn't seen it yet, OK?	谁还没看我都会伤心的好吗？	I'll be heartbroken if anyone hasn't seen it yet, okay?	if anyone hasn't watched this yet I'll be sad, OK?
B-MIX-121	MIX	89.12	92.28	3.16	53.06	61.03	7.96	100	100	0	少看一天b站都剪不出来	I can't edit this even if I skip watching Bilibili for a day.	少看一天哔哩哔哩都剪不出来	You can't edit a video if you skip watching Bilibili for even one day.	skip even one day of Bilibili and you couldn't edit this
B-MIX-122	MIX	97.79	97.96	0.17	84.42	84.85	0.44	100	100	0	只是一个道歉，but这个道歉的代价实在太高	It was just an apology, but the price of that apology was far too high.	只是一个道歉，但是这个道歉的代价实在太高	It was just an apology, but the price of that apology was far too high.	it's just an apology, but the price of this apology is way too high
B-MIX-123	MIX	96.01	93.00	-3.01	74.81	81.32	6.51	100	0	-100	记者会？不，个人show time	Press conference? No, it's personal show time.	记者会？不，个人表演时间	Press conference? No, it's a personal performance time.	a press conference? no, it's personal show time
B-MIX-124	MIX	92.46	82.56	-9.90	65.62	77.89	12.27	100	0	-100	这一场演得不好，应该喊cut重来	"This performance was poor; they should call ""cut"" and start over."	这一场演得不好，应该喊停重来	This performance was poor; we should stop and start over.	this scene was badly acted, someone should call cut and redo it
B-MIX-125	MIX	96.46	96.90	0.44	82.81	84.35	1.54	100	100	0	喝水这part我真的笑了	I really laughed at the part about drinking water.	喝水这部分我真的笑了	I really laughed at the part about drinking water.	the water-drinking part genuinely made me laugh
B-MIX-126	MIX	96.51	98.16	1.65	78.56	82.62	4.06	100	0	-100	中式恐怖，真的next level	Chinese horror, truly the next level.	中式恐怖，真的更上一层楼	Chinese horror has truly reached a new level.	Chinese-style horror, truly next level
B-MIX-127	MIX	95.98	90.45	-5.52	81.84	81.99	0.14	100	0	-100	他们都在好奇那个npc是谁扮的	They were all curious about who was impersonating that NPC.	他们都在好奇那个非玩家角色是谁扮的	They were all curious about who was dressed up as the non-player character.	they're all wondering who played that NPC
B-MIX-128	MIX	95.47	93.26	-2.20	78.89	74.07	-4.81	0	100	100	os好想看张桂源也来一期	I really want to see Zhang Guiyuan in an episode too.	内心独白好想看张桂源也来一期	My inner monologue: I really want to see an episode featuring Zhang Guiyuan too.	inner monologue: I really want to see Zhang Guiyuan do an episode too
B-MIX-129	MIX	97.93	98.68	0.76	72.75	68.75	-4.00	100	100	0	我已经走在了country road 上了	I'm already on the country road.	我已经走在了乡间小路 上了	I'm already on the country road.	I'm already walking on the country road
B-MIX-130	MIX	95.56	97.64	2.08	72.54	77.99	5.45	0	0	0	从来没有get到他颜值	I've never been interested in his looks.	从来没有领略到他颜值	I've never appreciated his looks.	I've never gotten the appeal of his looks
B-MIX-131	MIX	93.69	94.82	1.13	65.33	72.12	6.79	100	100	0	看哪一只eye啊sir	Which eye are you looking at, sir?	看哪一只眼啊长官	Which eye are you looking at, sir?	looking at which eye, sir
B-MIX-132	MIX	99.37	97.59	-1.78	37.10	82.71	45.60	100	100	0	天磊：what can I say	Tianlei: What can I say?	天磊：我能说什么	Tian Lei: What can I say?	Tianlei: what can I say
B-MIX-133	MIX	91.36	96.32	4.96	69.42	80.46	11.04	100	100	0	唉，我去，真的有比利诶。该不会是暗示sp比利吧	Oh my god, Billy really is in it! Could this be a hint at a special Billy?	唉，我去，真的有比利诶。该不会是暗示特殊版比利吧	Wow, Billy really is there! Could this be hinting at a special edition Billy?	whoa, there really is a Billy — could this be hinting at an SP Billy
B-MIX-134	MIX	87.30	88.04	0.73	65.37	76.47	11.10	100	100	0	摊主，我也是你们play中的一环吗	Vendor, am I also part of your play?	摊主，我也是你们角色扮演中的一环吗	Vendor, am I also part of your role-playing game?	stall owner, am I also part of your roleplay
B-MIX-135	MIX	94.28	83.84	-10.44	59.65	76.96	17.31	100	100	0	抽me,please抽me	Draw me, please draw me.	抽我,请抽我	Pick me, please pick me.	draw me, please draw me
B-MIX-136	MIX	99.16	97.27	-1.89	71.17	81.19	10.02	100	0	-100	boss已进入二阶段	The boss has entered the second phase.	头目已进入二阶段	The leader has entered the second phase.	the boss has entered phase two
B-MIX-137	MIX	65.71	80.86	15.15	58.83	74.77	15.94	100	0	-100	这里是以为他要长期练，mcn没沟通好	The problem was that he was supposed to train long-term, and the MCN (Multi-Channel Network) hadn't communicated	这里是以为他要长期练，传媒公司没沟通好	The reason given was that he needed to train for a long time, and the media company hadn't communicated well.	here they thought he'd be training long-term — the MCN agency didn't communicate properly
B-MIX-138	MIX	78.76	88.78	10.02	77.05	82.76	5.71	0	0	0	加拉赫上线一年了还在c	Gallagher has been online for a year and is still in C.	加拉赫上线一年了还在当主力	Gallagher has been online for a year and is still a key player.	Gallagher has been out for a year and is still carrying
B-MIX-139	MIX	91.30	82.54	-8.76	68.99	74.29	5.30	100	100	0	直伤+超击破+dot伤害	Direct damage + super critical hit + DoT damage	直伤+超击破+持续伤害	Direct damage + super critical hit + damage over time	direct damage + super break + DoT damage
B-HOM-133	PYA	95.56	96.61	1.05	67.42	71.76	4.34	100	100	0	兄dei  成佛吧   修仙太难了	Bro, become a Buddha! Cultivating immortality is too difficult.	兄弟  成佛吧   修仙太难了	Brother, become a Buddha! Cultivating immortality is too difficult.	bro, just become a buddha — cultivating immortality is too hard
B-HOM-134	HOM	49.49	80.85	31.35	67.47	78.08	10.61	0	100	100	我真怕药水一拳给向左打晕过去	I'm really afraid the medicine will knock me unconscious with a single punch to the left.	我真怕药水一拳给向佐打晕过去	I'm really afraid the medicine will knock Xiang Zuo unconscious with one punch.	I'm really afraid Yaoshui will knock Xiang Zuo out with one punch
B-HOM-135	HOM	80.23	84.61	4.38	78.42	74.63	-3.80	0	100	100	甲亢哥：我还能再看亿遍	Hyperthyroidism Guy: I could watch it a billion more times.	甲亢哥：我还能再看一亿遍	Hyperthyroidism Guy: I can watch it a hundred million more times.	Jiakang Bro: I could watch this a hundred million more times
B-NEO-109	NEO	89.50	93.22	3.71	73.70	73.58	-0.12	0	100	100	逆天，吴国给日本朝贡都来了	Unbelievable! The Kingdom of Wu has even come to pay tribute to Japan!	离谱，吴国给日本朝贡都来了	Outrageous! The Kingdom of Wu even sent tribute to Japan!	outrageous — now we've even got the Wu kingdom paying tribute to Japan
B-NEO-110	NEO	89.30	93.08	3.78	68.26	79.08	10.82	0	100	100	泪目了，米哈游你坏事做尽	I'm so moved, miHoYo, you've done so many bad things!	感动落泪了，米哈游你坏事做尽	I was moved to tears. Mihoyo, you've done so many bad things!	I teared up — miHoYo, you've done every evil deed there is
B-NEO-111	NEO	88.90	94.00	5.10	74.83	82.23	7.41	100	0	-100	双非大学生，还没进厂。光看这个社会环境已经感觉自己燃尽了	I'm a college graduate from a non-elite university, and I haven't even started working in a factory yet. Just looking at this social environment makes me feel like I've burned out.	非重点大学的大学生，还没进厂。光看这个社会环境已经感觉自己精疲力竭了	I'm a college graduate from a non-prestigious university, and I haven't even started working in a factory yet. Just looking at this social environment makes me feel exhausted.	a non-elite-university student who hasn't even started working yet — just looking at this social environment I already feel burned out
B-NEO-112	NEO	84.10	78.67	-5.43	75.80	73.78	-2.02	0	0	0	看勇哥直播，各种神人	Watching Yong Ge's live stream, you see all sorts of amazing people.	看勇哥直播，各种行为离谱的人	Watching Yong Ge's live stream, you see all sorts of outrageous people.	watching Brother Yong's streams, you see all kinds of absolute characters
B-NEO-113	NEO	81.33	86.84	5.50	76.05	76.69	0.64	0	0	0	太真实了，想到的那句话发现他可能听不懂于是在后面加点补丁	That's so true! I thought of a line, but realized he might not understand, so I added some embellishments at the end.	太真实了，想到的那句话发现他可能听不懂于是在后面加点补充说明	That's so true! I thought of something and realized he might not understand, so I added some explanation afterwards.	so true — you think of a comeback, realize he might not get it, and then tack some patches onto it
B-NEO-114	NEO	93.51	96.28	2.77	69.72	75.49	5.77	0	100	100	为什么能匹到这么多神人	Why can I match with so many amazing people?	为什么能匹配到这么多行为离谱的人	Why are so many people with outrageous behavior matched with us?	how do I keep getting matched with so many absolute characters
B-NEO-115	NEO	90.47	90.82	0.35	73.04	81.84	8.79	0	0	0	所以男主在嘎掉的威胁下领悟了？	So the male protagonist realized something under the threat of being killed?	所以男主在死掉的威胁下领悟了？	So the male protagonist realized something under the threat of death?	so the male lead had his awakening under the threat of getting offed?
B-MIX-140	MIX	90.70	86.19	-4.51	65.38	62.24	-3.14	100	0	-100	这个zzz不会要给他出个动画吧？	Will they make an animation for this zzz?	这个绝区零不会要给他出个动画吧？	Will they make an animation for Zone Zero?	don't tell me ZZZ is going to make an anime for him?
B-MIX-141	MIX	96.58	97.20	0.61	82.78	84.53	1.75	100	100	0	怎么说呢 很怀疑up主的精神状态	To be honest, I have serious doubts about the uploader's mental state.	怎么说呢 很怀疑视频作者的精神状态	To be honest, I have serious doubts about the video creator's mental state.	how do I put it — I seriously question this uploader's state of mind
B-MIX-143	MIX	92.93	83.32	-9.61	57.48	67.92	10.44	100	100	0	他和背后的 n pc 格格不入	He was out of place with the NPCs behind him.	他和背后的 非玩家角色 格格不入	He stood out from the non-player characters behind him.	he's completely out of place next to the NPC behind him
B-MIX-145	NEO	83.13	75.25	-7.89	77.03	76.74	-0.29	0	0	0	甲亢哥：我DNA动了	Hyperthyroidism Guy: My DNA Has Been Moved	甲亢哥：我本能被唤醒了	Hyperthyroidism Guy: My instincts were awakened.	Jiakang Bro: my DNA just moved
B-MIX-146	MIX	90.95	86.23	-4.72	54.69	56.55	1.85	100	0	-100	bro以为自己在演致命ID	Bro thought he was acting in ID.	这哥们以为自己在演致命ID	This guy thought he was acting in ID.	bro thinks he's starring in Identity
B-MIX-147	MIX	91.87	94.27	2.40	70.62	71.68	1.05	100	0	-100	干嘛突然cos班主任	Why did you suddenly cosplay as your homeroom teacher?	干嘛突然扮演班主任	Why suddenly play the role of a homeroom teacher?	why are you suddenly cosplaying as the homeroom teacher
B-MIX-148	MIX	96.75	89.31	-7.44	73.44	67.62	-5.82	100	0	-100	神作，没见过的mad种类呢	A masterpiece, a type of MAD I've never seen before!	神作，没见过的混剪视频种类呢	A masterpiece! I've never seen a mashup video like this before.	a masterpiece — a kind of MAD I've never seen before
B-PYA-109	PYA	89.96	90.86	0.90	72.43	75.26	2.84	0	100	100	拍了拍博士的石棺盖子hhhhh	I patted the lid of the doctor's sarcophagus, haha.	拍了拍博士的石棺盖子哈哈哈哈哈	I patted the lid of the doctor's sarcophagus, hahaha.	gave the Doctor's stone coffin lid a little pat hahaha
B-PYA-110	PYA	88.19	99.06	10.87	59.64	84.44	24.80	0	100	100	万恶的zi ben jia	The evil Zibenjia	万恶的资本家	Evil capitalists	the evil capitalists
B-PYA-111	PYA	79.71	62.15	-17.55	63.62	71.62	8.00	100	0	-100	就说问啥听不到，nnd只带了一个耳机	I was just asking why I couldn't hear anything, damn it, I only had one earphone with me.	就说问啥听不到，奶奶的只带了一个耳机	I asked why I couldn't hear anything, and my grandma was only wearing one earphone.	no wonder he said he couldn't hear anything — damn it, he only brought one earbud
