uid	category	xcomet_noisy	xcomet_clean	xcomet_d	kiwi_noisy	kiwi_clean	kiwi_d	nta_noisy	nta_clean	nta_d	src_noisy	hyp_noisy	src_clean	hyp_clean	ref_en
B-HOM-001	HOM	93.79	97.81	4.02	58.52	83.54	25.02	0	0	0	酱紫也行？那我也试试	"""Would that work? Then I'll give it a try, too."""	这样子也行？那我也试试	Will this work? I'll give it a try too.	this works? then let me try too
B-HOM-002	HOM	98.07	99.82	1.75	65.00	81.26	16.26	0	0	0	你怎么酱紫说话，人家会误会的	How can you talk like that? People will misunderstand.	你怎么这样子说话，人家会误会的	Why do you speak like that? People will misunderstand.	why do you talk like that, people will misunderstand
B-HOM-003	HOM	97.23	96.96	-0.26	81.58	83.53	1.95	0	0	0	各位童鞋注意了，期末考试要来了	Pay close attention, all you students, the final exams are approaching.	各位同学注意了，期末考试要来了	Pay close attention, fellow students, the final exams are approaching.	attention classmates, final exams are coming
B-HOM-004	HOM	49.35	92.92	43.57	61.04	79.69	18.65	0	100	100	童鞋们帮我看看这道题怎么做	Can the little shoes help me figure out how to do this problem?	同学们帮我看看这道题怎么做	"""Can my classmates help me figure out how to do this problem?"""	classmates help me figure out this problem
B-HOM-005	HOM	94.69	97.33	2.65	71.02	82.47	11.45	100	100	0	我真的好稀饭这个博主，太搞笑了	I really like this blogger, they're so funny.	我真的好喜欢这个博主，太搞笑了	I really like this blogger, they're so funny!	I really like this creator, too funny
B-HOM-006	HOM	80.47	84.86	4.39	54.77	76.70	21.94	100	100	0	你是不是稀饭我？直说嘛	Don't you like me? Be straightforward.	你是不是喜欢我？直说嘛	Don't you like me? Be straightforward.	do you like me? just say it
B-HOM-007	HOM	91.49	95.07	3.58	74.53	83.51	8.97	0	100	100	今天又是杯具的一天，出门忘带钥匙	"Today is another ""disappointing"" day, I forgot my keys when I left home."	今天又是悲剧的一天，出门忘带钥匙	Today is another tragic day; I forgot my keys when I left home.	another tragic day, forgot my keys going out
B-HOM-008	HOM	73.49	99.97	26.49	74.20	84.90	10.70	0	100	100	人生就是一个杯具接着一个杯具	Life is just one cup after another.	人生就是一个悲剧接着一个悲剧	Life is one tragedy after another.	life is one tragedy after another
B-HOM-009	HOM	96.82	89.71	-7.11	67.21	78.74	11.53	0	0	0	游戏过于神金，不确定先从哪里笑起	The game is too ridiculous, I'm not sure where to start laughing.	游戏过于神经，不确定先从哪里笑起	The game is too nerve-wracking, unsure where to start laughing first.	this game is so unhinged, not sure where to start laughing
B-HOM-010	HOM	86.99	75.00	-11.99	75.09	67.04	-8.05	0	0	0	都说我做饭神金，今天就做神金给你们吃	They all say I'm a cooking genius, so today I'll make a genius dish for you.	都说我做饭神经，今天就做神经给你们吃	They say I'm a nervous cook, so today I'm cooking nervously for you.	y'all say I'm crazy in the kitchen, so today I'm cooking crazy for you
B-HOM-011	HOM	77.85	95.56	17.71	63.29	82.51	19.22	0	0	0	世界上最神金的行为	The world's most divine act of kindness.	世界上最神经的行为	The most neurotic behavior in the world.	the most unhinged behavior in the world
B-HOM-012	HOM	71.66	77.89	6.23	57.63	76.75	19.12	0	0	0	被这离谱的主播笑拥了	Laughed off by this absurd host.	被这离谱的主播笑晕了	I was laughed silly by this absurd host.	I'm dead from this absurd streamer
B-HOM-013	HOM	56.05	74.34	18.28	59.09	70.49	11.40	0	0	0	笑拥了！带货主播推荐的迷惑水果太离谱了吧	Laughter embraced! The live streamer's recommended confusing fruits are too outrageous, right?	笑晕了！带货主播推荐的迷惑水果太离谱了吧	"""I laughed until I was dizzy! The confusing fruits recommended by the live streamer who brings goods are too outrageous!"""	I’m dying laughing! Those weird fruits promoted by live stream sales hosts are ridiculous.
B-HOM-014	HOM	89.24	89.28	0.04	75.28	79.27	3.99	0	0	0	新来的00后程序员写的代码，看到这段注释真的快把我笑拥了	The code written by the new generation of 00s programmers, I almost burst out laughing at this comment.	新来的00后程序员写的代码，看到这段注释真的快把我笑晕了	The code written by a new generation of 00s programmers - I almost fainted when I saw this comment.	the new Gen Z programmer's code, seeing this comment almost killed me laughing
B-HOM-016	NEO	82.52	78.93	-3.59	70.79	71.23	0.44	0	0	0	考试没复习直接寄，明年再来	Send it directly without studying for the exam; come again next year.	考试没复习直接完了，明年再来	I didn't study for the exam and just passed, so I'll take it again next year.	didn't study for the exam, it's over, see you next year
B-HOM-018	HOM	70.05	82.38	12.33	54.81	71.87	17.06	0	0	0	火钳流明，这帖子要火	The flame of the fire-pin shines, this post is going viral.	火前留名，这帖子要火	"""Leave your mark before the fire, this post is bound to go viral."""	leaving a name before this blows up, this post is about to go viral
B-HOM-019	HOM	79.77	96.89	17.13	75.14	84.89	9.75	0	0	0	雀食好笑，不骗你	Eating sparrows is amusing, I'm not kidding you.	确实好笑，不骗你	It's actually funny, I'm not kidding you.	it's genuinely funny, no cap
B-HOM-021	HOM	94.80	92.84	-1.96	81.99	81.43	-0.56	0	100	100	沃草，这无人机表演太震撼了	Wow, this drone performance is so breathtaking.	我操，这无人机表演太震撼了	"""Damn, this drone performance is too stunning."""	holy crap, this drone show is insane
B-HOM-023	HOM	74.02	64.45	-9.57	71.85	54.23	-17.62	0	0	0	你想peach呢，哪有这么好的事	Do you want peach? There's no such good thing.	你想屁吃呢，哪有这么好的事	What do you want to eat, there's no such good thing.	you're dreaming, how can something that good happen
B-HOM-024	HOM	84.90	95.27	10.37	71.63	83.13	11.50	0	100	100	别虾扯蛋了，老师说的都是真的吗	Don't bullshit around, are all the teacher's words true?	别瞎扯淡了，老师说的都是真的吗	Don't talk nonsense; is everything the teacher says true?	stop talking BS, is what the teacher said even true
B-HOM-025	HOM	65.27	64.74	-0.54	59.26	56.36	-2.90	0	0	0	先报上自己的分数啊搞辣菜	Report your score first, then deal with the spicy food.	先报上自己的分数啊搞拉踩	Report your scores first, stop one-upping each other.	dropping your score first before throwing shade smh
B-HOM-026	HOM	73.92	96.54	22.62	64.12	74.32	10.21	0	100	100	蚌埠住了，腾讯这泄密处理速度也太快了吧	"""Living in Bengbu, the handling speed of Tencent's leak is too fast, right?"""	绷不住了，腾讯这泄密处理速度也太快了吧	"""I can't hold it anymore, Tencent's handling of this leak is too fast."""	I can't hold it in anymore, Tencent's speed in handling this leak is just too fast
B-HOM-027	HOM	32.20	74.63	42.43	33.42	71.07	37.66	0	0	0	嗷利给，西班牙第一了	"""Halal, Spain is first.""

Note: The original sentence seems to be a mix of Chinese and Spanish, and the translation reflects that. ""嗷利给"" (Hālí gěi) is a Chinese phrase that roughly translates to ""halal"" (permissible/allowed in Islamic law), and ""西班牙第一"" (Xībān dì yī) translates to ""Spain first."""	奥利给，西班牙第一了	"""Olí, Spain is first."""	Aigoo Spain took first place let's gooo
B-HOM-028	HOM	49.22	70.28	21.06	57.09	75.10	18.01	0	0	0	这配置针不戳，性价比拉满	This configuration pin doesn't poke, and the price-performance ratio is top-notch.	这配置真不错，性价比拉满	This configuration is really good, the price-performance ratio is top-notch.	This setup slaps, value for money off the charts
B-HOM-029	HOM	55.91	57.24	1.33	54.15	56.05	1.90	0	0	0	赛里木湖这操作针不戳啊，景区打人还能辞退就完事了？	The Serik Lake management isn't that bad; if the scenic area can just dismiss someone for hitting a visitor, then everything would be fine, right?	赛里木湖这操作真不错啊，景区打人还能辞退就完事了？	The Serik Lake management is really well done; the scenic area beating people and then firing them, what a solution!	Sarim Lake's handling is just great, beating people at a scenic spot and just firing them is that it?
B-HOM-030	HOM	76.72	93.97	17.26	62.97	78.36	15.40	0	0	0	蚌埠住了，这也太好笑了吧	"""Living in Bengbu, this is too funny, right?"""	绷不住了，这也太好笑了吧	I can't take it anymore, this is too funny.	bruh I can't hold it in this is too funny lmao
B-HOM-031	HOM	89.05	90.08	1.03	74.05	66.66	-7.39	0	0	0	卧槽317万年终奖就这么没了？	"""Could the 3.17 million yuan year-end bonus just disappear like that?"""	我操317万年终奖就这么没了？	"""Did I really lose my 3.17 million yuan bonus like that?"""	Wtf, 3.17 million year-end bonus just gone like that?
B-HOM-032	HOM	66.80	82.08	15.28	68.40	75.53	7.13	0	0	0	你就耗子尾汁吧，别折腾了	Go ahead and suck on a mouse's tail, stop messing around.	你就好自为之吧，别折腾了	You do your own thing, stop bothering.	watch yourself bro stop messing around
B-HOM-033	HOM	81.57	82.65	1.09	64.71	69.58	4.86	0	0	0	王虹这波属实深藏blue了，拿完奖还这么低调	Wang Hong really went deep with this one; even after winning the award, she remains so low-key.	王虹这波属实深藏不露了，拿完奖还这么低调	Wang Hong's recent behavior is truly well-hidden; even after winning the award, she remains low-key.	Wang Hong has truly been hiding her talents, so low-key after winning the award
B-HOM-034	HOM	61.97	95.05	33.08	61.30	73.19	11.89	0	0	0	蚌埠住了这也太搞笑了	Living in Bengbu is too funny.	绷不住了这也太搞笑了	"""I can't take it anymore, this is too funny."""	can't hold it in anymore this is way too funny fr
B-HOM-035	HOM	79.71	68.36	-11.34	55.21	79.13	23.92	0	100	100	看到50亿离婚案的消息我直接蓝瘦香菇	Hearing the news of 500 million divorce cases, I feel blue and depressed.	看到50亿离婚案的消息我直接难受想哭	Hearing about 500 million divorce cases, I feel directly uncomfortable and want to cry.	Seeing the news about the 5 billion divorce case, I'm so sad I could cry
B-HOM-036	HOM	79.69	92.50	12.81	61.67	82.66	20.99	0	0	0	针不戳，这个视频做得真好	"""The needle doesn't hurt, this video is really well-made."""	真不错，这个视频做得真好	This is really good, the video is made very well.	not bad this video is actually fire
B-HOM-037	HOM	59.93	92.18	32.25	54.35	65.82	11.46	0	0	0	这景区管理duck不必，7个人打一个司机	The scenic area management doesn't need to care about ducks, seven people share one driver.	这景区管理大可不必，7个人打一个司机	The management of this scenic area is not at all necessary; seven people beating up one driver.	This scenic area management is totally unnecessary, 7 people beating one driver
B-HOM-038	HOM	98.34	99.49	1.15	58.41	82.91	24.50	0	0	0	这个颜色灰常好看	This color is very beautiful.	这个颜色非常好看	This color looks very good.	this color looks really good ngl
B-HOM-039	HOM	42.89	83.68	40.79	37.01	61.34	24.32	0	0	0	腾讯这波操作属于是虾仁猪心了	"""Tencent's recent moves are a bit of a 'shrimps' heart and pig's liver' situation.""

Note: This is a colloquial and somewhat idiomatic translation, where ""虾仁猪心"" (shārén zhūxīn) is a Chinese expression that metaphorically describes a mix of unexpected or contradictory elements."	腾讯这波操作属于是杀人诛心了	Tencent's recent actions are indeed a display of eliminating competition.	Tencent's move this time is truly adding insult to injury
B-HOM-040	HOM	80.29	80.84	0.54	66.84	64.57	-2.27	0	0	0	有内味了，就是这个感觉	It has depth, that's the feeling.	有那味了，就是这个感觉	When you have that taste, it's this feeling.	got that vibe this is the feeling
B-HOM-041	HOM	73.19	75.91	2.72	66.75	72.64	5.89	0	0	0	泄密被辞退永不录用，这员工只能耗子喂汁了	Leakage results in termination and permanent unemployability; this employee is now a mouse being fed.	泄密被辞退永不录用，这员工只能好自为之了	"""Leak information, terminated, never to be hired again; this employee can only take care of themselves."""	Fired for leaking and never to be rehired, this employee better watch out
B-HOM-042	HOM	91.76	98.20	6.44	74.27	83.87	9.60	0	0	0	这部剧的女主造型好康	The main female character's costume in this play is well-designed.	这部剧的女主造型好看	The female lead's costume in this play is beautiful.	the female lead's look in this drama is gorgeous
B-HOM-043	HOM	74.68	62.93	-11.75	43.77	45.57	1.80	0	0	0	耗子尾汁，好自为之吧	"""Suck up your own mess, figure it out yourself."""	好自为之，好自为之吧	"""好自为之，好自为之吧"" translates to ""Do it yourself, do it yourself!"" in English."	Learn your lesson and shape up.
B-HOM-044	HOM	74.68	89.56	14.89	54.30	81.87	27.57	0	0	0	这个操作太虾仁了	This operation is too trivial.	这个操作太吓人了	This operation is too scary.	this play is straight up terrifying
B-HOM-045	HOM	68.01	70.64	2.63	60.36	65.05	4.69	0	0	0	中国女排这波直接丸辣，美国队不服不行	China's women's volleyball team is serving up some serious heat; the U.S. team can't afford to not take notice.	中国女排这波直接完啦，美国队不服不行	China's women's volleyball team just sealed the deal; the American team can't dispute it.	China's women's volleyball team is done for this time, the US team has to admit defeat
B-HOM-046	HOM	76.74	99.31	22.57	72.07	81.45	9.38	0	100	100	鸭力好大，快要顶不住了	The duck's strength is amazing; I'm struggling to keep up.	压力好大，快要顶不住了	The pressure is too great, I'm about to give in.	the pressure is so high can't hold on anymore
B-HOM-047	HOM	27.76	99.12	71.36	29.95	87.66	57.71	0	0	0	窝五碎！！！	"""Wo wu sui!!!"" (literally: ""Our five pieces are broken!!!"")

However, this phrase seems to be in a colloquial or informal Chinese dialect and doesn't directly translate well into standard English. A more natural translation could be: ""Oh no! Our plans/efforts/things are all messed up!!!""."	我五岁！！！	I am five!!!	I'm five years old!!!
B-HOM-048	HOM	85.20	69.05	-16.16	77.89	77.05	-0.84	0	0	0	赛里木湖这事整得灰常离谱	The Serik Lake situation is extremely absurd.	赛里木湖这事整得非常离谱	The matter of Lake Saiyik is handled in a completely absurd way.	The Sarim Lake incident is really outrageous
B-HOM-049	HOM	93.22	92.25	-0.97	83.92	83.86	-0.06	0	0	0	看完这帖子我直接笑嘻了	After reading this post, I couldn't help but laugh.	看完这帖子我直接笑死了	After reading this post, I died laughing.	after reading this post I'm dead lmao
B-HOM-050	HOM	84.93	99.06	14.13	74.04	85.90	11.86	0	100	100	看完这个视频我蕉绿了	After watching this video, I was speechless.	看完这个视频我焦虑了	After watching this video, I felt anxious.	after watching this vid I'm straight up anxious
B-HOM-051	HOM	75.20	93.01	17.81	41.45	78.24	36.79	0	0	0	看完女排比赛我直接鸭梨山大	After watching the women's volleyball match, I'm feeling quite disappointed.	看完女排比赛我直接压力山大	After watching the women's volleyball match, I'm directly under a lot of pressure.	After watching the women's volleyball match, I'm under enormous pressure
B-HOM-052	HOM	47.12	66.72	19.60	45.41	74.17	28.75	0	0	0	笑鼠了！一会抛梗一会接梗	"""Laughter of the mouse! Now it throws a bone and then catches it.""

Note: This translation maintains the playful and humorous tone of the original Chinese sentence, using a metaphorical description of a mouse's actions to convey the idea of switching between humorous elements (throwing and catching ""bones,"" which can be jokes or punchlines)."	笑死了！一会抛梗一会接梗	"""Laughing to death! One moment throwing a punchline, the next catching one."""	dying of laughter! one sec they set up the joke next sec they're playing along
B-HOM-053	HOM	72.23	87.55	15.31	61.96	68.26	6.30	0	100	100	测评娃哈哈高透史莱姆好好康	Evaluating Wahaha's high-transparency Slime is really beneficial.	测评娃哈哈高透史莱姆好好看	The evaluation of Wahaha's high-transparency slime looks good.	reviewing Wahaha's crystal clear slime it looks so good
B-HOM-054	HOM	79.09	80.94	1.84	43.59	71.03	27.44	0	0	0	窝巢，这也太厉害了吧	"""Nest, is that too much?"""	我操，这也太厉害了吧	"""Me, this is too damn impressive."""	wtf this is too insane bruh
B-HOM-055	HOM	57.86	85.01	27.15	47.77	54.95	7.18	0	100	100	笑的想鼠	"The translation of ""笑的想鼠"" from Chinese to English is: ""Laughter-evoking mouse."""	笑的想死	"""笑的想死"" translates to ""Wanting to die from laughing"" in English."	laughing till I die
B-HOM-056	HOM	42.56	74.00	31.44	61.89	69.91	8.02	0	0	0	这里是孙吧忏悔室，一人忏悔一件你觉得最厨神的事	"Here is the translation: ""This is the Son's confession room, where one person confesses one thing they consider their most culinary achievement."""	这里是孙吧忏悔室，一人忏悔一件你觉得最畜生的事	This is Sun's confession room, where one person confesses their single most despicable act.	welcome to Sun Bar confessional drop your most savage moment
B-HOM-057	HOM	91.63	98.35	6.72	78.53	80.81	2.29	0	0	0	关于玉玉症表妹喜欢上我的故事	The story of my cousin with Down syndrome falling in love with me.	关于抑郁症表妹喜欢上我的故事	The story of my cousin's depression and her falling in love with me.	the story of how my depressed cousin fell for me
B-HOM-058	HOM	90.63	87.98	-2.65	73.01	82.66	9.65	0	100	100	这是我女朋友 羡慕吗笑抽们🤣	This is my girlfriend, do you envy her? 😂	这是我女朋友 羡慕吗小丑们🤣	This is my girlfriend, do clowns envy her? 🤣	this is my gf. jealous you clowns? 🤣
B-HOM-059	HOM	68.01	74.86	6.86	63.91	65.70	1.80	100	0	-100	麻辣烫我只认元娘娘，口味多好7	"""I only recognize Yuan Niangniang for her spicy hot pot, the taste is so good."""	麻辣烫我只认元娘娘，口味多好吃	"""I only recognize Yuan Niangniang for her spicy hot pot, the taste is so delicious."""	I only trust Yuan Niangniang for malatang it's so good
B-HOM-060	HOM	76.46	88.74	12.28	63.43	49.78	-13.65	0	0	0	可爱的小香猪变成了温暖的答辩	The cute little piglet turned into a warm defense.	可爱的小香猪变成了温暖的大便	The cute little piglet turned into a warm turd.	a cute little guinea pig turned into warm crap
B-HOM-061	HOM	63.55	94.69	31.14	47.07	84.75	37.68	0	100	100	我要笑亖了卧槽	I want to laugh at the slot bed.	我要笑死了卧槽	I'm going to die laughing, damn it.	I'm gonna die laughing oh shit
B-HOM-062	HOM	34.69	90.37	55.68	37.23	78.57	41.34	0	0	0	时间长了搞亖你	"The sentence ""时间长了搞亖你"" appears to be a mix of Chinese characters and possibly incorrect or incomplete. A more accurate translation would depend on the intended meaning. However, given the context, a reasonable translation could be:

""After a long time, you'll figure it out."""	时间长了搞死你	In the long run, it will kill you.	I'll work you to death over time
B-HOM-063	HOM	79.89	80.88	0.99	58.48	53.96	-4.52	0	100	100	笑亖了家人们谁懂啊	"""Laughter among the family, who understands?"""	笑死了家人们谁懂啊	"""I died of laughter, who knows?"""	dying of laughter fam who understands
B-HOM-064	HOM	86.36	98.15	11.79	62.96	87.63	24.67	0	0	0	她居然紫砂了	She surprisingly turned into purple sand.	她居然自杀了	She actually committed suicide.	she actually offed herself
B-HOM-065	HOM	34.62	51.03	16.41	69.16	71.32	2.16	0	100	100	小哥：我真妹骗人！！我真给白衣女鬼送过餐！！你不知道哟！我魂都快没了，那餐是一点都没撒！！没办法，这就是哥的实力！	Little Brother: My sister is a liar!! I really delivered a meal to a white ghost woman!! You don't know this! My soul almost left me, that meal was not a bit watered down!! There's no way around it, this is my brother's power!	小哥：我真没骗人！！我真给白衣女鬼送过餐！！你不知道哟！我魂都快没了，那餐是一点都没撒！！没办法，这就是哥的实力！	Little Brother: I swear, I'm not lying!! I really delivered a meal to a white ghost woman!! You don't know this! My soul almost left my body, that meal was completely untouched!! There's just no denying it, this is my power!	Bro: I seriously didn't lie!! I really delivered food to the girl ghost in white!! You don't know! I nearly lost my soul, not a single drop spilled on that delivery! No choice, this is bro's skill!
B-HOM-066	HOM	61.32	84.12	22.80	44.72	56.69	11.97	0	100	100	博主成功把中二拍成沙子了	The blogger successfully turned the middle school student into sand.	博主成功把中二拍成傻子了	The blogger successfully made the middle school student look like a fool.	The blogger successfully made the edgy act look like a fool
B-HOM-067	HOM	64.08	77.15	13.07	53.34	70.65	17.30	0	0	0	肺雾才需要爱情，神都是孤独的	Only the lungs need mist, gods are all alone.	废物才需要爱情，神都是孤独的	Only waste needs love, gods are all alone.	Only the weak yearn for love; gods are destined to be alone.
B-HOM-068	HOM	93.47	96.49	3.02	72.47	85.52	13.05	100	100	0	我在学校哭别人鸟都不鸟我	No one pays attention to me when I cry at school.	我在学校哭别人理都不理我	I cry at school, but no one pays any attention to me.	I cried at school and nobody even paid attention to me
B-HOM-069	HOM	75.14	77.53	2.39	46.13	59.96	13.84	0	0	0	现场偷挖被抓,夺笋呐!	Caught in the act of illegal excavation, seize the opportunity!	现场偷挖被抓,多损呐!	Caught red-handed digging at the scene, what a loss!	Caught digging secretly on site, so savage!
B-HOM-070	HOM	78.22	90.39	12.17	63.17	75.51	12.34	0	0	0	这个特效针不戛！	This special effect needle doesn't stop!	这个特效真不尬！	This special effect is really not embarrassing!	This special effect is really not cringe!
B-HOM-071	HOM	49.01	75.88	26.87	34.04	58.88	24.84	0	0	0	要泥寡,雨女无瓜!	"""Yao ni guo, yu nu wu gua!""

Translation: ""Don't worry, it's not raining women!"""	要你管,与你无关!	"""It's not up to you; it doesn't concern you!"""	Mind your own business, it's none of your business!
B-HOM-072	HOM	35.65	87.74	52.09	48.10	71.12	23.02	0	0	0	依托答辩是什么意思	"""依托答辩"" translates to ""relying on the answer"" in English."	一坨大便是什么意思	"""一坨大便"" translates to ""a large pile of feces"" in English."	What does 'a pile of shit' mean?
B-HOM-073	HOM	77.42	95.94	18.52	63.81	77.51	13.70	0	0	0	哈哈哈哈哈哈哈夺笋呐	Hahahahahahaha, take the asparagus!	哈哈哈哈哈哈哈多损呐	Hahahahahaha, that's so funny!	hahahahaha so mean lol
B-HOM-074	HOM	71.44	81.37	9.92	69.84	58.55	-11.29	0	100	100	“雨女无瓜”这么好笑吗是挺好笑的	"""Is 'Yu Nu Mo Gua' (雨女无瓜) really that funny?"" is quite funny."	“与你无关”这么好笑吗是挺好笑的	"""Is it really that funny to say 'It has nothing to do with you'?"" translates to English as: ""Is it really that amusing to say 'It's none of your business'?"""	Is 'none of your business' really that funny? It is pretty funny
B-HOM-075	HOM	65.08	88.56	23.47	46.23	61.08	14.85	0	100	100	还有给	There is also for	还有gay	There is also gay.	Also got gay vibes
B-HOM-076	HOM	93.55	97.87	4.32	78.29	80.14	1.85	0	100	100	这显卡价格真是辣鸡，还买什么啊	The GPU price is so damn high, what's even the point of buying it.	这显卡价格真是垃圾，还买什么啊	This GPU price is trash, why buy it at all?	This GPU price is really trash, why even buy it
B-HOM-077	HOM	67.85	70.07	2.21	59.70	63.84	4.14	100	100	0	我丢！上班路上刷到路边广告牌被“风”掀了个角，原来是京东618的整活！这波操作简直泰裤辣！	"I'm out! On my way to work, I brushed past a roadside billboard that had been blown over by the ""wind,"" and it turned out to be a prank by JD 618! This move is simply too cool!"	我丢！上班路上刷到路边广告牌被“风”掀了个角，原来是京东618的整活！这波操作简直太酷啦！	"I'm out! On my way to work, I brushed past a roadside billboard that had been blown over by the ""wind,"" and it turned out to be a prank by JD 618! This move is so cool!"	No way! On my way to work I saw a roadside billboard get lifted by the 'wind', turns out it was JD 618's stunt! This move is just too cool!
B-HOM-078	HOM	73.64	81.47	7.82	68.42	71.09	2.67	0	100	100	“泰酷辣”大人三周年	"""Tekoolar"" Adult 3rd Anniversary"	“太酷啦”大人三周年	"""Too cool!"" 3rd Anniversary of the Adults"	Third anniversary of Lord 'So Cool'
B-HOM-079	HOM	79.52	85.26	5.74	45.08	62.67	17.59	0	0	0	前车：不二？	Previous car: Unclear or not definite?	前车：不是？	Previous car: Isn't it?	The car in front: Wait, what?
B-HOM-080	HOM	55.64	69.40	13.76	63.05	76.80	13.75	0	100	100	10店睡，身体还以为是午休呢，凌晨又把他们叫醒了	"""Ten stores slept, thinking it was a nap, but they were awakened again at dawn."""	10点睡，身体还以为是午休呢，凌晨又把他们叫醒了	Go to sleep at 10, and their bodies still think it's naptime, but then they're woken up again at dawn.	Going to sleep at 10, my body thought it was nap time, then woke me up at dawn
B-HOM-081	HOM	44.88	88.23	43.35	35.80	51.50	15.70	0	0	0	tree 波Q	"The translation of ""tree 波Q"" into English is: ""Tree Wave Q"""	三杀	Three-kill	Triple kill
B-HOM-082	HOM	50.88	64.18	13.30	49.00	54.97	5.97	0	0	0	笑死我了粽横天虾至今一直在罚时闯过了零个关卡	"""It made me laugh to death: the shrimp crossing the sky, still getting penalized and not passing a single level to this day."""	笑死我了纵横天下至今一直在罚时闯过了零个关卡	"""It made me laugh to death; despite roaming the world, I've cleared zero levels so far."""	Dying of laughter, the one who conquers the world has been in timeout, passing zero challenges
B-HOM-083	HOM	76.98	92.39	15.41	48.95	71.10	22.14	0	0	0	怎么达不溜小兵了	How to deal with small soldiers effectively.	怎么打不了小兵了	Why can't I defeat the foot soldiers?	Why can't I target the minions?
B-HOM-084	HOM	22.26	98.26	76.00	37.79	82.44	44.65	0	100	100	！？雀潮？！	"""！？雀潮？！"" translates to ""!!?雀潮!!?"" in English. The phrase seems to be a combination of exclamation marks and a word that could be a name or a term specific to a certain context, possibly related to a bird species or a cultural reference. Without additional context, it's challenging to provide a precise translation."	！？雀巢？！	Nestlé?!	!? Nestle!?
B-HOM-085	HOM	99.90	100.00	0.10	77.11	84.49	7.38	0	100	100	此人知识面级广	The knowledge of this person is broad and diverse.	此人知识面极广	This person has an extremely broad range of knowledge.	This person's knowledge is extremely broad
B-HOM-086	HOM	90.77	93.36	2.59	81.34	83.78	2.44	0	100	100	蛇：卧槽，怎么又是他	"Snake: ""Ugh, it's him again?"""	蛇：我的天，怎么又是他	Snake: Oh my goodness, is it him again?	Snake: Oh my god, why is it him again
B-HOM-087	HOM	74.72	92.80	18.08	68.84	79.07	10.23	0	100	100	生物钟:补药呀！我才调整好	Biological Clock: A supplement! I've just adjusted it.	生物钟:不要呀！我才调整好	Biological Clock: No! I just adjusted it.	Biological clock: No! I just got it adjusted
B-HOM-088	HOM	68.98	82.07	13.10	52.27	71.22	18.96	0	0	0	鸡本功来了，视频就有了。起飞！	"""The chicken has come, the video is born. Take off!"""	基本功来了，视频就有了。起飞！	Fundamentals in place, the video is born. Take off!	When the basic skills kick in, the video just takes off! Liftoff!
B-HOM-089	HOM	55.63	42.24	-13.39	58.03	56.16	-1.88	0	0	0	食不食油饼	To eat or not to eat oil cakes.	是不是有病	"""Isn't it sick?"" or more literally, ""Isn't there a disease?"""	Are you out of your mind?
B-HOM-090	HOM	38.99	90.41	51.42	43.59	58.48	14.89	0	0	0	香精煎鱼食不食	"The translation of ""香精煎鱼食不食"" into English is: ""Fried fish with fragrant essence: to eat or not to eat?"""	想进监狱是不是	"""想进监狱是不是"" translates to ""Do you want to go to prison?"" in English."	Do you want to end up in prison?
B-HOM-091	HOM	73.28	86.59	13.31	74.56	75.26	0.70	0	0	0	立马去郊区浇筑一个刚进混凝土的地下堡垒	Immediately head to the suburbs to pour a newly concrete underground fortress.	立马去郊区浇筑一个钢筋混凝土的地下堡垒	Immediately go to the suburbs and pour a reinforced concrete underground fortress.	Head to the suburbs right away and build an underground bunker with rebar concrete
B-HOM-092	HOM	84.00	99.09	15.09	48.28	75.31	27.03	0	0	0	鸡本功扎实	The chicken's foundation is solid.	基本功扎实	Solid foundational skills.	Solid basic skills
B-HOM-093	HOM	65.58	96.92	31.34	56.23	79.60	23.37	0	100	100	蚌不住了	The snail didn't stay.	绷不住了	I can't hold on anymore.	Can't hold it in anymore
B-HOM-094	HOM	85.32	85.52	0.21	67.10	76.51	9.41	0	0	0	冷芝士：袜子不是茶包	Cold cheese: Socks are not tea bags.	冷知识：袜子不是茶包	Cold knowledge: Socks are not tea bags.	Fun fact: socks are not tea bags
B-HOM-095	HOM	89.48	87.94	-1.54	73.30	73.03	-0.27	0	100	100	就说00这一套真的超级好看的，我可以安心的似了	Just saying, the 00 set is really super beautiful, I can rest easy now.	就说00这一套真的超级好看的，我可以安心的死了	Just saying, the 00 set is really super beautiful, I can die in peace.	This 00 outfit is really super good-looking, I can finally rest in peace
B-NEO-002	NEO	93.78	95.86	2.08	82.81	83.53	0.73	0	100	100	我们不是供人围观的工具人！	We are not pawns for people to gawk at!	我们不是供人围观的工具！	We are not tools for people to gawk at!	we're not tools for people to watch!
B-NEO-003	NEO	93.64	94.62	0.98	78.68	80.45	1.77	0	0	0	又被割韭菜了，这理财产品全是坑	I was scammed again; this financial product is all a trap.	又被宰了，这理财产品全是坑	"""Again, I've been scammed. All these financial products are just scams."""	I got ripped off again, this wealth management product is full of traps.
B-NEO-004	NEO	89.87	92.72	2.85	75.91	77.71	1.80	0	0	0	品牌联名就是割韭菜，质量差价格高	Brand collaborations are just a way to gouge customers; poor quality at a high price.	品牌联名就是坑人，质量差价格高	Brand collaborations are just a rip-off; poor quality at a high price.	Co-branded products are just a way to rip off customers with poor quality and high prices.
B-NEO-005	NEO	76.56	94.25	17.68	81.09	83.76	2.67	0	100	100	别带节奏了，事情不是你想的那样	Don't try to control the rhythm, things aren't as you think.	别煽动舆论了，事情不是你想的那样	Don't stir up public opinion, the situation isn't as you think.	stop stirring things up, it's not what you think
B-NEO-006	NEO	81.83	94.73	12.89	79.67	84.08	4.41	0	0	0	评论区全是在带节奏的，真相没人关心	The comment section is all about keeping the rhythm going, no one cares about the truth.	评论区全是在煽动舆论的，真相没人关心	The comment section is entirely about stirring up public opinion, no one cares about the truth.	comments section full of people stirring drama, nobody cares about the truth
B-NEO-007	NEO	85.01	92.93	7.93	63.01	77.21	14.20	0	0	0	杠精无处不在，说啥都要反驳	Muscleheads are everywhere, always ready to argue against anything.	抬杠的人无处不在，说啥都要反驳	"""People who always find fault are everywhere; they will argue about everything."""	contrarians are everywhere, they rebut everything you say
B-NEO-008	NEO	74.01	84.95	10.93	52.32	72.91	20.59	0	0	0	遇到杠精最好的办法就是不理他	"The best way to deal with a ""bar-expert"" (a term used to describe someone who is overly focused on bars or drinking) is to ignore them."	遇到抬杠的人最好的办法就是不理他	The best way to deal with a moocher is to ignore him.	the best way to deal with a contrarian is to ignore them
B-NEO-009	NEO	61.76	84.12	22.35	49.50	71.35	21.85	0	0	0	芭比Q了，半夜点外卖忘备注别敲门	"""Barbecue done, midnight ordered delivery forgot to note not to knock on the door."""	完了，半夜点外卖忘备注别敲门	"""Completed, don't knock on the door, I forgot to add a note for the midnight delivery."""	I'm cooked, ordered delivery at midnight and forgot to leave a note saying don't knock
B-NEO-010	NEO	84.90	96.97	12.07	47.08	77.10	30.02	0	0	0	选择你的躲藏点，被抓到就芭比Q了	Choose your hiding spot, or you'll be BBQ'd.	选择你的躲藏点，被抓到就完了	Choose your hiding spot, getting caught is inevitable.	pick your hiding spot, if you get caught you're done for
B-NEO-011	NEO	69.43	94.65	25.22	66.48	80.61	14.13	0	0	0	看到肯德基9.9的那一刻，我的班味瞬间就没了	"The moment I saw the ""9.9"" at KFC, my class's excitement instantly disappeared."	看到肯德基9.9的那一刻，我的上班疲惫感瞬间就没了	"The moment I saw the ""9.9"" at KFC, my fatigue from work instantly disappeared."	the moment I saw KFC 9.9, my work exhaustion instantly vanished
B-NEO-012	NEO	92.93	95.63	2.70	60.19	80.21	20.02	0	0	0	人一旦染上班味，这辈子就去不掉了	Once someone gets a taste of success, it's something they'll never be able to give up.	人一旦染上上班的气息，这辈子就去不掉了	Once someone gets used to the atmosphere of work, it's something they can never shake off for the rest of their life.	once you catch the work vibe, it never leaves you
B-NEO-013	NEO	69.91	74.76	4.85	60.31	64.56	4.25	0	0	0	十多块的塔斯汀五件套，横扫我一天班味	A dozen sets of Tasin five-piece cutlery, sweeping away the taste of my entire day's work.	十多块的塔斯汀五件套，横扫我一天上班的疲惫感	A dozen sets of Tastin five-piece cutlery, sweeping away my fatigue from a day's work.	a 10-something yuan Tastien 5-piece meal wipes away my whole day of work fatigue
B-NEO-014	NEO	80.88	83.55	2.67	66.59	73.70	7.11	0	0	0	净化班味，用了这头像直接演绎出我的精神状态	Clearing the mental clutter, this avatar directly translates into my current state of mind.	净化上班的疲惫感，用了这头像直接演绎出我的精神状态	Purifying the fatigue of commuting, this avatar directly translates my mental state.	cleansing away the work fatigue — this avatar perfectly captures my mental state
B-NEO-015	NEO	44.39	68.26	23.88	45.58	64.60	19.02	0	0	0	等等党赢麻了，建议收藏	"""Wait and see, the opposition won. Consider saving/collecting (it)."" 

Note: The original Chinese sentence seems to imply a casual and somewhat ambiguous message. The translation tries to convey the core meaning while making it clear and understandable in English."	等待降价的人赢得非常彻底，建议收藏	The wait for a price drop paid off very thoroughly; it is recommended for collection.	the wait-for-a-deal crew won big time, saving this
B-NEO-016	NEO	87.06	88.28	1.22	62.34	73.98	11.64	0	0	0	看似输了实际赢麻了	It seems like you lost, but you actually won.	看似输了实际赢得非常彻底	It seems like you've lost, but you've actually won very thoroughly.	looks like they lost but actually won big
B-NEO-017	NEO	92.37	72.85	-19.51	63.90	63.00	-0.90	100	0	-100	纯爱战神轰然倒地	The pure love warrior suddenly collapsed.	只支持纯爱的人轰然倒地	Only those who believe in pure love will be brought low.	the pure love warrior has fallen
B-NEO-018	NEO	98.05	92.66	-5.39	70.83	79.17	8.34	0	0	0	谨以此片献给每一位纯爱战神	This film is dedicated to every warrior of pure love.	谨以此片献给每一位只支持纯爱的人	This film is dedicated to every individual who only supports pure love.	dedicating this film to every pure love warrior out there
B-NEO-019	NEO	71.45	96.15	24.70	55.36	86.20	30.85	0	100	100	兄弟们我润美国了	Brothers, I have made money in America.	兄弟们我移民美国了	Brothers, I immigrated to America.	bros I emigrated to the US
B-NEO-020	NEO	88.84	93.90	5.05	69.39	79.37	9.98	0	0	0	公司要黄了的5个征兆，当公司开始严抓考勤，你该考虑润了	The company is in trouble: 5 signs to watch out for, and when the company starts strictly enforcing attendance, it's time to consider turning things around.	公司要黄了的5个征兆，当公司开始严抓考勤，你该考虑跑了	The five signs that a company is about to go under, especially when they start strictly enforcing attendance policies, is when you should consider leaving.	5 signs your company is going under, when they start cracking down on attendance, you should consider bouncing
B-NEO-021	NEO	84.51	91.46	6.94	71.69	77.54	5.85	0	0	0	赛博朋克2077，极致嘴臭极致享受	Cyberpunk 2077, extreme bad breath, extreme pleasure.	赛博朋克2077，极致骂人极致享受	Cyberpunk 2077, extreme cursing, extreme enjoyment.	Cyberpunk 2077, ultimate trash talk ultimate enjoyment
B-NEO-023	NEO	88.31	94.36	6.05	70.68	78.40	7.72	0	0	0	孙红雷演技炸裂，20万人打出7.5分	Sun Honglei's performance blew up, with 200,000 people giving it a 7.5.	孙红雷演技极其震撼，20万人打出7.5分	Sun Honglei's performance is extremely shocking, with 200,000 people giving it a 7.5 rating.	Sun Honglei's acting is absolutely insane, 200k people rated 7.5
B-NEO-024	NEO	86.71	88.37	1.66	68.21	75.61	7.40	100	100	0	赛博诵经让老外陷入疯狂	Cyber chanting drives foreigners mad.	虚拟诵经让老外陷入疯狂	Virtual chanting drives foreigners crazy.	cyber chanting is driving foreigners crazy
B-NEO-025	NEO	81.53	87.27	5.73	57.20	73.16	15.96	100	0	-100	国庆宅家的赛博生活	Cyberlife at Home for National Day	国庆宅家的虚拟网络生活	Virtual online life at home during National Day.	National Day stay-at-home cyber life
B-NEO-026	NEO	45.06	58.37	13.31	67.66	72.83	5.17	0	0	0	高考第一批显眼包出现了，青蛙玩偶花式助阵	The first batch of prominent packages for the Gaokao (China's college entrance exam) have arrived, with frog toy accessories providing colorful support.	高考第一批爱出风头的人出现了，青蛙玩偶花式助阵	The first batch of Gaokao (national college entrance examination) candidates who love to be in the spotlight have appeared, with a frog toy providing colorful support.	the first batch of attention-seekers at the college entrance exam showed up, frog mascots cheering in style
B-NEO-027	NEO	66.42	81.98	15.56	70.28	67.16	-3.12	0	0	0	电子榨菜输出中，午饭点准时到	In the process of electronic pickle output, lunch will arrive on time.	适合吃饭时看的视频输出中，午饭点准时到	Ideal videos to watch during lunch break, arrive on time for lunch.	my mealtime video is on, right on time for lunch
B-NEO-028	NEO	92.54	94.81	2.27	76.31	83.01	6.70	0	100	100	这个综艺太下饭了，一口气看完	This variety show is so addictive, I finished watching it in one go.	这个综艺太适合吃饭时看了，一口气看完	This variety show is perfect for watching while eating, and I finished it in one sitting.	this variety show is perfect meal content, binged the whole thing
B-NEO-029	NEO	43.59	79.93	36.34	48.54	66.92	18.38	0	0	0	发疯文学必备文案，笑死我了	"""Insane literary copy, had me in stitches."""	宣泄式文字表达必备文案，笑死我了	"""The mandatory copy for venting text expression made me laugh to death."""	must-have lines for unhinged-rant posting, I'm dying laughing
B-NEO-030	NEO	93.80	98.69	4.89	81.83	83.70	1.88	100	100	0	社恐人的噩梦，大型聚会	The nightmare of social phobics, large gatherings.	社交恐惧症患者的噩梦，大型聚会	The nightmare for social phobia patients, large gatherings.	a socially anxious person's worst nightmare, a huge gathering
B-NEO-031	NEO	72.24	93.17	20.94	71.52	81.01	9.50	0	100	100	找不到原剧了，这个当代餐先看	Can't find the original play anymore, so let's start with this contemporary dining experience.	找不到原剧了，这个当替代品先看	Since the original play is not available, watch this as a substitute.	can't find the original, using this as a substitute for now
B-NEO-032	NEO	86.78	92.14	5.36	77.33	81.93	4.60	0	0	0	花2000买nike感觉自己好像大冤种	Feeling like a big victim after spending 2000 yuan on Nike.	花2000买nike感觉自己好像大冤大头	Spending 2000 yuan on Nike shoes makes me feel like a big fool.	spent 2k on nikes feeling like a total sucker
B-NEO-033	NEO	65.89	78.36	12.47	54.82	73.17	18.34	0	0	0	腾讯这波泄密直接破防了，317万说没就没	Tencent's recent leak directly broke their security, 3.17 million said it's gone and it's gone.	腾讯这波泄密直接崩溃了，317万说没就没	Tencent's recent leak directly collapsed, with 3.17 million users disappearing overnight.	Tencent's leak move really triggered a breakdown, 3.17 million gone just like that
B-NEO-034	NEO	37.83	92.22	54.39	63.63	77.08	13.45	0	100	100	梅老板今年真可怜，这么强的个人发挥啥没有得到	The boss of Mei is really pitiful this year; despite her strong personal performance, she didn't get anything.	梅西今年真可怜，这么强的个人发挥啥没有得到	Messi is truly unfortunate this year; despite his strong individual performances, he didn't achieve anything.	Messi had a rough year insane individual performance but got nothing
B-NEO-035	NEO	58.01	68.39	10.39	46.91	59.28	12.36	0	0	0	吃瓜吃到自己头上了，腾讯泄密员工就是本人	"""Biting the hand that feeds you"" - The Tencent leaker is indeed the person responsible."	看热闹看到自己头上了，腾讯泄密员工就是本人	"""Watching the spectacle, I realized that the Tencent leak was indeed me."""	I was following the drama, only to realize I’m the Tencent staff member who leaked the information
B-NEO-036	NEO	55.40	73.50	18.10	81.72	78.22	-3.50	0	0	0	别搁这凡尔赛了，显摆啥呢	Don't bring up Versailles; what's the point of showing off?	别搁这炫耀了，显摆啥呢	Don't boast about it, what's the point of showing off?	stop humble bragging already what are you flexing
B-NEO-037	NEO	98.28	100.00	1.72	82.44	86.14	3.70	0	0	0	显卡市场太内卷了，价格涨得离谱	The GPU market is too competitive, with prices rising absurdly.	显卡市场竞争太激烈了，价格涨得离谱	The GPU market is too competitive, with prices rising absurdly.	The GPU market is hyper-competitive, prices rising outrageously
B-NEO-038	NEO	67.16	73.38	6.22	66.64	55.35	-11.29	0	100	100	这帖子水分太大，灌水灌的	This post is overly watered down, it's been watered to the point of being meaningless.	这帖子水分太大，刷帖刷的	This post is too spammy, I'm just scrolling through.	this post is so watered down pure spam
B-NEO-039	NEO	84.79	91.33	6.54	63.25	79.94	16.68	0	100	100	打工人看完317万年终奖直接躺平了	The workers, after seeing the 3.17 million yuan year-end bonus, lay down directly.	打工人看完317万年终奖直接放弃了	After seeing the 3.17 million yuan year-end bonus, the worker directly gave up.	Workers gave up striving after seeing the 3.17 million year-end bonus.
B-NEO-040	NEO	90.28	95.41	5.13	76.55	78.36	1.81	100	100	0	这剧情给我整破防了	This plot completely broke my expectations.	这剧情给我整崩溃了	This plot completely broke me down.	this plot totally broke me fr fr
B-NEO-041	NEO	82.78	91.51	8.73	80.20	81.40	1.20	0	0	0	这员工凡尔赛式晒年终奖，结果翻车了	The employee held a Versailles-style party to celebrate their year-end bonus, but it backfired.	这员工炫耀式晒年终奖，结果翻车了	The employee ostentatiously showed off their year-end bonus, but it backfired.	This employee flaunted their year-end bonus in a humble-brag way, and it backfired
B-NEO-042	NEO	95.32	99.28	3.96	57.33	82.82	25.49	0	0	0	这手机信号拉胯到离谱	The phone signal is beyond ridiculous.	这手机信号差到离谱	The mobile signal is so bad it's unbelievable.	this phone signal is garbage to an absurd degree
B-NEO-043	NEO	97.88	98.04	0.16	77.23	83.28	6.05	0	0	0	你这个行为真的很下头	Your behavior is really lowly.	你这个行为真的很扫兴	Your behavior really disappoints me.	your behavior is such a turnoff rn
B-NEO-044	NEO	51.20	82.28	31.09	67.06	76.21	9.15	0	100	100	赛里木湖这事太下头了，景区管理太离谱	The Serik Lake situation is too low, and the scenic area management is too absurd.	赛里木湖这事太让人失望了，景区管理太离谱	The Serik Lake situation is too disappointing, and the scenic area management is completely out of line.	The Sarim Lake incident is too disappointing, scenic area management is outrageous
B-NEO-045	NEO	86.34	73.27	-13.07	78.88	73.75	-5.13	0	0	0	他这个人好油腻	He is such an oily person.	他这个人好油滑	He is such a smooth talker.	this guy is so sleazy ick
B-NEO-046	NEO	72.14	93.95	21.81	59.98	69.39	9.41	0	0	0	没绷住破绷了	It broke because it wasn't tight enough.	没绷住笑了	He couldn't help but laugh.	couldn't hold it in and totally lost it laughing
B-NEO-047	NEO	83.78	92.49	8.71	75.46	77.34	1.89	0	100	100	中国女排逆转美国，这波操作太上头了	China's women's volleyball team reversed the US, this move is too smart.	中国女排逆转美国，这波操作太让人激动了	China's women's volleyball team reversed the US, and this move is too exciting.	China women's volleyball reversed against USA, this move is so hype
B-NEO-048	NEO	78.67	85.87	7.21	45.43	68.29	22.86	0	0	0	天天水经验，也不发点有用的帖子	"""No matter how much experience in TianTian (a Chinese platform), don't post anything useful."""	天天刷经验，也不发点有用的帖子	"""Daily experience points, but no useful posts."""	farming XP every day never posting anything useful
B-NEO-049	NEO	91.91	93.72	1.81	62.13	73.75	11.62	0	0	0	这主播开挂实锤了，封号吧	The streamer cheated hard, so let's ban them.	这主播作弊实锤了，封号吧	The broadcaster cheated, it's confirmed, so let's ban them.	this streamer is confirmed cheating, ban them
B-NEO-050	NEO	84.05	85.61	1.56	67.71	75.64	7.94	0	100	100	内耗太严重了	The internal consumption is too severe.	内部消耗太严重了	Internal consumption is too severe.	internal friction is too serious smh
B-NEO-051	NEO	75.46	92.05	16.60	60.57	69.97	9.40	0	100	100	互联网嘴替实锤	"""Internet mouth replaces the real deal."""	互联网代言人实锤	"""Internet spokesperson confirmed."""	confirmed internet mouthpiece
B-NEO-052	NEO	31.15	44.52	13.37	49.69	66.41	16.73	0	0	0	无职孝子还在嘴硬洗，服了	The unemployed son is still stubbornly washing (or cleaning), but has eventually submitted.	无职盲目辩护者还在嘴硬洗，服了	The unemployed and blind defender is still stubbornly washing their mouth, but they have given in.	Mushoku Tensei stans still hard-stanning give up
B-NEO-053	NEO	81.94	92.64	10.71	54.70	76.30	21.61	0	0	0	双持党表示苹果和华为都不够用	The dual-party (or two-party) system states that neither Apple nor Huawei is sufficient.	同时用两部手机的人表示苹果和华为都不够用	People using two phones at the same time express that neither Apple nor Huawei is sufficient.	dual-phone gang saying neither Apple nor Huawei is enough
B-NEO-054	NEO	28.96	86.63	57.67	33.29	72.88	39.60	0	0	0	被种草了	"""被种草了"" translates to ""has been grassed on"" or ""has been ratted out"" in English. This phrase implies that someone has revealed or informed on another person, often in a negative context."	被推荐心动了	I was moved by the recommendation.	got recommended I'm tempted to buy
B-NEO-055	NEO	42.13	98.48	56.34	33.90	77.50	43.60	0	100	100	拔草了不买	"""拔草了不买"" translates to ""If you pull weeds, don't buy.""

Here's a breakdown:
- 拔草了 (bā cǎo le) = Pull weeds (literally: pull grass)
- 不 (bù) = Not
- 买 (mǎi) = Buy"	打消购买念头了不买	"""I've changed my mind and decided not to buy it."""	nah I'm not buying
B-NEO-056	NEO	93.73	97.07	3.34	60.79	84.84	24.05	0	0	0	他好会整活	He's very good at pulling pranks.	他好会搞怪	He's very good at being silly.	he's so good at being funny lol
B-NEO-057	NEO	94.19	98.69	4.50	81.04	82.33	1.30	0	0	0	这个太炸了	This is too explosive.	这个太震撼了	This is too shocking.	this is too insane
B-NEO-058	NEO	71.49	60.99	-10.49	54.62	54.49	-0.13	0	0	0	景区打人还理直气壮的，真是绝绝子	It's truly shocking that the scenic area personnel beat people and still act as if they're in the right.	景区打人还理直气壮的，真是绝了	It's amazing that the scenic area not only beat people but also did so with straight faces.	Beating people at a scenic spot and still acting righteous, truly absolutely outrageous
B-NEO-059	NEO	50.39	91.90	41.52	55.80	83.91	28.12	0	0	0	破防了	"""破防了"" translates to ""We've broken through the defenses"" in English."	心理防线崩溃了	The psychological defense line has collapsed.	I'm emotionally broken
B-NEO-060	NEO	81.97	100.00	18.03	70.58	85.96	15.38	0	100	100	这个太上头了	This is too high-level.	这个太上瘾了	This is so addictive.	this is too addictive can't stop
B-NEO-061	NEO	72.62	96.62	23.99	79.67	85.79	6.12	0	100	100	他好会营业	He is very good at business.	他好会讨好粉丝	He is very good at pleasing fans.	he's so good at playing to his fans
B-NEO-062	NEO	85.83	93.95	8.12	58.52	79.59	21.06	0	100	100	香港🇭🇰打车有这么卷吗？又难？	Is hailing a taxi so complicated in Hong Kong (HK)?	香港🇭🇰打车竞争有这么激烈吗？又难？	Is the competition for ride-hailing in Hong Kong (HK) this intense and difficult?	is getting a taxi in HK this intense? so hard?
B-NEO-063	NEO	87.06	84.55	-2.51	83.47	80.45	-3.02	0	0	0	这帖子纯纯的钓鱼经验，别当真	This post is purely about fishing experiences, don't take it seriously.	这帖子纯纯的骗经验，别当真	This post is purely about sharing scam experiences, don't take it seriously.	this post is pure bait for engagement don't fall for it
B-NEO-064	NEO	80.19	95.28	15.09	77.58	77.13	-0.45	0	0	0	纯纯的牛马人生	A pure and simple life of cows and horses.	纯纯的打工人人生	A pure working life.	pure wage slave life
B-NEO-065	NEO	72.33	98.37	26.03	82.18	84.21	2.04	0	0	0	是我不够糖吗	Is it that I don't have enough sugar?	是我不够傻吗	Is it that I'm not stupid enough?	am I not dumb enough? bruh
B-NEO-066	NEO	100.00	100.00	0.00	85.42	86.44	1.02	100	100	0	这何意味啊	What does this mean?	这什么意思啊	What does this mean?	what does this even mean
B-NEO-067	NEO	21.33	73.83	52.49	31.02	46.93	15.91	0	0	0	摆烂了，爱咋咋地	"""Play it by ear.""

Note: The original Chinese phrase ""摆烂了，爱咋咋地"" literally translates to ""go with the flow, do whatever,"" which is approximated in the English translation."	放弃了，爱咋咋地	"""Abandoned, do as it pleases."""	I give up whatever happens happens
B-NEO-068	NEO	92.38	85.62	-6.77	57.53	66.13	8.60	0	0	0	摆烂一天算了	"""Let's just waste a day."""	放弃一天算了	Give up for today.	let me rot for a day whatever
B-NEO-069	NEO	64.57	78.83	14.25	56.76	71.31	14.56	0	0	0	内卷太严重了，打工人伤不起	The internal problems are too severe; it's not worth getting injured for the workers.	过度竞争太严重了，打工人伤不起	The excessive competition is too severe; it's not worth getting hurt for workers.	the rat race is too intense workers can't take it
B-NEO-070	NEO	87.38	88.10	0.72	61.82	75.54	13.72	0	0	0	这波操作属实逆天了	This operation is truly against the laws of nature.	这波操作属实超乎想象了	This operation is truly beyond imagination.	this play is straight up insane
B-NEO-071	NEO	53.87	66.99	13.11	59.37	62.46	3.10	100	100	0	内卷到头秃，躺平又心慌	"""Inner turmoil leads to baldness, and lying low only makes one's heart race faster."""	过度竞争到头秃，躺平又心慌	Excessive competition leads to burnout, and lying low only makes one's heart race.	rat race till you're bald quit competing but still anxious
B-NEO-072	NEO	72.83	91.68	18.85	82.23	77.00	-5.23	0	0	0	不是哥们儿	Not a buddy.	不是吧，哥们儿	Not so, buddy.	no way bro come on
B-NEO-073	NEO	88.03	90.72	2.69	84.15	79.16	-4.99	100	100	0	说出一个旅游热度很低但实际很夯的城市	Name a city that's low on tourist popularity but actually quite trendy.	说出一个旅游热度很低但实际很高的城市	Name a city that is low on tourist popularity but actually quite remarkable.	name a city that's low-key but actually great
B-NEO-074	NEO	74.49	91.57	17.08	61.11	78.57	17.45	0	0	0	这波操作直接拉胯了	This operation directly pulls the pants down.	这波操作直接失常了	This operation went directly haywire.	this play literally underperformed
B-NEO-075	NEO	54.00	73.96	19.96	49.04	55.53	6.49	0	0	0	这操作绝绝子，直接给我整不会了	This operation is impossible; you can't do it to me directly.	这操作绝佳，直接给我整不会了	This operation is excellent; it's impossible for me to mess it up now.	this play is amazing left me speechless
B-NEO-076	NEO	76.92	85.04	8.12	69.86	73.90	4.05	0	0	0	谁能能理解这种崩溃的心情，辛辛苦苦备考许久，就等着政审上岸，结果栽在了学历断层上	Who can understand the feeling of collapse after working hard for a long time to prepare for exams, only to fail because of the gap in academic qualifications during the political examination process?	谁能能理解这种崩溃的心情，辛辛苦苦备考许久，就等着政审成功，结果栽在了学历断层上	Who can understand the feeling of collapse after working hard for a long time to prepare for exams, only to fail because of the gap in academic qualifications?	who understands this despair? prepped for ages waiting to pass the political review only to get rejected by an education gap
B-NEO-077	NEO	84.57	94.31	9.73	64.43	81.81	17.38	0	100	100	为什么留子都不爱和老外谈？	Why don't Chinese people like talking to foreigners?	为什么留学生都不爱和老外谈？	Why don't international students like talking to foreigners?	why don't international students like dating foreigners? real talk
B-NEO-078	NEO	81.41	90.40	8.99	72.32	76.80	4.48	0	0	0	哈包穿上衣服不习惯了	Haba is not used to dressing up.	哈兰德穿上衣服不习惯了	Harland is not used to wearing clothes.	not used to Haaland wearing clothes
B-NEO-079	NEO	67.65	84.34	16.69	50.60	54.58	3.97	0	0	0	洗澡5分钟老公社死一整年	Taking a 5-minute shower can save you a year of life in an old community.	洗澡5分钟老公社会性死亡一整年	Taking a 5-minute shower leads to social death for an entire year.	5-min shower and my husband is socially dead for a whole year rip
B-NEO-080	NEO	66.46	52.78	-13.68	74.96	69.43	-5.53	0	0	0	直接破防了家人们	We directly broke through the family's defenses.	直接心态失控了家人们	The direct mindset lost control of the family members.	totally broke down mentally fam
B-NEO-081	NEO	86.40	95.37	8.96	78.11	80.01	1.91	100	100	0	月薪不够5w不能这么活	A monthly salary of less than 50,000 yuan (or dollars, depending on context) is not enough to live on.	月薪不够5万不能这么活	A monthly salary of less than 50,000 won't allow me to live like this.	Can't live like this if monthly salary isn't even 50k
B-NEO-082	NEO	33.37	63.12	29.75	48.30	78.46	30.16	0	0	0	爷青回	"The translation of ""爷青回"" from Chinese to English is: **""Grandfather returns""**. 

Please note that without context, it's difficult to provide a more precise translation."	爷的青春回来了	The grandfather's youth returned.	Nostalgia hits hard.
B-NEO-083	NEO	45.47	98.73	53.26	37.50	87.17	49.67	0	0	0	难他天？	"""难他天？"" translates to ""Is it difficult for him?"" in English."	难道他真的是天才？	Could he really be a genius?	Turns out he's a genius?
B-NEO-084	NEO	80.39	99.12	18.73	32.53	83.09	50.56	0	0	0	基操	"The translation of ""基操"" into English is ""basic operations"" or ""fundamental operations."""	基本操作	Basic operations	Just basic mechanics
B-NEO-085	NEO	68.03	84.70	16.67	63.53	75.58	12.04	0	0	0	你这肯定是低段位炸鱼罢了	This is obviously just a low-level fried fish.	你这肯定是低段位欺负水平差的玩家罢了	You're probably just bullying a low-level player with poor skills.	You must be just smurfing in low rank
B-NEO-086	NEO	73.38	70.63	-2.75	77.60	79.76	2.16	100	100	0	刘宇宁一周不直播，棚友集体受不了！想念到发疯	Liu Yining didn't stream for a week, and the fans missed her so much they went crazy!	刘宇宁一周不直播，粉丝集体受不了！想念到发疯	Liu Yining didn't stream for a week, and fans couldn't take it anymore! They missed her so much, they were going crazy!	Liu Yuning hasn’t streamed for a week, all his fans can’t stand it and miss him terribly.
B-PYA-001	PYA	82.28	93.92	11.64	74.64	75.89	1.26	0	100	100	xql日常太甜了，羡慕死了	"""XQL's daily life is too sweet, I'm jealous to death."""	小情侣日常太甜了，羡慕死了	The little couple's daily life is too sweet, I'm jealous to death.	this couple's daily life is too sweet, I'm so jealous
B-PYA-003	PYA	75.80	77.15	1.35	71.37	56.89	-14.48	0	0	0	xql之间的默契真的绝了	The tacit understanding between xql is really excellent.	小情侣之间的默契真的绝了	The默契 (mòqì) between young lovers is truly amazing.	the chemistry between this couple is insane
B-PYA-004	PYA	78.70	94.74	16.04	61.55	59.40	-2.15	0	100	100	全网最甜xql非他们莫属	The entire internet's sweetest XQL is not from anyone else but them.	全网最甜小情侣非他们莫属	The sweetest couple online, they are unparalleled.	the sweetest couple on the internet has to be them
B-PYA-005	PYA	90.96	96.16	5.20	74.46	81.05	6.59	0	0	0	看到别人去欧洲旅游的照片，xmsl	Seeing photos of others traveling to Europe, xmsl.	看到别人去欧洲旅游的照片，羡慕死了	I'm dying of envy seeing photos of others traveling in Europe.	Seeing photos of others traveling in Europe makes me so envious.
B-PYA-007	PYA	88.15	94.73	6.58	74.33	78.32	3.99	0	100	100	新剧gkd！等不及了	"""New drama gkd! Can't wait!"""	新剧搞快点！等不及了	Hurry up with the new drama! I can't wait anymore.	hurry up with the new drama! can't wait
B-PYA-009	PYA	87.87	91.91	4.04	67.30	74.05	6.75	0	0	0	xgg们推荐一下好用的手机呗	The XGGs recommend a good-quality smartphone.	小哥哥们推荐一下好用的手机呗	The little brothers recommend a good-quality smartphone, please.	boys recommend some good phones pls
B-PYA-010	PYA	83.59	97.83	14.24	74.05	84.26	10.22	0	0	0	这个xgg好帅，求联系方式	This xgg is so handsome, can you provide contact information?	这个小哥哥好帅，求联系方式	This young man is so handsome, can I have your contact details?	this guy is so handsome, asking for his contact
B-PYA-011	PYA	72.01	94.89	22.88	51.38	74.88	23.50	0	100	100	jrm帮我看看这个怎么选	"Can you help me pick this one? (Note: ""jrm"" seems like a name or abbreviation and is left as is in the translation.)"	家人们帮我看看这个怎么选	Family members, could you help me figure out how to choose this?	fam help me figure out which one to pick
B-PYA-012	PYA	98.32	93.09	-5.24	77.37	80.80	3.43	0	100	100	jrm今天发生了一件离谱的事	A bizarre thing happened today.	家人们今天发生了一件离谱的事	A bizarre incident occurred among our family members today.	fam something wild happened today
B-PYA-013	PYA	90.83	94.39	3.56	73.02	82.52	9.50	0	0	0	8u们觉得这配置怎么样	What do you think of this setup?	吧友们觉得这配置怎么样	What do fellow users think of this setup?	what do you tieba folks think of this setup?
B-PYA-014	PYA	82.50	83.33	0.83	61.13	80.91	19.78	0	0	0	王虹yyds！中国数学家终于拿到菲尔兹奖了	"""Wow! Chinese mathematician finally won the Fields Medal!"""	王虹永远的神！中国数学家终于拿到菲尔兹奖了	Wang Hong, the eternal god! China's mathematician finally won the Fields Medal.	Wang Hong is the GOAT! A Chinese mathematician finally won the Fields Medal
B-PYA-015	PYA	82.17	94.27	12.10	62.33	74.70	12.36	0	100	100	这条rs怎么还没上	Why isn't this RS up yet?	这条热搜怎么还没上	Why isn't this trending topic showing up yet?	why isn't this trending yet
B-PYA-016	PYA	70.61	71.47	0.85	61.36	67.65	6.29	0	0	0	xswl，陈哲远在密逃里也太搞笑了吧	"XSWL, Chen Zheyuan is just too funny in Mi Song (or ""Secret Escape"")."	笑死我了，陈哲远在密逃里也太搞笑了吧	"""I almost died from laughing. Chen Zefan is too funny in 'Mi Sun' (or 'Secret Escape')."""	Lmao, Chen Zheyuan is just too funny in Great Escape
B-PYA-017	PYA	88.46	96.92	8.46	78.49	81.69	3.19	0	100	100	14个月正是穿lulu的时候	14 months is just the right time to wear lulu.	14个月正是穿Lululemon的时候	14 months is just the right time to wear Lululemon.	14 months is prime Lululemon season
B-PYA-018	PYA	79.15	83.98	4.83	74.14	64.94	-9.20	0	0	0	dd，中国女排3比2逆转美国太牛了	"""DD, China's women's volleyball team reversing the match 3-2 against the USA is too amazing!"""	顶顶，中国女排3比2逆转美国太牛了	Top top, the Chinese women's volleyball team's 3-2 comeback against the United States is too crazy!	Bump, China women's volleyball 3-2 comeback against USA is amazing
B-PYA-019	PYA	92.95	96.96	4.01	77.54	78.46	0.93	0	0	0	rt，大家帮我看看这手机值不值	"""Everyone, please help me figure out if this phone is worth it."""	如图，大家帮我看看这手机值不值	As shown in the picture, could everyone help me see if this phone is worth it?	see pic help me check if this phone is worth it
B-PYA-020	PYA	86.04	87.14	1.09	81.15	83.83	2.68	0	100	100	jrs怎么看腾讯这个泄密处理？	How does JRS view Tencent's handling of the leak?	家人们怎么看腾讯这个泄密处理？	How do family members view Tencent's handling of the leak?	Fam, what do you think of Tencent's leak handling?
B-PYA-021	PYA	49.96	81.27	31.31	64.78	72.43	7.65	0	0	0	srds，赛里木湖打人这事不能就这么算了	The SRDS (Social Responsibility Disclosure System) incident at Lake Sirim, where people were beaten, cannot be just dismissed like this.	虽然但是，赛里木湖打人这事不能就这么算了	Although, the incident of beating at Lake Saimen cannot be simply dismissed.	Be that as it may, the Sarim Lake beating incident can't just be let go like this
B-PYA-022	PYA	87.50	86.75	-0.75	54.39	78.39	24.00	0	0	0	白色真是yyds	White is truly amazing.	白色真是永远的神	White is truly eternal divinity.	white is truly the GOAT
B-PYA-023	PYA	55.50	90.09	34.59	48.65	73.42	24.77	0	0	0	u1s1，317万年终奖确实让人眼红	"""U1s1, 3.17 million annual bonus does make others jealous.""

Note: ""U1s1"" seems to be a typo or abbreviation that I've left as is. If it has a specific meaning, please provide additional context."	有一说一，317万年终奖确实让人眼红	One might say, a 3.17 million yuan bonus does make one envious.	To be honest, a 3.17 million year-end bonus does make people envious
B-PYA-024	PYA	92.04	93.74	1.71	76.82	77.55	0.74	0	100	100	XHS上好多人在讨论	Many people are discussing on XHS.	小红书上好多人在讨论	Many people are discussing on Xiaohongshu.	so many people talking about it on Xiaohongshu
B-PYA-025	PYA	81.46	90.97	9.50	49.20	77.20	28.00	0	0	0	显卡涨价这消息直接让我blx了	The GPU price hike news directly made me BLX (an expression of surprise or shock in Chinese internet slang).	显卡涨价这消息直接让我玻璃心了	The news of GPU price increases directly shattered my hopes.	The GPU price hike news really triggered my fragile heart
B-PYA-026	PYA	50.10	24.10	-26.01	36.87	28.20	-8.67	0	0	0	好好好 好一个kpop拉子(bushi)	"""Good good good, what a K-pop fan (but not in a good way)."" 

Note: The term ""拉子 (bushi)"" is a colloquial and somewhat derogatory term in Chinese, similar to ""fanboy/fangirl"" in English, but with a negative connotation, implying excessive or obsessive fandom."	好好好 好一个kpop拉子(不是)	"""Good good good, what a K-pop fan (not).""

Note: The original sentence seems to contain slang or colloquial language, and the translation reflects a literal interpretation while attempting to convey the intended meaning. The phrase ""好好好"" (hǎo hǎo hǎo) means ""good good good,"" and ""好一个kpop拉子"" (hǎo yīgè k-pop lā zǐ) can be loosely translated as ""what a K-pop fan,"" with ""拉子"" (lā zǐ) being a colloquial term for a fan. The final part ""(不是)"" (bú shì) means ""not."""	ok ok ok what a kpop lesbian (not)
B-PYA-027	PYA	85.98	86.25	0.27	72.52	79.30	6.79	0	0	0	某些景区管理真是yygq，表面道歉背后照样	Some scenic area management is truly appalling; they apologize on the surface but act differently behind the scenes.	某些景区管理真是阴阳怪气，表面道歉背后照样	Some scenic area management is indeed two-faced; they apologize on the surface but act differently behind the scenes.	Some scenic area management is really passive-aggressive, apologizing on the surface but same behind the scenes
B-PYA-028	PYA	73.56	74.84	1.28	68.43	68.69	0.26	0	0	0	nb！这个操作太秀了	**NB! This operation is too cool!**	牛逼！这个操作太秀了	"""Wow! This operation is too cool!"""	Sick move! Absolute W
B-PYA-029	PYA	77.07	63.18	-13.88	57.42	68.12	10.69	0	100	100	50亿离婚案的瓜我吃了，dbq我不站队	"""I've eaten the apple of 5 billion divorce cases, I'm not taking sides (in this debate)."""	50亿离婚案的瓜我吃了，对不起我不站队	"""I've eaten my share of the 50 billion divorce cases, sorry, I won't take sides."""	I’ve followed the 5-billion divorce drama, sorry, I’m not taking sides.
B-PYA-030	PYA	82.43	87.10	4.67	69.50	70.81	1.31	0	0	0	这就是尊贵的b站用户🤣🤣🤣	This is the honorable b station user 🤣🤣🤣	这就是尊贵的B站用户🤣🤣🤣	This is the noble B station user 🤣🤣🤣	this is what being a distinguished Bilibili user looks like 🤣🤣🤣
B-PYA-031	PYA	75.37	85.67	10.29	49.39	59.27	9.88	0	0	0	王虹从垫底到菲尔兹奖，这波直接nb	From the bottom to the Fields Medal, this is a direct hit.	王虹从垫底到菲尔兹奖，这波直接牛逼	From the bottom to the Fields Medal, this is straight-up insane.	Wang Hong from bottom to Fields Medal, this move is just insane
B-PYA-032	PYA	88.42	89.09	0.67	69.94	74.97	5.04	0	0	0	xjj们推荐一下好用的手机呗	"""XJJ recommends some good smartphones."""	小姐姐们推荐一下好用的手机呗	The sisters recommend a good-quality smartphone, please.	girls recommend some good phones pls
B-PYA-033	PYA	86.38	78.36	-8.02	65.40	68.41	3.01	0	0	0	bl粉丝太能控评了	The fans' control over reviews is too tight.	白鹿粉丝太能控评了	White Deer fans are too good at controlling reviews.	Bai Lu fans are too good at controlling the comments
B-PYA-034	PYA	82.55	71.42	-11.13	73.45	74.28	0.83	0	0	0	会聊天的男生真的yyds	A boy who can chat is truly amazing.	会聊天的男生真的永远的神	The boy who can chat is truly forever amazing.	guys who can flirt are truly the GOAT
B-PYA-035	PYA	90.84	89.43	-1.41	74.83	80.15	5.32	0	0	0	哈哈哈哈哈哈哈笑死，我们00真的老kpop人了	Hahahahahaha, we're truly old school K-pop fans.	哈哈哈哈哈哈哈笑死，我们2000年后出生的人真的老kpop人了	Hahahahahaha, we who were born after 2000 are truly old K-pop fans.	lmaooo us Gen Z are such veteran kpop fans
B-PYA-036	PYA	74.90	78.33	3.42	72.95	77.56	4.60	0	0	0	减脂党狂喜！番茄鸡蛋燕麦粥yyds	Fat-loss enthusiasts, rejoice! Tomato, egg, and oatmeal porridge (yyds)	减脂党狂喜！番茄鸡蛋燕麦粥永远的神	Fat-loss enthusiasts, rejoice! Tomato egg oatmeal porridge is forever a classic!	diet crew rejoice! tomato egg oatmeal is the GOAT
B-PYA-037	PYA	88.57	95.90	7.33	78.26	78.70	0.44	0	100	100	jrs帮我看看这鱼竿行不行	Can JRS take a look at this fishing rod and see if it's any good?	家人们帮我看看这鱼竿行不行	My family members helped me check if this fishing rod is any good.	fam help me check if this fishing rod is any good
B-PYA-038	PYA	41.35	61.78	20.43	41.17	66.45	25.28	0	0	0	一个会调情的男生真的YYDS	"A flirtatious boy really YYDS.

Note: ""YYDS"" seems to be an acronym or slang term that wasn't provided a direct translation for, as its meaning isn't widely recognized. If it has a specific context, please provide that for a more accurate translation."	一个会调情的男生真的永远的神	A charming boy who is truly forever amazing.	a guy who knows how to flirt is truly the GOAT
B-PYA-039	PYA	92.72	100.00	7.28	72.78	82.93	10.15	0	100	100	bdjw这个怎么用	How do you use bdjw?	不懂就问这个怎么用	"""If you don't understand, ask how to use this."""	asking cuz idk how do I use this
B-PYA-040	PYA	75.25	77.75	2.51	66.50	75.24	8.74	0	100	100	蓝盈莹第一场戏好像就是撞棺紫砂	Lan Yingying's first scene seems to be about hitting a purple sand coffin.	蓝盈莹第一场戏好像就是撞棺自杀	Lan Yingying's first role seems to be a suicide by hitting a coffin.	Lan Yingying's first scene was literally suicide by coffin smash
B-PYA-041	PYA	79.07	80.53	1.46	79.19	80.06	0.87	0	0	0	泰奶+Gelato yyds！！！	Thai milk + Gelato YUM!!!!!	泰奶+Gelato 永远的神！！！	"""Thai milk + Gelato, forever god!!!"""	Thai milk tea + Gelato is the GOAT!!!
B-PYA-042	PYA	68.06	87.11	19.05	45.52	62.08	16.56	0	0	0	yygq什么呢，有话直说不行吗	"""Yygq shénme ne, yǒu huà zhí shuō bù kě ma?""

Translation: ""What's the problem? Can't you say what's on your mind directly?"""	阴阳怪气什么呢，有话直说不行吗	"""Why the mysterious and dual-natured attitude? Can't you just say what's on your mind?"""	what are you being passive-aggressive about just say it straight
B-PYA-043	PYA	57.51	78.50	20.99	47.18	73.71	26.53	0	0	0	zqsg追星好累	"""zqsg追星好累"" translates to ""It's so tiring to stalk celebrities (online)."""	真情实感追星好累	"""True and heartfelt stargazing is so tiring."""	chasing idols with genuine feelings is exhausting
B-PYA-044	PYA	68.92	68.89	-0.03	78.44	71.98	-6.46	0	0	0	u1s1，这个视频做得真好	"""U1S1, this video is really well-made."""	有一说一，这个视频做得真好	"""One thing to say, this video is really well-made."""	Fr, this video slaps
B-PYA-045	PYA	59.61	52.28	-7.32	60.07	59.52	-0.54	0	0	0	别再吃麻辣烫！干拌麻辣拌才是yyds	Don't eat spicy hot pot anymore! Dry spicy mix is the way to go.	别再吃麻辣烫！干拌麻辣拌才是永远的神	Don't eat spicy hot pot anymore! Dry-mixed spicy mix is the eternal god.	stop eating malatang! dry-mixed mala ban is the GOAT
B-PYA-046	PYA	95.26	71.84	-23.42	53.35	74.88	21.53	100	0	-100	这吧里xfxy的，天天吵架	It's chaotic here, they argue every day.	这吧里血风血雨的，天天吵架	It's a blood-soaked and rain-drenched place, with constant bickering every day.	this forum is so chaotic fighting every day smh
B-PYA-047	PYA	59.12	70.38	11.26	62.26	78.91	16.65	0	100	100	srds他还是很有实力的	He is still quite powerful.	虽然但是他还是很有实力的	Although, he is still quite powerful.	sthough he still got bars
B-PYA-048	PYA	83.53	74.79	-8.74	55.47	77.90	22.43	0	0	0	xswl 这都能洗？	Can this be washed?	笑死我了 这都能洗？	"""This is making me laugh to death, can it be washed?"""	lmao you can defend even this?
B-PYA-049	PYA	95.43	100.00	4.57	67.76	84.49	16.74	0	0	0	rwkk这到底是什么鱼	What is this fish exactly?	让我看看这到底是什么鱼	Let me see what kind of fish this is.	lemme see what fish is this
B-PYA-050	PYA	90.16	81.94	-8.22	71.27	51.41	-19.86	0	0	0	dd我一下	Give me a moment.	滴滴我一下	Give me a drop	hit me up
B-PYA-051	PYA	92.68	93.85	1.17	80.58	48.54	-32.04	0	0	0	tcl，我真的太菜了	"""tcl, I'm really bad at this."""	太菜了，我真的太菜了	"""I'm really not good at this, I'm too bad."""	I'm way too noob
B-PYA-052	PYA	43.35	68.66	25.31	42.60	60.49	17.90	0	0	0	夏天就好这一口！！天妇罗冰锅yyds！！	"""Summer is just what I'm looking for!! Tempura ice cream yyds!!"".

Note: ""yyds"" seems to be an exclamation or a typo and doesn't have a direct translation. It's left as is in the translated sentence."	夏天就好这一口！！天妇罗冰锅永远的神！！	"""Summer is perfect for this!!! Tempura ice cream is forever a god!!!"""	summer vibes!! tempura ice pot is the GOAT!!
B-PYA-053	PYA	70.82	68.35	-2.47	59.80	67.10	7.30	0	0	0	xswl这弱智吧的帖子太搞笑了	"""This post by xswl is so hilarious, it's absurd."""	笑死我了这弱智吧的帖子太搞笑了	"""This post is too funny, laughing to death at this weak-minded person."""	lmao the posts in this dumbass forum are too funny
B-PYA-054	PYA	39.32	33.85	-5.47	33.61	45.62	12.01	0	0	0	马到成功yyds	"""马到成功"" translates to ""Success is within reach"" in English, while ""yyds"" appears to be a typo or an additional term not related to the original Chinese phrase. If ""yyds"" is meant to be part of the translation, its meaning is unclear without additional context. For the accurate translation, it should be omitted."	马到成功永远的神	"""Horse brings success forever's god""

Note: This translation maintains the poetic and metaphorical nature of the original Chinese phrase, which doesn't have a direct literal translation. The phrase combines the symbolism of a horse (often associated with strength, speed, and fortune) with the concept of ""forever's god"" (implying a powerful and enduring success)."	May you succeed effortlessly, it’s top tier!
B-PYA-055	PYA	65.57	78.99	13.42	32.54	41.24	8.70	0	100	100	这操作nb啊，大佬带带我	This operation is deep, sir, guide me.	这操作牛逼啊，大佬带带我	This operation is sick, bro, can you guide me?	this play is sick bro carry me
B-PYA-056	PYA	80.21	77.47	-2.75	51.22	69.99	18.78	0	0	0	这个cp太好磕了	This CP is too good to miss.	这个配对太好磕了	This pairing is too good to pass up.	this ship is too good fr fr
B-PYA-057	PYA	77.30	60.80	-16.50	64.85	49.30	-15.55	100	0	-100	这俩离不开浓妆美颜强凹ABC	These two cannot be separated from heavy makeup and facial contouring ABC.	这俩离不开浓妆美颜强凹American Born Chinese	These two cannot be separated from heavy makeup and beauty enhancement, strong-chinned American-born Chinese.	these two can't go without heavy makeup + filters trying to act all ABC
B-PYA-058	PYA	82.73	33.68	-49.05	59.90	33.90	-25.99	0	0	0	kdl，这对CP太甜了	KDL, this is too sweet for CP.	磕到了，这对CP太甜了	"""Kuao (stumbled) and it's too sweet for CP.""

Note: ""CP"" in this context is likely an abbreviation for a specific relationship or context, but without additional information, it's best to keep it as is."	I'm shipping it this CP is too sweet
B-PYA-059	PYA	70.83	71.03	0.20	54.53	65.23	10.70	0	0	0	山航yyds	"The translation of 山航yyds into English is: ""Shanhang Airlines (yyds)""."	山航永远的神	"""Shanhang's eternal god"""	Shandong Airlines is the GOAT
B-PYA-060	PYA	79.52	73.08	-6.44	59.24	57.12	-2.12	0	0	0	cpf又在磕了	CPF is at it again.	CP粉又在磕了	The CP powder is at it again.	shippers shipping again
B-PYA-061	PYA	67.93	61.71	-6.22	54.04	57.54	3.50	0	0	0	dddd，支持UP主！	Support the UP main!	顶顶顶顶，支持UP主！	Top top top top, support the UP main!	bump bump bump bump support the creator!
B-PYA-062	PYA	85.62	69.61	-16.01	76.82	73.96	-2.85	0	0	0	xswl打印机都沦没墨了	All the XSWL printers are out of ink.	笑死我了打印机都沦没墨了	"""It made me laugh to death; the printer is even out of ink."""	lmao even the printer ran out of ink
B-PYA-063	PYA	55.78	88.56	32.77	67.67	69.05	1.38	0	100	100	fs们太能打了	"""You guys are so good at fighting."""	粉丝们太能打了	The fans are too powerful.	fans are too cracked
B-PYA-064	PYA	93.89	91.97	-1.92	83.72	78.80	-4.92	0	0	0	ssfd，这个太恐怖了	SSFD, this is too terrifying.	瑟瑟发抖，这个太恐怖了	Shivering and trembling, this is too terrifying.	shook this is too scary
B-PYA-065	PYA	64.30	74.72	10.43	49.29	69.49	20.19	0	100	100	bt，时常因为不够bt而觉得跟这个世界格格不入	"But, often feel out of place in the world due to not being ""enough"" (in terms of being ""bt"")."	变态，时常因为不够变态而觉得跟这个世界格格不入	"""Pervert, often feeling out of place in this world because it's not perverse enough."""	pervert always feeling out of place cuz I'm not weird enough lol
B-PYA-066	PYA	87.95	87.20	-0.74	84.07	75.28	-8.79	0	0	0	这图谁发明的，xswl	Who invented this diagram, xswl?	这图谁发明的，笑死我了	Whoever invented this chart, I'm laughing to myself.	who invented this image lmao
B-PYA-067	PYA	73.29	63.97	-9.32	46.61	46.84	0.23	0	0	0	tcl这游戏技术，菜到抠脚	"""This game tech, so basic it hurts."""	太菜了这游戏技术，菜到抠脚	The game's technology is too basic, so basic it's painful.	too noob this game skill noob to the extreme
B-PYA-068	PYA	72.39	89.74	17.35	56.54	76.18	19.64	0	0	0	zqsg追了这么多年，终于更新了	After chasing for so many years, it finally updated.	真情实感追了这么多年，终于更新了	After years of sincere pursuit, it has finally been updated.	been following with real feelings for years finally an update
B-PYA-069	PYA	64.78	53.01	-11.77	73.34	69.49	-3.85	0	0	0	Xswl就说有没有美味大餐吧哈哈哈哈哈哈哈	"""Xswl, are there any delicious meals? Haha haha haha haha."""	笑死我了就说有没有美味大餐吧哈哈哈哈哈哈哈	"""If it makes you laugh to death, let's talk about whether there's a delicious feast, hahaha, hahaha, hahaha!"""	lmao just tell me if there's a feast hahahahaha
B-PYA-070	PYA	96.37	77.24	-19.13	81.99	77.60	-4.39	100	100	0	nsdd，你说得对	"""NSDD, you are right."""	你说得对，你说得对	You're right, you're right.	nsdd you're right
B-PYA-071	PYA	62.96	25.64	-37.31	53.89	75.47	21.58	0	0	0	xswl一人血书求这个短剧拍真人版	"""One person's blood letter seeks to have this short play adapted into a live-action version."""	笑死我了一人血书求这个短剧拍真人版	"""It made me laugh to the point of tears: a blood-written plea for this short play to be adapted into a live-action version."""	lmao starting a one-person petition for a live-action version
B-PYA-072	PYA	94.87	97.24	2.37	79.77	85.29	5.52	100	100	0	szd，这个是真的	SZD, this is true.	是真的，这个是真的	It is true, this is true.	it's legit this is the real deal
B-PYA-073	PYA	75.98	67.00	-8.98	72.75	56.25	-16.50	0	0	0	pyq，朋友圈见	"""pyq, see you in the friend circle."""	朋友圈，朋友圈见	"""朋友圈, 朋友圈见"" translates to ""Friend circle, see you in the friend circle"" in English."	see you in Moments
B-PYA-074	PYA	84.11	84.80	0.68	63.07	68.17	5.11	0	0	0	这个耳朵前后的颜色变化xswl	The color change from front to back of this ear	这个耳朵前后的颜色变化笑死我了	The color change from front to back of this ear has me in stitches.	the color change before and after this ear lmao
B-PYA-075	PYA	94.50	99.98	5.49	84.58	87.10	2.52	100	100	0	dbq，对不起我错了	DBQ, I'm sorry, I was wrong.	对不起，对不起我错了	I'm sorry, I was wrong.	sry sorry I was wrong
B-PYA-076	PYA	95.93	34.62	-61.32	65.62	45.48	-20.14	0	0	0	xswl皇帝的新衣	The Emperor's New Clothes	笑死我了皇帝的新衣	"""It made me laugh to death"" or more literally, ""Laughed me to death, the emperor's new clothes.""

This is a play on words referencing the famous fairy tale ""The Emperor's New Clothes"" where people laugh at the emperor's belief that his new clothes are magnificent when in reality they are not."	lmao emperor's new clothes
B-PYA-077	PYA	24.17	79.93	55.76	38.51	81.26	42.75	0	0	0	哈哈哈哈哈xswl	"Hahahahahah xswl (Note: The translation is literal and may not make sense in English as ""xswl"" seems to be non-English text or a typo.) 

A more likely interpretation, assuming it's a humorous or light-hearted context, could be: ""Hahaha, that's hilarious!"""	哈哈哈哈哈笑死我了	Hahahahaha, it's killing me!	hahahahaha lmao
B-PYA-078	PYA	69.32	87.43	18.11	57.27	74.25	16.98	0	0	0	真的栓Q了家人们	It's really blocked the family.	真的受够了家人们	I'm truly tired of the family.	I've really had enough, guys.
B-PYA-079	PYA	72.10	70.48	-1.62	57.29	50.48	-6.81	0	0	0	8u🚪什么意思	"""8u🚪什么意思"" translates to ""What does 8u🚪 mean?"" in English."	吧友们什么意思	"What do ""吧友们"" mean? (In this context, ""吧友们"" refers to ""bar friends"" or ""members of an online forum/chat room."")"	tieba bros what does this mean
B-PYA-080	PYA	73.66	75.22	1.56	59.98	54.17	-5.81	0	0	0	什么成分？xdm锐评。	What components? XDM Sharp Review.	什么成分？兄弟们锐评。	What components? Brothers, sharp review.	what's their deal? bros rate.
B-PYA-081	PYA	34.97	86.91	51.94	31.84	45.38	13.54	0	100	100	氪金也能让各家fs满意	"""Rubies can also satisfy each house.""

Note: ""氪金"" (rújīn) is a term often used in gaming contexts, referring to a premium in-game currency, and ""各家fs"" (gè jiā fūs) is likely a shorthand for ""each house's followers"" or ""each faction's satisfaction."""	氪金也能让各家粉丝满意	"""Rubies can also satisfy fans of each camp."""	spending money can also satisfy every camp's fans
B-PYA-082	PYA	68.90	71.34	2.44	62.17	65.81	3.64	0	0	0	咱姐硬生生从良子嘴里抠出3w多粉丝	Our older sister managed to extract over 30,000 fans from Kozu's mouth.	咱姐硬生生从良子嘴里抠出3万多粉丝	Our sister managed to extract over 30,000 followers from Kozu's mouth.	Our sis somehow pulled more than thirty thousand followers out of Liangzi.
B-PYA-083	PYA	61.18	72.20	11.03	69.25	70.71	1.46	0	0	0	她俩要是有cpf这都能当谈过的证据了	If they had a CPF (Brazilian tax registration number), this would be evidence that they had discussed it.	她俩要是有CP粉这都能当谈过的证据了	If they had CP powder, this would be evidence they could discuss.	if they had shippers this could count as dating proof
B-PYA-084	PYA	36.12	88.79	52.67	42.71	64.83	22.12	0	0	0	塔图姆NB	"Tatum NB (Note: ""NB"" typically stands for ""New Brunswick,"" a province in Canada, but without context, it's best to keep it as is.)"	塔图姆牛逼	"""塔图姆牛逼"" translates to ""Tatum is a badass"" in English."	Tatum is insane.
B-PYA-085	PYA	93.12	91.74	-1.38	72.74	75.53	2.79	0	0	0	想吃肉质Q弹的就买散养老公鸡	For those who want meat that's tender and juicy, buy free-range roosters.	想吃肉质紧实弹牙的就买散养老公鸡	For those who want meat that is firm, tender, and juicy, buy free-range roosters.	if you want bouncy meat buy free-range rooster
B-PYA-086	PYA	79.50	43.94	-35.55	58.88	41.44	-17.45	0	0	0	yysy，两边都看完了	"""yysy，两边都看完了"" translates to ""Yes, I have looked at both sides."""	有一说一，两边都看完了	"""One says one, both sides are watched through.""

Note: The sentence seems a bit metaphorical or idiomatic in Chinese, and the translation attempts to convey the essence while making sense in English. A more literal translation could be ""There's one side of the story, and both perspectives have been considered."""	To be honest, I watched both sides
B-MIX-001	MIX	95.97	90.93	-5.04	80.80	80.33	-0.48	100	0	-100	这首歌的hook太洗脑了，循环一天	The hook of this song is so addictive, it loops in my head all day.	这首歌的记忆点太洗脑了，循环一天	The memorable points of this song are so addictive, it loops around in my head all day.	this song's hook is so catchy, been looping all day
B-MIX-002	MIX	95.31	95.32	0.02	74.60	78.28	3.68	100	0	-100	短视频前3秒就是hook，抓不住人就划走了	The first 3 seconds of a short video are the hook; if you don't grab the viewer's attention, they'll move on.	短视频前3秒就是吸引人的部分，抓不住人就划走了	The first 3 seconds of a short video are the most captivating, so if you don't grab the viewer's attention, they'll move on.	the first 3 seconds of a short video is the hook, lose them and they scroll away
B-MIX-003	MIX	98.87	99.72	0.85	80.40	84.30	3.90	100	100	0	新专辑终于drop了，等了好久	The new album has finally dropped, it's been a long wait.	新专辑终于发布了，等了好久	The new album has finally been released, it's been a long wait.	the new album finally dropped, been waiting forever
B-MIX-004	MIX	98.52	97.53	-0.99	76.54	82.98	6.44	100	100	0	这个品牌下周drop新款，必须抢	This brand will drop new products next week, so you must act fast.	这个品牌下周推出新款，必须抢	This brand is launching a new product next week, so you must get it.	this brand is dropping new styles next week, gotta grab them
B-MIX-005	MIX	90.11	77.26	-12.84	72.01	68.59	-3.42	100	0	-100	这波clutch操作直接翻盘，太牛了	This clutch operation directly turned the game around, too awesome!	这波关键时刻的操作直接翻盘，太牛了	This operation at a critical moment turned the tide directly, too awesome.	this clutch play turned the game around, insane
B-MIX-006	MIX	71.65	76.17	4.51	60.08	74.92	14.84	100	0	-100	决赛最后一分钟clutch绝杀	Clutch game-winning shot in the final minute.	决赛最后一分钟关键时刻绝杀	Last-minute, crucial kill in the final.	clutch buzzer-beater in the final minute of the finals
B-MIX-007	MIX	95.99	98.22	2.23	81.97	84.60	2.62	100	100	0	这游戏画质也就mid水平，玩法也一般	The game's graphics are at most mid-level, and the gameplay is generally average.	这游戏画质也就一般水平，玩法也一般	The game's graphics are at an average level, and the gameplay is also generally average.	this game's graphics are just mid, gameplay is average too
B-MIX-008	MIX	93.08	82.46	-10.62	70.65	82.70	12.05	100	0	-100	这套穿搭直接slay全场	This outfit slays the entire crowd.	这套穿搭直接秒杀全场	This outfit instantly stole the show.	this outfit slays the whole room
B-MIX-009	MIX	81.56	93.66	12.10	53.94	72.94	19.00	0	100	100	王虹这波演讲直接slay	The speech by Wang Hong completely slays it.	王虹这波演讲直接秒杀全场	Wang Hong's speech directly killed the entire audience.	Wang Hong's speech just slayed
B-MIX-010	MIX	97.51	91.70	-5.81	86.29	84.57	-1.72	100	100	0	上班就是当NPC，每天重复同样的台词	Working is like being an NPC, repeating the same lines every day.	上班就是当非玩家角色，每天重复同样的台词	Working is like playing a non-player character, repeating the same lines every day.	going to work is being an NPC, repeating the same lines every day
B-MIX-011	MIX	96.56	91.97	-4.59	84.89	79.86	-5.03	100	0	-100	别当NPC了，做自己生活的主角	Stop playing the NPC, be the main character in your own life.	别当非玩家角色了，做自己生活的主角	Don't play the non-player character, be the main character in your own life.	stop being an NPC, be the main character of your own life
B-MIX-012	MIX	74.07	96.24	22.17	57.98	74.03	16.05	0	100	100	i人沦为e人玩具，太真实了	To be reduced to a toy for others is too real.	内向者沦为外向者玩具，太真实了	It's too real that introverts become extroverts' playthings.	introverts becoming playthings for extroverts, too real
B-MIX-013	MIX	92.95	92.15	-0.79	81.04	74.86	-6.17	0	100	100	e人累了一周还要爬起来继续嗨	Even after being tired for a week, people still get up to keep having fun.	外向的人累了一周还要爬起来继续嗨	Extroverted people, even after a tiring week, still have the energy to keep partying.	extroverts have been tired all week and still have to get up and keep partying
B-MIX-014	MIX	75.87	79.05	3.18	60.58	71.11	10.52	100	0	-100	刻在骨子里的秀粉DNA瞬间苏醒	The elegant DNA of the exquisite powder awakens instantly within the bones.	刻在骨子里的秀粉基因瞬间苏醒	The hidden beauty gene, deeply ingrained in one's bones, suddenly awakens.	the idol fan DNA embedded in my bones instantly awakened
B-MIX-015	MIX	99.91	94.95	-4.97	82.50	84.30	1.80	100	0	-100	POV：你是最后一个知道消息的人	POV: You are the last to know.	视角：你是最后一个知道消息的人	Perspective: You are the last to know the news.	POV: you're the last person to find out
B-MIX-016	MIX	99.21	97.77	-1.44	75.46	84.55	9.08	100	100	0	当地人真的好chill，十一点上班六点下班	The locals are really chill; they work from 11 AM to 6 PM.	当地人真的好悠闲放松，十一点上班六点下班	The locals are really laid-back, with work starting at 11 AM and ending at 6 PM.	the locals are so chill, starting work at 11 and off at 6
B-MIX-017	MIX	98.02	98.96	0.95	84.15	85.40	1.25	100	0	-100	这个视频太cringe了，看不下去	This video is too cringe-worthy, I can't watch it.	这个视频太尴尬了，看不下去	This video is too embarrassing to watch.	this video is too cringe, can't even watch
B-MIX-018	MIX	84.58	92.37	7.79	65.41	82.41	17.00	100	100	0	这个行为好sus，不对劲	This behavior is really suspicious, off.	这个行为好可疑，不对劲	This behavior is quite suspicious and off.	this behavior is so sus, something's off
B-MIX-019	MIX	90.91	91.39	0.47	64.66	84.34	19.68	100	0	-100	别flex了，谁不知道你有钱	Don't flex, everyone knows you're rich.	别炫耀了，谁不知道你有钱	Stop showing off, everyone knows you're rich.	stop flexing, everyone knows you're rich
B-MIX-020	MIX	99.48	99.10	-0.38	84.25	83.55	-0.70	100	100	0	这首歌被hype过头了，其实一般	This song has been hyped too much; it's actually quite average.	这首歌被炒作过头了，其实一般	This song has been overhyped; it's actually quite average.	this song got way too much hype, it's actually just average
B-MIX-021	MIX	98.61	96.18	-2.43	81.17	82.27	1.10	100	100	0	今天又偶遇crush了，太巧了	I ran into my crush again today, what a coincidence!	今天又偶遇暗恋对象了，太巧了	I ran into my secret crush again today, what a coincidence!	ran into my crush again today, what a coincidence
B-MIX-022	MIX	75.50	93.59	18.09	63.47	83.98	20.51	100	100	0	我ship的CP终于官宣了	"""Meiship's CP has finally been officially announced."""	我支持的情侣组合终于官宣了	The couple I supported have finally announced their relationship publicly.	the ship I've been rooting for finally went official
B-MIX-023	MIX	93.43	93.83	0.40	73.19	83.04	9.85	100	0	-100	作为stan我必须说偶像这次回归太棒了	"As a fan (or ""stan""), I must say that this idol's return is amazing."	作为狂热粉我必须说偶像这次回归太棒了	As a fan, I must say that my idol's return this time is fantastic.	as a stan I gotta say the idol's comeback is amazing
B-MIX-024	MIX	95.26	95.90	0.64	79.99	79.08	-0.91	100	100	0	期待偶像的comeback，新专辑什么时候发	Anticipating the idol's comeback, when will the new album be released?	期待偶像的回归，新专辑什么时候发	Anticipating the return of the idol, when will the new album be released?	looking forward to the idol's comeback, when's the new album dropping
B-MIX-025	MIX	92.61	92.71	0.11	76.00	78.58	2.58	100	0	-100	这也太离谱了吧我直接emo	This is just too much, right? I'm just going emo.	这也太离谱了吧我直接抑郁	This is just too much, I'm directly depressed.	this is so outrageous I'm literally emo rn
B-MIX-026	MIX	88.58	80.36	-8.22	79.92	78.88	-1.04	0	0	0	看到317万年终奖我直接emo了	Seeing a 3.17 million yuan year-end bonus made me directly emo.	看到317万年终奖我直接情绪低落了	Seeing a 3.17 million yuan year-end bonus directly brought me down in spirits.	Seeing the 3.17 million year-end bonus, I got all emo
B-MIX-027	MIX	79.13	85.49	6.36	59.18	73.77	14.59	0	0	0	掉san了，这个太恐怖了	"""It's fallen, this is too terrifying."""	掉san值了，这个太恐怖了	"""It's fallen below the san (standard) value, this is too terrifying."""	lost my sanity this is too scary bruh
B-MIX-028	MIX	77.09	77.85	0.76	69.14	67.83	-1.31	100	0	-100	王虹这波citywalk直接从北大走到菲尔兹奖	Wang Hong's latest city walk directly from北京大学 to the Fields Medal.	王虹这波城市漫步直接从北大走到菲尔兹奖	Wang Hong's urban stroll directly from北京大学 to the Fields Medal.	Wang Hong's citywalk took her all the way from Peking University to the Fields Medal
B-MIX-029	MIX	94.98	87.56	-7.42	66.46	71.94	5.48	100	0	-100	在上海街头随性citywalk	Casual city walking on the streets of Shanghai.	在上海街头随性城市漫步	Casually wandering through the city streets in Shanghai.	casual city walk on Shanghai streets
B-MIX-030	MIX	84.38	89.40	5.02	73.74	77.83	4.09	100	100	0	中国女排这vibe太强了，3比2逆转太燃	The Chinese women's volleyball team's vibe is too strong, coming back from 3-2 is too exciting.	中国女排这氛围太强了，3比2逆转太燃	The Chinese women's volleyball team's atmosphere is too intense, the 3-2 comeback is too exciting.	China women's volleyball's vibe is so strong, the 3-2 comeback is so inspiring
B-MIX-031	MIX	89.86	87.17	-2.69	69.71	77.56	7.85	100	0	-100	这番属于ACGN圈的经典之作了	This is a classic work within the ACGN (anime, comics, games, and novel) community.	这番属于动漫游文圈的经典之作了	This is a classic work within the anime and manga fandom.	this anime is a classic in the ACGN circle
B-MIX-032	MIX	92.13	91.69	-0.44	74.74	81.16	6.42	100	100	0	50亿离婚案这drama程度堪比韩剧	"""50 billion divorce cases—this drama level is comparable to Korean dramas."""	50亿离婚案这戏剧性程度堪比韩剧	"""50 billion divorce cases—the dramatic level is comparable to Korean dramas."""	The drama level of the 5 billion divorce case rivals a Korean drama
B-MIX-033	MIX	96.55	96.04	-0.51	68.80	78.01	9.20	100	0	-100	今日OOTD分享	Today's OOTD share	今日穿搭分享	Today's Outfit Share	today's OOTD drop
B-MIX-034	MIX	68.74	80.36	11.62	65.18	72.23	7.05	100	100	0	赛里木湖这波操作太low了，景区管理丢人	The Serik Lake operation is too low, and the scenic area management is embarrassing.	赛里木湖这波操作太低级了，景区管理丢人	The management of the Saiyim Lake scenic area is too low-level and embarrassing.	Sarim Lake's move this time is too low-class, scenic area management is embarrassing
B-MIX-035	MIX	100.00	96.99	-3.01	83.98	81.15	-2.83	100	0	-100	OMG这也太好看了	OMG, this is too pretty!	我的天这也太好看了	"""My goodness, this is too beautiful."""	OMG this looks so good
B-MIX-036	MIX	88.08	92.42	4.34	53.88	64.90	11.02	0	0	0	腾讯这波泄密事件直接social death了	"The Tencent data leak incident directly led to a ""social death."""	腾讯这波泄密事件直接社会性死亡了	The Tencent data leak incident directly caused social death.	Tencent's leak incident this time resulted in total social suicide
B-MIX-037	MIX	95.53	90.29	-5.24	83.04	79.76	-3.28	100	0	-100	这游戏全DLC都买了，花了好几百	I've bought all the DLC for this game, it costed me several hundred.	这游戏全可下载内容都买了，花了好几百	I've bought all the downloadable content for this game, spending several hundred.	bought all the DLC spent several hundred
B-MIX-038	MIX	90.18	94.85	4.67	63.94	79.22	15.28	0	0	0	显卡涨价涨成这样，简直是price离谱	With GPU prices rising this much, it's simply out of line with the price.	显卡涨价涨成这样，简直是价格离谱	The price increase of graphics cards has gotten to such an extent that it's simply absurd.	GPU prices going up this much, the price is just outrageous
B-MIX-039	MIX	99.12	93.58	-5.54	80.37	84.02	3.65	100	0	-100	这个GMV变高了	This GMV has increased.	这个商品交易总额变高了	The total volume of this trade has increased.	this GMV went up
B-MIX-040	MIX	93.63	92.12	-1.50	70.84	71.40	0.56	0	0	0	过度分享这件事真的太trigger了，边界感很重要	Oversharing this really triggers me, boundaries are important.	过度分享这件事真的太触发了，边界感很重要	Oversharing this really triggers me, boundaries are important.	Oversharing is really triggering. Boundaries matter.
B-MIX-041	MIX	95.46	96.09	0.63	79.22	76.25	-2.97	100	100	0	这个meme太火了	This meme is too viral.	这个梗太火了	This meme is too viral.	this meme is too fire lol
B-MIX-042	MIX	68.83	69.03	0.20	72.34	71.63	-0.71	100	100	0	陈哲远在密逃里的reaction太搞笑了	"Chen Zefen's reaction in ""Mi Shuo"" is too hilarious."	陈哲远在密逃里的反应太搞笑了	"Chen Zefen's reaction in ""Mi Shuo"" is too hilarious."	Chen Zheyuan's reaction in the escape room show is too funny
B-MIX-043	MIX	83.45	77.98	-5.46	71.12	78.59	7.47	100	0	-100	用来换做成AGI的概率	The probability of using it to become AGI (Artificial General Intelligence).	用来换做成通用人工智能的概率	The probability of being used to convert into general artificial intelligence.	probability of achieving AGI
B-MIX-044	MIX	89.15	87.86	-1.28	83.81	80.64	-3.18	100	0	-100	50亿离婚案这个level太高了，普通人理解不了	"""50 billion divorce cases are too high a level for ordinary people to understand."""	50亿离婚案这个级别太高了，普通人理解不了	A divorce case involving 5 billion is too high for ordinary people to comprehend.	The level of the 5 billion divorce case is too high, ordinary people can't understand
B-MIX-045	MIX	94.29	81.36	-12.94	80.85	66.30	-14.55	100	0	-100	cosplay得很好，很像	The cosplay is good and looks realistic.	角色扮演得很好，很像	"""He acts well and looks very much alike."""	cosplay done right looks so similar
B-MIX-046	MIX	97.27	96.42	-0.84	82.91	84.24	1.32	100	100	0	这个app一到发售就崩	This app crashes as soon as it is released.	这个应用一到发售就崩	This app crashed as soon as it was released.	this app crashes every launch
B-MIX-047	MIX	98.81	99.62	0.81	67.26	86.15	18.89	100	0	-100	这个角色太OP了	This character is too overpowered.	这个角色太强了	This character is too powerful.	this character is way too overpowered
B-MIX-048	MIX	84.95	85.25	0.31	77.17	77.56	0.39	100	100	0	lpl历史上有像清算48同样力度的清算吗？	Has there been a liquidation of similar magnitude to the one involving 48 in LPL's history?	LPL历史上有像清算48同样力度的清算吗？	Has there been a liquidation of similar magnitude to the one involving 48 in LPL history?	has there ever been a reckoning as hard as '48' in LPL history?
B-MIX-049	MIX	89.14	83.74	-5.39	84.03	71.50	-12.53	0	0	0	加个buff，变得更强	Add a buff, become stronger.	加个增益，变得更强	Gain added strength, becoming more powerful.	add a power-up get stronger ez
B-MIX-050	MIX	99.12	98.24	-0.88	84.85	84.56	-0.29	100	100	0	这个logo设计得好	This logo is well-designed.	这个品牌标识设计得好	This brand logo is well-designed.	this logo is well designed
B-MIX-051	MIX	61.23	88.89	27.66	44.35	79.58	35.23	100	0	-100	被nerf了，变弱了	"""被nerf了，变弱了"" translates to ""Has been nerfed, has become weaker"" in English."	被削弱了，变弱了	Weakened, diminished	got nerfed got weaker smh
B-MIX-052	MIX	97.02	97.37	0.35	82.73	83.69	0.96	0	0	0	我刚才去打apex了	I just went to play Apex.	我刚才去打Apex了	I just went to play Apex.	just went to play Apex
B-MIX-053	MIX	98.95	99.93	0.98	85.13	84.31	-0.83	100	100	0	GDP十强省份变了	The top 10 provinces by GDP have changed.	国内生产总值十强省份变了	The top 10 provinces by GDP have changed.	GDP top 10 provinces changed
B-MIX-054	MIX	78.36	87.12	8.75	55.10	84.38	29.28	100	0	-100	GG了，完了	"""GG了，完了"" translates to ""Game over, finished"" in English."	完了，完了	Done, done.	It's game over, we're done for.
B-MIX-055	MIX	66.99	62.98	-4.00	50.90	48.24	-2.66	0	0	0	就是在cp里吃瓜	"""Just eat the melon in the CP."""	就是在搭档组合里吃瓜	It's about eating the fruit in the partner combination.	just watching the drama in the ship
B-MIX-056	MIX	71.57	97.33	25.75	50.45	69.27	18.82	0	100	100	图样森破，你太天真了	"""You are too naive, forest of patterns broken."""	Too young too simple，你太天真了	Too young, too simple; you are too naive.	too young too simple you're too naive
B-MIX-057	MIX	99.28	98.87	-0.41	85.34	83.37	-1.97	100	0	-100	这个AI太厉害了	This AI is too powerful.	这个人工智能太厉害了	This artificial intelligence is too powerful.	this AI is way too OP fr
B-MIX-058	MIX	52.60	44.79	-7.81	29.50	36.37	6.87	100	100	0	carry全场，带飞	"""Carry全场，带飞"" translates to ""Carry the whole field, fly with it"" in English. 

Here's a breakdown:
-  carry全场 (cárrī quánchǎng) - carry the whole field
- 带飞 (dài fēi) - fly with it (metaphorically, implying success or excellence)"	带飞全场，带飞	"""Dái fēi quánchǎng, dái fēi"" translates to ""Carry the whole field, carry the audience"" in English."	carrying the whole squad what a carry
B-MIX-059	MIX	99.83	97.74	-2.09	83.02	82.75	-0.27	100	0	-100	她学的是泰语又不是IT	She studies Thai, not IT.	她学的是泰语又不是信息技术	She studies Thai, not information technology.	she studies Thai not IT
B-MIX-060	MIX	99.66	99.57	-0.09	80.92	78.25	-2.67	100	100	0	VIP通道真快	The VIP lane is so fast.	贵宾通道真快	The VIP lane is so fast.	VIP lane is so fast
B-MIX-061	MIX	50.94	71.12	20.18	36.98	71.15	34.17	100	0	-100	solo一下，单挑	"The translation of ""solo一下，单挑"" into English is: ""do a solo, go it alone.""

Here's a breakdown:
- solo一下 (sū duō yī shàng) = do a solo
- 单挑 (dān tiǎo) = go it alone, single-handedly"	单挑一下，单挑	Let's go one-on-one, let's duel.	solo it 1v1 me bro
B-MIX-062	MIX	98.69	100.00	1.31	80.68	84.46	3.78	0	100	100	这个PK谁赢了	Who won this PK?	这个对决谁赢了	Who won this duel?	who won this duel
B-MIX-063	MIX	76.03	71.48	-4.54	65.28	62.91	-2.37	100	100	0	因凡蒂诺和FIFA演都不演了，这是纯把梅西世界杯金球奖给抢劫了	Infantino and FIFA have both dropped out, it's as if they've simply stolen Messi's World Cup Golden Ball.	因凡蒂诺和国际足联演都不演了，这是纯把梅西世界杯金球奖给抢劫了	Infantino and FIFA have both dropped out, it's as if they've stolen Messi's World Cup Golden Ball.	Infantino and FIFA aren't even hiding it anymore straight up robbed Messi of the World Cup Golden Ball
B-MIX-064	MIX	96.63	96.84	0.20	84.67	85.12	0.45	100	100	0	做个SPA放松一下	Take a spa relaxation session.	做个水疗放松一下	Take a spa break to relax.	getting a spa to relax
B-MIX-065	MIX	87.07	90.93	3.85	83.08	56.21	-26.87	100	100	0	这个DJ太嗨了	This DJ is too awesome.	这个唱片骑师太嗨了	This DJ is too hype.	this DJ is too lit
B-MIX-066	MIX	75.65	90.08	14.43	66.50	67.34	0.84	0	0	0	Rush E 朗朗PK街头钢琴家	Rush E, the vibrant street pianist.	Rush E 朗朗对决街头钢琴家	Rush E faces off against street pianists.	Rush E Lang Lang versus street pianist
B-MIX-067	MIX	79.96	76.08	-3.88	73.04	77.61	4.56	100	100	0	这动漫OP太好听了，循环播放	This anime opening (OP) is too good, I keep looping it.	这动漫片头曲太好听了，循环播放	This anime opening theme is so good, I keep looping it.	this anime opening slaps on loop
B-MIX-068	MIX	97.44	96.77	-0.67	83.82	83.91	0.09	100	0	-100	买个iPad记笔记	Buy an iPad to take notes.	买个平板电脑记笔记	Buy a tablet computer to take notes.	getting an iPad for notes
B-MIX-069	MIX	60.52	82.58	22.06	67.61	67.29	-0.32	0	100	100	抖音的bgm怎么突然变得那么难听了到处都是想问问你敢不敢还有那天我经过一片花园	"Why did the BGM in Douyin (TikTok) suddenly become so unpleasant? Everywhere I look, I want to ask, ""Are you brave enough?"" And on that day, I passed through a garden."	抖音的背景音乐怎么突然变得那么难听了到处都是想问问你敢不敢还有那天我经过一片花园	Why has the background music on Douyin suddenly become so unpleasant? I want to ask you, do you dare? And that day, I passed through a garden.	why has Douyin's background music gotten so bad everywhere it's either 'I Want to Ask If You Dare' or 'That Day I Passed a Garden'
B-MIX-070	MIX	97.82	97.86	0.04	82.83	80.44	-2.40	0	0	0	这个PPT做得好	This PPT is well-done.	这个演示文稿做得好	This presentation is well-done.	this PowerPoint is well made
B-MIX-071	MIX	63.05	61.17	-1.87	53.53	56.00	2.47	0	0	0	法法这期ooc了吧	"""This issue of Fa Fa is out of the ordinary, isn't it?"""	法法这期脱离扮演角色了吧	"This sentence, ""法法这期脱离扮演角色了吧"" translates to:

""Has Fa Fa in this issue broken free from playing a role?"""	Fafa was so out of character this episode bruh
B-MIX-072	MIX	31.73	90.87	59.14	38.32	72.56	34.24	100	0	-100	3.5h通关	"""3.5 hours to clear/pass."" 

Note: The phrase ""通关"" (tōngguān) typically means ""to clear customs"" or ""to pass through customs"" in English, often used in the context of travel."	3.5小时通关	3.5-hour clearance	beat the game in 3.5 hours
B-MIX-073	MIX	70.95	83.57	12.62	56.79	46.34	-10.45	0	0	0	这个ins风好看	This ins wind looks good.	这个网红风好看	This net red (influencer) style is beautiful.	this Instagram aesthetic looks good
B-MIX-074	MIX	80.21	92.01	11.80	58.66	81.80	23.14	0	0	0	我的文化水平belike	My cultural level is like.	我的文化水平就像这样	My cultural level is like this.	my education level be like lmao
B-MIX-075	MIX	60.17	98.74	38.57	37.87	81.17	43.30	100	100	0	来杯matcha	"Here is the translation: ""A cup of matcha""

Note: ""来杯"" (kairi) is a casual expression meaning ""a cup of"" in Japanese, and ""matcha"" (matcha) refers to the powdered green tea."	来杯抹茶	A cup of matcha.	a cup of matcha
B-MIX-076	MIX	99.21	99.28	0.07	81.47	84.18	2.71	0	0	0	店员花一秒钟get到你的意思了	The store clerk understood your meaning in a second.	店员花一秒钟理解到你的意思了	The store clerk understood your meaning in a second.	the clerk took one second to get your meaning
B-MIX-077	MIX	99.06	97.85	-1.21	82.44	69.32	-13.12	100	100	0	这个vlog拍得好	This vlog is well-shot.	这个视频博客拍得好	This vlog is well-shot.	this vlog is well shot
B-MIX-078	MIX	88.54	92.94	4.40	61.11	70.71	9.60	0	100	100	学习上problem不能发作	Academic problems cannot manifest.	学习上问题不能发作	Learning-related issues cannot manifest.	can't let the issue flare up during studying
B-MIX-079	MIX	84.84	93.15	8.31	73.99	79.96	5.96	0	0	0	好久没有笑的这么开心了，必须收藏起来emo了再看	It's been a long time since I've laughed so happily, I need to save this emo moment to rewatch later.	好久没有笑的这么开心了，必须收藏起来抑郁了再看	It's been a long time since I've laughed so happily; I need to save this for when I'm depressed and watch it again.	haven't laughed this hard in ages saving it to watch when I'm feeling down fr
B-MIX-080	MIX	85.50	89.04	3.54	74.53	73.29	-1.24	100	100	0	cult导演后悔道剧组没有你	The cult director regretted that the drama group lacked you.	邪典导演后悔道剧组没有你	The cult director regretted that the drama team lacked you.	cult director regrets not having you on set
B-MIX-081	MIX	59.66	55.57	-4.09	60.78	71.13	10.35	0	0	0	从技术舞美上讲是挺牛，但从意识上讲buff快叠满了	It's quite impressive from a technical and aesthetic perspective, but from a conscious point of view, the buffs are stacking up fast.	从技术舞美上讲是挺牛，但从意识上讲增益快叠满了	It's quite impressive from a technical and aesthetic perspective, but from a conscious standpoint, the benefits pile up quickly.	technically the stage design is pretty sick but ideologically the power-ups are almost fully stacked
B-MIX-082	MIX	82.04	63.53	-18.50	73.01	78.38	5.37	100	100	0	上了初中就开始恶化了，甚至游戏也会拖一会儿再启动，作业拖到ddl就算是期末周也学不进去	It started to get worse after entering junior high school, even games would take a while to launch, and homework would be delayed until the deadline, even during final week, I couldn't focus on studying.	上了初中就开始恶化了，甚至游戏也会拖一会儿再启动，作业拖到截止日期就算是期末周也学不进去	It started to deteriorate after entering junior high school, even games would take a while to launch, and homework would be postponed until the deadline, even during final week, making it impossible to study.	middle school hit different even games I delay homework till deadline even in finals week can't focus smh
B-MIX-083	MIX	77.29	81.85	4.56	60.74	56.03	-4.71	0	100	100	ddl就在眼前了还在摆烂	"""DDL is right in front of us, but it's still rotting."""	截止日期就在眼前了还在摆烂	The deadline is just around the corner, yet it's still gathering dust.	deadline is right there and you're still slacking
B-MIX-084	MIX	100.00	88.66	-11.34	84.04	84.02	-0.02	100	0	-100	asmr助眠真的有用吗	Is ASMR really effective for sleep?	自发性知觉经络反应助眠真的有用吗	Does spontaneous sensory meridian response really help with sleep?	does ASMR for sleep actually work
B-MIX-085	MIX	96.08	82.54	-13.54	74.05	61.62	-12.43	100	0	-100	超mean老奶一般是英语老师	Super mean old ladies are usually English teachers.	超刻薄老奶一般是英语老师	An extremely thin old lady is generally an English teacher.	Super mean old ladies are usually English teachers
B-MIX-086	MIX	88.74	93.32	4.58	61.39	78.96	17.56	0	0	0	绝对音感的正确用法belike	The correct usage of absolute pitch.	绝对音感的正确用法是这样	The correct usage of absolute pitch is like this.	The correct usage of absolute pitch be like
B-HOM-096	HOM	86.23	90.69	4.46	67.48	73.51	6.03	0	0	0	孩好像真的很困了，但是一直被麻麻薅过来薅过去配合拍视频	The child seems to be really tired, but is constantly being pulled and prodded to cooperate for video filming.	孩好像真的很困了，但是一直被妈妈薅过来薅过去配合拍视频	The child seems to be really tired, but is constantly being pulled around and posed for video recordings by their mother.	the kid really seems sleepy, but keeps getting dragged back and forth by mom to pose for the video
B-HOM-097	HOM	93.68	94.82	1.14	67.09	73.67	6.58	0	0	0	哈哈哈哈哈，不好意思哈哈哈哈哈没崩住	Hahahahaha, I'm sorry, hahahahaha, I couldn't control myself.	哈哈哈哈哈，不好意思哈哈哈哈哈没绷住	Hahahahaha, I'm sorry, hahahahaha, I couldn't hold it in.	hahaha, sorry hahaha I couldn't hold it together
B-HOM-098	HOM	96.48	82.16	-14.32	81.98	62.16	-19.82	0	0	0	淦，忘记原版了，有谁能补一下？	Oh, I forgot the original, can someone fill it in?	干，忘记原版了，有谁能补一下？	"""Dry, forgot the original, is there anyone who can fill in?"""	damn, I forgot the original, can anyone fill it in?
B-HOM-099	HOM	57.84	69.89	12.06	59.34	51.41	-7.93	0	0	0	你们要是给我炮儿玩似了我看什么啊	If you treat me like a toy gun, then what's the point?	你们要是给我炮儿玩死了我看什么啊	If you play with my gun, what will you see?	if you guys play my Pao'er to death, what am I supposed to watch?
B-PYA-087	PYA	79.91	94.57	14.67	74.83	78.62	3.79	0	0	0	快别TM说了，抓紧睡半个钟头，不然去早餐店要迟到了	Don't say it again, catch a half-hour nap, or else you'll be late for breakfast.	快别他妈说了，抓紧睡半个钟头，不然去早餐店要迟到了	Stop talking, get some sleep for half an hour, or else you'll be late for breakfast.	stop freaking talking and grab half an hour of sleep, or you'll be late for the breakfast shop
B-NEO-087	NEO	96.49	93.20	-3.29	82.90	82.93	0.03	0	0	0	某种意义上来看他也是个神人	In a sense, he is also a godlike being.	某种意义上来看他也是个行为离谱的人	In a sense, he is also a person whose behavior is out of line.	in a certain sense he's also an absolute character
B-NEO-088	NEO	67.27	88.66	21.38	57.61	70.38	12.77	0	100	100	我都不知道出新图了，作业自己跑我脸上了	I didn't even know a new map was released, and my assignment beat me to it.	我都不知道出新图了，攻略自己跑我脸上了	I didn't even know a new map was released, the guide ran right past my face.	I didn't even know a new stage was out, and the guide just ran right into my face
B-NEO-089	NEO	79.74	97.60	17.86	78.87	81.85	2.98	0	0	0	无论从哪个层面来看，都是吊炸了	No matter what level you look at, it's mind-blowing.	无论从哪个层面来看，都是厉害极了	It's impressive at every level.	no matter how you look at it, it's insanely awesome
B-NEO-090	NEO	75.28	94.23	18.95	72.94	80.88	7.94	0	100	100	应该是的，不然怎么会气到把国粹给说出来了	It should be, otherwise how could one get so angry as to speak out about national treasures?	应该是的，不然怎么会气到把脏话给说出来了	It should be, otherwise how could one get so angry as to say swear words?	must be, otherwise how would he get so angry that the swear words came out
B-NEO-091	NEO	86.07	81.18	-4.88	65.63	72.87	7.24	0	0	0	说个冷知识，来俊臣的父亲名叫来操，是个挺生草的名字	"Here's the translation: ""By the way, the father of Lai Junchen is named Lai Cao, which is quite an unusual name."""	说个冷知识，来俊臣的父亲名叫来操，是个挺搞笑的名字	"Here's the translation: ""By the way, the father of Lai Jiachen is named Lai Cao, which is quite a humorous name."""	fun fact: Lai Junchen's father was named Lai Cao, which is a pretty hilarious name
B-NEO-092	NEO	69.19	74.22	5.03	64.77	82.71	17.94	0	0	0	他不是好了，而是知道自己要凉了	He isn't fine; he knows he's in trouble.	他不是好了，而是知道自己要完蛋了	He wasn't getting better, but he knew he was going to fail.	he's not better, he just knows he's done for
B-NEO-093	NEO	72.91	67.28	-5.63	75.69	62.48	-13.21	0	0	0	置顶评论官方链接是淘宝就知道成分了	"""The official link in the top comment means Taobao knows the ingredients."""	置顶评论官方链接是淘宝就知道背景了	"""The top-comment official link is all that Taobao knows about the background."""	the pinned official link is Taobao, that alone tells you what they're really about
B-NEO-094	NEO	82.14	89.04	6.90	54.07	80.54	26.47	0	0	0	逆天。。我现在开车老走错路	Against the sky... I often take the wrong road while driving now.	离谱。。我现在开车老走错路	"""Unbelievable... I keep getting lost while driving now."""	wild… I keep taking wrong turns when driving now
B-MIX-087	MIX	71.77	70.47	-1.30	43.09	55.05	11.96	0	0	0	发现没火的作者belike	Discovering the author's lack of fire (or passion) seems unlikely.	发现没火的作者就是这样	Discovering the author without fire is like this.	discovering an underrated creator be like
B-MIX-088	MIX	94.40	93.66	-0.74	73.98	75.95	1.97	100	100	0	第一次尝试做这么长的动画 感觉k帧速度有所提升绝宝二周年快乐!	This is my first attempt at creating such a long animation, and I feel that the keyframe speed has definitely improved. Happy 2nd anniversary!	第一次尝试做这么长的动画 感觉打关键帧速度有所提升绝宝二周年快乐!	This is my first attempt at creating such a long animation, and I feel that the keyframe speed has definitely improved. Happy 2nd anniversary!	first time making such a long animation, my keyframing speed has improved — happy 2nd anniversary Juebao!
B-MIX-089	MIX	93.89	93.43	-0.46	79.56	80.26	0.70	100	100	0	或许它真的是福利最好的fps	Perhaps it is truly the best FPS in terms of benefits.	或许它真的是福利最好的第一人称射击游戏	Perhaps it is truly the best first-person shooter in terms of benefits.	maybe it really is the FPS with the best freebies
B-MIX-090	MIX	85.21	92.86	7.66	77.55	74.68	-2.87	0	100	100	杨博文四代唯一C位队长	Yang Bowen is the only C-level captain in four generations.	杨博文四代唯一中心位队长	Yang Bowen is the only central position captain in four generations.	Yang Bowen, Gen 4's only center-position captain
B-HOM-100	NEO	45.11	60.88	15.76	68.71	73.60	4.89	0	100	100	明显，队友大概率寄了，和上司有关，但扳机似乎记忆出现问题，咬死队友还活着，变相保护了上司，所以被上司放了	Clearly, the teammates most likely sent it in, related to the superior, but the trigger seems to have a memory issue, holding onto the teammate who is still alive, essentially protecting the superior, so the superior let them off.	明显，队友大概率死了，和上司有关，但扳机似乎记忆出现问题，咬死队友还活着，变相保护了上司，所以被上司放了	Clearly, the teammates are likely dead, and it's connected to the superior, but the trigger seems to have a memory issue. Holding down the teammate who's still alive, essentially protecting the superior, is what led to being let go by the superior.	clearly the teammate is most likely dead and the boss is involved, but Trigger's memory seems broken — she insists the teammate is alive, which indirectly shielded the boss, so the boss let her go
B-HOM-101	HOM	71.67	65.40	-6.28	76.85	80.61	3.76	0	100	100	怪兽：我已经破坏掉了你所有能获取光的办法，看你还怎么变身 迪迦：你钱包的钱还有多少？ 怪兽：全花光了 迪迦：恰！	Monster: I've destroyed every way you can obtain light, see how you transform now. Diga: How much money is left in your wallet? Monster: None. Diga: Perfect!	怪兽：我已经破坏掉了你所有能获取光的办法，看你还怎么变身 迪迦：你钱包的钱还有多少？ 怪兽：全花光了 迪迦：吃！	Monster: I've destroyed every way you can obtain light, see how you transform now. Diga: How much money is left in your wallet? Monster: None. Diga: Eat!	Monster: I've destroyed every way you could gather light, let's see you transform now. Tiga: How much money is left in your wallet? Monster: All spent. Tiga: Nom!
B-HOM-102	HOM	76.05	88.30	12.25	72.86	80.88	8.03	0	100	100	人定不了天，一切的一切还是按照历史轨迹走，我记得是三段历史走向，猪脚心累了	Human efforts cannot change destiny, and everything still follows the historical trajectory. I remember it as three stages of historical progression, and the pig's foot is tired.	人定不了天，一切的一切还是按照历史轨迹走，我记得是三段历史走向，主角心累了	Humanity cannot control destiny, and everything still follows the historical trajectory. I remember it as three stages of historical progression, with the main character growing weary.	man can't defy heaven, everything still follows the track of history — I remember there were three historical branches, and the protagonist is exhausted
B-HOM-103	HOM	60.23	71.44	11.21	72.86	73.78	0.92	0	0	0	笑成猪头最好笑是因为！！！我本来就觉得很好笑哈哈哈，看到这个蚌不住了！！！	The best part about laughing like a pig is that!!! I already thought it was hilarious hahaha, I couldn't help but laugh at this snail!	笑成猪头最好笑是因为！！！我本来就觉得很好笑哈哈哈，看到这个绷不住了！！！	The best part about laughing like a pig is that!!! I already thought it was hilarious hahaha, I can't hold back seeing this!!!!	the pig-head laugh is the funniest because!!! I already found it hilarious hahaha, and seeing this I just lost it!!!
B-HOM-104	HOM	80.48	82.33	1.85	75.27	77.97	2.70	100	100	0	真旅行青蛙！  去哪了 会给麻麻带明信片回来  真好	True traveling frog! Where did you go? You'll bring a postcard back to Mommy, right? So good!	真旅行青蛙！  去哪了 会给妈妈带明信片回来  真好	True traveling frog! Where did you go? You'll bring a postcard back to Mom, that's so nice!	a real Travel Frog! wherever it goes, it brings postcards back for mom — so sweet
B-HOM-105	HOM	81.19	84.15	2.95	73.57	74.49	0.91	100	100	0	兄dei，这么好的猪 你舍得一次性吃完吗（于谦声）	Brother, such a good pig, can you bear to eat it all at once? (Yú Qiān (Yu Qian) voice)	兄弟，这么好的猪 你舍得一次性吃完吗（于谦声）	Brother, such a good pig, can you bear to eat it all at once? (Yú Qiān's tone)	bro, such a fine pig — could you really bear to eat it all in one go? (in Yu Qian's voice)
B-HOM-106	NEO	53.64	58.15	4.51	75.60	72.49	-3.11	0	100	100	这高达味怎么这么重啊，真的是百合拯救了萝卜？	Why is this garlic flavor so strong? Is it really the lily that saved the carrot?	这高达味怎么这么重啊，真的是百合拯救了机器人？	Why is this taste so strong? Is it really the lily that saved the robot?	why does this feel so much like Gundam — did yuri really save the mecha genre?
B-HOM-107	HOM	73.69	70.84	-2.85	74.74	65.18	-9.56	0	0	0	淦，为什么要让我凌晨刷到，睡不着觉了()	Why do you make me scroll through things at dawn, keeping me awake? ()	干，为什么要让我凌晨刷到，睡不着觉了()	"""Why do you make me brush my teeth at dawn, keeping me from sleeping?"" ()"	damn, why did I have to scroll onto this in the middle of the night, now I can't sleep ()
B-HOM-108	HOM	93.72	93.72	-0.01	80.34	85.03	4.69	0	0	0	免责声明，此为系统自动播放，与我无瓜	Disclaimer: This is an automated playback, and I have no control over it.	免责声明，此为系统自动播放，与我无关	Disclaimer: This is an automated playback, not under my control.	disclaimer: this was autoplayed by the system, nothing to do with me
B-HOM-109	HOM	80.70	89.79	9.09	65.81	66.81	1.00	100	100	0	又第一了 带领兄弟萌再冲一次～～～～	"""Again, first place - leading the brothers to challenge once more ~~~~~~"""	又第一了 带领兄弟们再冲一次～～～～	"""Again, first place - leading the brothers for one more charge ~~~~~~"""	number one again — leading the bros for one more charge~~~~
B-HOM-110	HOM	47.76	69.46	21.70	48.48	64.95	16.47	0	0	0	预计会火，火钳刘明	Expected to catch fire, fire-starting Liu Ming.	预计会火，火前留名	Expected to go viral, leave your name before it burns out.	this is going to blow up, leaving my name here before it does
B-HOM-111	HOM	37.57	69.75	32.17	68.89	76.17	7.28	0	0	0	扳机歪了，前来还怨	The trigger is faulty, and they still complain.	扳机歪了，前来还愿	The trigger is faulty, so I came to ask for forgiveness.	my pull for Trigger went off-banner — here to repay my vow
B-HOM-112	HOM	90.37	95.11	4.74	64.30	82.70	18.40	0	0	0	梅森：这我可太熟辣！	Mason: This is too spicy for me!	梅森：这我可太熟啦！	Mason: I know this too well!	Mason: now this I know all too well!
B-HOM-114	HOM	94.18	96.97	2.79	77.48	82.30	4.83	0	0	0	我不行了我笑得要噶了	I can't take it anymore, I'm laughing so hard.	我不行了我笑得要挂了	I can't take it anymore, I'm laughing so hard I might pass out.	I can't take it, I'm about to die laughing
B-HOM-115	HOM	73.46	90.91	17.45	70.01	80.87	10.86	0	0	0	活到老学到老,似了也要学习	"""Live and learn until old age; even if it's the last day, learning is essential."""	活到老学到老,死了也要学习	Learn until you die, even in death, you continue to learn.	live and learn — keep studying even when you're dead
B-HOM-116	HOM	61.04	88.13	27.09	56.83	67.64	10.81	0	0	0	太好辣，是拐杖星人，我们没救了	It's too spicy, it's an alien with a walking stick, we're done for.	太好啦，是拐杖星人，我们没救了	Oh no, it's a space alien with a crutch, we're doomed.	oh great, it's the crutch alien, we're doomed
B-HOM-117	HOM	62.36	69.33	6.98	52.15	53.87	1.72	0	0	0	老八胃大，无需多盐	The old eight (a term for the stomach) is large, no need for extra salt.	老八胃大，无需多言	The old eight (a colloquial term for a large stomach) is big, so there's no need to say more.	Laoba has a big stomach — no more words needed
B-HOM-118	HOM	85.86	98.51	12.65	77.89	84.26	6.37	0	0	0	雾草这幕太美了	The misty grass scene is too beautiful.	卧槽这幕太美了	"""Wow, this scene is so beautiful."""	holy crap this scene is gorgeous
B-HOM-119	NEO	77.64	100.00	22.36	44.25	85.67	41.42	0	100	100	欧内该，我什么都愿意做	"Sure, the translation of ""欧内该，我什么都愿意做"" into English is:

""If it has to be, I'm willing to do anything."""	拜托了，我什么都愿意做	Please, I'm willing to do anything.	please, I'll do anything
B-HOM-120	HOM	42.16	97.75	55.59	47.16	69.90	22.74	100	100	0	果然混元是个妹纸	"Sure, here is the translation: ""Indeed, Huanyuan is a cute girl.""

Note: ""妹纸"" (mèi zhǐ) is a colloquial term in Chinese that roughly translates to ""cute girl"" or ""little sister."""	果然混元是个妹子	As expected, Huanyuan is a girl.	so Hunyuan really is a girl after all
B-HOM-121	HOM	28.22	85.54	57.32	41.43	72.60	31.17	0	0	0	年轻人不讲武德！耗子尾汁	"The sentence ""年轻人不讲武德！耗子尾汁"" translates to:

""Young people lack manners! Drinking mouse tail broth.""

Note: The second part of the sentence, ""耗子尾汁"" (hào zǐ wěi zhī), is a metaphorical expression and doesn't have a literal translation. It's often used to imply something extreme or absurd. In this context, it's taken as a humorous or critical reference to a traditional remedy that is considered foolish or outdated."	年轻人不讲武德！好自为之	Young people lack manners! Do as you please.	young people have no martial virtue! you'd better behave yourselves
B-HOM-122	HOM	85.99	66.79	-19.20	58.29	52.19	-6.10	0	0	0	官方踏马自黑，这下别人黑不了了	The officials have set a precedent, so no one can criticize them anymore.	官方他妈自黑，这下别人黑不了了	"""Officially self-discredit, now others can't blackball us."""	the officials are freaking roasting themselves, now nobody else can roast them
B-HOM-123	HOM	95.13	95.52	0.39	55.13	72.34	17.22	0	0	0	这俩老男人的沙雕人生	The life of these two old men is a joke.	这俩老男人的傻屌人生	The lives of these two old fools.	the goofball life of these two old guys
B-HOM-124	HOM	76.74	95.70	18.97	58.59	82.55	23.96	0	100	100	被天使蚊过的嗓子	A sore throat from being bitten by a mosquito angel.	被天使吻过的嗓子	A voice kissed by angels.	a voice kissed by an angel
B-HOM-125	HOM	95.64	99.21	3.57	63.42	80.97	17.55	0	100	100	上一个视频就是不讲内个	The previous video did not explain it.	上一个视频就是不讲那个	The previous video didn't mention that.	the last video just wouldn't talk about that
B-HOM-127	HOM	58.02	60.40	2.37	33.60	38.96	5.37	0	100	100	可以四了这游戏	"""可以四了这游戏"" translates to ""We can finish this game."" in English."	可以死了这游戏	"""可以死了这游戏"" translates to ""This game can die"" in English."	this game can just die already
B-HOM-128	HOM	85.34	90.08	4.74	52.39	68.77	16.38	100	100	0	全体欣赏阴乐	Appreciating chamber music as a whole.	全体欣赏音乐	Appreciating music as a whole.	everyone, enjoy the music
B-HOM-129	HOM	8.12	25.95	17.82	27.17	34.57	7.41	0	100	100	锁呐区甲亢哥	"The provided sentence appears to be a mix of characters from different languages, including Chinese and potentially others. A direct translation would be inaccurate due to the incoherent nature of the text. However, attempting to interpret it, it might be a colloquial or slang phrase that doesn't have a direct translation. A possible approximation in English could be: ""Lockna Area Hyperthyroidism Brother.""

Please note that this is a best-guess translation and may not convey the intended meaning accurately. For a precise translation, context and proper linguistic knowledge are essential."	唢呐区甲亢哥	"The given sentence ""唢呐区甲亢哥"" appears to be a mix of Chinese characters and possibly a language or dialect that doesn't directly translate into standard English. A literal translation would be:

""Nao qu jia xiang ge""

However, without context, it's challenging to provide a precise or meaningful English translation. A more accurate interpretation might depend on the specific context or the dialect being used."	suona-section Speed
B-HOM-130	HOM	80.68	95.63	14.95	66.25	79.08	12.83	0	0	0	哎你怎么似了	"""Ay, how did you turn out like this?"""	哎你怎么死了	"""Ay, how did you die?"""	hey, how come you died
B-HOM-131	HOM	95.20	97.55	2.35	61.76	83.47	21.71	0	100	100	密码的，很久没笑得这么无语了	"""It's been a long time since I've laughed so speechlessly."""	妈的，很久没笑得这么无语了	Damn, I haven't laughed this speechlessly in a long time.	damn, it's been ages since I laughed this speechlessly
B-PYA-088	PYA	92.71	95.20	2.50	77.22	79.56	2.34	0	0	0	不是，我TM哪来的教材，你在逗我呢	No, where would I get the textbooks, you're joking, right?	不是，我他妈哪来的教材，你在逗我呢	No, where did I get the textbook from, you're kidding me.	wait, where the hell would I get a textbook, are you kidding me
B-PYA-089	PYA	89.19	95.23	6.04	77.87	81.34	3.47	0	100	100	md，这军方也这么乱，难怪市民们这么乐观，哈哈	"""MD, with the military so chaotic, no wonder the citizens are so optimistic, haha."""	妈的，这军方也这么乱，难怪市民们这么乐观，哈哈	"""Damn, the military is just as chaotic, that's why the citizens are so optimistic, haha."""	damn, even the military is this chaotic, no wonder the citizens are so optimistic, haha
B-PYA-090	PYA	90.81	91.54	0.73	78.49	71.69	-6.80	0	0	0	wc我想要高斯裤子的链接，真的好帅	"""I want the link to the Gauss pants, they look really cool."""	卧槽我想要高斯裤子的链接，真的好帅	"""I want the link to the Gauss pants, they're really cool."""	whoa I want the link to Gauss's pants, they look so cool
B-PYA-091	PYA	82.40	86.95	4.54	63.98	73.90	9.91	0	0	0	WC，这都能被发现啊	"""WC, these can all be discovered."""	卧槽，这都能被发现啊	"""Wow, this can be discovered, right?"""	whoa, even this got noticed
B-PYA-092	PYA	48.98	88.71	39.73	35.92	44.21	8.29	0	0	0	woc太萌了	"""Woc too cute"" or more naturally, ""This is too cute (for words)."" Note that ""woc"" here seems to be a colloquial or internet slang term, possibly an abbreviation, and its direct translation may vary depending on context."	卧槽太萌了	The slot is so cute.	omg so cute
B-PYA-093	PYA	78.82	74.65	-4.17	67.66	46.87	-20.79	0	100	100	dbq小啵有点像触电了	"""Dbq Xiaobohu (小啵) seems to have been shocked."""	对不起小啵有点像触电了	I'm sorry, I feel a bit shocked.	sorry but Xiaobo kind of looks electrocuted
B-PYA-094	PYA	95.95	96.90	0.95	70.40	83.40	13.00	0	0	0	无线能源是基于无线水的原理吗？(bushi)	Is wireless energy based on the principle of wireless water?	无线能源是基于无线水的原理吗？(不是)	Is wireless energy based on the principle of wireless water? (No)	is wireless energy based on the principle of wireless water? (jk)
B-PYA-095	PYA	88.98	83.19	-5.79	73.26	47.03	-26.24	0	0	0	光明，赐予我力量（bushi）	Enlighten me and give me strength (bushi).	光明，赐予我力量（不是）	"""光明，赐予我力量"" translates to ""Light, give me strength"" in English."	light, grant me power (jk)
B-PYA-096	PYA	84.32	96.63	12.31	80.77	79.59	-1.18	0	100	100	这么说我才发现字幕不是视频自带的hhhh	Saying this, I realized that the subtitles aren't built-in to the video hhhhh.	这么说我才发现字幕不是视频自带的哈哈哈哈	Only then did I realize that the subtitles weren't built-in to the video, hahahaha.	now that you mention it, I just realized the subtitles aren't part of the video hahaha
B-PYA-097	PYA	88.81	86.07	-2.74	72.55	70.58	-1.97	0	100	100	完了疑似吉米被吓疯了hh	"""It seems that Jimmy was terrified."""	完了疑似吉米被吓疯了哈哈	"""It seems Jimmy was scared silly, haha."""	uh oh, Jimmy seems scared out of his mind haha
B-PYA-098	PYA	91.02	93.97	2.95	78.24	79.85	1.60	0	100	100	看清楚材质吧，pdd很多都是聚酯纤维，你问客服没几个敢说是纯棉的	Be sure to check the material, many products on PDD are made of polyester fiber, and if you ask the customer service, few will dare to say it's 100% cotton.	看清楚材质吧，拼多多很多都是聚酯纤维，你问客服没几个敢说是纯棉的	Be sure to check the material, a lot of Pinduoduo products are made of polyester fiber, and few customer service representatives will dare to say it's 100% cotton.	check the fabric carefully — a lot of stuff on Pinduoduo is polyester, and few customer-service reps dare claim it's pure cotton
B-PYA-099	PYA	71.26	86.45	15.19	51.87	59.60	7.72	0	0	0	27W收藏4W点赞服了不提醒还不知道........	"""Collect 27W, 4W likes, no reminder, still don't know..."""	27万收藏4万点赞服了不提醒还不知道........	270,000 collections, 40,000 likes, I'm impressed... I didn't know this.	270k saves and 40k likes, unbelievable — I wouldn't even have known without the reminder……
B-PYA-100	PYA	62.19	92.06	29.88	48.95	79.72	30.76	0	0	0	20w收藏3w点赞	"""Collect 20, Like 3"""	20万收藏3万点赞	200,000 collections, 30,000 likes	200k saves, 30k likes
B-PYA-101	PYA	77.77	91.08	13.31	71.30	82.58	11.28	0	0	0	啊？60w围攻45w的城，对方还以骑兵为主？？！	Ah? Attacking a 45w city with a 60w force, and the enemy's main force is cavalry?!!	啊？60万围攻45万的城，对方还以骑兵为主？？！	Ah? 600,000 besieging a city of 450,000, and the enemy's main force is cavalry?!	what? 600k besieging a city of 450k, and the enemy is mostly cavalry??!
B-PYA-102	PYA	75.99	72.46	-3.53	63.41	65.04	1.63	0	0	0	“义人，就是ta，欺负我。”	"""Righteous person, it's you who's bullying me."""	“义人，就是他，欺负我。”	"""The righteous one, it is he who has wronged me."""	Righteous one, it was them — they bullied me.
B-PYA-103	PYA	38.00	87.02	49.01	32.59	58.69	26.09	0	100	100	好装好假好ex	"The translation of ""好装好假好ex"" from Chinese to English is: ""Good looking, good fake, good example.""

However, the sentence structure and meaning don't quite make sense in English. It seems like a mix of positive adjectives with a potentially ambiguous ""ex"" at the end. For a clearer translation, context is needed."	好装好假好恶心	"The translation of ""好装好假好恶心"" into English is: ""Well-dressed, fake, and disgusting."""	so pretentious, so fake, so gross
B-PYA-104	PYA	68.04	83.36	15.31	42.99	56.04	13.05	0	0	0	死yxh滚远点	Die or get lost.	死营销号滚远点	"""Get rid of those dead marketing leads."""	damn clickbait accounts, get lost
B-PYA-106	PYA	73.84	68.77	-5.07	68.35	68.22	-0.13	0	0	0	牛啊，我怎么幻听出歌词了(bushi)	"""Cows, how did I suddenly hear the lyrics (bushi)?"""	牛啊，我怎么幻听出歌词了(不是)	"""Cows, how did I suddenly hear the lyrics (not really)?"""	impressive — why am I hallucinating lyrics out of this (jk)
B-PYA-107	PYA	75.40	75.85	0.45	69.67	71.07	1.40	0	100	100	心灵感应原版就是致敬火花hhh	"""The original heart-to-heart connection is a tribute to the spark (hhh)."""	心灵感应原版就是致敬火花哈哈哈	"""The original heart-to-heart connection is a tribute to the spark, hahaha."""	the original Telepathy really is a homage to Spark hahaha
B-PYA-108	PYA	81.98	26.32	-55.66	67.62	34.54	-33.08	0	0	0	woc瞬间高清修补版	"""Woc Instant High-Definition Repair Version"""	卧槽瞬间高清修补版	"""Woseang Shunjian High-Definition Repair Version"" 

Note: ""卧槽"" (wòcǎo) is a colloquial term that roughly translates to ""ditch"" or ""pit"", and ""瞬间"" (shùnjiān) means ""instantly"". ""高清"" (híngdìng) refers to high definition, and ""修补版"" (xiūbǔbǎn) translates to ""repair version""."	whoa, instantly the HD restored version
B-NEO-096	NEO	89.46	84.31	-5.15	81.49	82.69	1.19	0	0	0	泪目，我一直不知道自己想做什么，感觉选择的大都错了，已经索性不想选择了...糟糕啊...	Tears in my eyes, I've always not known what I want to do, feeling that most of the choices I've made are wrong, and I've just given up on making any choices... It's terrible...	眼泛泪光，我一直不知道自己想做什么，感觉选择的大都错了，已经索性不想选择了...糟糕啊...	My eyes welled up with tears, and I had no idea what I wanted to do. I felt that all my choices were wrong, so I just didn't want to choose anymore... Oh no...	tearing up — I've never known what I want to do, feels like most of my choices were wrong, and now I've simply stopped choosing… this is bad…
B-NEO-097	NEO	91.01	90.46	-0.55	77.97	67.77	-10.19	0	0	0	10后，上一次看是三年前了，但是也泪目了	It's been 10 years, the last time I watched it was three years ago, but I still cried.	10后，上一次看是三年前了，但是也落泪了	It has been 10 years since I last watched it, but I still cried.	born after 2010 — last watched this three years ago, but it still made me tear up
B-NEO-098	NEO	74.73	88.02	13.29	70.48	78.33	7.85	0	0	0	虽然整个乐队前期像拼好队一样，但是结局随着独角兽的回归写的还是不错的	Although the band was well-oiled in their early days, the ending, with the return of the unicorn, was still quite good.	虽然整个乐队前期像拼凑起来的队伍一样，但是结局随着独角兽的回归写的还是不错的	Although the band sounded like a haphazardly assembled group in their early days, the ending, with the return of the unicorn, was still quite good.	even though the band felt like a thrown-together group-buy squad early on, the ending with the unicorn's return was written pretty well
B-NEO-099	NEO	71.61	73.03	1.42	63.14	66.80	3.66	0	0	0	“苏新皓你好的太突出”这句话的含金量还在上升	"""Su Xinhao's 'hello' is too prominent, and the value is still rising."""	“苏新皓你好的太突出”这句话的价值还在提升	"""Su Xinhao's 'hello' is too prominent; its value is still being enhanced."""	"the line ""Su Xinhao, your hello is too striking"" keeps proving truer and truer"
B-NEO-100	NEO	74.26	80.58	6.32	62.82	58.84	-3.98	0	0	0	扎格列斯之手的含金量还在上升！	The gold content of Zagrebs hand is still rising!	扎格列斯之手的价值还在提升！	The value of Zagrebs' hand is still rising!	the Hand of Zagreus keeps proving its worth!
B-NEO-101	NEO	55.05	74.38	19.33	50.28	73.18	22.90	0	0	0	红温了，把打野怪爆的装备给炸了，你好歹拿一些吧	The red (light/alert) went on, blowing up the gear we got from killing the wild monster, take some of it at least.	气急了，把打野怪爆的装备给炸了，你好歹拿一些吧	Angry, I blew up the gear I got from killing wild monsters. Take some for yourself, at least.	he's fuming — blew up the gear dropped from jungle monsters, at least take some of it, man
B-NEO-102	NEO	78.19	81.45	3.27	62.59	72.91	10.32	0	0	0	反派看到了硬控他的回忆……	The villain saw the memories that accused him firmly.	反派看到了完全控制住他的回忆……	The villain saw complete control over his memories...	the villain saw the memories that completely transfixed him……
B-NEO-103	NEO	92.71	93.69	0.99	78.01	74.95	-3.06	0	0	0	我还以为是9.9元拼好饭呢	I thought it was 9.9 yuan for a set meal.	我还以为是9.9元拼单买的饭呢	I thought it was a 9.9 yuan single-order meal.	I thought it was a 9.9-yuan group-buy meal deal
B-NEO-104	NEO	72.67	64.26	-8.41	53.56	57.45	3.89	100	0	-100	向佐药水哥梦幻联动！	Xiang Zaoyao (Medicine Brother) and Dream Collaboration!	向佐药水哥跨界合作！	Xiang Za (Versatile Talent) and Yaoshui Ge (Medicine Brother) Collaborate Across Borders!	Xiang Zuo and Yaoshui-ge, a dream crossover!
B-NEO-105	NEO	69.02	61.69	-7.33	54.92	50.34	-4.58	0	0	0	电子榨菜配跳跳糖	Electronic pickle maker with jumping sugar	下饭视频配跳跳糖	"""Rice-eating videos paired with jumping sugar."""	comfort-viewing video paired with popping candy
B-NEO-106	NEO	94.49	97.43	2.94	67.78	83.58	15.80	0	0	0	这声音绝绝子	This sound is utterly unique.	这声音好极了	This sound is wonderful.	this voice is simply divine
B-NEO-107	NEO	71.87	59.93	-11.94	67.54	77.21	9.67	0	100	100	假师傅让拜，真师傅反而不让拜，难绷了	A fake master allows prostration, but a real master does not, making it difficult to maintain composure.	假师傅让拜，真师傅反而不让拜，让人无语了	A fake master encourages prostration, while a genuine master actually discourages it, leaving people speechless.	the fake master lets you bow to him, but the real master won't — I can't even
B-NEO-108	NEO	92.65	97.91	5.25	71.40	81.70	10.29	0	0	0	一想到一睁眼就有倒计时就难绷	It's hard to keep calm when you think that every blink of an eye is a countdown.	一想到一睁眼就有倒计时就受不了	I can't stand the thought of a countdown every time I open my eyes.	the thought of waking up to a countdown every day just breaks me
B-MIX-092	MIX	90.10	89.13	-0.97	66.04	74.82	8.78	100	0	-100	完全不给队友上buff的机会	Completely doesn't give teammates a chance to buff.	完全不给队友上增益的机会	Completely does not give teammates a chance to gain an advantage.	gives teammates zero chance to apply buffs
B-MIX-093	MIX	18.68	38.66	19.99	31.40	45.53	14.12	100	0	-100	不会侵蚀后全是boss吧	"""Wouldn't it all be boss after erosion?"" 

Note: ""后全是boss"" is a colloquial expression that roughly translates to ""all would be great/perfect"" or ""it would all be boss,"" where ""boss"" here is used as a positive term meaning excellent or ideal."	不会侵蚀后全是头目吧	Won't it all be heads after erosion?	don't tell me everything after the corruption is a boss
B-MIX-094	MIX	96.92	85.07	-11.86	75.61	72.15	-3.46	100	0	-100	顾客：心平气和.jpg	Customer: Calm and composed.jpg	顾客：心平气和的表情包	Customer: Expressive emoji with a calm and peaceful face	customer: calm-and-composed.jpg
B-MIX-095	MIX	95.66	96.29	0.63	79.82	79.15	-0.66	100	100	0	海皇cpu高速运转中……	The Sea King CPU is running at high speed...	海皇大脑高速运转中……	The Sea King's brain is operating at high speed...	the Sea Emperor's CPU is running at full speed……
B-MIX-096	MIX	82.79	78.36	-4.43	69.26	67.77	-1.49	0	100	100	可以无限卡bug，站起来再躺下去，站起来再躺下去。	You can repeatedly get stuck in an infinite loop of standing up and lying down.	可以无限卡漏洞，站起来再躺下去，站起来再躺下去。	You can exploit the infinite loop glitch, stand up and lie down again, stand up and lie down again.	you can exploit the bug endlessly — stand up, lie back down, stand up, lie back down.
B-MIX-097	MIX	33.46	56.36	22.89	54.16	60.37	6.21	0	100	100	在扳机的视频里刷什么悠真真的很ky好吧	It's really cool how you can see everything clearly in the video with the trigger.	在扳机的视频里刷什么悠真真的很不会看气氛好吧	It's really hard to tell what's going on in the video with the trigger if you can't read the atmosphere, right?	spamming Harumasa comments on a Trigger video is honestly so tone-deaf, okay
B-MIX-098	MIX	77.38	69.20	-8.19	66.87	73.43	6.55	0	0	0	别什么过场都搞qte，破坏连贯	Don't mess with any transitions; it disrupts the flow.	别什么过场都搞快速反应事件，破坏连贯	Don't handle any situation as a quick reaction event, it disrupts coherence.	stop putting QTEs in every cutscene, it ruins the flow
B-MIX-099	MIX	82.09	83.13	1.04	63.26	59.39	-3.87	100	0	-100	不是哥们，怎么pv就删了。	Not a buddy, how did the PV get deleted?	不是哥们，怎么宣传片就删了。	Not a friend, how could the promotional video be deleted?	wait bro, why did the PV get deleted.
B-MIX-100	MIX	99.83	99.53	-0.31	83.05	83.45	0.40	100	100	0	要是做出这样的mod，那就有意思了	It would be interesting if such a mod were made.	要是做出这样的模组，那就有意思了	It would be interesting if such a module were made.	if someone made a mod like this, that would be fun
B-MIX-101	MIX	91.62	90.69	-0.93	77.31	74.22	-3.09	100	0	-100	omg！这是谁家的小孩这么有出息啊啊啊啊啊	Omg! Who is this child? So successful! Ahhhhh!	我的天！这是谁家的小孩这么有出息啊啊啊啊啊	My goodness! What a promising child this is! Ahhhhhhh!	omg! whose kid is this, so talented ahhhh
B-MIX-102	MIX	81.34	76.58	-4.75	69.64	71.26	1.62	100	100	0	很多老外不知道田一鸣叫什么，就叫他super idol	"Many foreigners don't know how to call Tan Ming, so they call him ""super idol."""	很多老外不知道田一鸣叫什么，就叫他超级偶像	Many foreigners don't know how to call Tan Ming, so they call him Super Idol.	many foreigners don't know Tian Yiming's name, so they just call him super idol
B-MIX-103	MIX	73.62	74.33	0.71	72.56	75.37	2.81	100	0	-100	知名up主老番茄视频内容不慎跌回五年前的水平	"The well-known uploader ""Old Tomato"" unexpectedly saw their video content drop to levels from five years ago."	知名视频作者老番茄视频内容不慎跌回五年前的水平	The well-known video creator, Old Tomato, has inadvertently regressed to the content level of five years ago.	famous uploader LaoFanQie's video content has accidentally slipped back to its level five years ago
B-MIX-104	MIX	97.94	94.19	-3.75	74.86	60.92	-13.94	100	100	0	我打个csgo心跳都能160	My heart rate in CSGO can reach 160 beats per minute.	我打个反恐精英心跳都能160	My heart rate can reach 160 even when playing Counter-Strike.	my heart rate hits 160 just playing CS:GO
B-MIX-105	MIX	99.37	99.76	0.39	56.02	87.75	31.73	100	0	-100	回答我，鸟为什么会飞？ Look at my eye, tell me why!	Answer me, why can birds fly? Look at my eye, tell me why!	回答我，鸟为什么会飞？ 看着我的眼睛，告诉我为什么！	Answer me, why can birds fly? Look into my eyes and tell me why!	answer me, why can birds fly? Look at my eye, tell me why!
B-MIX-106	MIX	93.88	94.24	0.36	83.01	83.88	0.87	100	100	0	这里应该说的是welcome to shaolin 吧	"This should be said as ""Welcome to Shaolin."""	这里应该说的是欢迎来到少林 吧	"This should be translated as ""Welcome to Shaolin."""	what he should have said here is welcome to Shaolin, right
B-MIX-107	MIX	92.16	63.50	-28.66	70.29	40.66	-29.63	100	100	0	这BGM给我干天津去了	This BGM made me feel like I was in Tianjin.	这背景音乐给我干天津去了	This background music made me feel so empty.	this BGM just teleported me straight to Tianjin
B-MIX-108	MIX	51.52	52.82	1.31	66.49	67.50	1.01	100	100	0	小八和啵哝就像是妈妈带了个teenager出来我服了。	Xiao Ba and Bao Rou are like when mom brings out a teenager, I'm impressed.	小八和啵哝就像是妈妈带了个青少年出来我服了。	Xiao Ba and Bao Rou are like when mom brings a teenager out, I'm impressed.	Xiaoba and Bonong are just like a mom taking a teenager out, I can't with them.
B-MIX-109	MIX	90.66	78.17	-12.49	77.96	75.71	-2.26	100	100	0	其实我不仅是rapper，我还是DJ，香蜜湖你听见了吗	Actually, I'm not just a rapper, I'm also a DJ. Have you heard the sound of Xiangmi Lake?	其实我不仅是说唱歌手，我还是打碟师，香蜜湖你听见了吗	Actually, I'm not just a rapper, I'm also a DJ. Have you heard the sound of Xiangmi Hu (Sweet Lake)?	actually I'm not just a rapper, I'm also a DJ — Xiangmi Lake, can you hear me
B-MIX-110	MIX	62.74	67.60	4.86	52.10	55.77	3.68	100	100	0	我家小逻怎么成敌方boss单位了？还有精英干员长颈鹿	How did our small logic become an enemy boss unit? And what about the elite agent giraffe?	我家小逻怎么成敌方头目单位了？还有精英干员长颈鹿	How did our small log become an enemy boss unit? And there's the elite agent giraffe.	how did my Xiaoluo become an enemy boss unit? and there's an elite operator giraffe too
B-MIX-111	MIX	27.13	52.87	25.74	38.95	53.42	14.48	100	100	0	看得ptsd犯了	"""看得ptsd犯了"" translates to ""Seeing triggers PTSD.""

Note: ""ptsd"" is an abbreviation for Post-Traumatic Stress Disorder."	看得创伤后应激障碍犯了	"""看得创伤后应激障碍犯了"" translates to ""Experiencing post-traumatic stress disorder (PTSD) after watching."""	watching this triggered my PTSD
B-MIX-112	MIX	93.57	96.69	3.12	68.92	76.45	7.53	100	0	-100	我独自拯救一切Pro max	"""I save everything alone Pro max"""	我独自拯救一切加强版	"""I Save Everything Alone: Enhanced Version"""	I Alone Save Everything, Pro Max edition
B-MIX-113	MIX	91.31	79.17	-12.14	63.90	62.05	-1.86	100	100	0	那是债主催债了bro	That's a debt collector collecting debt, bro.	那是债主催债了兄弟	That's a debt paid off, brother.	that's the creditor coming to collect, bro
B-MIX-114	MIX	90.31	83.51	-6.81	79.00	78.90	-0.09	0	0	0	姐！邀请宋雨琦上节目！E人很适合！章昊也是！	Sister! Invite Song Yuqi onto the show! She's very suitable! So is Zhang Hao!	姐！邀请宋雨琦上节目！外向的人很适合！章昊也是！	Sister! Invite Song Yuqi onto the show! Outgoing people are perfect for this! Zhang Hao is too!	sis! invite Song Yuqi onto the show! extroverts are perfect for it! Zhang Hao too!
B-MIX-115	MIX	71.48	78.59	7.11	72.45	76.81	4.36	0	100	100	好阳光啊，这一定是相互救赎的少女乐队故事吧www	"""What great sunshine! It must be the story of a girl band that redeems each other, www."""	好阳光啊，这一定是相互救赎的少女乐队故事吧哈哈哈	"""What great sunshine! This must be the story of a girl band that redeems each other, hahaha."""	so wholesome — this must be a girls-band story of mutual redemption lol
B-MIX-116	MIX	73.38	84.45	11.07	75.60	82.08	6.48	100	0	-100	小时候我没有cp这个概念，一直认为这俩只是朋友	"As a child, I didn't have the concept of ""CP"" (a term often used in online communities to refer to a romantic or sexual relationship between minors), and I always thought they were just friends."	小时候我没有情侣配对这个概念，一直认为这俩只是朋友	When I was young, I didn't have the concept of couples matching; I always thought of them as just friends.	as a kid I had no concept of shipping — I always thought these two were just friends
B-MIX-117	MIX	88.02	92.45	4.43	80.65	81.32	0.67	100	0	-100	妹妹在cos商鞅吗	Is my little sister cosplaying as Shang Yang?	妹妹在扮演商鞅吗	Is my little sister playing the role of Shang Yang?	is the girl cosplaying Shang Yang
B-MIX-118	MIX	96.03	87.51	-8.51	82.67	76.62	-6.06	100	0	-100	哎呀，蚊子得了MVP！	Oh, the mosquito won MVP!	哎呀，蚊子得了全场最佳！	Ah, the mosquito won the best in show!	oops, the mosquito got the MVP!
B-MIX-119	MIX	94.19	93.01	-1.18	81.50	81.61	0.10	100	0	-100	这都ai配音了，字幕当然也是ai啊	It's all AI-voiced, so of course the subtitles are AI too.	这都人工智能配音了，字幕当然也是人工智能啊	It's all voice-acted by artificial intelligence, so of course the subtitles are too.	the voiceover is already AI, so of course the subtitles are AI too
B-MIX-120	MIX	74.10	70.81	-3.28	63.62	57.11	-6.51	100	100	0	谁还没看我都会伤心的OK？	Who hasn't seen me and will make me sad, OK?	谁还没看我都会伤心的好吗？	Who hasn't seen me and will make me sad, okay?	if anyone hasn't watched this yet I'll be sad, OK?
B-MIX-121	MIX	91.69	87.19	-4.50	45.79	40.58	-5.20	100	100	0	少看一天b站都剪不出来	"""It's hard to edit out a day's worth of content from Bilibili."""	少看一天哔哩哔哩都剪不出来	"""It's hard to cut out even one day of Bilibili."""	skip even one day of Bilibili and you couldn't edit this
B-MIX-122	MIX	97.72	97.74	0.02	84.07	84.32	0.25	100	100	0	只是一个道歉，but这个道歉的代价实在太高	Just an apology, but the cost of this apology is simply too high.	只是一个道歉，但是这个道歉的代价实在太高	Just an apology, but the cost of this apology is simply too high.	it's just an apology, but the price of this apology is way too high
B-MIX-123	MIX	93.16	90.27	-2.90	71.18	81.49	10.31	100	0	-100	记者会？不，个人show time	Press conference? No, personal show time.	记者会？不，个人表演时间	Press conference? No, personal performance time.	a press conference? no, it's personal show time
B-MIX-124	MIX	81.70	91.13	9.43	64.68	76.49	11.81	100	0	-100	这一场演得不好，应该喊cut重来	The performance was poor; we should call cut and do it again.	这一场演得不好，应该喊停重来	The performance was not good; it should be stopped and restarted.	this scene was badly acted, someone should call cut and redo it
B-MIX-125	MIX	97.92	97.37	-0.55	80.24	83.72	3.48	100	100	0	喝水这part我真的笑了	"""The 'drinking water' part really made me laugh."""	喝水这部分我真的笑了	"""I really laughed at the part about drinking water."""	the water-drinking part genuinely made me laugh
B-MIX-126	MIX	95.53	95.04	-0.49	75.79	76.04	0.25	100	0	-100	中式恐怖，真的next level	"""Chinese horror, truly next level."""	中式恐怖，真的更上一层楼	"""Chinese horror, really takes it to a whole new level."""	Chinese-style horror, truly next level
B-MIX-127	MIX	94.43	91.36	-3.07	81.49	76.39	-5.10	100	0	-100	他们都在好奇那个npc是谁扮的	They are all curious about who that NPC is disguised as.	他们都在好奇那个非玩家角色是谁扮的	They're all curious about who's behind the non-player character.	they're all wondering who played that NPC
B-MIX-128	MIX	93.47	90.87	-2.60	79.74	66.86	-12.88	0	0	0	os好想看张桂源也来一期	I really want to see Zhang Guiyuan join an episode as well.	内心独白好想看张桂源也来一期	"""I really wish Zhang Guiyuan would come on an episode too."""	inner monologue: I really want to see Zhang Guiyuan do an episode too
B-MIX-129	MIX	97.76	96.90	-0.86	74.58	70.94	-3.64	100	0	-100	我已经走在了country road 上了	I have already walked on the country road.	我已经走在了乡间小路 上了	I have already walked on the country paths.	I'm already walking on the country road
B-MIX-130	MIX	50.18	92.20	42.03	40.22	75.04	34.82	100	0	-100	从来没有get到他颜值	"Never ""get"" his looks. 

(Note: ""get到"" here is a colloquial expression meaning to attain or achieve, while ""颜值"" refers to one's physical attractiveness, often used in Chinese social media and pop culture.)"	从来没有领略到他颜值	Never experienced his charm or good looks.	I've never gotten the appeal of his looks
B-MIX-131	MIX	91.84	95.30	3.45	53.48	70.87	17.39	100	100	0	看哪一只eye啊sir	"""Which eye, ah sir?"""	看哪一只眼啊长官	"""Which eye to look at, sir?"""	looking at which eye, sir
B-MIX-132	MIX	99.37	99.23	-0.14	37.10	81.96	44.85	100	100	0	天磊：what can I say	Tianlei: What can I say?	天磊：我能说什么	Tianlei: What can I say?	Tianlei: what can I say
B-MIX-133	MIX	82.95	90.23	7.29	70.54	75.87	5.33	100	100	0	唉，我去，真的有比利诶。该不会是暗示sp比利吧	Ah, I see, there really is a Billy. I hope it's not suggesting 'sp Billy.	唉，我去，真的有比利诶。该不会是暗示特殊版比利吧	Ah, I see, there really is a Billy. I hope it's not a special edition Billy.	whoa, there really is a Billy — could this be hinting at an SP Billy
B-MIX-134	MIX	91.46	91.43	-0.04	58.56	69.94	11.37	0	100	100	摊主，我也是你们play中的一环吗	"""Are you saying I'm part of your game, too, stall owner?"""	摊主，我也是你们角色扮演中的一环吗	"""Are you saying I'm part of your role-play, too, stall owner?"""	stall owner, am I also part of your roleplay
B-MIX-135	MIX	95.68	95.19	-0.49	48.83	72.18	23.35	100	100	0	抽me,please抽me	"""Please draw me."""	抽我,请抽我	"""Draw me, please draw me."""	draw me, please draw me
B-MIX-136	MIX	99.16	97.27	-1.89	71.17	81.19	10.02	100	0	-100	boss已进入二阶段	The boss has entered the second phase.	头目已进入二阶段	The leader has entered the second phase.	the boss has entered phase two
B-MIX-137	MIX	74.86	83.66	8.80	71.54	71.00	-0.54	100	0	-100	这里是以为他要长期练，mcn没沟通好	"Here is the translation: ""This is because he needs to practice for a long time, but McN didn't communicate well."""	这里是以为他要长期练，传媒公司没沟通好	"Here is the translation: ""This is because he needs to train for a long time, but the media company didn't communicate well."""	here they thought he'd be training long-term — the MCN agency didn't communicate properly
B-MIX-138	MIX	60.77	68.86	8.08	74.16	74.32	0.16	0	0	0	加拉赫上线一年了还在c	"""Galah has been online for a year and is still in the C tier."""	加拉赫上线一年了还在当主力	Galar has been online for a year and is still the main character.	Gallagher has been out for a year and is still carrying
B-MIX-139	MIX	88.73	83.81	-4.91	74.00	76.51	2.52	100	0	-100	直伤+超击破+dot伤害	Direct Wound + Super Break + Dot Damage	直伤+超击破+持续伤害	Direct Wound + Super Break + Continuous Damage	direct damage + super break + DoT damage
B-HOM-133	PYA	92.87	92.99	0.12	61.19	67.02	5.82	100	100	0	兄dei  成佛吧   修仙太难了	"May your brother attain enlightenment (or ""become a Buddha""). Cultivating immortality is too difficult."	兄弟  成佛吧   修仙太难了	"""May your brother attain enlightenment (or 'become a Buddha'). Cultivating immortality is too difficult."""	bro, just become a buddha — cultivating immortality is too hard
B-HOM-134	HOM	56.84	72.11	15.26	61.66	71.30	9.64	0	0	0	我真怕药水一拳给向左打晕过去	I'm truly afraid that the punch of the medicine water will make me pass out to the left.	我真怕药水一拳给向佐打晕过去	I'm truly afraid that the medicine punch will knock Xiang Zhao unconscious.	I'm really afraid Yaoshui will knock Xiang Zuo out with one punch
B-HOM-135	HOM	83.91	83.59	-0.31	80.01	72.55	-7.46	0	0	0	甲亢哥：我还能再看亿遍	Hyperthyroid Guy: I could watch it a billion times.	甲亢哥：我还能再看一亿遍	Hyperactive Guy: I could watch it a billion times more.	Jiakang Bro: I could watch this a hundred million more times
B-NEO-109	NEO	69.24	88.50	19.25	58.84	59.60	0.76	0	0	0	逆天，吴国给日本朝贡都来了	Against the heavens, the Wu state has sent tribute to Japan.	离谱，吴国给日本朝贡都来了	Extreme, Wu (a historical Chinese state) has even sent tributes to Japan.	outrageous — now we've even got the Wu kingdom paying tribute to Japan
B-NEO-110	NEO	86.70	86.36	-0.34	72.61	64.79	-7.82	0	100	100	泪目了，米哈游你坏事做尽	"""Tears in my eyes, MiHoYo, you've done nothing but cause trouble."""	感动落泪了，米哈游你坏事做尽	I was moved to tears, MiHoYo, you've been up to no good.	I teared up — miHoYo, you've done every evil deed there is
B-NEO-111	NEO	76.12	77.02	0.90	66.33	82.66	16.33	100	0	-100	双非大学生，还没进厂。光看这个社会环境已经感觉自己燃尽了	"""Dual non-mainland university students, not yet entered the factory. Just looking at this social environment, I already feel myself burned out."""	非重点大学的大学生，还没进厂。光看这个社会环境已经感觉自己精疲力竭了	Undergraduates from non-key universities have not yet entered the factory. Just looking at this social environment makes me feel exhausted.	a non-elite-university student who hasn't even started working yet — just looking at this social environment I already feel burned out
B-NEO-112	NEO	78.61	66.15	-12.46	69.15	68.21	-0.94	0	0	0	看勇哥直播，各种神人	Watching Yongge's live stream, various gods and heroes.	看勇哥直播，各种行为离谱的人	Watching Yongge's live stream, various outrageous behaviors from people.	watching Brother Yong's streams, you see all kinds of absolute characters
B-NEO-113	NEO	55.39	66.49	11.10	71.14	77.91	6.77	100	0	-100	太真实了，想到的那句话发现他可能听不懂于是在后面加点补丁	It's too real, the phrase I thought of, realizing he might not understand, so I added some patches at the end.	太真实了，想到的那句话发现他可能听不懂于是在后面加点补充说明	It's too real; the phrase I thought of, I realize he might not understand, so I'll add some additional explanations at the end.	so true — you think of a comeback, realize he might not get it, and then tack some patches onto it
B-NEO-114	NEO	87.51	84.50	-3.01	64.26	78.83	14.57	0	0	0	为什么能匹到这么多神人	Why can I match so many gods?	为什么能匹配到这么多行为离谱的人	Why can we match so many bizarre behaviors?	how do I keep getting matched with so many absolute characters
B-NEO-115	NEO	68.23	85.48	17.26	56.65	78.39	21.73	0	0	0	所以男主在嘎掉的威胁下领悟了？	"So the male protagonist realized under the threat of ""gada"" (a term that may refer to a harsh or menacing warning)?"	所以男主在死掉的威胁下领悟了？	So the male protagonist realized under the threat of death?	so the male lead had his awakening under the threat of getting offed?
B-MIX-140	MIX	73.19	69.74	-3.46	64.86	56.27	-8.59	100	0	-100	这个zzz不会要给他出个动画吧？	Won't this zzz require an animated output?	这个绝区零不会要给他出个动画吧？	Won't this remote zero area give him an animation?	don't tell me ZZZ is going to make an anime for him?
B-MIX-141	MIX	94.56	97.10	2.54	78.92	83.57	4.64	100	100	0	怎么说呢 很怀疑up主的精神状态	To put it mildly, I doubt the mental state of the uploader.	怎么说呢 很怀疑视频作者的精神状态	To be honest, I'm quite skeptical about the mental state of the video creator.	how do I put it — I seriously question this uploader's state of mind
B-MIX-143	MIX	90.46	93.49	3.02	70.74	73.78	3.04	0	100	100	他和背后的 n pc 格格不入	He doesn't fit in with the n pc behind him.	他和背后的 非玩家角色 格格不入	He feels out of place with the non-player characters behind him.	he's completely out of place next to the NPC behind him
B-MIX-145	NEO	79.66	77.37	-2.29	75.18	77.88	2.71	100	0	-100	甲亢哥：我DNA动了	Hyperthyroid Guy: My DNA moved.	甲亢哥：我本能被唤醒了	Hyperactive Guy: My instincts have been awakened.	Jiakang Bro: my DNA just moved
B-MIX-146	MIX	74.12	82.84	8.72	62.07	74.78	12.71	100	0	-100	bro以为自己在演致命ID	"""Bro"" thought he was ""acting out a deadly ID."""	这哥们以为自己在演致命ID	This guy thinks he's playing a deadly game of ID.	bro thinks he's starring in Identity
B-MIX-147	MIX	90.06	93.41	3.35	75.97	77.59	1.62	0	0	0	干嘛突然cos班主任	Why are you suddenly cosplaying as the class monitor?	干嘛突然扮演班主任	Why are you suddenly acting like the class monitor?	why are you suddenly cosplaying as the homeroom teacher
B-MIX-148	MIX	77.58	62.37	-15.21	55.82	65.52	9.70	100	0	-100	神作，没见过的mad种类呢	"""Divine creation, what kinds of mad (or strange) things have you not seen?"""	神作，没见过的混剪视频种类呢	"""Divine creation, what kinds of unseen mixed-cut videos are there?"""	a masterpiece — a kind of MAD I've never seen before
B-PYA-109	PYA	88.06	87.75	-0.32	54.39	55.67	1.28	0	100	100	拍了拍博士的石棺盖子hhhhh	Gently patted the stone coffin lid, hhhhhh.	拍了拍博士的石棺盖子哈哈哈哈哈	"Gently patting the stone coffin lid, ""Hahahahaha!"""	gave the Doctor's stone coffin lid a little pat hahaha
B-PYA-110	PYA	64.89	94.17	29.29	46.79	56.68	9.89	0	100	100	万恶的zi ben jia	"The phrase ""万恶的zi ben jia"" translates to ""the most evil self-interest"" in English."	万恶的资本家	"The translation of ""万恶的资本家"" into English is: ""The evil capitalist."""	the evil capitalists
B-PYA-111	PYA	43.84	73.35	29.50	50.88	72.87	21.98	0	0	0	就说问啥听不到，nnd只带了一个耳机	"""Even if you ask, you can't hear, nnd (non-standard or informal for 'and') only brought one earphone."""	就说问啥听不到，奶奶的只带了一个耳机	Even if you ask, you can't hear anything; Grandma only brought one earphone.	no wonder he said he couldn't hear anything — damn it, he only brought one earbud
