uid	category	xcomet_noisy	xcomet_clean	xcomet_d	kiwi_noisy	kiwi_clean	kiwi_d	nta_noisy	nta_clean	nta_d	src_noisy	hyp_noisy	src_clean	hyp_clean	ref_en
B-HOM-001	HOM	89.22	96.07	6.85	60.06	83.73	23.67	0	0	0	酱紫也行？那我也试试	Is this okay too? Then I'll give it a try.	这样子也行？那我也试试	Is this okay? Then I'll give it a try too.	this works? then let me try too
B-HOM-002	HOM	97.72	99.76	2.04	60.95	82.28	21.33	100	0	-100	你怎么酱紫说话，人家会误会的	Why are you speaking like this? People might misunderstand.	你怎么这样子说话，人家会误会的	Why do you speak like that? People might misunderstand.	why do you talk like that, people will misunderstand
B-HOM-003	HOM	99.49	99.87	0.38	80.72	84.16	3.44	0	0	0	各位童鞋注意了，期末考试要来了	Attention everyone, the final exams are coming.	各位同学注意了，期末考试要来了	Attention, students, the final exams are coming.	attention classmates, final exams are coming
B-HOM-004	HOM	98.33	99.05	0.73	82.87	83.59	0.72	100	100	0	童鞋们帮我看看这道题怎么做	Classmates, please help me see how to solve this problem.	同学们帮我看看这道题怎么做	Classmates, please help me see how to solve this problem.	classmates help me figure out this problem
B-HOM-005	HOM	94.69	97.01	2.33	71.02	82.53	11.51	100	100	0	我真的好稀饭这个博主，太搞笑了	I really like this blogger, they're so funny.	我真的好喜欢这个博主，太搞笑了	I really like this blogger, they're so funny.	I really like this creator, too funny
B-HOM-006	HOM	87.93	100.00	12.07	70.73	83.72	12.99	0	100	100	你是不是稀饭我？直说嘛	Do you have a crush on me? Just say it.	你是不是喜欢我？直说嘛	Do you like me or not? Just say it.	do you like me? just say it
B-HOM-007	HOM	95.29	97.78	2.49	74.66	83.19	8.53	100	100	0	今天又是杯具的一天，出门忘带钥匙	Today is another tragic day; I forgot to bring my keys when I went out.	今天又是悲剧的一天，出门忘带钥匙	Today is another tragic day; I forgot to bring my keys when I went out.	another tragic day, forgot my keys going out
B-HOM-008	HOM	91.77	100.00	8.23	53.73	84.30	30.57	100	100	0	人生就是一个杯具接着一个杯具	Life is just one tragedy after another.	人生就是一个悲剧接着一个悲剧	Life is just one tragedy after another.	life is one tragedy after another
B-HOM-009	HOM	84.78	90.70	5.92	64.31	79.34	15.03	0	0	0	游戏过于神金，不确定先从哪里笑起	The game is too divine, not sure where to start laughing.	游戏过于神经，不确定先从哪里笑起	The game is too nerve-wracking, not sure where to start laughing.	this game is so unhinged, not sure where to start laughing
B-HOM-010	HOM	88.09	94.22	6.13	78.03	68.39	-9.64	0	100	100	都说我做饭神金，今天就做神金给你们吃	Everyone says I'm a cooking genius, so today I'll make something amazing for you to eat.	都说我做饭神经，今天就做神经给你们吃	Everyone says I'm crazy about cooking, so today I'll cook something crazy for you.	y'all say I'm crazy in the kitchen, so today I'm cooking crazy for you
B-HOM-011	HOM	87.55	95.56	8.01	58.33	82.51	24.18	0	0	0	世界上最神金的行为	The most magical behavior in the world.	世界上最神经的行为	The most neurotic behavior in the world.	the most unhinged behavior in the world
B-HOM-012	HOM	67.75	76.92	9.17	48.04	65.07	17.03	0	0	0	被这离谱的主播笑拥了	Laughing out loud at this ridiculous streamer.	被这离谱的主播笑晕了	Laughed to the point of fainting by this ridiculous streamer.	I'm dead from this absurd streamer
B-HOM-013	HOM	87.27	92.17	4.90	69.86	70.98	1.12	0	0	0	笑拥了！带货主播推荐的迷惑水果太离谱了吧	LOL! The bizarre fruits recommended by the influencer are just too outrageous!	笑晕了！带货主播推荐的迷惑水果太离谱了吧	LOL! The bizarre fruits recommended by the livestreaming host are just too outrageous!	I’m dying laughing! Those weird fruits promoted by live stream sales hosts are ridiculous.
B-HOM-014	HOM	90.37	93.00	2.63	74.77	78.74	3.97	0	0	0	新来的00后程序员写的代码，看到这段注释真的快把我笑拥了	The code written by the new Gen Z programmer, seeing this comment really made me laugh.	新来的00后程序员写的代码，看到这段注释真的快把我笑晕了	The code written by the new Gen Z programmer, seeing this comment almost made me laugh out loud.	the new Gen Z programmer's code, seeing this comment almost killed me laughing
B-HOM-016	NEO	74.05	89.53	15.48	57.40	67.90	10.50	0	100	100	考试没复习直接寄，明年再来	Didn't review for the exam, just winged it, will try again next year.	考试没复习直接完了，明年再来	Didn't review for the exam at all, it's over. I'll try again next year.	didn't study for the exam, it's over, see you next year
B-HOM-018	HOM	69.90	71.41	1.50	37.21	63.97	26.76	0	0	0	火钳流明，这帖子要火	This post is going to be popular.	火前留名，这帖子要火	Leave a mark before it goes viral, this post is going to blow up.	leaving a name before this blows up, this post is about to go viral
B-HOM-019	HOM	92.81	96.75	3.94	54.70	84.80	30.09	0	0	0	雀食好笑，不骗你	Really funny, not kidding you.	确实好笑，不骗你	It's really funny, I'm not kidding you.	it's genuinely funny, no cap
B-HOM-021	HOM	97.40	98.89	1.48	80.85	84.60	3.75	0	0	0	沃草，这无人机表演太震撼了	Wow, this drone show is so impressive.	我操，这无人机表演太震撼了	Wow, this drone show is so amazing!	holy crap, this drone show is insane
B-HOM-023	HOM	80.86	91.91	11.05	51.24	41.24	-10.00	0	100	100	你想peach呢，哪有这么好的事	You want to peach, there's no such good thing.	你想屁吃呢，哪有这么好的事	You're dreaming, there's no such good thing.	you're dreaming, how can something that good happen
B-HOM-024	HOM	95.19	96.85	1.66	79.97	84.26	4.28	100	100	0	别虾扯蛋了，老师说的都是真的吗	Stop talking nonsense, is everything the teacher said true?	别瞎扯淡了，老师说的都是真的吗	Stop talking nonsense, is everything the teacher said true?	stop talking BS, is what the teacher said even true
B-HOM-025	HOM	75.99	70.29	-5.69	57.11	57.52	0.41	0	0	0	先报上自己的分数啊搞辣菜	First, report your score, you noob.	先报上自己的分数啊搞拉踩	Report your own score first before trying to bring others down.	dropping your score first before throwing shade smh
B-HOM-026	HOM	89.64	95.87	6.23	57.12	76.06	18.94	100	100	0	蚌埠住了，腾讯这泄密处理速度也太快了吧	I can't hold it anymore, Tencent's speed in handling leaks is just too fast.	绷不住了，腾讯这泄密处理速度也太快了吧	Can't hold it in anymore, Tencent's speed in handling leaks is just too fast.	I can't hold it in anymore, Tencent's speed in handling this leak is just too fast
B-HOM-027	HOM	79.08	73.70	-5.38	64.77	70.91	6.14	0	0	0	嗷利给，西班牙第一了	Aúpa, Spain is number one!	奥利给，西班牙第一了	Awesome, Spain is number one!	Aigoo Spain took first place let's gooo
B-HOM-028	HOM	76.01	85.65	9.64	48.03	77.53	29.50	0	0	0	这配置针不戳，性价比拉满	This setup is excellent, offering great value for money.	这配置真不错，性价比拉满	This configuration is really good, offering great value for money.	This setup slaps, value for money off the charts
B-HOM-029	HOM	63.59	61.28	-2.32	45.77	56.96	11.18	0	0	0	赛里木湖这操作针不戳啊，景区打人还能辞退就完事了？	The operation at Sayram Lake is really something, can the scenic area just fire people after hitting them?	赛里木湖这操作真不错啊，景区打人还能辞退就完事了？	The operation at Sayram Lake is really something, can the scenic area just fire people after hitting them?	Sarim Lake's handling is just great, beating people at a scenic spot and just firing them is that it?
B-HOM-030	HOM	93.87	97.81	3.93	45.76	79.71	33.95	100	100	0	蚌埠住了，这也太好笑了吧	I can't hold it in, this is just too funny.	绷不住了，这也太好笑了吧	I can't hold it in, this is just too funny.	bruh I can't hold it in this is too funny lmao
B-HOM-031	HOM	93.97	86.34	-7.62	78.18	71.51	-6.67	0	0	0	卧槽317万年终奖就这么没了？	What the heck, the 3.17 million year-end bonus is just gone like that?	我操317万年终奖就这么没了？	Did I just lose my 3.17 million year-end bonus like that?	Wtf, 3.17 million year-end bonus just gone like that?
B-HOM-032	HOM	76.13	92.94	16.81	71.94	80.76	8.82	0	100	100	你就耗子尾汁吧，别折腾了	Just drink the mouse tail juice and stop messing around.	你就好自为之吧，别折腾了	Take care of yourself and stop making a fuss.	watch yourself bro stop messing around
B-HOM-033	HOM	92.14	91.17	-0.96	60.93	72.43	11.50	100	100	0	王虹这波属实深藏blue了，拿完奖还这么低调	Wang Hong is truly hiding her talents; even after winning the award, she remains so low-key.	王虹这波属实深藏不露了，拿完奖还这么低调	Wang Hong is truly keeping a low profile this time; even after winning the award, she remains so modest.	Wang Hong has truly been hiding her talents, so low-key after winning the award
B-HOM-034	HOM	92.15	96.98	4.84	47.22	78.05	30.83	100	100	0	蚌埠住了这也太搞笑了	I can't hold it in, this is too funny.	绷不住了这也太搞笑了	This is too funny, I can't hold it in anymore.	can't hold it in anymore this is way too funny fr
B-HOM-035	HOM	73.96	93.19	19.24	49.77	78.93	29.15	0	100	100	看到50亿离婚案的消息我直接蓝瘦香菇	Seeing the news of the 5 billion divorce case, I was directly overwhelmed.	看到50亿离婚案的消息我直接难受想哭	Seeing the news about the 5 billion divorce case made me feel upset and want to cry.	Seeing the news about the 5 billion divorce case, I'm so sad I could cry
B-HOM-036	HOM	80.28	92.73	12.45	51.41	83.65	32.24	0	100	100	针不戳，这个视频做得真好	Awesome, this video is really well made.	真不错，这个视频做得真好	Not bad, this video is really well made.	not bad this video is actually fire
B-HOM-037	HOM	88.28	91.56	3.28	56.87	68.65	11.77	0	100	100	这景区管理duck不必，7个人打一个司机	The management of this scenic area is unnecessary, seven people beating up one driver.	这景区管理大可不必，7个人打一个司机	The management of this scenic area is really unnecessary; seven people beating up one driver.	This scenic area management is totally unnecessary, 7 people beating one driver
B-HOM-038	HOM	99.12	99.38	0.26	58.80	84.02	25.22	0	0	0	这个颜色灰常好看	This color looks very nice.	这个颜色非常好看	This color looks very nice.	this color looks really good ngl
B-HOM-039	HOM	83.74	90.93	7.19	49.09	59.24	10.15	0	0	0	腾讯这波操作属于是虾仁猪心了	Tencent's move is really ruthless.	腾讯这波操作属于是杀人诛心了	Tencent's move is truly a heartbreaker.	Tencent's move this time is truly adding insult to injury
B-HOM-040	HOM	93.72	88.28	-5.44	58.11	60.52	2.41	0	0	0	有内味了，就是这个感觉	It has that vibe, this is the feeling.	有那味了，就是这个感觉	That's the vibe, that's exactly the feeling.	got that vibe this is the feeling
B-HOM-041	HOM	68.21	88.80	20.58	54.67	77.00	22.33	0	0	0	泄密被辞退永不录用，这员工只能耗子喂汁了	"Being dismissed for leaking secrets and never being rehired, this employee can only ""haozi weizhi"" (a play on words suggesting ""to drink rat poison"")."	泄密被辞退永不录用，这员工只能好自为之了	Being dismissed for leaking secrets and never being rehired, this employee can only look out for themselves now.	Fired for leaking and never to be rehired, this employee better watch out
B-HOM-042	HOM	96.35	97.82	1.47	74.14	78.60	4.46	0	0	0	这部剧的女主造型好康	The female lead's styling in this drama is great.	这部剧的女主造型好看	The female lead's styling in this drama is beautiful.	the female lead's look in this drama is gorgeous
B-HOM-043	HOM	72.65	50.32	-22.33	61.71	52.67	-9.04	0	0	0	耗子尾汁，好自为之吧	Rat tail juice, take care of yourself.	好自为之，好自为之吧	Take care of yourself, take care of yourself.	Learn your lesson and shape up.
B-HOM-044	HOM	92.75	93.29	0.54	48.60	80.83	32.23	0	0	0	这个操作太虾仁了	This action is too cruel.	这个操作太吓人了	This operation is too frightening.	this play is straight up terrifying
B-HOM-045	HOM	88.05	77.64	-10.40	63.36	58.41	-4.95	0	0	0	中国女排这波直接丸辣，美国队不服不行	The Chinese women's volleyball team is unstoppable this time, and the American team has no choice but to accept it.	中国女排这波直接完啦，美国队不服不行	The Chinese women's volleyball team is completely done this time, the American team has to admit it.	China's women's volleyball team is done for this time, the US team has to admit defeat
B-HOM-046	HOM	80.41	100.00	19.59	71.84	83.61	11.77	0	100	100	鸭力好大，快要顶不住了	The duck's strength is so great, I can hardly hold on.	压力好大，快要顶不住了	The pressure is so great, I can hardly bear it anymore.	the pressure is so high can't hold on anymore
B-HOM-047	HOM	46.38	100.00	53.62	42.09	87.95	45.86	0	100	100	窝五碎！！！	I'm so sorry!!!	我五岁！！！	I am five years old!!!	I'm five years old!!!
B-HOM-048	HOM	89.63	89.00	-0.63	74.98	77.19	2.21	0	100	100	赛里木湖这事整得灰常离谱	The situation with Sayram Lake is extremely outrageous.	赛里木湖这事整得非常离谱	The situation with Sayram Lake is really outrageous.	The Sarim Lake incident is really outrageous
B-HOM-049	HOM	92.86	93.00	0.14	83.55	85.23	1.69	0	0	0	看完这帖子我直接笑嘻了	After reading this post, I couldn't stop laughing.	看完这帖子我直接笑死了	I laughed to death after reading this post.	after reading this post I'm dead lmao
B-HOM-050	HOM	81.89	99.41	17.51	64.10	86.47	22.37	0	100	100	看完这个视频我蕉绿了	After watching this video, I felt disappointed.	看完这个视频我焦虑了	After watching this video, I became anxious.	after watching this vid I'm straight up anxious
B-HOM-051	HOM	89.72	98.34	8.62	38.26	82.58	44.32	0	0	0	看完女排比赛我直接鸭梨山大	After watching the women's volleyball match, I felt a lot of pressure.	看完女排比赛我直接压力山大	After watching the women's volleyball match, I felt extremely stressed.	After watching the women's volleyball match, I'm under enormous pressure
B-HOM-052	HOM	63.71	69.77	6.06	66.00	69.25	3.25	0	0	0	笑鼠了！一会抛梗一会接梗	That's hilarious! Sometimes throwing out jokes, sometimes catching them.	笑死了！一会抛梗一会接梗	So funny! Sometimes throwing out jokes, sometimes catching them.	dying of laughter! one sec they set up the joke next sec they're playing along
B-HOM-053	HOM	89.60	90.29	0.69	65.73	67.16	1.43	0	0	0	测评娃哈哈高透史莱姆好好康	Reviewing Wahaha's high-transparency slime is very satisfying.	测评娃哈哈高透史莱姆好好看	Reviewing Wahaha's high-transparency slime looks great.	reviewing Wahaha's crystal clear slime it looks so good
B-HOM-054	HOM	94.55	97.37	2.82	50.32	83.61	33.29	0	0	0	窝巢，这也太厉害了吧	Wow, this is amazing!	我操，这也太厉害了吧	Wow, this is amazing!	wtf this is too insane bruh
B-HOM-055	HOM	78.89	96.80	17.91	74.12	80.12	6.00	0	0	0	笑的想鼠	Laughing like a mouse	笑的想死	Laughing to death.	laughing till I die
B-HOM-056	HOM	56.23	82.73	26.50	70.61	79.27	8.66	0	0	0	这里是孙吧忏悔室，一人忏悔一件你觉得最厨神的事	"This is Sunba's confessional room, where each person confesses one thing they consider their most ""chef-like"" act."	这里是孙吧忏悔室，一人忏悔一件你觉得最畜生的事	This is Sunba's confessional, where each person confesses the most despicable thing they think they've done.	welcome to Sun Bar confessional drop your most savage moment
B-HOM-057	HOM	83.81	99.03	15.22	77.98	83.30	5.33	0	0	0	关于玉玉症表妹喜欢上我的故事	"The story of my cousin with ""Yuyu syndrome"" falling in love with me."	关于抑郁症表妹喜欢上我的故事	The story of my cousin with depression falling in love with me.	the story of how my depressed cousin fell for me
B-HOM-058	HOM	83.43	96.61	13.18	74.78	85.00	10.22	0	100	100	这是我女朋友 羡慕吗笑抽们🤣	This is my girlfriend. Are you envious? Laughing out loud. 🤣	这是我女朋友 羡慕吗小丑们🤣	This is my girlfriend. Are you jealous, clowns? 🤣	this is my gf. jealous you clowns? 🤣
B-HOM-059	HOM	85.26	90.40	5.14	61.68	69.09	7.41	100	0	-100	麻辣烫我只认元娘娘，口味多好7	I only trust Yuan Niangniang for Malatang; the taste is so good.	麻辣烫我只认元娘娘，口味多好吃	When it comes to Malatang, I only trust Yuan Niangniang; the flavors are so delicious.	I only trust Yuan Niangniang for malatang it's so good
B-HOM-060	HOM	76.65	91.93	15.28	65.37	56.75	-8.63	0	0	0	可爱的小香猪变成了温暖的答辩	The adorable little piglet turned into a warm defense.	可爱的小香猪变成了温暖的大便	The cute little piglet turned into warm poop.	a cute little guinea pig turned into warm crap
B-HOM-061	HOM	92.17	94.79	2.61	78.64	83.73	5.09	0	100	100	我要笑亖了卧槽	I'm going to laugh to death, damn.	我要笑死了卧槽	I'm going to die laughing, WTF.	I'm gonna die laughing oh shit
B-HOM-062	HOM	72.38	92.61	20.23	71.54	72.60	1.06	0	0	0	时间长了搞亖你	Over time, it messes with you.	时间长了搞死你	Over time, it will wear you out.	I'll work you to death over time
B-HOM-063	HOM	79.97	82.36	2.40	64.38	65.96	1.58	0	0	0	笑亖了家人们谁懂啊	Laughing out loud, who among the family understands?	笑死了家人们谁懂啊	This is so funny, who would understand, family?	dying of laughter fam who understands
B-HOM-064	HOM	87.92	98.15	10.22	78.84	87.63	8.79	0	0	0	她居然紫砂了	She actually used purple clay.	她居然自杀了	She actually committed suicide.	she actually offed herself
B-HOM-065	HOM	56.76	56.24	-0.53	70.38	72.08	1.71	100	100	0	小哥：我真妹骗人！！我真给白衣女鬼送过餐！！你不知道哟！我魂都快没了，那餐是一点都没撒！！没办法，这就是哥的实力！	Dude: I'm not lying!! I really delivered food to the lady in white!! You have no idea! I was scared out of my wits, but I didn't spill a single bit of that meal!! There's no helping it, that's just how skilled I am!	小哥：我真没骗人！！我真给白衣女鬼送过餐！！你不知道哟！我魂都快没了，那餐是一点都没撒！！没办法，这就是哥的实力！	Little Bro: I'm really not lying!! I really delivered food to the lady in white!! You have no idea! I was almost scared out of my wits, but not a single bit of that meal was spilled!! There's no helping it, that's just my skill!	Bro: I seriously didn't lie!! I really delivered food to the girl ghost in white!! You don't know! I nearly lost my soul, not a single drop spilled on that delivery! No choice, this is bro's skill!
B-HOM-066	HOM	66.00	79.75	13.75	56.75	54.34	-2.41	0	100	100	博主成功把中二拍成沙子了	The blogger successfully turned the cringe into sand.	博主成功把中二拍成傻子了	The blogger successfully made the chuunibyou look like a fool.	The blogger successfully made the edgy act look like a fool
B-HOM-067	HOM	79.92	92.56	12.64	65.24	83.84	18.61	0	0	0	肺雾才需要爱情，神都是孤独的	Only lungs need love; gods are lonely.	废物才需要爱情，神都是孤独的	Only the worthless need love; gods are solitary.	Only the weak yearn for love; gods are destined to be alone.
B-HOM-068	HOM	97.90	98.72	0.82	73.41	85.33	11.93	100	100	0	我在学校哭别人鸟都不鸟我	I cried at school, but no one paid any attention to me.	我在学校哭别人理都不理我	I cried at school, but no one paid any attention to me.	I cried at school and nobody even paid attention to me
B-HOM-069	HOM	79.19	93.49	14.30	46.50	59.11	12.61	0	0	0	现场偷挖被抓,夺笋呐!	Caught stealing bamboo shoots on site, how outrageous!	现场偷挖被抓,多损呐!	Caught stealing on site, how unfortunate!	Caught digging secretly on site, so savage!
B-HOM-070	HOM	76.33	87.03	10.69	66.61	79.68	13.06	0	100	100	这个特效针不戛！	This special effect injection is not effective!	这个特效真不尬！	The special effects are not awkward at all!	This special effect is really not cringe!
B-HOM-071	HOM	80.22	89.32	9.11	25.99	60.41	34.42	100	100	0	要泥寡,雨女无瓜!	It's none of your business!	要你管,与你无关!	None of your business, it's not related to you!	Mind your own business, it's none of your business!
B-HOM-072	HOM	80.17	96.08	15.91	50.70	82.75	32.05	0	0	0	依托答辩是什么意思	"What does ""依托答辩"" mean?"	一坨大便是什么意思	What does a pile of poop mean?	What does 'a pile of shit' mean?
B-HOM-073	HOM	60.89	98.03	37.15	47.44	80.68	33.24	0	100	100	哈哈哈哈哈哈哈夺笋呐	Hahahahahahaha, taking bamboo shoots!	哈哈哈哈哈哈哈多损呐	Hahaha, how mean!	hahahahaha so mean lol
B-HOM-074	HOM	64.88	93.99	29.11	70.78	80.50	9.72	0	100	100	“雨女无瓜”这么好笑吗是挺好笑的	"""Does 'rain girl has no melon' sound funny? It is quite funny."""	“与你无关”这么好笑吗是挺好笑的	"""Is 'none of your business' that funny? It is quite funny."""	Is 'none of your business' really that funny? It is pretty funny
B-HOM-075	HOM	62.20	84.26	22.05	45.15	82.10	36.96	0	100	100	还有给	There is also for.	还有gay	There are also gay people.	Also got gay vibes
B-HOM-076	HOM	92.17	93.78	1.61	77.04	81.63	4.60	100	100	0	这显卡价格真是辣鸡，还买什么啊	The price of this graphics card is really garbage, why even buy it?	这显卡价格真是垃圾，还买什么啊	The price of this graphics card is really garbage, why would anyone buy it?	This GPU price is really trash, why even buy it
B-HOM-077	HOM	62.43	72.18	9.75	63.44	67.80	4.36	0	100	100	我丢！上班路上刷到路边广告牌被“风”掀了个角，原来是京东618的整活！这波操作简直泰裤辣！	"Wow! On my way to work, I saw a roadside billboard with a corner lifted by the ""wind,"" and it turned out to be a stunt for JD.com's 618 event! This move is absolutely amazing!"	我丢！上班路上刷到路边广告牌被“风”掀了个角，原来是京东618的整活！这波操作简直太酷啦！	"Wow! On my way to work, I saw a roadside billboard with a corner lifted by the ""wind,"" and it turns out it's a stunt for JD.com's 618 event! This move is just so cool!"	No way! On my way to work I saw a roadside billboard get lifted by the 'wind', turns out it was JD 618's stunt! This move is just too cool!
B-HOM-078	HOM	74.11	80.01	5.91	60.88	70.56	9.68	0	100	100	“泰酷辣”大人三周年	"""Taikula"" Third Anniversary"	“太酷啦”大人三周年	"""Too Cool"" 3rd Anniversary for Adults"	Third anniversary of Lord 'So Cool'
B-HOM-079	HOM	90.23	90.80	0.57	55.32	66.58	11.25	0	0	0	前车：不二？	The car in front: Buer?	前车：不是？	Front car: Isn't it?	The car in front: Wait, what?
B-HOM-080	HOM	71.96	80.92	8.95	70.80	74.90	4.10	0	100	100	10店睡，身体还以为是午休呢，凌晨又把他们叫醒了	Slept for 10 hours, the body still thought it was a nap, and woke them up again at midnight.	10点睡，身体还以为是午休呢，凌晨又把他们叫醒了	Going to bed at 10 feels like a nap to the body, and it wakes them up again in the middle of the night.	Going to sleep at 10, my body thought it was nap time, then woke me up at dawn
B-HOM-081	HOM	53.81	98.76	44.95	43.02	66.04	23.02	0	100	100	tree 波Q	tree wave Q	三杀	Triple kill	Triple kill
B-HOM-082	HOM	62.91	65.67	2.76	57.38	58.95	1.56	0	0	0	笑死我了粽横天虾至今一直在罚时闯过了零个关卡	I'm laughing to death, Zong Heng Tian Xia has been penalized all this time and hasn't passed a single level.	笑死我了纵横天下至今一直在罚时闯过了零个关卡	I'm laughing to death, I've been roaming the world and have yet to clear a single level despite being penalized for time.	Dying of laughter, the one who conquers the world has been in timeout, passing zero challenges
B-HOM-083	HOM	84.63	96.49	11.86	57.80	76.59	18.80	0	0	0	怎么达不溜小兵了	Why can't I play Little Soldiers anymore?	怎么打不了小兵了	Why can't I attack the minions anymore?	Why can't I target the minions?
B-HOM-084	HOM	81.59	98.29	16.69	75.15	83.69	8.54	0	100	100	！？雀潮？！	!? Sparrow tide!?	！？雀巢？！	!? Nestlé!?	!? Nestle!?
B-HOM-085	HOM	100.00	99.76	-0.24	81.91	84.12	2.22	0	0	0	此人知识面级广	This person has a very broad range of knowledge.	此人知识面极广	This person has a very broad knowledge.	This person's knowledge is extremely broad
B-HOM-086	HOM	93.09	92.78	-0.32	82.15	83.17	1.02	0	0	0	蛇：卧槽，怎么又是他	Snake: Damn, it's him again.	蛇：我的天，怎么又是他	Snake: My goodness, it's him again.	Snake: Oh my god, why is it him again
B-HOM-087	HOM	81.12	79.69	-1.42	61.97	72.40	10.43	0	100	100	生物钟:补药呀！我才调整好	Biological clock: Tonic! I just got it adjusted.	生物钟:不要呀！我才调整好	Biological clock: No! I just got adjusted.	Biological clock: No! I just got it adjusted
B-HOM-088	HOM	65.61	92.16	26.55	69.20	80.53	11.33	0	100	100	鸡本功来了，视频就有了。起飞！	Jiben Gong is here, and the video is ready. Take off!	基本功来了，视频就有了。起飞！	The basic skills are here, and the video is ready. Take off!	When the basic skills kick in, the video just takes off! Liftoff!
B-HOM-089	HOM	44.94	86.84	41.90	51.57	85.29	33.72	0	0	0	食不食油饼	Do you eat fried pancakes?	是不是有病	Is there something wrong?	Are you out of your mind?
B-HOM-090	HOM	44.11	99.29	55.18	47.43	83.26	35.83	0	0	0	香精煎鱼食不食	Do you eat fried fish with seasoning?	想进监狱是不是	Do you want to go to jail?	Do you want to end up in prison?
B-HOM-091	HOM	75.79	82.43	6.64	70.23	77.17	6.94	0	0	0	立马去郊区浇筑一个刚进混凝土的地下堡垒	Immediately go to the suburbs to pour a newly mixed concrete underground bunker.	立马去郊区浇筑一个钢筋混凝土的地下堡垒	Immediately go to the suburbs to pour a reinforced concrete underground bunker.	Head to the suburbs right away and build an underground bunker with rebar concrete
B-HOM-092	HOM	91.06	97.58	6.51	60.73	64.15	3.42	0	0	0	鸡本功扎实	The chicken's skills are solid.	基本功扎实	Solid foundation.	Solid basic skills
B-HOM-093	HOM	96.11	99.83	3.72	54.58	73.00	18.42	100	100	0	蚌不住了	Can't hold it anymore.	绷不住了	Can't hold it in anymore.	Can't hold it in anymore
B-HOM-094	HOM	85.32	96.46	11.14	67.10	81.86	14.75	0	100	100	冷芝士：袜子不是茶包	Cold cheese: Socks are not tea bags.	冷知识：袜子不是茶包	Fun fact: Socks are not tea bags.	Fun fact: socks are not tea bags
B-HOM-095	HOM	88.16	90.69	2.53	68.88	62.65	-6.23	0	100	100	就说00这一套真的超级好看的，我可以安心的似了	Just saying, this whole 00 set is really super good-looking, I can be at ease now.	就说00这一套真的超级好看的，我可以安心的死了	This set from 00 is really super good-looking, I can die in peace now.	This 00 outfit is really super good-looking, I can finally rest in peace
B-NEO-002	NEO	95.37	95.86	0.50	83.11	83.53	0.42	100	100	0	我们不是供人围观的工具人！	We are not tools for people to gawk at!	我们不是供人围观的工具！	We are not tools for people to gawk at!	we're not tools for people to watch!
B-NEO-003	NEO	92.26	86.61	-5.65	78.10	75.56	-2.54	0	100	100	又被割韭菜了，这理财产品全是坑	Got scammed again, these financial products are all traps.	又被宰了，这理财产品全是坑	Got ripped off again, these financial products are all traps.	I got ripped off again, this wealth management product is full of traps.
B-NEO-004	NEO	95.69	93.99	-1.70	81.14	80.04	-1.10	100	0	-100	品牌联名就是割韭菜，质量差价格高	Brand collaborations are just a way to rip off consumers, with poor quality and high prices.	品牌联名就是坑人，质量差价格高	Brand collaborations are a rip-off, with poor quality and high prices.	Co-branded products are just a way to rip off customers with poor quality and high prices.
B-NEO-005	NEO	98.24	98.30	0.07	73.89	85.81	11.92	0	0	0	别带节奏了，事情不是你想的那样	Stop stirring things up; it's not what you think.	别煽动舆论了，事情不是你想的那样	Stop stirring up public opinion; things are not as you think.	stop stirring things up, it's not what you think
B-NEO-006	NEO	95.07	97.30	2.24	75.67	83.14	7.47	0	0	0	评论区全是在带节奏的，真相没人关心	The comment section is full of people stirring things up; no one cares about the truth.	评论区全是在煽动舆论的，真相没人关心	The comment section is full of people stirring up public opinion; no one cares about the truth.	comments section full of people stirring drama, nobody cares about the truth
B-NEO-007	NEO	98.79	91.25	-7.54	78.82	72.37	-6.45	100	0	-100	杠精无处不在，说啥都要反驳	Contrarians are everywhere, always arguing against whatever is said.	抬杠的人无处不在，说啥都要反驳	People who argue for the sake of arguing are everywhere, and they have to contradict everything you say.	contrarians are everywhere, they rebut everything you say
B-NEO-008	NEO	97.59	97.00	-0.59	79.57	77.29	-2.28	0	0	0	遇到杠精最好的办法就是不理他	The best way to deal with a troll is to ignore them.	遇到抬杠的人最好的办法就是不理他	The best way to deal with someone who argues for the sake of arguing is to ignore them.	the best way to deal with a contrarian is to ignore them
B-NEO-009	NEO	65.88	82.84	16.96	47.24	77.50	30.26	0	0	0	芭比Q了，半夜点外卖忘备注别敲门	Barbecue is ruined; I forgot to note not to knock on the door when ordering takeout at midnight.	完了，半夜点外卖忘备注别敲门	"Done, I forgot to note ""don't knock on the door"" when ordering takeout at midnight."	I'm cooked, ordered delivery at midnight and forgot to leave a note saying don't knock
B-NEO-010	NEO	96.11	96.89	0.78	56.28	81.37	25.09	0	0	0	选择你的躲藏点，被抓到就芭比Q了	Choose your hiding spot, if you're caught, it's game over.	选择你的躲藏点，被抓到就完了	Choose your hiding spot, getting caught means it's over.	pick your hiding spot, if you get caught you're done for
B-NEO-011	NEO	70.34	95.36	25.02	65.81	82.69	16.88	0	0	0	看到肯德基9.9的那一刻，我的班味瞬间就没了	The moment I saw KFC's 9.9 deal, my craving for homemade food instantly disappeared.	看到肯德基9.9的那一刻，我的上班疲惫感瞬间就没了	The moment I saw the 9.9 deal at KFC, my work fatigue instantly disappeared.	the moment I saw KFC 9.9, my work exhaustion instantly vanished
B-NEO-012	NEO	93.26	92.91	-0.35	80.16	80.23	0.08	0	0	0	人一旦染上班味，这辈子就去不掉了	Once a person gets accustomed to the office atmosphere, they can never shake it off for the rest of their life.	人一旦染上上班的气息，这辈子就去不掉了	Once a person catches the scent of going to work, they can never get rid of it for the rest of their life.	once you catch the work vibe, it never leaves you
B-NEO-013	NEO	65.17	77.17	12.00	70.07	79.01	8.94	0	0	0	十多块的塔斯汀五件套，横扫我一天班味	The Tustin five-piece set, which costs more than ten bucks, sweeps away the smell of my day at work.	十多块的塔斯汀五件套，横扫我一天上班的疲惫感	The Tustin five-piece set, which costs over ten dollars, sweeps away my workday fatigue.	a 10-something yuan Tastien 5-piece meal wipes away my whole day of work fatigue
B-NEO-014	NEO	83.16	69.04	-14.12	73.59	74.03	0.44	0	0	0	净化班味，用了这头像直接演绎出我的精神状态	Purifying the class atmosphere, this avatar directly portrays my mental state.	净化上班的疲惫感，用了这头像直接演绎出我的精神状态	Purify the fatigue of going to work, using this profile picture directly illustrates my mental state.	cleansing away the work fatigue — this avatar perfectly captures my mental state
B-NEO-015	NEO	68.23	79.50	11.28	56.33	72.82	16.49	100	0	-100	等等党赢麻了，建议收藏	Wait, the party has won big, I suggest saving this.	等待降价的人赢得非常彻底，建议收藏	Those waiting for a price drop have won thoroughly; it's recommended to save it.	the wait-for-a-deal crew won big time, saving this
B-NEO-016	NEO	93.33	84.16	-9.17	64.89	76.63	11.74	0	0	0	看似输了实际赢麻了	It seems like a loss, but actually, it's a big win.	看似输了实际赢得非常彻底	It seems like a loss, but in reality, it is a very thorough win.	looks like they lost but actually won big
B-NEO-017	NEO	86.59	81.66	-4.92	56.59	79.28	22.68	100	0	-100	纯爱战神轰然倒地	The pure love war god fell to the ground with a crash.	只支持纯爱的人轰然倒地	People who only support pure love collapse suddenly.	the pure love warrior has fallen
B-NEO-018	NEO	98.47	98.41	-0.06	66.38	82.10	15.72	100	0	-100	谨以此片献给每一位纯爱战神	This film is dedicated to every pure love warrior.	谨以此片献给每一位只支持纯爱的人	This film is dedicated to everyone who supports pure love.	dedicating this film to every pure love warrior out there
B-NEO-019	NEO	92.09	94.69	2.60	71.56	86.81	15.24	0	100	100	兄弟们我润美国了	Brothers, I have moved to the United States.	兄弟们我移民美国了	Brothers, I have immigrated to the United States.	bros I emigrated to the US
B-NEO-020	NEO	92.30	95.11	2.80	76.92	82.22	5.30	0	0	0	公司要黄了的5个征兆，当公司开始严抓考勤，你该考虑润了	Five signs a company is going under: When the company starts strictly enforcing attendance, you should consider leaving.	公司要黄了的5个征兆，当公司开始严抓考勤，你该考虑跑了	Five signs a company is going under: When the company starts strictly enforcing attendance, you should consider leaving.	5 signs your company is going under, when they start cracking down on attendance, you should consider bouncing
B-NEO-021	NEO	93.84	92.93	-0.91	79.32	76.31	-3.01	100	0	-100	赛博朋克2077，极致嘴臭极致享受	Cyberpunk 2077, ultimate trash talk, ultimate enjoyment.	赛博朋克2077，极致骂人极致享受	Cyberpunk 2077, ultimate criticism, ultimate enjoyment.	Cyberpunk 2077, ultimate trash talk ultimate enjoyment
B-NEO-023	NEO	97.09	96.99	-0.10	78.49	79.05	0.56	0	0	0	孙红雷演技炸裂，20万人打出7.5分	Sun Honglei's acting is outstanding, with 200,000 people giving it a score of 7.5.	孙红雷演技极其震撼，20万人打出7.5分	Sun Honglei's performance is extremely impressive, with 200,000 people giving it a score of 7.5.	Sun Honglei's acting is absolutely insane, 200k people rated 7.5
B-NEO-024	NEO	88.32	88.37	0.05	69.63	75.61	5.98	100	100	0	赛博诵经让老外陷入疯狂	Cyber chanting drives foreigners crazy.	虚拟诵经让老外陷入疯狂	Virtual chanting drives foreigners crazy.	cyber chanting is driving foreigners crazy
B-NEO-025	NEO	86.89	87.97	1.08	70.88	74.01	3.13	100	0	-100	国庆宅家的赛博生活	Cyber life at home during National Day	国庆宅家的虚拟网络生活	Virtual online life at home during National Day	National Day stay-at-home cyber life
B-NEO-026	NEO	69.06	81.77	12.71	74.54	70.17	-4.37	0	100	100	高考第一批显眼包出现了，青蛙玩偶花式助阵	The first batch of eye-catching packages for the college entrance exam has appeared, with frog dolls offering stylish support.	高考第一批爱出风头的人出现了，青蛙玩偶花式助阵	The first batch of attention-seekers from the college entrance examination has appeared, with frog mascots providing fancy support.	the first batch of attention-seekers at the college entrance exam showed up, frog mascots cheering in style
B-NEO-027	NEO	66.77	90.57	23.81	65.93	69.49	3.56	0	100	100	电子榨菜输出中，午饭点准时到	In the electronic mustard output, lunch arrives on time.	适合吃饭时看的视频输出中，午饭点准时到	Videos suitable for watching while eating, arriving right on time for lunch.	my mealtime video is on, right on time for lunch
B-NEO-028	NEO	90.88	94.88	3.99	76.43	82.76	6.33	0	100	100	这个综艺太下饭了，一口气看完	This variety show is so entertaining, I watched it all in one go.	这个综艺太适合吃饭时看了，一口气看完	This variety show is perfect to watch while eating; I finished it in one go.	this variety show is perfect meal content, binged the whole thing
B-NEO-029	NEO	81.95	82.89	0.94	72.53	71.27	-1.25	100	0	-100	发疯文学必备文案，笑死我了	Essential copy for crazy literature, it made me laugh to death.	宣泄式文字表达必备文案，笑死我了	Essential copy for cathartic writing expression, this made me laugh to death.	must-have lines for unhinged-rant posting, I'm dying laughing
B-NEO-030	NEO	99.24	99.89	0.65	83.22	85.65	2.43	100	100	0	社恐人的噩梦，大型聚会	A nightmare for socially anxious people: large gatherings.	社交恐惧症患者的噩梦，大型聚会	A nightmare for someone with social anxiety disorder: large gatherings.	a socially anxious person's worst nightmare, a huge gathering
B-NEO-031	NEO	90.02	94.98	4.96	70.21	83.71	13.50	100	100	0	找不到原剧了，这个当代餐先看	Can't find the original show, so I'll watch this as a temporary substitute.	找不到原剧了，这个当替代品先看	Can't find the original show, so I'll watch this as a substitute for now.	can't find the original, using this as a substitute for now
B-NEO-032	NEO	89.85	89.90	0.05	81.92	81.64	-0.29	0	0	0	花2000买nike感觉自己好像大冤种	Spending 2000 on Nike makes me feel like a big fool.	花2000买nike感觉自己好像大冤大头	Spending 2000 on Nike makes me feel like a big fool.	spent 2k on nikes feeling like a total sucker
B-NEO-033	NEO	89.63	87.94	-1.69	66.51	70.55	4.04	0	0	0	腾讯这波泄密直接破防了，317万说没就没	Tencent's leak this time directly broke the defense, and 3.17 million was gone just like that.	腾讯这波泄密直接崩溃了，317万说没就没	Tencent's leak this time was a complete collapse, 3.17 million was gone just like that.	Tencent's leak move really triggered a breakdown, 3.17 million gone just like that
B-NEO-034	NEO	52.21	91.52	39.31	71.00	76.53	5.54	0	100	100	梅老板今年真可怜，这么强的个人发挥啥没有得到	Boss Mei is really pitiful this year; despite such strong personal performance, he hasn't received anything.	梅西今年真可怜，这么强的个人发挥啥没有得到	Messi is really unfortunate this year; despite his strong individual performance, he hasn't received anything.	Messi had a rough year insane individual performance but got nothing
B-NEO-035	NEO	77.27	66.05	-11.22	60.29	58.25	-2.03	0	0	0	吃瓜吃到自己头上了，腾讯泄密员工就是本人	Got caught up in the drama myself; the Tencent employee who leaked the information is me.	看热闹看到自己头上了，腾讯泄密员工就是本人	Watching the commotion has come back to oneself; the Tencent employee who leaked information is me.	I was following the drama, only to realize I’m the Tencent staff member who leaked the information
B-NEO-036	NEO	87.28	84.80	-2.48	55.83	75.74	19.91	0	0	0	别搁这凡尔赛了，显摆啥呢	Stop showing off and being pretentious. What are you trying to flaunt?	别搁这炫耀了，显摆啥呢	Stop showing off here, what are you flaunting?	stop humble bragging already what are you flexing
B-NEO-037	NEO	98.28	99.90	1.62	82.84	85.96	3.12	0	0	0	显卡市场太内卷了，价格涨得离谱	The graphics card market is too competitive, and the prices have risen ridiculously.	显卡市场竞争太激烈了，价格涨得离谱	The competition in the graphics card market is too intense, and the prices have risen ridiculously.	The GPU market is hyper-competitive, prices rising outrageously
B-NEO-038	NEO	87.70	81.31	-6.39	70.60	67.59	-3.01	100	100	0	这帖子水分太大，灌水灌的	This post is full of fluff and spam.	这帖子水分太大，刷帖刷的	This post is full of fluff, just spamming.	this post is so watered down pure spam
B-NEO-039	NEO	92.23	92.55	0.32	68.37	78.87	10.51	0	100	100	打工人看完317万年终奖直接躺平了	After seeing the 3.17 million year-end bonus, the worker decided to take it easy.	打工人看完317万年终奖直接放弃了	After seeing the 3.17 million year-end bonus, the worker directly gave up.	Workers gave up striving after seeing the 3.17 million year-end bonus.
B-NEO-040	NEO	90.21	96.18	5.96	72.91	78.43	5.51	100	0	-100	这剧情给我整破防了	This plot completely broke my defenses.	这剧情给我整崩溃了	This plot has completely overwhelmed me.	this plot totally broke me fr fr
B-NEO-041	NEO	89.14	93.00	3.86	59.73	79.79	20.06	100	0	-100	这员工凡尔赛式晒年终奖，结果翻车了	This employee bragged about their year-end bonus in a humblebrag way, but it backfired.	这员工炫耀式晒年终奖，结果翻车了	The employee showed off their year-end bonus, but it backfired.	This employee flaunted their year-end bonus in a humble-brag way, and it backfired
B-NEO-042	NEO	96.10	99.72	3.61	69.01	83.06	14.05	0	0	0	这手机信号拉胯到离谱	The signal on this phone is ridiculously weak.	这手机信号差到离谱	The signal on this phone is ridiculously poor.	this phone signal is garbage to an absurd degree
B-NEO-043	NEO	96.70	97.87	1.17	74.37	84.88	10.51	0	0	0	你这个行为真的很下头	Your behavior is really disappointing.	你这个行为真的很扫兴	Your behavior is really disappointing.	your behavior is such a turnoff rn
B-NEO-044	NEO	87.27	88.64	1.38	74.43	78.10	3.67	100	100	0	赛里木湖这事太下头了，景区管理太离谱	The situation at Sayram Lake is really disappointing; the management of the scenic area is too outrageous.	赛里木湖这事太让人失望了，景区管理太离谱	The situation at Sayram Lake is very disappointing; the management of the scenic area is too outrageous.	The Sarim Lake incident is too disappointing, scenic area management is outrageous
B-NEO-045	NEO	96.25	92.74	-3.51	76.65	71.53	-5.11	100	0	-100	他这个人好油腻	He is such a sleazy person.	他这个人好油滑	He is such a slick person.	this guy is so sleazy ick
B-NEO-046	NEO	79.52	95.07	15.55	59.09	75.24	16.15	0	0	0	没绷住破绷了	Couldn't hold it together, broke down.	没绷住笑了	Couldn't help but laugh.	couldn't hold it in and totally lost it laughing
B-NEO-047	NEO	91.74	92.68	0.95	81.32	81.96	0.63	0	100	100	中国女排逆转美国，这波操作太上头了	The Chinese women's volleyball team made a comeback against the USA; this move was really impressive.	中国女排逆转美国，这波操作太让人激动了	The Chinese women's volleyball team made a comeback against the United States, and this move was really exciting.	China women's volleyball reversed against USA, this move is so hype
B-NEO-048	NEO	93.45	94.29	0.84	48.55	69.07	20.52	0	0	0	天天水经验，也不发点有用的帖子	Every day you just farm experience points without posting anything useful.	天天刷经验，也不发点有用的帖子	Every day you farm experience points, but you don't post anything useful.	farming XP every day never posting anything useful
B-NEO-049	NEO	97.02	97.81	0.79	60.95	66.01	5.06	100	100	0	这主播开挂实锤了，封号吧	This streamer is definitely cheating, ban them.	这主播作弊实锤了，封号吧	This streamer is definitely cheating, ban them.	this streamer is confirmed cheating, ban them
B-NEO-050	NEO	99.40	85.21	-14.19	82.63	74.74	-7.89	100	0	-100	内耗太严重了	The internal friction is too severe.	内部消耗太严重了	The internal consumption is too severe.	internal friction is too serious smh
B-NEO-051	NEO	93.42	93.35	-0.07	48.94	72.91	23.97	0	100	100	互联网嘴替实锤	The internet mouthpiece is confirmed.	互联网代言人实锤	Internet spokesperson confirmed	confirmed internet mouthpiece
B-NEO-052	NEO	30.74	55.06	24.31	52.96	50.80	-2.16	0	0	0	无职孝子还在嘴硬洗，服了	The unemployed filial son is still stubbornly making excuses, I'm impressed.	无职盲目辩护者还在嘴硬洗，服了	Unemployed blind defenders are still stubbornly justifying, I'm speechless.	Mushoku Tensei stans still hard-stanning give up
B-NEO-053	NEO	82.04	95.79	13.75	60.35	77.30	16.96	0	0	0	双持党表示苹果和华为都不够用	The dual-wielding party says that both Apple and Huawei are not enough.	同时用两部手机的人表示苹果和华为都不够用	People who use two phones at the same time say that both Apple and Huawei are not enough.	dual-phone gang saying neither Apple nor Huawei is enough
B-NEO-054	NEO	71.34	82.68	11.34	33.39	70.83	37.44	0	0	0	被种草了	Got influenced to like something.	被推荐心动了	Felt moved by the recommendation.	got recommended I'm tempted to buy
B-NEO-055	NEO	94.42	95.12	0.70	43.21	70.45	27.24	100	100	0	拔草了不买	Decided not to buy it.	打消购买念头了不买	Decided not to buy it.	nah I'm not buying
B-NEO-056	NEO	85.37	99.95	14.58	56.23	86.40	30.17	0	100	100	他好会整活	He's really good at creating content.	他好会搞怪	He's really good at being funny.	he's so good at being funny lol
B-NEO-057	NEO	95.53	98.70	3.17	80.03	83.36	3.33	0	0	0	这个太炸了	This is mind-blowing.	这个太震撼了	This is so shocking.	this is too insane
B-NEO-058	NEO	79.38	84.30	4.92	52.17	55.83	3.66	100	0	-100	景区打人还理直气壮的，真是绝绝子	The scenic spot staff hit people and still acted so righteously, it's truly unbelievable.	景区打人还理直气壮的，真是绝了	It's outrageous that the scenic spot staff hit people and still act so righteously.	Beating people at a scenic spot and still acting righteous, truly absolutely outrageous
B-NEO-059	NEO	93.85	95.04	1.19	71.10	84.01	12.92	0	0	0	破防了	I'm overwhelmed.	心理防线崩溃了	The psychological defense has collapsed.	I'm emotionally broken
B-NEO-060	NEO	98.07	100.00	1.93	66.96	86.16	19.20	100	100	0	这个太上头了	This is so addictive.	这个太上瘾了	This is too addictive.	this is too addictive can't stop
B-NEO-061	NEO	95.45	96.81	1.36	53.40	86.21	32.81	0	0	0	他好会营业	He's really good at engaging with fans.	他好会讨好粉丝	He is really good at pleasing his fans.	he's so good at playing to his fans
B-NEO-062	NEO	90.75	94.59	3.84	58.42	79.46	21.04	0	100	100	香港🇭🇰打车有这么卷吗？又难？	Is taking a taxi in Hong Kong really this competitive? Is it difficult?	香港🇭🇰打车竞争有这么激烈吗？又难？	Is the competition for taxis in Hong Kong 🇭🇰 really this intense? Is it also difficult?	is getting a taxi in HK this intense? so hard?
B-NEO-063	NEO	86.03	81.35	-4.68	76.65	53.75	-22.91	0	0	0	这帖子纯纯的钓鱼经验，别当真	This post is purely a baiting experience, don't take it seriously.	这帖子纯纯的骗经验，别当真	This post is purely for farming experience, don't take it seriously.	this post is pure bait for engagement don't fall for it
B-NEO-064	NEO	81.24	93.03	11.80	57.05	68.32	11.27	0	0	0	纯纯的牛马人生	A life of pure absurdity.	纯纯的打工人人生	A life purely of working.	pure wage slave life
B-NEO-065	NEO	78.96	98.71	19.75	78.38	86.14	7.76	0	0	0	是我不够糖吗	Am I not sweet enough?	是我不够傻吗	Am I not foolish enough?	am I not dumb enough? bruh
B-NEO-066	NEO	100.00	100.00	0.00	85.42	86.44	1.02	100	100	0	这何意味啊	What does this mean?	这什么意思啊	What does this mean?	what does this even mean
B-NEO-067	NEO	78.28	88.92	10.63	33.20	40.33	7.13	0	100	100	摆烂了，爱咋咋地	Giving up, whatever happens, happens.	放弃了，爱咋咋地	Gave up, whatever happens, happens.	I give up whatever happens happens
B-NEO-068	NEO	90.05	87.55	-2.51	67.61	70.56	2.96	0	0	0	摆烂一天算了	Just let it be for a day.	放弃一天算了	Give up for a day.	let me rot for a day whatever
B-NEO-069	NEO	79.13	86.07	6.94	62.19	82.61	20.42	0	0	0	内卷太严重了，打工人伤不起	The internal competition is too intense, and workers can't afford to be hurt.	过度竞争太严重了，打工人伤不起	Excessive competition is too severe, and workers can't afford to be hurt.	the rat race is too intense workers can't take it
B-NEO-070	NEO	93.29	93.28	-0.01	75.60	81.86	6.25	0	0	0	这波操作属实逆天了	This move is truly extraordinary.	这波操作属实超乎想象了	This move truly exceeded expectations.	this play is straight up insane
B-NEO-071	NEO	56.61	69.93	13.31	45.13	80.81	35.68	0	0	0	内卷到头秃，躺平又心慌	Stressed to the point of hair loss, yet anxious about doing nothing.	过度竞争到头秃，躺平又心慌	Excessive competition leads to hair loss, while lying flat causes anxiety.	rat race till you're bald quit competing but still anxious
B-NEO-072	NEO	72.83	95.36	22.53	82.23	84.29	2.06	0	0	0	不是哥们儿	Not a buddy.	不是吧，哥们儿	No way, dude.	no way bro come on
B-NEO-073	NEO	92.80	96.29	3.48	84.84	78.00	-6.84	100	100	0	说出一个旅游热度很低但实际很夯的城市	Name a city that is not very popular for tourism but is actually very trendy.	说出一个旅游热度很低但实际很高的城市	Name a city that is not very popular for tourism but is actually very interesting.	name a city that's low-key but actually great
B-NEO-074	NEO	83.26	87.64	4.38	43.96	75.14	31.17	0	0	0	这波操作直接拉胯了	This move was a complete failure.	这波操作直接失常了	This move went directly out of control.	this play literally underperformed
B-NEO-075	NEO	81.55	84.96	3.41	62.04	64.74	2.69	100	0	-100	这操作绝绝子，直接给我整不会了	This move is absolutely amazing, it left me completely stunned.	这操作绝佳，直接给我整不会了	This operation is excellent, it completely left me speechless.	this play is amazing left me speechless
B-NEO-076	NEO	79.52	80.27	0.75	72.02	75.73	3.71	0	0	0	谁能能理解这种崩溃的心情，辛辛苦苦备考许久，就等着政审上岸，结果栽在了学历断层上	Who can understand the feeling of collapse from working hard for exams for so long, just waiting for the political review to succeed, only to be thwarted by an educational gap?	谁能能理解这种崩溃的心情，辛辛苦苦备考许久，就等着政审成功，结果栽在了学历断层上	Who can understand the feeling of collapse from working hard for so long to prepare for an exam, just waiting for the political review to succeed, only to be thwarted by an educational gap?	who understands this despair? prepped for ages waiting to pass the political review only to get rejected by an education gap
B-NEO-077	NEO	91.59	94.70	3.11	69.34	82.41	13.07	0	100	100	为什么留子都不爱和老外谈？	Why don't Chinese students like talking with foreigners?	为什么留学生都不爱和老外谈？	Why don't international students like talking with foreigners?	why don't international students like dating foreigners? real talk
B-NEO-078	NEO	76.76	93.29	16.53	71.59	74.08	2.49	0	0	0	哈包穿上衣服不习惯了	Hapao is not used to wearing clothes.	哈兰德穿上衣服不习惯了	Haaland is not used to wearing clothes.	not used to Haaland wearing clothes
B-NEO-079	NEO	79.65	90.41	10.77	58.24	63.86	5.61	0	0	0	洗澡5分钟老公社死一整年	Taking a shower for 5 minutes, my husband experiences social death for a whole year.	洗澡5分钟老公社会性死亡一整年	Taking a shower for 5 minutes led to my husband’s social death for an entire year.	5-min shower and my husband is socially dead for a whole year rip
B-NEO-080	NEO	82.70	79.35	-3.36	50.30	54.43	4.13	0	0	0	直接破防了家人们	Directly broke the defense, folks.	直接心态失控了家人们	Directly lost control of my emotions, everyone.	totally broke down mentally fam
B-NEO-081	NEO	97.79	98.71	0.92	77.54	78.33	0.79	100	100	0	月薪不够5w不能这么活	A monthly salary of less than 50,000 is not enough to live like this.	月薪不够5万不能这么活	A monthly salary of less than 50,000 is not enough to live like this.	Can't live like this if monthly salary isn't even 50k
B-NEO-082	NEO	88.11	71.63	-16.47	39.71	80.00	40.29	100	0	-100	爷青回	Nostalgia.	爷的青春回来了	My youth is back.	Nostalgia hits hard.
B-NEO-083	NEO	48.99	100.00	51.01	43.90	87.51	43.61	0	0	0	难他天？	Is it difficult for him?	难道他真的是天才？	Is he really a genius?	Turns out he's a genius?
B-NEO-084	NEO	91.86	99.12	7.26	48.49	79.81	31.32	0	0	0	基操	Basic operation	基本操作	Basic operation	Just basic mechanics
B-NEO-085	NEO	87.20	77.17	-10.03	45.94	67.02	21.09	100	0	-100	你这肯定是低段位炸鱼罢了	You're definitely just low-level smurfing.	你这肯定是低段位欺负水平差的玩家罢了	You're definitely just bullying lower-skilled players.	You must be just smurfing in low rank
B-NEO-086	NEO	94.20	94.41	0.21	78.44	80.62	2.18	100	100	0	刘宇宁一周不直播，棚友集体受不了！想念到发疯	Liu Yuning hasn't streamed for a week, and his fans can't take it! They miss him like crazy.	刘宇宁一周不直播，粉丝集体受不了！想念到发疯	Liu Yuning hasn't streamed for a week, and his fans can't take it! They miss him like crazy.	Liu Yuning hasn’t streamed for a week, all his fans can’t stand it and miss him terribly.
B-PYA-001	PYA	84.60	97.77	13.17	77.22	81.25	4.04	0	100	100	xql日常太甜了，羡慕死了	XQL's daily life is so sweet, I'm so envious.	小情侣日常太甜了，羡慕死了	The daily life of the young couple is so sweet, I'm so envious.	this couple's daily life is too sweet, I'm so jealous
B-PYA-003	PYA	78.11	83.23	5.12	72.98	79.84	6.86	0	100	100	xql之间的默契真的绝了	The tacit understanding between xql is really amazing.	小情侣之间的默契真的绝了	The tacit understanding between the young couple is truly amazing.	the chemistry between this couple is insane
B-PYA-004	PYA	89.71	98.64	8.93	51.21	75.94	24.74	0	100	100	全网最甜xql非他们莫属	The sweetest CP on the entire internet is none other than them.	全网最甜小情侣非他们莫属	The sweetest couple on the entire internet has to be them.	the sweetest couple on the internet has to be them
B-PYA-005	PYA	95.54	99.60	4.06	53.35	84.46	31.10	0	100	100	看到别人去欧洲旅游的照片，xmsl	Seeing photos of others traveling to Europe, I'm so envious.	看到别人去欧洲旅游的照片，羡慕死了	Seeing photos of others traveling in Europe makes me so envious.	Seeing photos of others traveling in Europe makes me so envious.
B-PYA-007	PYA	93.74	94.81	1.07	62.00	77.71	15.71	100	100	0	新剧gkd！等不及了	New drama, hurry up! Can't wait.	新剧搞快点！等不及了	Hurry up with the new drama! I can't wait any longer.	hurry up with the new drama! can't wait
B-PYA-009	PYA	98.96	99.61	0.65	70.51	78.81	8.30	100	100	0	xgg们推荐一下好用的手机呗	Could you guys recommend a good phone?	小哥哥们推荐一下好用的手机呗	Could you guys recommend a good phone?	boys recommend some good phones pls
B-PYA-010	PYA	94.51	99.65	5.13	79.45	84.28	4.84	0	100	100	这个xgg好帅，求联系方式	This xgg is so handsome, can I have his contact information?	这个小哥哥好帅，求联系方式	This guy is so handsome, can I have his contact information?	this guy is so handsome, asking for his contact
B-PYA-011	PYA	89.18	94.99	5.82	76.24	73.46	-2.78	0	100	100	jrm帮我看看这个怎么选	Jrm, help me see how to choose this.	家人们帮我看看这个怎么选	Family, please help me see how to choose this.	fam help me figure out which one to pick
B-PYA-012	PYA	90.22	90.20	-0.02	83.42	68.62	-14.80	0	100	100	jrm今天发生了一件离谱的事	Something outrageous happened to JRM today.	家人们今天发生了一件离谱的事	Something outrageous happened today, my family.	fam something wild happened today
B-PYA-013	PYA	93.77	93.68	-0.09	77.74	82.36	4.61	0	0	0	8u们觉得这配置怎么样	What do you guys think of this setup?	吧友们觉得这配置怎么样	What do forum members think of this configuration?	what do you tieba folks think of this setup?
B-PYA-014	PYA	91.98	85.41	-6.57	76.83	82.16	5.33	0	0	0	王虹yyds！中国数学家终于拿到菲尔兹奖了	Wang Hong is the best! A Chinese mathematician has finally won the Fields Medal.	王虹永远的神！中国数学家终于拿到菲尔兹奖了	Hong Wang is forever a legend! A Chinese mathematician has finally won the Fields Medal.	Wang Hong is the GOAT! A Chinese mathematician finally won the Fields Medal
B-PYA-015	PYA	87.44	96.57	9.13	73.95	73.70	-0.25	0	100	100	这条rs怎么还没上	Why hasn't this rs been uploaded yet?	这条热搜怎么还没上	Why hasn't this trending topic appeared yet?	why isn't this trending yet
B-PYA-016	PYA	92.75	76.32	-16.43	66.54	72.42	5.87	100	0	-100	xswl，陈哲远在密逃里也太搞笑了吧	"LOL, Chen Zheyuan is so funny in ""Great Escape""!"	笑死我了，陈哲远在密逃里也太搞笑了吧	I'm dying of laughter, Chen Zheyuan is just too funny in the escape room show.	Lmao, Chen Zheyuan is just too funny in Great Escape
B-PYA-017	PYA	83.81	95.75	11.94	70.96	74.49	3.53	0	100	100	14个月正是穿lulu的时候	14 months is just the time to wear lulu.	14个月正是穿Lululemon的时候	14 months is just the time to wear Lululemon.	14 months is prime Lululemon season
B-PYA-018	PYA	92.73	83.00	-9.73	80.93	63.55	-17.38	0	0	0	dd，中国女排3比2逆转美国太牛了	Wow, the Chinese women's volleyball team made an amazing comeback to beat the USA 3-2!	顶顶，中国女排3比2逆转美国太牛了	Dingding, the Chinese women's volleyball team made an amazing comeback to beat the USA 3-2.	Bump, China women's volleyball 3-2 comeback against USA is amazing
B-PYA-019	PYA	88.87	96.98	8.11	79.46	77.48	-1.98	0	0	0	rt，大家帮我看看这手机值不值	RT, everyone, please help me see if this phone is worth it.	如图，大家帮我看看这手机值不值	As shown in the picture, could you all help me see if this phone is worth it?	see pic help me check if this phone is worth it
B-PYA-020	PYA	87.17	86.83	-0.34	81.95	74.48	-7.47	0	0	0	jrs怎么看腾讯这个泄密处理？	What does JRS think about Tencent's handling of this leak?	家人们怎么看腾讯这个泄密处理？	How do you all view Tencent's handling of the leak?	Fam, what do you think of Tencent's leak handling?
B-PYA-021	PYA	73.16	80.73	7.57	69.96	68.77	-1.18	0	0	0	srds，赛里木湖打人这事不能就这么算了	Srds, the incident of beating people at Sayram Lake cannot be just let go.	虽然但是，赛里木湖打人这事不能就这么算了	However, the incident of the fight at Sayram Lake cannot be just let go.	Be that as it may, the Sarim Lake beating incident can't just be let go like this
B-PYA-022	PYA	81.94	89.20	7.26	44.98	74.92	29.95	0	0	0	白色真是yyds	White is truly eternal.	白色真是永远的神	White is truly eternal.	white is truly the GOAT
B-PYA-023	PYA	95.58	97.82	2.24	73.90	79.08	5.18	0	100	100	u1s1，317万年终奖确实让人眼红	The year-end bonus of 3.17 million yuan is indeed enviable.	有一说一，317万年终奖确实让人眼红	To be honest, the 3.17 million year-end bonus really makes people envious.	To be honest, a 3.17 million year-end bonus does make people envious
B-PYA-024	PYA	94.08	96.02	1.94	79.99	80.71	0.72	0	100	100	XHS上好多人在讨论	Many people are discussing it on XHS.	小红书上好多人在讨论	Many people are discussing it on Xiaohongshu.	so many people talking about it on Xiaohongshu
B-PYA-025	PYA	90.81	91.93	1.12	71.46	75.73	4.27	0	100	100	显卡涨价这消息直接让我blx了	The news of the graphics card price increase directly made me speechless.	显卡涨价这消息直接让我玻璃心了	The news of the graphics card price increase directly shattered my fragile heart.	The GPU price hike news really triggered my fragile heart
B-PYA-026	PYA	74.60	84.01	9.41	51.68	47.98	-3.70	0	0	0	好好好 好一个kpop拉子(bushi)	Alright, alright, alright, what a K-pop fan (just kidding).	好好好 好一个kpop拉子(不是)	Alright, alright, alright, what a K-pop fan (not).	ok ok ok what a kpop lesbian (not)
B-PYA-027	PYA	88.44	86.71	-1.73	71.83	78.06	6.23	0	0	0	某些景区管理真是yygq，表面道歉背后照样	Some scenic area management is really hypocritical, apologizing on the surface while continuing the same practices behind the scenes.	某些景区管理真是阴阳怪气，表面道歉背后照样	Some scenic area managements are really two-faced, apologizing on the surface while continuing the same behavior behind the scenes.	Some scenic area management is really passive-aggressive, apologizing on the surface but same behind the scenes
B-PYA-028	PYA	92.00	87.84	-4.16	72.14	81.48	9.34	0	0	0	nb！这个操作太秀了	Wow! That move was amazing!	牛逼！这个操作太秀了	Awesome! That move was incredible!	Sick move! Absolute W
B-PYA-029	PYA	75.58	71.98	-3.60	57.91	67.55	9.64	100	100	0	50亿离婚案的瓜我吃了，dbq我不站队	I followed the gossip about the 5 billion divorce case, sorry, I'm not taking sides.	50亿离婚案的瓜我吃了，对不起我不站队	I followed the gossip about the 5 billion divorce case, but I'm sorry, I don't take sides.	I’ve followed the 5-billion divorce drama, sorry, I’m not taking sides.
B-PYA-030	PYA	94.32	94.54	0.22	65.62	67.12	1.51	100	100	0	这就是尊贵的b站用户🤣🤣🤣	This is the distinguished Bilibili user 🤣🤣🤣	这就是尊贵的B站用户🤣🤣🤣	This is the distinguished Bilibili user 🤣🤣🤣	this is what being a distinguished Bilibili user looks like 🤣🤣🤣
B-PYA-031	PYA	90.32	90.99	0.67	61.91	77.83	15.92	0	0	0	王虹从垫底到菲尔兹奖，这波直接nb	Wang Hong went from the bottom to winning the Fields Medal, this is truly awesome.	王虹从垫底到菲尔兹奖，这波直接牛逼	Wang Hong went from the bottom to the Fields Medal, this is truly awesome.	Wang Hong from bottom to Fields Medal, this move is just insane
B-PYA-032	PYA	95.91	97.69	1.78	66.43	81.38	14.95	0	0	0	xjj们推荐一下好用的手机呗	Could you recommend a good phone?	小姐姐们推荐一下好用的手机呗	Ladies, please recommend a good phone.	girls recommend some good phones pls
B-PYA-033	PYA	89.72	95.76	6.03	69.79	64.46	-5.33	0	100	100	bl粉丝太能控评了	BL fans are very good at controlling reviews.	白鹿粉丝太能控评了	Fans of Bai Lu are very good at controlling the comments.	Bai Lu fans are too good at controlling the comments
B-PYA-034	PYA	85.42	87.73	2.31	78.02	78.85	0.84	0	0	0	会聊天的男生真的yyds	Guys who can chat are really the best.	会聊天的男生真的永远的神	Boys who can chat are truly the best.	guys who can flirt are truly the GOAT
B-PYA-035	PYA	66.80	81.17	14.36	80.59	82.78	2.20	0	0	0	哈哈哈哈哈哈哈笑死，我们00真的老kpop人了	Hahaha, I'm dying of laughter, we 00s are really old K-pop fans.	哈哈哈哈哈哈哈笑死，我们2000年后出生的人真的老kpop人了	Hahaha, I'm dying of laughter. Those of us born after 2000 are really old K-pop fans.	lmaooo us Gen Z are such veteran kpop fans
B-PYA-036	PYA	77.26	77.33	0.06	59.29	66.47	7.18	0	0	0	减脂党狂喜！番茄鸡蛋燕麦粥yyds	Fat loss enthusiasts rejoice! Tomato and egg oatmeal porridge is the best forever.	减脂党狂喜！番茄鸡蛋燕麦粥永远的神	Fat loss enthusiasts rejoice! Tomato and egg oatmeal porridge is forever a god.	diet crew rejoice! tomato egg oatmeal is the GOAT
B-PYA-037	PYA	92.26	96.99	4.73	82.03	80.39	-1.64	0	100	100	jrs帮我看看这鱼竿行不行	Jrs, please help me check if this fishing rod is okay.	家人们帮我看看这鱼竿行不行	Family, please help me check if this fishing rod is okay.	fam help me check if this fishing rod is any good
B-PYA-038	PYA	86.68	85.41	-1.27	61.36	74.90	13.53	0	0	0	一个会调情的男生真的YYDS	A flirtatious guy is really the best.	一个会调情的男生真的永远的神	A flirtatious guy is truly a legend forever.	a guy who knows how to flirt is truly the GOAT
B-PYA-039	PYA	96.59	100.00	3.41	55.77	83.88	28.11	0	0	0	bdjw这个怎么用	How do you use this?	不懂就问这个怎么用	If you don't understand, just ask how to use this.	asking cuz idk how do I use this
B-PYA-040	PYA	66.63	81.56	14.93	56.66	73.61	16.94	0	100	100	蓝盈莹第一场戏好像就是撞棺紫砂	"Lan Yingying's first scene seems to be ""Zhuang Guan Zisha."""	蓝盈莹第一场戏好像就是撞棺自杀	Lan Yingying's first scene seemed to be crashing into a coffin to commit suicide.	Lan Yingying's first scene was literally suicide by coffin smash
B-PYA-041	PYA	88.23	95.08	6.85	71.42	79.40	7.98	0	0	0	泰奶+Gelato yyds！！！	Thai milk tea + Gelato forever!!!	泰奶+Gelato 永远的神！！！	Thai milk tea + Gelato, forever the best!!!	Thai milk tea + Gelato is the GOAT!!!
B-PYA-042	PYA	80.92	95.26	14.34	65.99	69.94	3.95	0	0	0	yygq什么呢，有话直说不行吗	What is yygq, can't you just say it directly?	阴阳怪气什么呢，有话直说不行吗	Why are you being so sarcastic? Can't you just say it directly?	what are you being passive-aggressive about just say it straight
B-PYA-043	PYA	87.63	94.26	6.64	67.42	79.40	11.98	0	0	0	zqsg追星好累	Chasing stars is so tiring.	真情实感追星好累	It's exhausting to genuinely and emotionally follow a star.	chasing idols with genuine feelings is exhausting
B-PYA-044	PYA	77.66	77.98	0.31	58.33	81.51	23.18	0	0	0	u1s1，这个视频做得真好	To be honest, this video is really well made.	有一说一，这个视频做得真好	To be honest, this video is really well made.	Fr, this video slaps
B-PYA-045	PYA	61.52	51.02	-10.50	44.13	54.63	10.50	100	0	-100	别再吃麻辣烫！干拌麻辣拌才是yyds	Stop eating spicy hot pot! Dry mixed spicy mix is the GOAT.	别再吃麻辣烫！干拌麻辣拌才是永远的神	Stop eating spicy hot pot! Dry mixed spicy mix is the true legend.	stop eating malatang! dry-mixed mala ban is the GOAT
B-PYA-046	PYA	88.26	91.42	3.16	61.80	75.90	14.10	100	0	-100	这吧里xfxy的，天天吵架	This bar is chaotic, with people arguing every day.	这吧里血风血雨的，天天吵架	This bar is full of turmoil and arguments every day.	this forum is so chaotic fighting every day smh
B-PYA-047	PYA	55.66	64.60	8.95	64.49	80.55	16.06	0	100	100	srds他还是很有实力的	He is still very capable.	虽然但是他还是很有实力的	Although, he is still very capable.	sthough he still got bars
B-PYA-048	PYA	88.48	94.18	5.70	42.57	59.74	17.17	0	0	0	xswl 这都能洗？	LOL, can this even be justified?	笑死我了 这都能洗？	I'm dying of laughter, how can this even be justified?	lmao you can defend even this?
B-PYA-049	PYA	96.20	100.00	3.80	71.90	84.49	12.59	0	0	0	rwkk这到底是什么鱼	What kind of fish is this?	让我看看这到底是什么鱼	Let me see what kind of fish this is.	lemme see what fish is this
B-PYA-050	PYA	91.63	94.90	3.27	73.92	45.22	-28.70	0	0	0	dd我一下	Message me.	滴滴我一下	Message me.	hit me up
B-PYA-051	PYA	91.28	87.57	-3.72	71.63	50.41	-21.22	0	0	0	tcl，我真的太菜了	TCL, I'm really too inexperienced.	太菜了，我真的太菜了	Too inexperienced, I'm really too inexperienced.	I'm way too noob
B-PYA-052	PYA	81.15	76.17	-4.98	52.15	53.59	1.43	0	0	0	夏天就好这一口！！天妇罗冰锅yyds！！	Summer is all about this!! Tempura ice pot is the best!!	夏天就好这一口！！天妇罗冰锅永远的神！！	Summer is all about this!! Tempura ice pot is forever a god!!	summer vibes!! tempura ice pot is the GOAT!!
B-PYA-053	PYA	85.79	85.55	-0.24	67.28	70.27	2.99	0	0	0	xswl这弱智吧的帖子太搞笑了	LOL, this dumb post is so funny.	笑死我了这弱智吧的帖子太搞笑了	This post from the idiot is so funny, I'm dying of laughter.	lmao the posts in this dumbass forum are too funny
B-PYA-054	PYA	83.62	66.36	-17.26	40.23	62.75	22.52	0	0	0	马到成功yyds	Instant success, forever the best.	马到成功永远的神	The eternal god of instant success.	May you succeed effortlessly, it’s top tier!
B-PYA-055	PYA	75.90	77.55	1.65	43.62	71.47	27.86	0	0	0	这操作nb啊，大佬带带我	This move is awesome, please guide me, master.	这操作牛逼啊，大佬带带我	This operation is awesome, please guide me, master.	this play is sick bro carry me
B-PYA-056	PYA	69.82	84.07	14.25	32.89	66.71	33.82	100	0	-100	这个cp太好磕了	This couple is so great to ship.	这个配对太好磕了	This pairing is so good.	this ship is too good fr fr
B-PYA-057	PYA	83.01	76.19	-6.82	59.59	57.44	-2.15	100	0	-100	这俩离不开浓妆美颜强凹ABC	These two can't do without heavy makeup and forced ABC aesthetics.	这俩离不开浓妆美颜强凹American Born Chinese	These two can't do without heavy makeup and forced beauty, American Born Chinese.	these two can't go without heavy makeup + filters trying to act all ABC
B-PYA-058	PYA	79.23	76.70	-2.54	79.96	56.37	-23.59	0	0	0	kdl，这对CP太甜了	KDL, this couple is so sweet.	磕到了，这对CP太甜了	I bumped into it, this couple is too sweet.	I'm shipping it this CP is too sweet
B-PYA-059	PYA	89.61	87.69	-1.92	67.21	70.87	3.66	0	0	0	山航yyds	Shandong Airlines is the best.	山航永远的神	Shandong Airlines is forever a legend.	Shandong Airlines is the GOAT
B-PYA-060	PYA	79.52	87.83	8.31	59.24	40.00	-19.25	0	0	0	cpf又在磕了	CPF is at it again.	CP粉又在磕了	CP fans are shipping again.	shippers shipping again
B-PYA-061	PYA	75.92	63.24	-12.69	71.87	66.81	-5.06	0	0	0	dddd，支持UP主！	dddd, support the content creator!	顶顶顶顶，支持UP主！	Top, top, top, top, support the uploader!	bump bump bump bump support the creator!
B-PYA-062	PYA	86.25	81.97	-4.28	64.46	79.03	14.57	0	0	0	xswl打印机都沦没墨了	LOL, the printer is out of ink.	笑死我了打印机都沦没墨了	I'm dying of laughter, even the printer has run out of ink.	lmao even the printer ran out of ink
B-PYA-063	PYA	82.87	89.93	7.06	62.58	71.92	9.34	0	100	100	fs们太能打了	The players are really strong.	粉丝们太能打了	The fans are really impressive.	fans are too cracked
B-PYA-064	PYA	93.63	86.98	-6.65	85.01	75.24	-9.76	0	0	0	ssfd，这个太恐怖了	ssfd, this is too scary.	瑟瑟发抖，这个太恐怖了	Shivering, this is too terrifying.	shook this is too scary
B-PYA-065	PYA	82.35	93.49	11.14	46.81	78.67	31.85	0	100	100	bt，时常因为不够bt而觉得跟这个世界格格不入	Sometimes feel out of place in this world because I'm not extreme enough.	变态，时常因为不够变态而觉得跟这个世界格格不入	A pervert often feels out of place in this world because they are not perverted enough.	pervert always feeling out of place cuz I'm not weird enough lol
B-PYA-066	PYA	92.52	96.89	4.37	80.34	82.56	2.22	0	0	0	这图谁发明的，xswl	Who invented this picture, xswl	这图谁发明的，笑死我了	Who invented this picture? It's hilarious.	who invented this image lmao
B-PYA-067	PYA	77.04	78.79	1.75	62.30	57.99	-4.30	0	0	0	tcl这游戏技术，菜到抠脚	TCL's skills in this game are extremely poor.	太菜了这游戏技术，菜到抠脚	The skill level in this game is so bad, it's embarrassingly bad.	too noob this game skill noob to the extreme
B-PYA-068	PYA	82.25	90.83	8.59	57.22	74.84	17.62	0	0	0	zqsg追了这么多年，终于更新了	I've been following it with such passion for so many years, and it finally updated.	真情实感追了这么多年，终于更新了	I've been following it with genuine emotions for so many years, and it finally updated.	been following with real feelings for years finally an update
B-PYA-069	PYA	89.11	89.45	0.34	68.01	77.33	9.32	0	0	0	Xswl就说有没有美味大餐吧哈哈哈哈哈哈哈	LOL, just asking if there's a delicious feast. Hahahahahahaha.	笑死我了就说有没有美味大餐吧哈哈哈哈哈哈哈	I'm dying of laughter, just tell me if there's a delicious feast, hahaha.	lmao just tell me if there's a feast hahahahaha
B-PYA-070	PYA	97.43	77.24	-20.19	85.12	77.60	-7.52	100	100	0	nsdd，你说得对	Nsdd, you are right.	你说得对，你说得对	You're right, you're right.	nsdd you're right
B-PYA-071	PYA	72.13	61.93	-10.21	53.15	63.90	10.75	0	0	0	xswl一人血书求这个短剧拍真人版	LOL, I'm begging for a live-action version of this short drama.	笑死我了一人血书求这个短剧拍真人版	This is so funny, I'm begging for a live-action version of this short drama.	lmao starting a one-person petition for a live-action version
B-PYA-072	PYA	93.69	100.00	6.31	84.73	86.45	1.72	0	100	100	szd，这个是真的	szd, this is real.	是真的，这个是真的	It's true, this is real.	it's legit this is the real deal
B-PYA-073	PYA	94.54	87.01	-7.53	52.02	42.95	-9.08	100	100	0	pyq，朋友圈见	Pyq, see you on Moments.	朋友圈，朋友圈见	Moments, see you on Moments.	see you in Moments
B-PYA-074	PYA	82.84	77.34	-5.50	49.08	79.40	30.32	0	0	0	这个耳朵前后的颜色变化xswl	The color change around this ear is so funny.	这个耳朵前后的颜色变化笑死我了	The color change around this ear is cracking me up.	the color change before and after this ear lmao
B-PYA-075	PYA	95.37	97.11	1.73	83.39	86.90	3.51	100	100	0	dbq，对不起我错了	DBQ, I'm sorry I was wrong.	对不起，对不起我错了	Sorry, sorry, I was wrong.	sry sorry I was wrong
B-PYA-076	PYA	88.64	83.59	-5.05	72.65	79.39	6.74	0	0	0	xswl皇帝的新衣	LOL The Emperor's New Clothes	笑死我了皇帝的新衣	The Emperor's New Clothes made me laugh to death.	lmao emperor's new clothes
B-PYA-077	PYA	94.42	95.31	0.88	59.81	84.92	25.11	0	0	0	哈哈哈哈哈xswl	Hahaha, laughing to death.	哈哈哈哈哈笑死我了	Hahaha, I'm dying of laughter.	hahahahaha lmao
B-PYA-078	PYA	72.78	84.12	11.34	41.01	69.84	28.84	0	100	100	真的栓Q了家人们	Really, thank you, family.	真的受够了家人们	Really had enough, family.	I've really had enough, guys.
B-PYA-079	PYA	85.33	81.53	-3.80	82.46	67.87	-14.59	0	0	0	8u🚪什么意思	What does 8u🚪 mean?	吧友们什么意思	What do forum members mean?	tieba bros what does this mean
B-PYA-080	PYA	60.61	71.68	11.07	49.54	58.15	8.61	0	0	0	什么成分？xdm锐评。	What ingredients? Fellow netizens' sharp comments.	什么成分？兄弟们锐评。	What ingredients? Brothers, sharp reviews.	what's their deal? bros rate.
B-PYA-081	PYA	90.83	91.80	0.97	68.66	66.82	-1.84	100	100	0	氪金也能让各家fs满意	Spending money can also satisfy fans of various factions.	氪金也能让各家粉丝满意	Spending money in games can also satisfy fans of each group.	spending money can also satisfy every camp's fans
B-PYA-082	PYA	84.56	78.96	-5.60	65.39	67.17	1.78	0	0	0	咱姐硬生生从良子嘴里抠出3w多粉丝	Our sister forcibly extracted over 30,000 followers from Liangzi.	咱姐硬生生从良子嘴里抠出3万多粉丝	Our sister forcibly extracted over 30,000 followers from Liangzi's mouth.	Our sis somehow pulled more than thirty thousand followers out of Liangzi.
B-PYA-083	PYA	75.06	80.33	5.27	70.93	73.25	2.31	0	0	0	她俩要是有cpf这都能当谈过的证据了	If they both had CPF, it could be used as evidence that they had dated.	她俩要是有CP粉这都能当谈过的证据了	If they have CP fans, this could be considered evidence of them having dated.	if they had shippers this could count as dating proof
B-PYA-084	PYA	86.47	98.98	12.51	78.57	86.70	8.13	0	0	0	塔图姆NB	Tatum NB	塔图姆牛逼	Tatum is awesome.	Tatum is insane.
B-PYA-085	PYA	92.31	83.02	-9.29	73.90	69.10	-4.80	0	0	0	想吃肉质Q弹的就买散养老公鸡	If you want to eat meat with a firm and springy texture, buy a free-range rooster.	想吃肉质紧实弹牙的就买散养老公鸡	If you want to eat firm and chewy meat, buy free-range old rooster.	if you want bouncy meat buy free-range rooster
B-PYA-086	PYA	95.41	98.18	2.77	75.29	63.63	-11.66	0	0	0	yysy，两边都看完了	Yysy, I've finished watching both sides.	有一说一，两边都看完了	To be fair, I've looked at both sides.	To be honest, I watched both sides
B-MIX-001	MIX	96.74	86.81	-9.93	78.86	73.03	-5.83	100	0	-100	这首歌的hook太洗脑了，循环一天	The hook of this song is so catchy, I've been playing it on repeat all day.	这首歌的记忆点太洗脑了，循环一天	The memory point of this song is so catchy, I've been looping it all day.	this song's hook is so catchy, been looping all day
B-MIX-002	MIX	94.61	93.47	-1.14	71.69	80.10	8.41	100	0	-100	短视频前3秒就是hook，抓不住人就划走了	The first 3 seconds of a short video are the hook; if it doesn't catch people's attention, they'll swipe away.	短视频前3秒就是吸引人的部分，抓不住人就划走了	The first 3 seconds of a short video are the most engaging part; if it doesn't capture attention, people will swipe away.	the first 3 seconds of a short video is the hook, lose them and they scroll away
B-MIX-003	MIX	99.24	99.75	0.51	78.62	83.48	4.85	100	100	0	新专辑终于drop了，等了好久	The new album finally dropped, I've been waiting for so long.	新专辑终于发布了，等了好久	The new album has finally been released; I've been waiting for so long.	the new album finally dropped, been waiting forever
B-MIX-004	MIX	97.93	95.71	-2.22	76.74	81.12	4.38	100	100	0	这个品牌下周drop新款，必须抢	This brand is dropping new items next week, must grab them.	这个品牌下周推出新款，必须抢	This brand is launching a new model next week, must grab it.	this brand is dropping new styles next week, gotta grab them
B-MIX-005	MIX	91.60	87.83	-3.77	74.30	77.28	2.98	100	0	-100	这波clutch操作直接翻盘，太牛了	This clutch move turned the game around, so awesome.	这波关键时刻的操作直接翻盘，太牛了	This crucial move turned the tables directly, amazing!	this clutch play turned the game around, insane
B-MIX-006	MIX	77.13	85.03	7.90	56.66	79.06	22.40	100	0	-100	决赛最后一分钟clutch绝杀	Clutch game-winner in the final minute of the championship.	决赛最后一分钟关键时刻绝杀	A decisive goal in the final minute of the match.	clutch buzzer-beater in the final minute of the finals
B-MIX-007	MIX	98.80	99.79	0.99	83.57	85.89	2.32	100	100	0	这游戏画质也就mid水平，玩法也一般	The graphics of this game are just mid-level, and the gameplay is also average.	这游戏画质也就一般水平，玩法也一般	The graphics of this game are just average, and the gameplay is also mediocre.	this game's graphics are just mid, gameplay is average too
B-MIX-008	MIX	80.48	78.29	-2.19	66.47	81.39	14.92	100	0	-100	这套穿搭直接slay全场	This outfit directly slays the whole scene.	这套穿搭直接秒杀全场	This outfit instantly steals the show.	this outfit slays the whole room
B-MIX-009	MIX	84.08	87.55	3.47	56.49	82.27	25.79	0	0	0	王虹这波演讲直接slay	Wang Hong's speech was a total slay.	王虹这波演讲直接秒杀全场	Wang Hong's speech instantly wowed the entire audience.	Wang Hong's speech just slayed
B-MIX-010	MIX	99.57	96.64	-2.93	86.15	83.11	-3.04	100	100	0	上班就是当NPC，每天重复同样的台词	Going to work is like being an NPC, repeating the same lines every day.	上班就是当非玩家角色，每天重复同样的台词	Going to work is like being a non-player character, repeating the same lines every day.	going to work is being an NPC, repeating the same lines every day
B-MIX-011	MIX	97.27	94.35	-2.92	84.78	80.60	-4.18	100	0	-100	别当NPC了，做自己生活的主角	Don't be an NPC, be the protagonist of your own life.	别当非玩家角色了，做自己生活的主角	Stop being a non-player character and be the protagonist of your own life.	stop being an NPC, be the main character of your own life
B-MIX-012	MIX	79.70	94.52	14.82	73.40	79.66	6.26	0	100	100	i人沦为e人玩具，太真实了	People become toys for others, it's too real.	内向者沦为外向者玩具，太真实了	Introverts become toys for extroverts, it's too real.	introverts becoming playthings for extroverts, too real
B-MIX-013	MIX	88.05	92.59	4.55	78.05	80.99	2.94	0	100	100	e人累了一周还要爬起来继续嗨	People are tired after a week but still have to get up and keep having fun.	外向的人累了一周还要爬起来继续嗨	Extroverted people, even after a tiring week, still get up to continue having fun.	extroverts have been tired all week and still have to get up and keep partying
B-MIX-014	MIX	86.58	84.16	-2.42	64.85	65.07	0.22	100	0	-100	刻在骨子里的秀粉DNA瞬间苏醒	The show fan DNA engraved in the bones instantly awakens.	刻在骨子里的秀粉基因瞬间苏醒	The show fan genes engraved in the bones instantly awaken.	the idol fan DNA embedded in my bones instantly awakened
B-MIX-015	MIX	99.93	95.33	-4.60	83.97	84.60	0.63	100	0	-100	POV：你是最后一个知道消息的人	POV: You are the last person to know the news.	视角：你是最后一个知道消息的人	Perspective: You are the last person to know the news.	POV: you're the last person to find out
B-MIX-016	MIX	98.01	97.64	-0.38	73.86	82.08	8.22	100	0	-100	当地人真的好chill，十一点上班六点下班	The locals are really chill, starting work at eleven and finishing at six.	当地人真的好悠闲放松，十一点上班六点下班	The locals are really relaxed, starting work at eleven and finishing at six.	the locals are so chill, starting work at 11 and off at 6
B-MIX-017	MIX	100.00	93.25	-6.75	78.14	85.09	6.95	100	0	-100	这个视频太cringe了，看不下去	This video is too cringe, I can't watch it.	这个视频太尴尬了，看不下去	This video is too awkward to watch.	this video is too cringe, can't even watch
B-MIX-018	MIX	95.24	98.45	3.21	57.25	84.54	27.30	100	100	0	这个行为好sus，不对劲	This behavior is really sus, something's off.	这个行为好可疑，不对劲	This behavior is very suspicious and doesn't seem right.	this behavior is so sus, something's off
B-MIX-019	MIX	91.82	93.07	1.25	71.95	83.49	11.54	100	0	-100	别flex了，谁不知道你有钱	Stop flexing, who doesn't know you're rich?	别炫耀了，谁不知道你有钱	Stop showing off, who doesn't know you're rich?	stop flexing, everyone knows you're rich
B-MIX-020	MIX	99.10	98.67	-0.42	82.86	82.33	-0.53	100	100	0	这首歌被hype过头了，其实一般	This song is overhyped, actually it's just average.	这首歌被炒作过头了，其实一般	This song is overhyped, actually it's just average.	this song got way too much hype, it's actually just average
B-MIX-021	MIX	97.24	97.90	0.66	81.39	81.85	0.47	100	100	0	今天又偶遇crush了，太巧了	I ran into my crush again today, what a coincidence.	今天又偶遇暗恋对象了，太巧了	I ran into my crush again today, what a coincidence.	ran into my crush again today, what a coincidence
B-MIX-022	MIX	78.93	94.83	15.90	71.16	83.14	11.98	100	100	0	我ship的CP终于官宣了	The couple I support has finally made their relationship official.	我支持的情侣组合终于官宣了	The couple I support has finally made their relationship official.	the ship I've been rooting for finally went official
B-MIX-023	MIX	95.54	95.90	0.35	76.91	84.29	7.38	100	0	-100	作为stan我必须说偶像这次回归太棒了	As a stan, I must say this idol's comeback is amazing.	作为狂热粉我必须说偶像这次回归太棒了	As an avid fan, I must say this idol's comeback is amazing.	as a stan I gotta say the idol's comeback is amazing
B-MIX-024	MIX	97.46	98.11	0.65	81.29	80.98	-0.31	100	100	0	期待偶像的comeback，新专辑什么时候发	Looking forward to the idol's comeback, when will the new album be released?	期待偶像的回归，新专辑什么时候发	Looking forward to the idol's return, when will the new album be released?	looking forward to the idol's comeback, when's the new album dropping
B-MIX-025	MIX	95.28	92.72	-2.56	77.72	78.67	0.95	100	0	-100	这也太离谱了吧我直接emo	This is just too outrageous, I'm directly emo.	这也太离谱了吧我直接抑郁	This is just too outrageous, I'm directly depressed.	this is so outrageous I'm literally emo rn
B-MIX-026	MIX	96.18	91.89	-4.29	79.75	82.65	2.90	0	0	0	看到317万年终奖我直接emo了	Seeing the 3.17 million year-end bonus, I immediately felt emo.	看到317万年终奖我直接情绪低落了	Seeing the 3.17 million year-end bonus, I immediately felt depressed.	Seeing the 3.17 million year-end bonus, I got all emo
B-MIX-027	MIX	78.61	80.22	1.61	59.58	72.55	12.97	0	0	0	掉san了，这个太恐怖了	It's gone, this is too scary.	掉san值了，这个太恐怖了	The pH value dropped, this is too scary.	lost my sanity this is too scary bruh
B-MIX-028	MIX	88.48	88.53	0.05	72.84	73.57	0.73	100	100	0	王虹这波citywalk直接从北大走到菲尔兹奖	Wang Hong's city walk this time went directly from Peking University to the Fields Medal.	王虹这波城市漫步直接从北大走到菲尔兹奖	Wang Hong's city walk this time went directly from Peking University to the Fields Medal.	Wang Hong's citywalk took her all the way from Peking University to the Fields Medal
B-MIX-029	MIX	95.49	90.66	-4.83	68.56	80.82	12.26	100	0	-100	在上海街头随性citywalk	Casual city walk on the streets of Shanghai.	在上海街头随性城市漫步	Strolling casually through the streets of Shanghai.	casual city walk on Shanghai streets
B-MIX-030	MIX	95.14	93.28	-1.86	80.54	79.84	-0.69	100	100	0	中国女排这vibe太强了，3比2逆转太燃	The vibe of the Chinese women's volleyball team is so strong, their 3-2 comeback was so thrilling.	中国女排这氛围太强了，3比2逆转太燃	The atmosphere of the Chinese women's volleyball team is so strong, the 3-2 comeback was so thrilling.	China women's volleyball's vibe is so strong, the 3-2 comeback is so inspiring
B-MIX-031	MIX	94.70	91.68	-3.01	73.84	77.33	3.49	100	0	-100	这番属于ACGN圈的经典之作了	This is a classic work in the ACGN circle.	这番属于动漫游文圈的经典之作了	This is considered a classic in the anime and gaming community.	this anime is a classic in the ACGN circle
B-MIX-032	MIX	95.72	94.69	-1.03	76.54	78.79	2.25	100	0	-100	50亿离婚案这drama程度堪比韩剧	The drama level of this 5 billion divorce case rivals that of a Korean drama.	50亿离婚案这戏剧性程度堪比韩剧	The drama of the 5 billion divorce case is comparable to a Korean drama.	The drama level of the 5 billion divorce case rivals a Korean drama
B-MIX-033	MIX	93.51	96.26	2.74	69.73	61.15	-8.57	100	0	-100	今日OOTD分享	Today's OOTD (Outfit of the Day) share	今日穿搭分享	Outfit of the day分享	today's OOTD drop
B-MIX-034	MIX	75.24	82.67	7.43	69.37	75.03	5.66	100	0	-100	赛里木湖这波操作太low了，景区管理丢人	The management of Sayram Lake is too low-level, it's embarrassing for the scenic area.	赛里木湖这波操作太低级了，景区管理丢人	The operation at Sayram Lake was too unprofessional, and the management of the scenic area is embarrassing.	Sarim Lake's move this time is too low-class, scenic area management is embarrassing
B-MIX-035	MIX	100.00	99.98	-0.02	84.26	82.36	-1.90	100	0	-100	OMG这也太好看了	OMG, this is so beautiful!	我的天这也太好看了	Oh my gosh, this looks amazing!	OMG this looks so good
B-MIX-036	MIX	91.45	90.49	-0.97	55.55	62.26	6.70	0	0	0	腾讯这波泄密事件直接social death了	This leak incident by Tencent directly caused a social death.	腾讯这波泄密事件直接社会性死亡了	This Tencent leak incident directly led to social death.	Tencent's leak incident this time resulted in total social suicide
B-MIX-037	MIX	95.18	93.34	-1.85	83.36	81.74	-1.63	100	0	-100	这游戏全DLC都买了，花了好几百	I bought all the DLCs for this game, and it cost me several hundred.	这游戏全可下载内容都买了，花了好几百	I bought all the downloadable content for this game, and it cost me several hundred.	bought all the DLC spent several hundred
B-MIX-038	MIX	98.09	98.87	0.78	73.56	79.51	5.95	0	0	0	显卡涨价涨成这样，简直是price离谱	The price of graphics cards has increased so much, it's simply outrageous.	显卡涨价涨成这样，简直是价格离谱	The price of graphics cards has increased so much, it's simply outrageous.	GPU prices going up this much, the price is just outrageous
B-MIX-039	MIX	100.00	81.03	-18.97	78.08	81.53	3.45	100	0	-100	这个GMV变高了	The GMV has increased.	这个商品交易总额变高了	The total transaction amount of this product has increased.	this GMV went up
B-MIX-040	MIX	98.71	98.42	-0.28	77.95	81.41	3.47	100	100	0	过度分享这件事真的太trigger了，边界感很重要	Oversharing is really triggering, and having a sense of boundaries is very important.	过度分享这件事真的太触发了，边界感很重要	Oversharing is really triggering, and having a sense of boundaries is very important.	Oversharing is really triggering. Boundaries matter.
B-MIX-041	MIX	94.82	95.06	0.24	85.61	84.49	-1.13	100	100	0	这个meme太火了	This meme is so popular.	这个梗太火了	This meme is so popular.	this meme is too fire lol
B-MIX-042	MIX	93.46	93.50	0.04	72.65	75.91	3.26	100	100	0	陈哲远在密逃里的reaction太搞笑了	"Chen Zheyuan's reactions in ""密逃"" were so funny."	陈哲远在密逃里的反应太搞笑了	"Chen Zheyuan's reactions in ""Secret Escape"" were so funny."	Chen Zheyuan's reaction in the escape room show is too funny
B-MIX-043	MIX	95.00	82.89	-12.12	71.64	76.95	5.31	100	0	-100	用来换做成AGI的概率	Probability of being converted into AGI	用来换做成通用人工智能的概率	The probability of being used to develop general artificial intelligence	probability of achieving AGI
B-MIX-044	MIX	89.19	88.47	-0.72	82.06	81.91	-0.15	100	100	0	50亿离婚案这个level太高了，普通人理解不了	A 5 billion divorce case is too high level for ordinary people to understand.	50亿离婚案这个级别太高了，普通人理解不了	A 5 billion divorce case is too high-level for ordinary people to understand.	The level of the 5 billion divorce case is too high, ordinary people can't understand
B-MIX-045	MIX	97.63	93.38	-4.25	80.30	80.41	0.11	100	0	-100	cosplay得很好，很像	The cosplay is done very well and looks very similar.	角色扮演得很好，很像	The role-playing was done very well, very realistically.	cosplay done right looks so similar
B-MIX-046	MIX	97.89	97.39	-0.50	82.04	82.64	0.60	100	100	0	这个app一到发售就崩	This app crashes as soon as it's released.	这个应用一到发售就崩	This app crashes as soon as it's released.	this app crashes every launch
B-MIX-047	MIX	98.81	98.84	0.03	67.26	85.42	18.16	100	0	-100	这个角色太OP了	This character is too overpowered.	这个角色太强了	This character is too strong.	this character is way too overpowered
B-MIX-048	MIX	86.05	86.81	0.75	71.55	78.52	6.98	100	100	0	lpl历史上有像清算48同样力度的清算吗？	Has there ever been a reckoning in LPL history as intense as the one against the 48?	LPL历史上有像清算48同样力度的清算吗？	Has there ever been a purge in LPL history as intense as the purge of the 48?	has there ever been a reckoning as hard as '48' in LPL history?
B-MIX-049	MIX	89.83	93.46	3.63	84.14	77.37	-6.77	0	0	0	加个buff，变得更强	Add a buff to become stronger.	加个增益，变得更强	Add a boost and become stronger.	add a power-up get stronger ez
B-MIX-050	MIX	100.00	99.12	-0.88	84.73	84.61	-0.12	100	100	0	这个logo设计得好	This logo is well designed.	这个品牌标识设计得好	This brand logo is well designed.	this logo is well designed
B-MIX-051	MIX	89.73	82.73	-7.00	64.88	81.31	16.43	100	0	-100	被nerf了，变弱了	Got nerfed, became weaker.	被削弱了，变弱了	Weakened, became weaker.	got nerfed got weaker smh
B-MIX-052	MIX	97.02	97.37	0.35	82.73	83.69	0.96	0	0	0	我刚才去打apex了	I just went to play Apex.	我刚才去打Apex了	I just went to play Apex.	just went to play Apex
B-MIX-053	MIX	98.96	100.00	1.04	84.87	84.14	-0.73	100	100	0	GDP十强省份变了	The top ten provinces by GDP have changed.	国内生产总值十强省份变了	The top ten provinces in terms of GDP have changed.	GDP top 10 provinces changed
B-MIX-054	MIX	91.87	87.12	-4.75	71.07	84.38	13.31	0	0	0	GG了，完了	GG, it's over.	完了，完了	Done, done.	It's game over, we're done for.
B-MIX-055	MIX	71.86	83.17	11.31	46.74	52.68	5.94	0	0	0	就是在cp里吃瓜	Just following the gossip in the CP (couple pairing) community.	就是在搭档组合里吃瓜	Just watching the drama in the partner group.	just watching the drama in the ship
B-MIX-056	MIX	86.49	97.64	11.16	56.74	69.92	13.18	0	100	100	图样森破，你太天真了	The pattern is so simple, you are too naive.	Too young too simple，你太天真了	Too young too simple, you are too naive.	too young too simple you're too naive
B-MIX-057	MIX	96.90	96.69	-0.21	87.35	86.50	-0.85	100	0	-100	这个AI太厉害了	This AI is amazing.	这个人工智能太厉害了	This artificial intelligence is amazing.	this AI is way too OP fr
B-MIX-058	MIX	69.86	72.95	3.09	45.10	43.36	-1.74	100	100	0	carry全场，带飞	Carry the whole game, lead to victory.	带飞全场，带飞	Carry the whole game, carry.	carrying the whole squad what a carry
B-MIX-059	MIX	99.40	95.88	-3.52	82.65	82.26	-0.39	100	0	-100	她学的是泰语又不是IT	She is studying Thai, not IT.	她学的是泰语又不是信息技术	She is studying Thai, not information technology.	she studies Thai not IT
B-MIX-060	MIX	99.49	99.40	-0.09	82.21	79.88	-2.33	100	100	0	VIP通道真快	The VIP lane is really fast.	贵宾通道真快	The VIP lane is really fast.	VIP lane is so fast
B-MIX-061	MIX	92.64	74.61	-18.04	63.59	57.01	-6.59	100	0	-100	solo一下，单挑	Solo, one-on-one.	单挑一下，单挑	One-on-one, one-on-one.	solo it 1v1 me bro
B-MIX-062	MIX	98.69	100.00	1.31	80.68	85.11	4.43	0	0	0	这个PK谁赢了	Who won this PK?	这个对决谁赢了	Who won this match?	who won this duel
B-MIX-063	MIX	90.90	90.74	-0.16	78.66	78.73	0.07	100	100	0	因凡蒂诺和FIFA演都不演了，这是纯把梅西世界杯金球奖给抢劫了	Infantino and FIFA aren't even pretending anymore; they outright robbed Messi of the World Cup Golden Ball.	因凡蒂诺和国际足联演都不演了，这是纯把梅西世界杯金球奖给抢劫了	Infantino and FIFA aren't even pretending anymore; they just outright robbed Messi of the World Cup Golden Ball.	Infantino and FIFA aren't even hiding it anymore straight up robbed Messi of the World Cup Golden Ball
B-MIX-064	MIX	97.85	98.09	0.25	83.29	83.81	0.52	100	100	0	做个SPA放松一下	Get a spa treatment to relax.	做个水疗放松一下	Get a spa treatment to relax.	getting a spa to relax
B-MIX-065	MIX	92.76	87.81	-4.95	71.13	53.26	-17.88	100	100	0	这个DJ太嗨了	This DJ is so hype.	这个唱片骑师太嗨了	This DJ is so hype.	this DJ is too lit
B-MIX-066	MIX	76.80	88.27	11.48	62.32	75.29	12.97	0	0	0	Rush E 朗朗PK街头钢琴家	Lang Lang vs. Street Pianist in Rush E	Rush E 朗朗对决街头钢琴家	Rush E: Lang Lang vs. Street Pianist	Rush E Lang Lang versus street pianist
B-MIX-067	MIX	84.58	91.97	7.38	77.39	79.65	2.25	100	100	0	这动漫OP太好听了，循环播放	This anime opening is so good, I'm playing it on repeat.	这动漫片头曲太好听了，循环播放	This anime opening song is so good, I'm playing it on repeat.	this anime opening slaps on loop
B-MIX-068	MIX	97.44	96.79	-0.64	83.82	84.34	0.53	100	0	-100	买个iPad记笔记	Buy an iPad to take notes.	买个平板电脑记笔记	Buy a tablet to take notes.	getting an iPad for notes
B-MIX-069	MIX	79.45	82.69	3.24	61.61	61.61	0.00	100	100	0	抖音的bgm怎么突然变得那么难听了到处都是想问问你敢不敢还有那天我经过一片花园	"Why did the background music on Douyin suddenly become so unpleasant? Everywhere I go, I hear ""I want to ask if you dare"" and ""that day I passed by a garden."""	抖音的背景音乐怎么突然变得那么难听了到处都是想问问你敢不敢还有那天我经过一片花园	"Why has the background music on Douyin suddenly become so unpleasant everywhere, with ""I want to ask if you dare"" and ""that day I passed by a garden""?"	why has Douyin's background music gotten so bad everywhere it's either 'I Want to Ask If You Dare' or 'That Day I Passed a Garden'
B-MIX-070	MIX	99.54	98.97	-0.58	82.61	81.39	-1.22	0	0	0	这个PPT做得好	This PPT is well made.	这个演示文稿做得好	This presentation is well done.	this PowerPoint is well made
B-MIX-071	MIX	72.78	79.08	6.31	40.44	73.86	33.42	100	100	0	法法这期ooc了吧	Fafa is out of character this time, right?	法法这期脱离扮演角色了吧	Fafa has stepped out of character in this episode, right?	Fafa was so out of character this episode bruh
B-MIX-072	MIX	91.21	88.91	-2.30	75.42	79.45	4.03	0	100	100	3.5h通关	3.5h clearance	3.5小时通关	3.5 hours to clear customs	beat the game in 3.5 hours
B-MIX-073	MIX	97.02	88.69	-8.33	75.51	73.20	-2.31	100	0	-100	这个ins风好看	This Instagram style looks good.	这个网红风好看	This internet celebrity style looks good.	this Instagram aesthetic looks good
B-MIX-074	MIX	82.01	92.01	10.00	54.46	81.80	27.34	100	0	-100	我的文化水平belike	My cultural level belike	我的文化水平就像这样	My cultural level is like this.	my education level be like lmao
B-MIX-075	MIX	98.54	98.87	0.33	79.67	82.44	2.77	100	100	0	来杯matcha	A cup of matcha, please.	来杯抹茶	A cup of matcha, please.	a cup of matcha
B-MIX-076	MIX	97.47	97.60	0.12	81.23	83.99	2.76	0	0	0	店员花一秒钟get到你的意思了	The shop assistant understood your meaning in a second.	店员花一秒钟理解到你的意思了	The shop assistant understood your meaning in a second.	the clerk took one second to get your meaning
B-MIX-077	MIX	98.57	93.87	-4.70	81.55	76.14	-5.41	100	0	-100	这个vlog拍得好	This vlog is well-made.	这个视频博客拍得好	This video blog is well-made.	this vlog is well shot
B-MIX-078	MIX	92.04	93.47	1.43	71.46	76.72	5.26	0	0	0	学习上problem不能发作	Problems in learning should not occur.	学习上问题不能发作	Problems in learning should not arise.	can't let the issue flare up during studying
B-MIX-079	MIX	94.80	95.58	0.78	75.27	77.95	2.69	100	100	0	好久没有笑的这么开心了，必须收藏起来emo了再看	I haven't laughed this happily in a long time; I must save it to look at when I'm feeling down.	好久没有笑的这么开心了，必须收藏起来抑郁了再看	I haven't laughed this happily in a long time; I must save it to watch again when I'm feeling down.	haven't laughed this hard in ages saving it to watch when I'm feeling down fr
B-MIX-080	MIX	88.15	86.98	-1.18	77.20	75.05	-2.16	100	100	0	cult导演后悔道剧组没有你	The cult director regretted that the crew didn't have you.	邪典导演后悔道剧组没有你	The cult director regretted that the crew didn't have you.	cult director regrets not having you on set
B-MIX-081	MIX	56.08	59.22	3.14	64.98	67.72	2.74	0	0	0	从技术舞美上讲是挺牛，但从意识上讲buff快叠满了	From a technical and artistic perspective, it's quite impressive, but in terms of awareness, the buff is almost maxed out.	从技术舞美上讲是挺牛，但从意识上讲增益快叠满了	From a technical and artistic perspective, it's quite impressive, but in terms of awareness, the gains have quickly maxed out.	technically the stage design is pretty sick but ideologically the power-ups are almost fully stacked
B-MIX-082	MIX	80.92	72.60	-8.32	73.13	79.07	5.94	100	100	0	上了初中就开始恶化了，甚至游戏也会拖一会儿再启动，作业拖到ddl就算是期末周也学不进去	It started to deteriorate when I entered middle school, even games would be delayed before starting, and homework was postponed until the deadline, even during finals week I couldn't focus on studying.	上了初中就开始恶化了，甚至游戏也会拖一会儿再启动，作业拖到截止日期就算是期末周也学不进去	It started to deteriorate when I entered middle school, even games would be delayed before starting, and homework was postponed until the deadline, even during finals week, I couldn't get into studying.	middle school hit different even games I delay homework till deadline even in finals week can't focus smh
B-MIX-083	MIX	92.79	94.19	1.40	57.46	75.30	17.84	100	100	0	ddl就在眼前了还在摆烂	The deadline is right in front of you, and you're still slacking off.	截止日期就在眼前了还在摆烂	The deadline is approaching, yet you're still slacking off.	deadline is right there and you're still slacking
B-MIX-084	MIX	100.00	93.13	-6.87	82.74	83.02	0.28	100	0	-100	asmr助眠真的有用吗	Does ASMR really help with sleep?	自发性知觉经络反应助眠真的有用吗	Does autonomous sensory meridian response really help with sleep?	does ASMR for sleep actually work
B-MIX-085	MIX	93.42	93.51	0.09	70.42	80.37	9.95	100	100	0	超mean老奶一般是英语老师	Super mean old lady is usually an English teacher.	超刻薄老奶一般是英语老师	The extremely mean old lady is usually an English teacher.	Super mean old ladies are usually English teachers
B-MIX-086	MIX	89.35	94.90	5.55	62.99	79.81	16.82	0	0	0	绝对音感的正确用法belike	The correct use of absolute pitch	绝对音感的正确用法是这样	The correct use of absolute pitch is like this.	The correct usage of absolute pitch be like
B-HOM-096	HOM	89.03	90.36	1.34	65.43	76.35	10.92	100	0	-100	孩好像真的很困了，但是一直被麻麻薅过来薅过去配合拍视频	The child seems really tired, but keeps being pulled back and forth by mom to cooperate for filming videos.	孩好像真的很困了，但是一直被妈妈薅过来薅过去配合拍视频	The child seems really tired, but is constantly being pulled back and forth by the mother to cooperate for filming the video.	the kid really seems sleepy, but keeps getting dragged back and forth by mom to pose for the video
B-HOM-097	HOM	93.88	94.44	0.55	62.24	69.51	7.27	0	0	0	哈哈哈哈哈，不好意思哈哈哈哈哈没崩住	Hahaha, sorry, I couldn't hold it in.	哈哈哈哈哈，不好意思哈哈哈哈哈没绷住	Hahaha, sorry, I couldn't hold it in.	hahaha, sorry hahaha I couldn't hold it together
B-HOM-098	HOM	97.14	96.82	-0.32	82.47	81.86	-0.60	100	100	0	淦，忘记原版了，有谁能补一下？	Damn, I forgot the original version, can anyone fill it in?	干，忘记原版了，有谁能补一下？	Damn, I forgot the original version, can someone fill it in?	damn, I forgot the original, can anyone fill it in?
B-HOM-099	HOM	77.88	75.61	-2.28	68.43	54.76	-13.68	0	0	0	你们要是给我炮儿玩似了我看什么啊	If you guys mess around with my cannon, what am I supposed to watch?	你们要是给我炮儿玩死了我看什么啊	If you guys break my cannon, what am I supposed to watch?	if you guys play my Pao'er to death, what am I supposed to watch?
B-PYA-087	PYA	94.69	94.08	-0.61	74.99	74.28	-0.71	0	0	0	快别TM说了，抓紧睡半个钟头，不然去早餐店要迟到了	Stop talking and get half an hour of sleep, or you'll be late for the breakfast shop.	快别他妈说了，抓紧睡半个钟头，不然去早餐店要迟到了	Stop talking and get some sleep for half an hour, or you'll be late for the breakfast shop.	stop freaking talking and grab half an hour of sleep, or you'll be late for the breakfast shop
B-NEO-087	NEO	98.44	95.93	-2.51	76.17	82.94	6.77	0	0	0	某种意义上来看他也是个神人	In a sense, he is also a remarkable person.	某种意义上来看他也是个行为离谱的人	In a sense, he is also a person with outrageous behavior.	in a certain sense he's also an absolute character
B-NEO-088	NEO	73.44	89.93	16.49	65.44	71.24	5.80	0	100	100	我都不知道出新图了，作业自己跑我脸上了	I didn't even know a new map was released, the task just landed on my face.	我都不知道出新图了，攻略自己跑我脸上了	I didn't even know a new map was released, the guide just appeared right in front of me.	I didn't even know a new stage was out, and the guide just ran right into my face
B-NEO-089	NEO	94.82	100.00	5.18	79.40	81.55	2.15	0	0	0	无论从哪个层面来看，都是吊炸了	No matter how you look at it, it's absolutely amazing.	无论从哪个层面来看，都是厉害极了	No matter from which perspective you look at it, it's extremely impressive.	no matter how you look at it, it's insanely awesome
B-NEO-090	NEO	74.48	93.75	19.27	67.07	80.24	13.17	0	0	0	应该是的，不然怎么会气到把国粹给说出来了	It should be, otherwise how could they be so angry to blurt out the national essence?	应该是的，不然怎么会气到把脏话给说出来了	It must be, otherwise how could they be so angry as to start swearing?	must be, otherwise how would he get so angry that the swear words came out
B-NEO-091	NEO	92.21	95.53	3.33	70.21	77.43	7.23	0	0	0	说个冷知识，来俊臣的父亲名叫来操，是个挺生草的名字	Here's a fun fact: Lai Junchen's father's name was Lai Cao, which is quite an amusing name.	说个冷知识，来俊臣的父亲名叫来操，是个挺搞笑的名字	Here's a fun fact: Lai Junchen's father's name is Lai Cao, which is quite a funny name.	fun fact: Lai Junchen's father was named Lai Cao, which is a pretty hilarious name
B-NEO-092	NEO	89.44	88.87	-0.56	74.39	84.89	10.50	0	0	0	他不是好了，而是知道自己要凉了	He didn't get better; he just realized he was doomed.	他不是好了，而是知道自己要完蛋了	He is not getting better; rather, he knows he is doomed.	he's not better, he just knows he's done for
B-NEO-093	NEO	77.09	89.10	12.01	65.55	69.01	3.46	0	0	0	置顶评论官方链接是淘宝就知道成分了	The pinned comment's official link is Taobao, so you'll know the ingredients.	置顶评论官方链接是淘宝就知道背景了	The pinned comment's official link is Taobao, so you know the background.	the pinned official link is Taobao, that alone tells you what they're really about
B-NEO-094	NEO	88.90	93.36	4.45	66.90	79.15	12.25	0	0	0	逆天。。我现在开车老走错路	Defying the odds... I keep taking the wrong route while driving now.	离谱。。我现在开车老走错路	Absurd... I keep taking the wrong route while driving now.	wild… I keep taking wrong turns when driving now
B-MIX-087	MIX	60.89	54.36	-6.53	57.06	73.32	16.26	100	0	-100	发现没火的作者belike	The author who found no fire be like	发现没火的作者就是这样	The author who discovered there was no fire is like this.	discovering an underrated creator be like
B-MIX-088	MIX	71.27	74.37	3.10	73.10	73.11	0.01	0	100	100	第一次尝试做这么长的动画 感觉k帧速度有所提升绝宝二周年快乐!	The first attempt at making such a long animation feels like the speed of k-frames has improved. Happy 2nd anniversary, Absolute Treasure!	第一次尝试做这么长的动画 感觉打关键帧速度有所提升绝宝二周年快乐!	The first time trying to make such a long animation, I feel that my keyframe speed has improved. Happy second anniversary, Absolute Treasure!	first time making such a long animation, my keyframing speed has improved — happy 2nd anniversary Juebao!
B-MIX-089	MIX	93.93	93.46	-0.47	79.41	79.63	0.22	100	100	0	或许它真的是福利最好的fps	Perhaps it really is the FPS with the best benefits.	或许它真的是福利最好的第一人称射击游戏	Perhaps it really is the first-person shooter game with the best benefits.	maybe it really is the FPS with the best freebies
B-MIX-090	MIX	88.44	86.25	-2.19	76.03	71.61	-4.42	0	100	100	杨博文四代唯一C位队长	Yang Bowen is the only fourth-generation C-position captain.	杨博文四代唯一中心位队长	Bowen Yang is the only center position captain of the fourth generation.	Yang Bowen, Gen 4's only center-position captain
B-HOM-100	NEO	68.08	67.16	-0.92	65.76	67.63	1.87	0	100	100	明显，队友大概率寄了，和上司有关，但扳机似乎记忆出现问题，咬死队友还活着，变相保护了上司，所以被上司放了	Obviously, the teammate is most likely gone, and it has something to do with the superior, but Trigger seems to have memory issues, insisting that the teammate is still alive, indirectly protecting the superior, so the superior let him go.	明显，队友大概率死了，和上司有关，但扳机似乎记忆出现问题，咬死队友还活着，变相保护了上司，所以被上司放了	Obviously, the teammate is most likely dead, and it is related to the superior, but Trigger seems to have memory issues, insisting that the teammate is still alive, indirectly protecting the superior, so he was let go by the superior.	clearly the teammate is most likely dead and the boss is involved, but Trigger's memory seems broken — she insists the teammate is alive, which indirectly shielded the boss, so the boss let her go
B-HOM-101	HOM	77.13	70.08	-7.05	77.05	79.54	2.49	0	100	100	怪兽：我已经破坏掉了你所有能获取光的办法，看你还怎么变身 迪迦：你钱包的钱还有多少？ 怪兽：全花光了 迪迦：恰！	"Monster: I've already destroyed all your ways to get light, let's see how you transform now.  
Diga: How much money do you have left in your wallet?  
Monster: It's all spent.  
Diga: Ha!"	怪兽：我已经破坏掉了你所有能获取光的办法，看你还怎么变身 迪迦：你钱包的钱还有多少？ 怪兽：全花光了 迪迦：吃！	"Monster: I've already destroyed all your ways to get light, let's see how you transform now.  
Diga: How much money do you have left in your wallet?  
Monster: It's all spent.  
Diga: Eat!"	Monster: I've destroyed every way you could gather light, let's see you transform now. Tiga: How much money is left in your wallet? Monster: All spent. Tiga: Nom!
B-HOM-102	HOM	84.02	87.10	3.09	69.02	81.75	12.73	100	100	0	人定不了天，一切的一切还是按照历史轨迹走，我记得是三段历史走向，猪脚心累了	Humans cannot control fate; everything still follows the historical trajectory. I remember there are three historical directions, and the protagonist is exhausted.	人定不了天，一切的一切还是按照历史轨迹走，我记得是三段历史走向，主角心累了	Humans cannot control fate; everything still follows the historical trajectory. I remember there are three historical directions, and the protagonist is tired.	man can't defy heaven, everything still follows the track of history — I remember there were three historical branches, and the protagonist is exhausted
B-HOM-103	HOM	67.97	76.40	8.43	73.27	76.02	2.76	0	0	0	笑成猪头最好笑是因为！！！我本来就觉得很好笑哈哈哈，看到这个蚌不住了！！！	Laughing like a pig is the funniest because!!! I already found it very funny hahaha, and seeing this I couldn't hold it in!!!	笑成猪头最好笑是因为！！！我本来就觉得很好笑哈哈哈，看到这个绷不住了！！！	Laughing like a pig is the funniest because!!! I already thought it was hilarious hahaha, and seeing this I couldn't hold it in!!!	the pig-head laugh is the funniest because!!! I already found it hilarious hahaha, and seeing this I just lost it!!!
B-HOM-104	HOM	85.29	85.76	0.48	74.92	77.62	2.70	100	100	0	真旅行青蛙！  去哪了 会给麻麻带明信片回来  真好	The real traveling frog! Where did it go? It will bring postcards back to mom. So nice.	真旅行青蛙！  去哪了 会给妈妈带明信片回来  真好	The real traveling frog! Where did it go? It will bring postcards back to mom. So nice.	a real Travel Frog! wherever it goes, it brings postcards back for mom — so sweet
B-HOM-105	HOM	87.47	89.69	2.22	72.78	73.48	0.70	100	100	0	兄dei，这么好的猪 你舍得一次性吃完吗（于谦声）	Bro, with such good pork, can you really bear to eat it all at once? (in Yu Qian's voice)	兄弟，这么好的猪 你舍得一次性吃完吗（于谦声）	Brother, with such good pork, can you really bear to eat it all at once? (in Yu Qian's voice)	bro, such a fine pig — could you really bear to eat it all in one go? (in Yu Qian's voice)
B-HOM-106	NEO	46.37	66.72	20.35	68.84	79.86	11.02	0	100	100	这高达味怎么这么重啊，真的是百合拯救了萝卜？	Why is this MSG flavor so strong? Did the lily really save the radish?	这高达味怎么这么重啊，真的是百合拯救了机器人？	"Why is this ""Gao Da"" flavor so strong? Did lilies really save the robot?"	why does this feel so much like Gundam — did yuri really save the mecha genre?
B-HOM-107	HOM	97.14	90.07	-7.08	79.52	77.93	-1.59	100	100	0	淦，为什么要让我凌晨刷到，睡不着觉了()	Damn, why did I come across this in the middle of the night? Now I can't sleep.	干，为什么要让我凌晨刷到，睡不着觉了()	Damn, why did I have to come across this at dawn? Now I can't sleep.	damn, why did I have to scroll onto this in the middle of the night, now I can't sleep ()
B-HOM-108	HOM	96.17	95.86	-0.31	83.27	85.19	1.92	100	0	-100	免责声明，此为系统自动播放，与我无瓜	Disclaimer: This is an automatic system playback and has nothing to do with me.	免责声明，此为系统自动播放，与我无关	Disclaimer: This is an automatic system playback and is not related to me.	disclaimer: this was autoplayed by the system, nothing to do with me
B-HOM-109	HOM	82.12	89.74	7.62	61.82	67.26	5.44	100	100	0	又第一了 带领兄弟萌再冲一次～～～～	First again, leading the brothers to charge once more～～～～	又第一了 带领兄弟们再冲一次～～～～	First again, leading the brothers to charge once more~~~~	number one again — leading the bros for one more charge~~~~
B-HOM-110	HOM	30.61	73.98	43.36	29.51	46.59	17.07	0	0	0	预计会火，火钳刘明	Expected to become popular, saving a spot to witness it.	预计会火，火前留名	Expected to become popular, leave your mark before it does.	this is going to blow up, leaving my name here before it does
B-HOM-111	HOM	40.64	73.26	32.62	69.45	63.43	-6.02	0	0	0	扳机歪了，前来还怨	The trigger was crooked, yet they still complained.	扳机歪了，前来还愿	The trigger is crooked, coming to fulfill a vow.	my pull for Trigger went off-banner — here to repay my vow
B-HOM-112	HOM	96.85	98.40	1.55	75.12	82.21	7.08	0	100	100	梅森：这我可太熟辣！	Mason: I'm so familiar with this!	梅森：这我可太熟啦！	Mason: I'm very familiar with this!	Mason: now this I know all too well!
B-HOM-114	HOM	93.60	95.44	1.85	77.44	79.98	2.54	0	0	0	我不行了我笑得要噶了	I can't take it anymore, I'm laughing to death.	我不行了我笑得要挂了	I can't take it anymore, I'm laughing to death.	I can't take it, I'm about to die laughing
B-HOM-115	HOM	92.79	93.36	0.57	70.08	85.07	14.98	0	0	0	活到老学到老,似了也要学习	Live and learn, even when you're old, you should still learn.	活到老学到老,死了也要学习	Live and learn until old age, and keep learning even after death.	live and learn — keep studying even when you're dead
B-HOM-116	HOM	64.80	79.29	14.49	59.39	68.23	8.84	0	0	0	太好辣，是拐杖星人，我们没救了	So spicy, it's the Cane Alien, we're doomed.	太好啦，是拐杖星人，我们没救了	Great, it's the Cane Aliens, we're doomed.	oh great, it's the crutch alien, we're doomed
B-HOM-117	HOM	72.86	84.51	11.64	72.07	68.13	-3.94	0	0	0	老八胃大，无需多盐	Old Eight has a big stomach, no need for extra salt.	老八胃大，无需多言	Lao Ba has a big stomach, no need to say more.	Laoba has a big stomach — no more words needed
B-HOM-118	HOM	96.68	99.15	2.47	60.41	85.14	24.72	0	0	0	雾草这幕太美了	Wow, this scene is so beautiful.	卧槽这幕太美了	Wow, this scene is so beautiful.	holy crap this scene is gorgeous
B-HOM-119	NEO	88.59	100.00	11.41	84.20	85.67	1.46	0	100	100	欧内该，我什么都愿意做	Eunice, I'm willing to do anything.	拜托了，我什么都愿意做	Please, I'm willing to do anything.	please, I'll do anything
B-HOM-120	HOM	97.93	98.60	0.67	71.65	73.90	2.24	100	100	0	果然混元是个妹纸	Sure enough, Hunyuan is a girl.	果然混元是个妹子	As expected, Hunyuan is a girl.	so Hunyuan really is a girl after all
B-HOM-121	HOM	69.48	83.79	14.31	69.21	65.92	-3.29	0	0	0	年轻人不讲武德！耗子尾汁	Young people don't speak of martial virtue! Drink mouse tail juice.	年轻人不讲武德！好自为之	Young people don't follow the martial virtues! Take care of yourself.	young people have no martial virtue! you'd better behave yourselves
B-HOM-122	HOM	67.72	69.01	1.29	54.74	57.13	2.38	0	0	0	官方踏马自黑，这下别人黑不了了	The official self-deprecates, now others can't criticize.	官方他妈自黑，这下别人黑不了了	The official self-deprecates, now others can't criticize.	the officials are freaking roasting themselves, now nobody else can roast them
B-HOM-123	HOM	95.00	96.60	1.60	64.51	76.66	12.15	100	0	-100	这俩老男人的沙雕人生	The ridiculous lives of these two old men.	这俩老男人的傻屌人生	The silly lives of these two old men.	the goofball life of these two old guys
B-HOM-124	HOM	82.20	96.39	14.18	68.56	82.51	13.95	0	100	100	被天使蚊过的嗓子	A throat bitten by an angel mosquito	被天使吻过的嗓子	A voice kissed by an angel	a voice kissed by an angel
B-HOM-125	HOM	95.34	95.99	0.65	63.02	80.15	17.13	100	100	0	上一个视频就是不讲内个	The previous video doesn't talk about that.	上一个视频就是不讲那个	The previous video doesn't talk about that.	the last video just wouldn't talk about that
B-HOM-127	HOM	74.35	93.46	19.11	53.32	64.32	11.01	0	0	0	可以四了这游戏	This game can be played.	可以死了这游戏	You can quit this game.	this game can just die already
B-HOM-128	HOM	98.00	99.09	1.10	62.83	83.23	20.40	100	100	0	全体欣赏阴乐	Everyone enjoys the music.	全体欣赏音乐	Everyone enjoys the music.	everyone, enjoy the music
B-HOM-129	HOM	69.26	70.46	1.20	38.86	58.01	19.15	100	100	0	锁呐区甲亢哥	Sona Hyperthyroidism Brother	唢呐区甲亢哥	Suona District Hyperthyroidism Brother	suona-section Speed
B-HOM-130	HOM	95.41	98.67	3.26	82.70	83.97	1.27	0	0	0	哎你怎么似了	Hey, what's wrong with you?	哎你怎么死了	Oh, how did you die?	hey, how come you died
B-HOM-131	HOM	85.36	98.76	13.39	67.23	83.54	16.31	0	100	100	密码的，很久没笑得这么无语了	The password, I haven't laughed speechlessly like this in a long time.	妈的，很久没笑得这么无语了	Damn, it's been a long time since I laughed so speechlessly.	damn, it's been ages since I laughed this speechlessly
B-PYA-088	PYA	96.14	96.01	-0.13	82.49	83.27	0.78	100	100	0	不是，我TM哪来的教材，你在逗我呢	No, where the hell would I get the textbook from? Are you kidding me?	不是，我他妈哪来的教材，你在逗我呢	No, where the hell would I get the textbook from? Are you kidding me?	wait, where the hell would I get a textbook, are you kidding me
B-PYA-089	PYA	91.66	97.03	5.37	80.46	82.47	2.01	0	100	100	md，这军方也这么乱，难怪市民们这么乐观，哈哈	MD, the military is such a mess, no wonder the citizens are so optimistic, haha.	妈的，这军方也这么乱，难怪市民们这么乐观，哈哈	Damn, the military is such a mess too, no wonder the citizens are so optimistic, haha.	damn, even the military is this chaotic, no wonder the citizens are so optimistic, haha
B-PYA-090	PYA	75.87	95.93	20.07	74.48	77.43	2.95	0	0	0	wc我想要高斯裤子的链接，真的好帅	I want the link to Gaosi pants, they're really handsome.	卧槽我想要高斯裤子的链接，真的好帅	Wow, I want the link to Gauss's pants, they're really cool.	whoa I want the link to Gauss's pants, they look so cool
B-PYA-091	PYA	93.98	92.36	-1.61	65.53	75.47	9.94	0	0	0	WC，这都能被发现啊	Wow, even this could be discovered.	卧槽，这都能被发现啊	Wow, how did they even find this out?	whoa, even this got noticed
B-PYA-092	PYA	97.91	100.00	2.09	82.92	85.06	2.14	0	0	0	woc太萌了	woc is so cute.	卧槽太萌了	Oh my gosh, that's so cute!	omg so cute
B-PYA-093	PYA	85.92	83.08	-2.84	69.59	67.77	-1.82	0	100	100	dbq小啵有点像触电了	DBQ Xiaobo seems a bit like he got an electric shock.	对不起小啵有点像触电了	Sorry, Xiao Bo is a bit like being electrocuted.	sorry but Xiaobo kind of looks electrocuted
B-PYA-094	PYA	89.73	96.90	7.17	69.37	83.40	14.04	0	0	0	无线能源是基于无线水的原理吗？(bushi)	Is wireless energy based on the principle of wireless water? (No)	无线能源是基于无线水的原理吗？(不是)	Is wireless energy based on the principle of wireless water? (No)	is wireless energy based on the principle of wireless water? (jk)
B-PYA-095	PYA	88.07	93.48	5.41	55.46	69.89	14.43	0	0	0	光明，赐予我力量（bushi）	Light, grant me strength (not).	光明，赐予我力量（不是）	Light, grant me strength (not).	light, grant me power (jk)
B-PYA-096	PYA	98.86	99.74	0.88	78.34	79.23	0.89	100	100	0	这么说我才发现字幕不是视频自带的hhhh	I just realized that the subtitles are not embedded in the video, hahaha.	这么说我才发现字幕不是视频自带的哈哈哈哈	I just realized that the subtitles are not embedded in the video, hahaha.	now that you mention it, I just realized the subtitles aren't part of the video hahaha
B-PYA-097	PYA	90.02	90.73	0.71	74.50	74.16	-0.34	100	100	0	完了疑似吉米被吓疯了hh	It seems that Jimmy was scared crazy, haha.	完了疑似吉米被吓疯了哈哈	It seems that Jimmy was scared crazy, haha.	uh oh, Jimmy seems scared out of his mind haha
B-PYA-098	PYA	90.28	94.01	3.72	78.84	80.86	2.01	0	100	100	看清楚材质吧，pdd很多都是聚酯纤维，你问客服没几个敢说是纯棉的	Take a close look at the material; many products on PDD are polyester fiber, and few customer service representatives dare to say they are pure cotton.	看清楚材质吧，拼多多很多都是聚酯纤维，你问客服没几个敢说是纯棉的	Take a close look at the material; many products on Pinduoduo are polyester fiber, and few customer service representatives dare to say it's pure cotton.	check the fabric carefully — a lot of stuff on Pinduoduo is polyester, and few customer-service reps dare claim it's pure cotton
B-PYA-099	PYA	87.17	89.72	2.55	58.66	65.77	7.11	0	0	0	27W收藏4W点赞服了不提醒还不知道........	27K saved, 4K likes, wouldn't have known without the reminder...	27万收藏4万点赞服了不提醒还不知道........	270,000 favorites and 40,000 likes, I wouldn't have known without the reminder...	270k saves and 40k likes, unbelievable — I wouldn't even have known without the reminder……
B-PYA-100	PYA	88.17	98.12	9.95	76.32	67.92	-8.39	0	0	0	20w收藏3w点赞	20k collections, 3k likes	20万收藏3万点赞	200,000 saves and 30,000 likes	200k saves, 30k likes
B-PYA-101	PYA	69.31	87.70	18.39	70.95	79.76	8.81	0	0	0	啊？60w围攻45w的城，对方还以骑兵为主？？！	Huh? A city with 600,000 besieging 450,000, and the other side is mainly cavalry?!!	啊？60万围攻45万的城，对方还以骑兵为主？？！	Huh? 600,000 besieging a city of 450,000, and the other side is mainly cavalry??!	what? 600k besieging a city of 450k, and the enemy is mostly cavalry??!
B-PYA-102	PYA	85.37	80.71	-4.66	53.83	69.53	15.69	0	100	100	“义人，就是ta，欺负我。”	"""The righteous person, that is, they, bullied me."""	“义人，就是他，欺负我。”	"""The righteous man, it's him, who bullies me."""	Righteous one, it was them — they bullied me.
B-PYA-103	PYA	73.95	96.12	22.17	53.48	75.00	21.53	0	100	100	好装好假好ex	Good at pretending and faking.	好装好假好恶心	So fake, so pretentious, so disgusting.	so pretentious, so fake, so gross
B-PYA-104	PYA	66.45	84.02	17.57	39.61	40.88	1.27	0	100	100	死yxh滚远点	Die yxh, get lost.	死营销号滚远点	Die marketing accounts, get lost.	damn clickbait accounts, get lost
B-PYA-106	PYA	66.77	65.15	-1.61	57.02	75.04	18.03	0	0	0	牛啊，我怎么幻听出歌词了(bushi)	Wow, how did I mishear the lyrics? (not really)	牛啊，我怎么幻听出歌词了(不是)	Wow, how did I mishear the lyrics? (Not really)	impressive — why am I hallucinating lyrics out of this (jk)
B-PYA-107	PYA	85.73	92.46	6.73	67.51	69.71	2.20	0	100	100	心灵感应原版就是致敬火花hhh	The original telepathy is a tribute to Spark hhh	心灵感应原版就是致敬火花哈哈哈	The original telepathy is a tribute to Spark hahaha.	the original Telepathy really is a homage to Spark hahaha
B-PYA-108	PYA	87.14	85.02	-2.12	74.23	70.87	-3.37	0	0	0	woc瞬间高清修补版	WOC instant HD repair version	卧槽瞬间高清修补版	Holy crap, instant HD repair version.	whoa, instantly the HD restored version
B-NEO-096	NEO	90.74	90.18	-0.56	82.70	82.21	-0.49	0	0	0	泪目，我一直不知道自己想做什么，感觉选择的大都错了，已经索性不想选择了...糟糕啊...	Tears in my eyes, I never knew what I wanted to do, and I feel like most of my choices were wrong, so I've simply stopped wanting to choose... It's terrible...	眼泛泪光，我一直不知道自己想做什么，感觉选择的大都错了，已经索性不想选择了...糟糕啊...	Tears in my eyes, I never knew what I wanted to do, feeling that most of my choices were wrong, and I simply don't want to choose anymore... It's terrible...	tearing up — I've never known what I want to do, feels like most of my choices were wrong, and now I've simply stopped choosing… this is bad…
B-NEO-097	NEO	87.40	87.47	0.08	80.55	81.38	0.84	0	0	0	10后，上一次看是三年前了，但是也泪目了	After 10 years, the last time I watched it was three years ago, but it still brought tears to my eyes.	10后，上一次看是三年前了，但是也落泪了	After 10 years, the last time I watched it was three years ago, but I still shed tears.	born after 2010 — last watched this three years ago, but it still made me tear up
B-NEO-098	NEO	81.06	81.99	0.93	76.05	78.37	2.32	0	0	0	虽然整个乐队前期像拼好队一样，但是结局随着独角兽的回归写的还是不错的	Although the entire band initially seemed like a makeshift group, the ending was still well-written with the return of the unicorn.	虽然整个乐队前期像拼凑起来的队伍一样，但是结局随着独角兽的回归写的还是不错的	Although the entire band initially seemed like a makeshift group, the ending was still well-written with the return of the unicorn.	even though the band felt like a thrown-together group-buy squad early on, the ending with the unicorn's return was written pretty well
B-NEO-099	NEO	76.50	83.08	6.58	75.30	75.04	-0.26	0	0	0	“苏新皓你好的太突出”这句话的含金量还在上升	"""The value of the sentence 'Su Xinhao, your excellence is too outstanding' is still rising."""	“苏新皓你好的太突出”这句话的价值还在提升	"""The value of the phrase 'Su Xinhao, your excellence is too outstanding' is still increasing."""	"the line ""Su Xinhao, your hello is too striking"" keeps proving truer and truer"
B-NEO-100	NEO	85.60	93.55	7.96	72.98	69.78	-3.21	0	0	0	扎格列斯之手的含金量还在上升！	The gold content of Zagreus' Hand is still rising!	扎格列斯之手的价值还在提升！	The value of Zagreus's Hand is still rising!	the Hand of Zagreus keeps proving its worth!
B-NEO-101	NEO	60.86	76.41	15.54	59.84	63.35	3.51	0	0	0	红温了，把打野怪爆的装备给炸了，你好歹拿一些吧	It's red-hot, the equipment from the jungle monsters exploded, at least take some.	气急了，把打野怪爆的装备给炸了，你好歹拿一些吧	In a fit of anger, you blew up the equipment from the jungle monsters; at least take some of it.	he's fuming — blew up the gear dropped from jungle monsters, at least take some of it, man
B-NEO-102	NEO	87.26	76.49	-10.77	78.06	73.18	-4.89	0	0	0	反派看到了硬控他的回忆……	The villain saw the memories that controlled him...	反派看到了完全控制住他的回忆……	The villain saw that he had completely controlled his memories...	the villain saw the memories that completely transfixed him……
B-NEO-103	NEO	95.91	93.03	-2.87	71.38	74.34	2.96	100	0	-100	我还以为是9.9元拼好饭呢	I thought it was a 9.9 yuan group meal deal.	我还以为是9.9元拼单买的饭呢	I thought it was a meal bought for 9.9 yuan through group buying.	I thought it was a 9.9-yuan group-buy meal deal
B-NEO-104	NEO	59.31	63.65	4.34	54.59	60.88	6.29	100	0	-100	向佐药水哥梦幻联动！	Jacky Heung and Potion Brother's dream collaboration!	向佐药水哥跨界合作！	Jacky Heung and Yaoshui Ge collaborate across industries!	Xiang Zuo and Yaoshui-ge, a dream crossover!
B-NEO-105	NEO	70.26	83.90	13.64	52.98	60.73	7.75	0	0	0	电子榨菜配跳跳糖	Electronic mustard with popping candy	下饭视频配跳跳糖	Snack videos with popping candy	comfort-viewing video paired with popping candy
B-NEO-106	NEO	88.42	96.87	8.45	67.53	82.81	15.28	100	0	-100	这声音绝绝子	This sound is absolutely amazing.	这声音好极了	This sound is excellent.	this voice is simply divine
B-NEO-107	NEO	77.23	88.03	10.80	65.83	76.27	10.44	0	100	100	假师傅让拜，真师傅反而不让拜，难绷了	The fake master insists on being worshipped, while the true master does not allow it, which is hard to handle.	假师傅让拜，真师傅反而不让拜，让人无语了	The fake master insists on being worshipped, while the true master refuses to be worshipped, leaving people speechless.	the fake master lets you bow to him, but the real master won't — I can't even
B-NEO-108	NEO	96.19	97.62	1.43	68.78	81.33	12.55	0	0	0	一想到一睁眼就有倒计时就难绷	It's hard to keep calm at the thought of waking up to a countdown.	一想到一睁眼就有倒计时就受不了	I can't stand the thought of waking up to a countdown.	the thought of waking up to a countdown every day just breaks me
B-MIX-092	MIX	93.90	86.65	-7.25	72.98	70.58	-2.40	100	100	0	完全不给队友上buff的机会	No chance for teammates to get buffs.	完全不给队友上增益的机会	Not giving teammates any chance to gain buffs.	gives teammates zero chance to apply buffs
B-MIX-093	MIX	75.84	62.74	-13.10	53.27	63.45	10.18	100	0	-100	不会侵蚀后全是boss吧	After the erosion, it's all bosses, right?	不会侵蚀后全是头目吧	It won't all be leaders after the erosion, right?	don't tell me everything after the corruption is a boss
B-MIX-094	MIX	96.92	91.72	-5.21	75.61	67.29	-8.32	100	0	-100	顾客：心平气和.jpg	Customer: Calm and composed.jpg	顾客：心平气和的表情包	Customer: Calm and composed emoji	customer: calm-and-composed.jpg
B-MIX-095	MIX	87.63	96.29	8.66	73.06	79.15	6.09	100	100	0	海皇cpu高速运转中……	The Neptune CPU is running at high speed...	海皇大脑高速运转中……	The Sea King's brain is operating at high speed...	the Sea Emperor's CPU is running at full speed……
B-MIX-096	MIX	85.34	87.02	1.69	66.07	78.39	12.32	100	0	-100	可以无限卡bug，站起来再躺下去，站起来再躺下去。	You can exploit the bug infinitely, standing up and lying down repeatedly.	可以无限卡漏洞，站起来再躺下去，站起来再躺下去。	You can exploit the loophole infinitely, standing up and lying down again, standing up and lying down again.	you can exploit the bug endlessly — stand up, lie back down, stand up, lie back down.
B-MIX-097	MIX	48.20	66.13	17.93	47.05	53.91	6.86	0	0	0	在扳机的视频里刷什么悠真真的很ky好吧	In Banji's video, commenting about Yuzhen is really quite inappropriate, okay?	在扳机的视频里刷什么悠真真的很不会看气氛好吧	In the video of pulling the trigger, commenting about Yuzhen really doesn't suit the atmosphere, does it?	spamming Harumasa comments on a Trigger video is honestly so tone-deaf, okay
B-MIX-098	MIX	93.19	79.76	-13.42	67.80	75.49	7.69	100	0	-100	别什么过场都搞qte，破坏连贯	Don't include QTEs in every scene, it disrupts continuity.	别什么过场都搞快速反应事件，破坏连贯	Don't make every formality a rapid response event, it disrupts continuity.	stop putting QTEs in every cutscene, it ruins the flow
B-MIX-099	MIX	84.90	81.02	-3.88	62.51	73.13	10.62	100	0	-100	不是哥们，怎么pv就删了。	Not buddies, why was the PV deleted?	不是哥们，怎么宣传片就删了。	If we're not buddies, why was the promotional video deleted?	wait bro, why did the PV get deleted.
B-MIX-100	MIX	99.44	98.74	-0.70	81.91	81.99	0.08	100	100	0	要是做出这样的mod，那就有意思了	If such a mod is made, then it would be interesting.	要是做出这样的模组，那就有意思了	If such a module is made, then it will be interesting.	if someone made a mod like this, that would be fun
B-MIX-101	MIX	95.99	95.52	-0.47	77.57	75.28	-2.29	100	0	-100	omg！这是谁家的小孩这么有出息啊啊啊啊啊	OMG! Whose child is this, so promising?	我的天！这是谁家的小孩这么有出息啊啊啊啊啊	Oh my! Whose child is this, so promising?	omg! whose kid is this, so talented ahhhh
B-MIX-102	MIX	94.66	94.28	-0.38	75.30	75.69	0.39	100	100	0	很多老外不知道田一鸣叫什么，就叫他super idol	Many foreigners don't know what Tian Yiming is called, so they just call him Super Idol.	很多老外不知道田一鸣叫什么，就叫他超级偶像	Many foreigners don't know what Tian Yiming is called, so they just call him a super idol.	many foreigners don't know Tian Yiming's name, so they just call him super idol
B-MIX-103	MIX	90.23	95.29	5.06	77.65	75.73	-1.92	100	0	-100	知名up主老番茄视频内容不慎跌回五年前的水平	The well-known content creator Laofanqu's video content has inadvertently fallen back to the level of five years ago.	知名视频作者老番茄视频内容不慎跌回五年前的水平	The content of well-known video creator Lao Fanqie has unfortunately regressed to the level of five years ago.	famous uploader LaoFanQie's video content has accidentally slipped back to its level five years ago
B-MIX-104	MIX	98.66	94.91	-3.75	83.66	63.70	-19.96	100	100	0	我打个csgo心跳都能160	My heart rate can reach 160 when I play CS:GO.	我打个反恐精英心跳都能160	My heart rate can reach 160 when I play Counter-Strike.	my heart rate hits 160 just playing CS:GO
B-MIX-105	MIX	96.16	99.68	3.52	61.96	88.20	26.23	0	0	0	回答我，鸟为什么会飞？ Look at my eye, tell me why!	Answer me, why do birds fly?	回答我，鸟为什么会飞？ 看着我的眼睛，告诉我为什么！	Answer me, why do birds fly? Look into my eyes and tell me why!	answer me, why can birds fly? Look at my eye, tell me why!
B-MIX-106	MIX	93.70	93.09	-0.61	83.22	81.66	-1.56	100	100	0	这里应该说的是welcome to shaolin 吧	"It should say ""welcome to Shaolin"" here."	这里应该说的是欢迎来到少林 吧	"It should say ""Welcome to Shaolin"" here."	what he should have said here is welcome to Shaolin, right
B-MIX-107	MIX	92.58	91.77	-0.82	66.99	65.37	-1.62	100	100	0	这BGM给我干天津去了	This BGM took me straight to Tianjin.	这背景音乐给我干天津去了	This background music took me to Tianjin.	this BGM just teleported me straight to Tianjin
B-MIX-108	MIX	70.19	69.40	-0.79	69.30	70.11	0.81	100	100	0	小八和啵哝就像是妈妈带了个teenager出来我服了。	Xiao Ba and Bonong are like a mom taking a teenager out, I'm impressed.	小八和啵哝就像是妈妈带了个青少年出来我服了。	Xiao Ba and Bonong are like a mom taking a teenager out, I'm impressed.	Xiaoba and Bonong are just like a mom taking a teenager out, I can't with them.
B-MIX-109	MIX	95.11	76.65	-18.46	80.45	78.82	-1.62	100	100	0	其实我不仅是rapper，我还是DJ，香蜜湖你听见了吗	Actually, I'm not just a rapper, I'm also a DJ. Xiangmi Lake, did you hear that?	其实我不仅是说唱歌手，我还是打碟师，香蜜湖你听见了吗	Actually, I'm not just a rapper, I'm also a DJ. Xiangmihu, did you hear that?	actually I'm not just a rapper, I'm also a DJ — Xiangmi Lake, can you hear me
B-MIX-110	MIX	71.67	72.22	0.55	70.04	68.65	-1.38	100	0	-100	我家小逻怎么成敌方boss单位了？还有精英干员长颈鹿	How did my little Luo become an enemy boss unit? And there's also the elite operator Giraffe.	我家小逻怎么成敌方头目单位了？还有精英干员长颈鹿	How did my little Luo become an enemy leader unit? And there's also the elite operator Giraffe.	how did my Xiaoluo become an enemy boss unit? and there's an elite operator giraffe too
B-MIX-111	MIX	96.24	96.56	0.31	72.22	71.66	-0.56	100	0	-100	看得ptsd犯了	Seeing it triggered my PTSD.	看得创伤后应激障碍犯了	Seeing it triggered my post-traumatic stress disorder.	watching this triggered my PTSD
B-MIX-112	MIX	95.45	94.28	-1.16	72.70	62.45	-10.25	100	0	-100	我独自拯救一切Pro max	I alone save everything Pro max	我独自拯救一切加强版	I alone save everything enhanced edition.	I Alone Save Everything, Pro Max edition
B-MIX-113	MIX	90.86	86.28	-4.59	64.58	63.99	-0.59	100	100	0	那是债主催债了bro	That's the creditor pressing for payment, bro.	那是债主催债了兄弟	The creditor is pressing for payment, brother.	that's the creditor coming to collect, bro
B-MIX-114	MIX	90.58	91.15	0.56	79.09	78.05	-1.04	0	0	0	姐！邀请宋雨琦上节目！E人很适合！章昊也是！	Sis! Invite Song Yuqi to the show! She's very suitable! So is Zhang Hao!	姐！邀请宋雨琦上节目！外向的人很适合！章昊也是！	Sis! Invite Song Yuqi to the show! Outgoing people are very suitable! Zhang Hao too!	sis! invite Song Yuqi onto the show! extroverts are perfect for it! Zhang Hao too!
B-MIX-115	MIX	83.03	83.38	0.35	79.74	79.66	-0.08	100	100	0	好阳光啊，这一定是相互救赎的少女乐队故事吧www	What beautiful sunshine, this must be a story about a girl band saving each other, lol.	好阳光啊，这一定是相互救赎的少女乐队故事吧哈哈哈	What beautiful sunshine, this must be a story about a girl band saving each other, haha.	so wholesome — this must be a girls-band story of mutual redemption lol
B-MIX-116	MIX	88.26	86.92	-1.34	81.16	82.04	0.89	0	0	0	小时候我没有cp这个概念，一直认为这俩只是朋友	When I was little, I didn't have the concept of CP and always thought these two were just friends.	小时候我没有情侣配对这个概念，一直认为这俩只是朋友	When I was little, I didn't have the concept of couples; I always thought these two were just friends.	as a kid I had no concept of shipping — I always thought these two were just friends
B-MIX-117	MIX	88.09	92.34	4.24	81.51	81.82	0.31	100	0	-100	妹妹在cos商鞅吗	Is my younger sister cosplaying as Shang Yang?	妹妹在扮演商鞅吗	Is my younger sister playing the role of Shang Yang?	is the girl cosplaying Shang Yang
B-MIX-118	MIX	97.36	90.94	-6.42	81.45	75.21	-6.24	100	0	-100	哎呀，蚊子得了MVP！	Oh my, the mosquito got the MVP!	哎呀，蚊子得了全场最佳！	Oh dear, the mosquito won the best of the show!	oops, the mosquito got the MVP!
B-MIX-119	MIX	94.98	95.20	0.22	81.78	83.35	1.56	100	100	0	这都ai配音了，字幕当然也是ai啊	It's all AI voiceover, so of course the subtitles are AI too.	这都人工智能配音了，字幕当然也是人工智能啊	This is all AI voiceover, so of course the subtitles are also AI-generated.	the voiceover is already AI, so of course the subtitles are AI too
B-MIX-120	MIX	91.25	89.26	-1.99	76.62	67.50	-9.12	100	100	0	谁还没看我都会伤心的OK？	Whoever hasn't watched it yet, I'll be upset, okay?	谁还没看我都会伤心的好吗？	Whoever hasn't seen it yet, I'll be upset, okay?	if anyone hasn't watched this yet I'll be sad, OK?
B-MIX-121	MIX	74.51	84.78	10.27	50.97	55.61	4.64	100	100	0	少看一天b站都剪不出来	Can't edit it out if I don't watch Bilibili for a day.	少看一天哔哩哔哩都剪不出来	Can't edit anything without watching Bilibili for a day.	skip even one day of Bilibili and you couldn't edit this
B-MIX-122	MIX	99.02	99.01	-0.01	82.93	83.06	0.13	100	100	0	只是一个道歉，but这个道歉的代价实在太高	It's just an apology, but the cost of this apology is really too high.	只是一个道歉，但是这个道歉的代价实在太高	It's just an apology, but the cost of this apology is really too high.	it's just an apology, but the price of this apology is way too high
B-MIX-123	MIX	93.16	90.27	-2.90	71.18	81.49	10.31	100	0	-100	记者会？不，个人show time	Press conference? No, personal show time.	记者会？不，个人表演时间	Press conference? No, personal performance time.	a press conference? no, it's personal show time
B-MIX-124	MIX	90.02	89.85	-0.18	65.43	77.06	11.64	100	0	-100	这一场演得不好，应该喊cut重来	"This performance wasn't good; we should call ""cut"" and do it again."	这一场演得不好，应该喊停重来	This performance was not good, it should be stopped and restarted.	this scene was badly acted, someone should call cut and redo it
B-MIX-125	MIX	96.46	96.90	0.44	82.81	84.35	1.54	100	100	0	喝水这part我真的笑了	I really laughed at the part about drinking water.	喝水这部分我真的笑了	I really laughed at the part about drinking water.	the water-drinking part genuinely made me laugh
B-MIX-126	MIX	96.11	98.16	2.05	74.42	82.62	8.19	100	0	-100	中式恐怖，真的next level	Chinese horror is really next level.	中式恐怖，真的更上一层楼	Chinese horror has truly reached a new level.	Chinese-style horror, truly next level
B-MIX-127	MIX	97.13	95.73	-1.40	80.52	83.12	2.59	100	0	-100	他们都在好奇那个npc是谁扮的	They are all curious about who is playing that NPC.	他们都在好奇那个非玩家角色是谁扮的	They are all curious about who is playing that non-player character.	they're all wondering who played that NPC
B-MIX-128	MIX	88.80	90.90	2.10	80.07	73.31	-6.76	0	100	100	os好想看张桂源也来一期	I really want to see Zhang Guiyuan come for an episode too.	内心独白好想看张桂源也来一期	I really want to see Zhang Guiyuan do an episode of inner monologue.	inner monologue: I really want to see Zhang Guiyuan do an episode too
B-MIX-129	MIX	97.74	98.24	0.50	73.74	70.80	-2.93	100	100	0	我已经走在了country road 上了	I am already on the country road.	我已经走在了乡间小路 上了	I have already walked on the country road.	I'm already walking on the country road
B-MIX-130	MIX	91.92	93.89	1.97	71.37	77.06	5.68	0	0	0	从来没有get到他颜值	Never understood his attractiveness.	从来没有领略到他颜值	Never appreciated his looks.	I've never gotten the appeal of his looks
B-MIX-131	MIX	94.51	93.89	-0.62	55.60	66.73	11.13	100	100	0	看哪一只eye啊sir	Look at which eye, sir.	看哪一只眼啊长官	Which eye, sir?	looking at which eye, sir
B-MIX-132	MIX	98.30	99.23	0.93	39.37	81.96	42.58	100	100	0	天磊：what can I say	Tianlei: what can I say	天磊：我能说什么	Tianlei: What can I say?	Tianlei: what can I say
B-MIX-133	MIX	88.06	92.39	4.33	71.64	77.11	5.48	100	100	0	唉，我去，真的有比利诶。该不会是暗示sp比利吧	Sigh, no way, there's really Billy. Could it be hinting at SP Billy?	唉，我去，真的有比利诶。该不会是暗示特殊版比利吧	Sigh, no way, there's really a Billy. Could it be hinting at a special edition Billy?	whoa, there really is a Billy — could this be hinting at an SP Billy
B-MIX-134	MIX	86.28	87.90	1.62	67.13	74.92	7.79	100	100	0	摊主，我也是你们play中的一环吗	Vendor, am I also a part of your play?	摊主，我也是你们角色扮演中的一环吗	Vendor, am I also a part of your role-playing?	stall owner, am I also part of your roleplay
B-MIX-135	MIX	94.28	83.84	-10.44	59.65	76.96	17.31	100	100	0	抽me,please抽me	Draw me, please draw me.	抽我,请抽我	Pick me, please pick me.	draw me, please draw me
B-MIX-136	MIX	99.34	97.27	-2.07	71.19	81.19	10.00	100	0	-100	boss已进入二阶段	The boss has entered phase two.	头目已进入二阶段	The leader has entered the second phase.	the boss has entered phase two
B-MIX-137	MIX	86.96	89.93	2.96	69.51	72.54	3.03	100	0	-100	这里是以为他要长期练，mcn没沟通好	He thought he would be training long-term here, but the MCN didn't communicate well.	这里是以为他要长期练，传媒公司没沟通好	The media company did not communicate well here because they thought he would be training long-term.	here they thought he'd be training long-term — the MCN agency didn't communicate properly
B-MIX-138	MIX	69.42	76.08	6.67	70.81	80.40	9.58	0	0	0	加拉赫上线一年了还在c	Gallaher has been online for a year and is still in c	加拉赫上线一年了还在当主力	Gallaher has been online for a year and is still a main player.	Gallagher has been out for a year and is still carrying
B-MIX-139	MIX	88.05	85.10	-2.95	62.79	73.91	11.12	100	0	-100	直伤+超击破+dot伤害	Direct damage + overbreak + DOT damage	直伤+超击破+持续伤害	Direct damage + overbreak + continuous damage	direct damage + super break + DoT damage
B-HOM-133	PYA	95.66	96.37	0.71	71.16	74.62	3.46	100	100	0	兄dei  成佛吧   修仙太难了	Bro, just become a Buddha; cultivating immortality is too difficult.	兄弟  成佛吧   修仙太难了	Brother, become a Buddha; cultivating immortality is too difficult.	bro, just become a buddha — cultivating immortality is too hard
B-HOM-134	HOM	88.27	81.02	-7.24	59.78	59.04	-0.73	100	100	0	我真怕药水一拳给向左打晕过去	I'm really afraid that Yaoshui might knock Xiang Zuo out with one punch.	我真怕药水一拳给向佐打晕过去	I'm really afraid that Yaoshui might get knocked out by a punch from Xiang Zuo.	I'm really afraid Yaoshui will knock Xiang Zuo out with one punch
B-HOM-135	HOM	79.40	84.46	5.06	69.35	67.14	-2.21	0	100	100	甲亢哥：我还能再看亿遍	Hyperthyroidism Bro: I can watch it a billion more times.	甲亢哥：我还能再看一亿遍	Hyperthyroidism Bro: I can watch it a hundred million more times.	Jiakang Bro: I could watch this a hundred million more times
B-NEO-109	NEO	81.61	83.36	1.75	69.85	66.72	-3.14	0	0	0	逆天，吴国给日本朝贡都来了	Against all odds, the state of Wu has come to pay tribute to Japan.	离谱，吴国给日本朝贡都来了	Absurd, Wu State has even come to pay tribute to Japan.	outrageous — now we've even got the Wu kingdom paying tribute to Japan
B-NEO-110	NEO	87.92	81.55	-6.37	68.08	63.77	-4.32	0	100	100	泪目了，米哈游你坏事做尽	Tears in my eyes, miHoYo, you've done all the bad things.	感动落泪了，米哈游你坏事做尽	Moved to tears, miHoYo, you've done all the bad things.	I teared up — miHoYo, you've done every evil deed there is
B-NEO-111	NEO	71.90	91.28	19.37	67.19	80.69	13.49	0	0	0	双非大学生，还没进厂。光看这个社会环境已经感觉自己燃尽了	A student from a non-double first-class university, not yet working in a factory. Just looking at the social environment already makes me feel burnt out.	非重点大学的大学生，还没进厂。光看这个社会环境已经感觉自己精疲力竭了	College students from non-prestigious universities haven't even entered the workforce yet, but just looking at the societal environment already makes them feel exhausted.	a non-elite-university student who hasn't even started working yet — just looking at this social environment I already feel burned out
B-NEO-112	NEO	87.07	78.86	-8.22	73.51	71.53	-1.97	0	0	0	看勇哥直播，各种神人	Watching Yong Ge's live stream, there are all kinds of amazing people.	看勇哥直播，各种行为离谱的人	Watching Yong Ge's live stream, there are all sorts of outrageous people.	watching Brother Yong's streams, you see all kinds of absolute characters
B-NEO-113	NEO	75.71	77.64	1.93	64.34	69.02	4.68	100	0	-100	太真实了，想到的那句话发现他可能听不懂于是在后面加点补丁	It's so true, realizing that he might not understand the sentence, so I added some patches afterward.	太真实了，想到的那句话发现他可能听不懂于是在后面加点补充说明	It's so true, realizing that he might not understand the sentence, so I added some additional explanation afterward.	so true — you think of a comeback, realize he might not get it, and then tack some patches onto it
B-NEO-114	NEO	97.21	92.98	-4.23	68.09	76.67	8.58	0	0	0	为什么能匹到这么多神人	Why can I meet so many amazing people?	为什么能匹配到这么多行为离谱的人	Why can I match with so many people with outrageous behavior?	how do I keep getting matched with so many absolute characters
B-NEO-115	NEO	79.28	95.07	15.80	64.36	82.39	18.03	0	0	0	所以男主在嘎掉的威胁下领悟了？	So the male lead realized under the threat of being eliminated?	所以男主在死掉的威胁下领悟了？	So the male protagonist had an epiphany under the threat of death?	so the male lead had his awakening under the threat of getting offed?
B-MIX-140	MIX	85.73	76.52	-9.21	66.26	57.24	-9.02	100	100	0	这个zzz不会要给他出个动画吧？	Is this zzz going to make an animation for him?	这个绝区零不会要给他出个动画吧？	Is this Zenless Zone Zero going to have an animation made for it?	don't tell me ZZZ is going to make an anime for him?
B-MIX-141	MIX	97.34	97.76	0.41	79.07	81.35	2.28	100	100	0	怎么说呢 很怀疑up主的精神状态	How should I put it? I'm very doubtful about the uploader's mental state.	怎么说呢 很怀疑视频作者的精神状态	How should I put it? I'm very doubtful about the mental state of the video creator.	how do I put it — I seriously question this uploader's state of mind
B-MIX-143	MIX	89.33	92.28	2.96	53.19	64.51	11.32	0	100	100	他和背后的 n pc 格格不入	He is out of place with the n PCs behind him.	他和背后的 非玩家角色 格格不入	He is out of place with the non-player characters in the background.	he's completely out of place next to the NPC behind him
B-MIX-145	NEO	80.61	77.85	-2.76	70.39	71.94	1.54	0	0	0	甲亢哥：我DNA动了	Hyperthyroidism Bro: My DNA is activated.	甲亢哥：我本能被唤醒了	Hyperthyroidism Bro: My instincts have been awakened.	Jiakang Bro: my DNA just moved
B-MIX-146	MIX	93.17	92.55	-0.63	60.23	59.28	-0.95	100	0	-100	bro以为自己在演致命ID	Bro thought he was acting in Identity.	这哥们以为自己在演致命ID	"This guy thinks he's acting in ""Identity""."	bro thinks he's starring in Identity
B-MIX-147	MIX	95.99	97.01	1.01	72.25	80.83	8.58	0	0	0	干嘛突然cos班主任	Why are you suddenly cosplaying as the homeroom teacher?	干嘛突然扮演班主任	Why are you suddenly acting like the class teacher?	why are you suddenly cosplaying as the homeroom teacher
B-MIX-148	MIX	93.50	86.17	-7.33	68.37	73.47	5.10	100	0	-100	神作，没见过的mad种类呢	Masterpiece, a type of madness I've never seen before.	神作，没见过的混剪视频种类呢	Masterpiece, a type of mashup video I've never seen before.	a masterpiece — a kind of MAD I've never seen before
B-PYA-109	PYA	81.98	70.06	-11.92	52.85	75.01	22.16	0	0	0	拍了拍博士的石棺盖子hhhhh	Tapped on the lid of the doctor's coffin hhhhh	拍了拍博士的石棺盖子哈哈哈哈哈	*Pats the lid of the doctor's sarcophagus and laughs*	gave the Doctor's stone coffin lid a little pat hahaha
B-PYA-110	PYA	93.55	98.75	5.21	41.53	84.69	43.16	100	100	0	万恶的zi ben jia	Evil capitalist.	万恶的资本家	Evil capitalist	the evil capitalists
B-PYA-111	PYA	83.34	81.67	-1.67	60.18	59.55	-0.63	100	100	0	就说问啥听不到，nnd只带了一个耳机	Just say you can't hear anything, damn it, I only brought one earphone.	就说问啥听不到，奶奶的只带了一个耳机	Just say you can't hear anything, darn it, I only brought one earphone.	no wonder he said he couldn't hear anything — damn it, he only brought one earbud
