uid	category	xcomet_noisy	xcomet_clean	xcomet_d	kiwi_noisy	kiwi_clean	kiwi_d	nta_noisy	nta_clean	nta_d	src_noisy	hyp_noisy	src_clean	hyp_clean	ref_en
B-HOM-001	HOM	85.55	94.91	9.37	63.18	84.50	21.32	0	0	0	酱紫也行？那我也试试	How about “Jiang Zi” (a color name in Chinese)? Then I’ll give it a try too.	这样子也行？那我也试试	Is that okay too? Then I’ll give it a try as well.	this works? then let me try too
B-HOM-002	HOM	98.40	98.93	0.53	67.50	83.13	15.64	0	0	0	你怎么酱紫说话，人家会误会的	How can you talk like that? People might misunderstand you!	你怎么这样子说话，人家会误会的	How can you talk like that? People might misunderstand you.	why do you talk like that, people will misunderstand
B-HOM-003	HOM	99.62	99.84	0.22	82.64	83.63	0.98	0	0	0	各位童鞋注意了，期末考试要来了	Attention all students! The final exams are approaching!	各位同学注意了，期末考试要来了	Attention all students, the final exams are approaching!	attention classmates, final exams are coming
B-HOM-004	HOM	96.57	100.00	3.43	82.00	84.58	2.58	0	100	100	童鞋们帮我看看这道题怎么做	Kids, can you help me figure out how to solve this problem?	同学们帮我看看这道题怎么做	Classmates, please help me figure out how to solve this problem.	classmates help me figure out this problem
B-HOM-005	HOM	95.69	97.56	1.87	72.97	83.29	10.31	100	100	0	我真的好稀饭这个博主，太搞笑了	I really love this blogger; they’re so funny!	我真的好喜欢这个博主，太搞笑了	I really like this blogger; they’re so funny!	I really like this creator, too funny
B-HOM-006	HOM	94.27	99.12	4.85	59.93	86.18	26.25	100	100	0	你是不是稀饭我？直说嘛	Do you like me? Just tell me!	你是不是喜欢我？直说嘛	Do you like me? Just tell me.	do you like me? just say it
B-HOM-007	HOM	94.44	94.43	-0.01	79.17	83.76	4.59	0	100	100	今天又是杯具的一天，出门忘带钥匙	Today was yet another frustrating day: I forgot to bring my keys when I left home.	今天又是悲剧的一天，出门忘带钥匙	Today is yet another tragic day: I forgot to bring my keys when I left home.	another tragic day, forgot my keys going out
B-HOM-008	HOM	91.46	100.00	8.54	66.06	84.30	18.24	0	100	100	人生就是一个杯具接着一个杯具	Life is just one misfortune after another.	人生就是一个悲剧接着一个悲剧	Life is just one tragedy after another.	life is one tragedy after another
B-HOM-009	HOM	95.58	95.77	0.19	66.72	81.06	14.35	0	0	0	游戏过于神金，不确定先从哪里笑起	The game is just too ridiculous… I don’t know where to start laughing first.	游戏过于神经，不确定先从哪里笑起	The game is just too ridiculous… I don’t know where to start laughing first.	this game is so unhinged, not sure where to start laughing
B-HOM-010	HOM	90.31	85.84	-4.47	74.28	59.72	-14.56	0	0	0	都说我做饭神金，今天就做神金给你们吃	Everyone says I’m a genius in cooking; today, I’ll show you what a real genius can do by preparing some amazing food for you.	都说我做饭神经，今天就做神经给你们吃	Everyone says I’m a mess when it comes to cooking, so today I’ll cook something “neurotic” for you to eat.	y'all say I'm crazy in the kitchen, so today I'm cooking crazy for you
B-HOM-011	HOM	76.93	91.75	14.82	48.75	82.61	33.86	0	0	0	世界上最神金的行为	The most incredible, golden (or “golden” in a metaphorical sense) act in the world…	世界上最神经的行为	The most neurotic behavior in the world	the most unhinged behavior in the world
B-HOM-012	HOM	62.54	73.52	10.98	70.82	79.42	8.60	0	0	0	被这离谱的主播笑拥了	I was embraced by the laughter of this outrageous broadcaster.	被这离谱的主播笑晕了	I was so amused by that ridiculous broadcaster that I almost passed out laughing.	I'm dead from this absurd streamer
B-HOM-013	HOM	68.17	91.07	22.90	63.81	74.56	10.74	0	0	0	笑拥了！带货主播推荐的迷惑水果太离谱了吧	Haha, I got it! The confusing fruits recommended by that live-streaming seller are just too ridiculous!	笑晕了！带货主播推荐的迷惑水果太离谱了吧	I almost died of laughing! The confusing fruits recommended by that live-streaming salesperson are just too ridiculous!	I’m dying laughing! Those weird fruits promoted by live stream sales hosts are ridiculous.
B-HOM-014	HOM	93.18	92.36	-0.82	77.80	79.23	1.43	0	0	0	新来的00后程序员写的代码，看到这段注释真的快把我笑拥了	The code written by this new programmer born in the 2000s… Reading this comment really made me laugh out loud!	新来的00后程序员写的代码，看到这段注释真的快把我笑晕了	The code written by this new programmer, who was born in the 2000s, made me laugh so hard when I saw this comment.	the new Gen Z programmer's code, seeing this comment almost killed me laughing
B-HOM-016	NEO	77.40	81.51	4.10	69.28	77.31	8.03	0	0	0	考试没复习直接寄，明年再来	The exam was sent without any review; I’ll try again next year.	考试没复习直接完了，明年再来	I finished the exam without reviewing at all; I’ll try again next year.	didn't study for the exam, it's over, see you next year
B-HOM-018	HOM	59.56	79.47	19.90	42.34	64.90	22.56	0	0	0	火钳流明，这帖子要火	“Tongs lumens” – this post is going to be a huge hit!	火前留名，这帖子要火	“Leave your name by the fire”; this post is going to be a huge hit!	leaving a name before this blows up, this post is about to go viral
B-HOM-019	HOM	84.42	94.68	10.26	65.69	81.65	15.96	0	0	0	雀食好笑，不骗你	Bird feed is really funny, I’m not kidding you.	确实好笑，不骗你	It’s really funny, I’m not lying.	it's genuinely funny, no cap
B-HOM-021	HOM	97.38	96.56	-0.82	82.99	84.01	1.03	0	100	100	沃草，这无人机表演太震撼了	Wow, that drone performance was absolutely stunning!	我操，这无人机表演太震撼了	Damn, that drone performance was absolutely breathtaking!	holy crap, this drone show is insane
B-HOM-023	HOM	77.73	92.29	14.57	50.90	52.32	1.41	0	100	100	你想peach呢，哪有这么好的事	You want to “peach” (imply that something is too good to be true), but there’s no such thing as something being that good really.	你想屁吃呢，哪有这么好的事	You must be dreaming; there’s no such good thing happening.	you're dreaming, how can something that good happen
B-HOM-024	HOM	95.30	96.65	1.36	80.57	84.94	4.37	100	100	0	别虾扯蛋了，老师说的都是真的吗	Stop talking nonsense—Is everything the teacher said really true?	别瞎扯淡了，老师说的都是真的吗	Stop talking nonsense—Is everything the teacher said really true?	stop talking BS, is what the teacher said even true
B-HOM-025	HOM	79.94	84.51	4.57	53.65	59.86	6.22	0	0	0	先报上自己的分数啊搞辣菜	Let me report my own score first… Oh, this is really tricky!	先报上自己的分数啊搞拉踩	Let me report my own score first… Then we can start comparing and criticizing each other.	dropping your score first before throwing shade smh
B-HOM-026	HOM	70.20	88.19	17.99	52.51	72.17	19.66	0	0	0	蚌埠住了，腾讯这泄密处理速度也太快了吧	Beibuh has been affected; Tencent’s response to the data breach was really too quick.	绷不住了，腾讯这泄密处理速度也太快了吧	I can’t help but laugh – Tencent’s response to the data breach was really too quick!	I can't hold it in anymore, Tencent's speed in handling this leak is just too fast
B-HOM-027	HOM	85.70	76.24	-9.46	76.46	79.83	3.37	0	0	0	嗷利给，西班牙第一了	Wow, Spain has taken first place!	奥利给，西班牙第一了	Ole! Spain is number one!	Aigoo Spain took first place let's gooo
B-HOM-028	HOM	74.14	80.24	6.11	46.65	78.45	31.80	0	0	0	这配置针不戳，性价比拉满	This configuration is excellent; it offers the best possible value for money.	这配置真不错，性价比拉满	This configuration is really great; it offers excellent value for money.	This setup slaps, value for money off the charts
B-HOM-029	HOM	48.08	66.53	18.45	59.87	65.15	5.28	0	0	0	赛里木湖这操作针不戳啊，景区打人还能辞退就完事了？	Sailimu Lake… That kind of behavior really shouldn’t be tolerated. If someone assaults people in a tourist area, they should just get fired and that’s it?	赛里木湖这操作真不错啊，景区打人还能辞退就完事了？	That’s really impressive with Lake Saimurum. Just because someone gets beaten in the tourist area, they can be fired and that’s the end of it?	Sarim Lake's handling is just great, beating people at a scenic spot and just firing them is that it?
B-HOM-030	HOM	64.59	98.55	33.96	53.26	79.54	26.28	0	0	0	蚌埠住了，这也太好笑了吧	Beibuh has settled down… That’s really too funny, isn’t it?	绷不住了，这也太好笑了吧	I can’t help it – this is just too funny!	bruh I can't hold it in this is too funny lmao
B-HOM-031	HOM	95.39	91.31	-4.08	80.12	74.73	-5.39	100	100	0	卧槽317万年终奖就这么没了？	Damn, 3.17 million yuan in year-end bonus just disappeared like that?	我操317万年终奖就这么没了？	Damn, did I really lose all that money (3.17 million) in my year-end bonus?	Wtf, 3.17 million year-end bonus just gone like that?
B-HOM-032	HOM	57.14	95.70	38.56	75.95	79.72	3.77	0	100	100	你就耗子尾汁吧，别折腾了	Just use the rat tail juice, and stop making a fuss.	你就好自为之吧，别折腾了	Just take care of yourself and stop causing trouble.	watch yourself bro stop messing around
B-HOM-033	HOM	79.44	90.79	11.35	59.93	59.04	-0.89	0	100	100	王虹这波属实深藏blue了，拿完奖还这么低调	Wang Hong really went all out this time; she was so low-key even after winning the award.	王虹这波属实深藏不露了，拿完奖还这么低调	Wang Hong really hid her talents well this time; she remained so low-key even after winning the award.	Wang Hong has truly been hiding her talents, so low-key after winning the award
B-HOM-034	HOM	55.70	97.69	41.99	61.13	75.26	14.13	0	0	0	蚌埠住了这也太搞笑了	It’s really funny that they decided to live in Bengbu.	绷不住了这也太搞笑了	I can’t help it – this is just too funny!	can't hold it in anymore this is way too funny fr
B-HOM-035	HOM	89.66	94.87	5.21	47.78	84.19	36.40	0	0	0	看到50亿离婚案的消息我直接蓝瘦香菇	When I saw the news about 5 billion divorce cases, I was just so depressed and upset…	看到50亿离婚案的消息我直接难受想哭	When I saw the news about 5 billion divorce cases, I felt so sad that I wanted to cry.	Seeing the news about the 5 billion divorce case, I'm so sad I could cry
B-HOM-036	HOM	89.09	91.15	2.06	57.28	83.75	26.47	0	0	0	针不戳，这个视频做得真好	The video is really well-made; it doesn’t have any obvious flaws or mistakes.	真不错，这个视频做得真好	That’s really great; this video is well-made.	not bad this video is actually fire
B-HOM-037	HOM	90.07	94.95	4.88	63.28	76.09	12.81	0	0	0	这景区管理duck不必，7个人打一个司机	There's no need for such strict management in this tourist area; 7 people are fighting against just one driver.	这景区管理大可不必，7个人打一个司机	There's absolutely no need for such strict management of this tourist area; 7 people fighting against just one driver…	This scenic area management is totally unnecessary, 7 people beating one driver
B-HOM-038	HOM	98.29	98.48	0.19	57.94	84.83	26.89	100	100	0	这个颜色灰常好看	This color is really beautiful.	这个颜色非常好看	This color is really beautiful.	this color looks really good ngl
B-HOM-039	HOM	69.17	91.26	22.09	59.18	68.56	9.38	0	0	0	腾讯这波操作属于是虾仁猪心了	Tencent’s latest move is really something… like mixing shrimp with pig’s heart – completely nonsensical and absurd.	腾讯这波操作属于是杀人诛心了	Tencent’s move this time is truly ruthless and heart-wrenching.	Tencent's move this time is truly adding insult to injury
B-HOM-040	HOM	76.19	94.48	18.30	68.11	61.65	-6.46	0	0	0	有内味了，就是这个感觉	It’s getting more interesting; that’s exactly the feeling I’m talking about.	有那味了，就是这个感觉	I get that vibe; that’s exactly what it feels like.	got that vibe this is the feeling
B-HOM-041	HOM	84.68	92.04	7.36	68.24	79.49	11.25	0	0	0	泄密被辞退永不录用，这员工只能耗子喂汁了	The employee was fired for leaking information and will never be hired again; they’re just a liability to the company.	泄密被辞退永不录用，这员工只能好自为之了	If someone is fired for leaking information, they will never be rehired. In that case, the employee can only do their best to manage the situation on their own.	Fired for leaking and never to be rehired, this employee better watch out
B-HOM-042	HOM	95.34	96.03	0.70	78.51	80.74	2.23	0	0	0	这部剧的女主造型好康	The lead actress in this drama has a really cool outfit.	这部剧的女主造型好看	The protagonist of this drama has a really attractive outfit.	the female lead's look in this drama is gorgeous
B-HOM-043	HOM	64.52	80.21	15.69	47.25	50.31	3.06	0	0	0	耗子尾汁，好自为之吧	Damn it, you better take care of yourself!	好自为之，好自为之吧	Take care of yourself, please.	Learn your lesson and shape up.
B-HOM-044	HOM	79.13	89.56	10.44	42.23	81.87	39.64	0	0	0	这个操作太虾仁了	This operation is really lame (or ineffective/superfluous).	这个操作太吓人了	This operation is too scary.	this play is straight up terrifying
B-HOM-045	HOM	82.67	89.39	6.71	63.49	67.53	4.04	0	0	0	中国女排这波直接丸辣，美国队不服不行	The Chinese women’s volleyball team just absolutely dominated; the American team had no choice but to accept that.	中国女排这波直接完啦，美国队不服不行	The Chinese women’s volleyball team is definitely out of the competition now; the American team has no choice but to accept this.	China's women's volleyball team is done for this time, the US team has to admit defeat
B-HOM-046	HOM	72.33	99.85	27.52	63.77	84.23	20.45	0	100	100	鸭力好大，快要顶不住了	The duck is exerting so much force that it’s about to give out…	压力好大，快要顶不住了	The pressure is too great; I’m almost unable to bear it anymore.	the pressure is so high can't hold on anymore
B-HOM-047	HOM	77.14	100.00	22.86	40.15	88.21	48.06	0	100	100	窝五碎！！！	Woo hoo!!!	我五岁！！！	I’m five years old!!!	I'm five years old!!!
B-HOM-048	HOM	88.83	84.08	-4.75	80.08	80.46	0.38	0	0	0	赛里木湖这事整得灰常离谱	The Saimur Lake situation has turned out to be absolutely ridiculous.	赛里木湖这事整得非常离谱	The Saimur Lake incident was handled in a completely absurd manner.	The Sarim Lake incident is really outrageous
B-HOM-049	HOM	91.99	92.20	0.21	84.38	84.28	-0.10	0	0	0	看完这帖子我直接笑嘻了	I couldn’t help but laugh right after reading this post.	看完这帖子我直接笑死了	I laughed my ass off after reading this post.	after reading this post I'm dead lmao
B-HOM-050	HOM	75.90	98.45	22.55	68.65	85.88	17.23	0	100	100	看完这个视频我蕉绿了	After watching this video, I was absolutely furious (or “green with rage”).	看完这个视频我焦虑了	I felt anxious after watching this video.	after watching this vid I'm straight up anxious
B-HOM-051	HOM	85.93	96.55	10.62	39.30	82.42	43.12	0	0	0	看完女排比赛我直接鸭梨山大	After watching the women’s volleyball match, I’m absolutely overwhelmed with stress.	看完女排比赛我直接压力山大	After watching the women’s volleyball match, I felt an immense amount of stress.	After watching the women's volleyball match, I'm under enormous pressure
B-HOM-052	HOM	59.21	78.81	19.60	70.98	69.00	-1.98	0	0	0	笑鼠了！一会抛梗一会接梗	The laughing mouse! It throws in jokes one moment and then catches on to them the next.	笑死了！一会抛梗一会接梗	I’m laughing my ass off! One minute you throw a joke, and the next minute you pick it up and continue with the conversation.	dying of laughter! one sec they set up the joke next sec they're playing along
B-HOM-053	HOM	75.63	91.21	15.59	58.94	69.91	10.97	0	100	100	测评娃哈哈高透史莱姆好好康	"Evaluating Wahaha's High-Transparency Slime product, ""Haohao Kang"""	测评娃哈哈高透史莱姆好好看	The evaluation of Wahaha’s high-transparency slime product is very positive; it looks really good!	reviewing Wahaha's crystal clear slime it looks so good
B-HOM-054	HOM	81.38	92.26	10.88	60.85	82.04	21.19	0	0	0	窝巢，这也太厉害了吧	Nesting… that’s really amazing!	我操，这也太厉害了吧	Damn, that’s really impressive!	wtf this is too insane bruh
B-HOM-055	HOM	68.33	99.03	30.69	70.35	85.14	14.79	0	100	100	笑的想鼠	Laughing so hard it’s like a mouse…	笑的想死	It’s so funny I want to die laughing.	laughing till I die
B-HOM-056	HOM	58.68	76.36	17.68	65.69	77.67	11.98	0	0	0	这里是孙吧忏悔室，一人忏悔一件你觉得最厨神的事	This is Sunba’s Confession Room. Here, each person confesses to one thing they consider to be their most “chef-like” (i.e., something that demonstrates their exceptional culinary skills).	这里是孙吧忏悔室，一人忏悔一件你觉得最畜生的事	This is Sunba’s Confession Room. Here, each person confesses to the most inhumane thing they have done.	welcome to Sun Bar confessional drop your most savage moment
B-HOM-057	HOM	84.62	96.39	11.77	77.47	81.81	4.34	0	0	0	关于玉玉症表妹喜欢上我的故事	The story about how my cousin with Yu Yu syndrome fell in love with me	关于抑郁症表妹喜欢上我的故事	A story about my depression and how my cousin fell in love with me	the story of how my depressed cousin fell for me
B-HOM-058	HOM	77.58	96.88	19.29	77.19	84.86	7.67	0	100	100	这是我女朋友 羡慕吗笑抽们🤣	This is my girlfriend. Are you jealous? Haha, you’re going to laugh your ass off! 🤣	这是我女朋友 羡慕吗小丑们🤣	This is my girlfriend. Are you jealous, you clowns? 🤣	this is my gf. jealous you clowns? 🤣
B-HOM-059	HOM	85.72	85.28	-0.45	63.64	65.67	2.03	0	0	0	麻辣烫我只认元娘娘，口味多好7	For spicy hot pot, I only trust Yuan Niangniang; the taste is simply amazing!	麻辣烫我只认元娘娘，口味多好吃	For spicy hot pot, I only trust Yuan Niangniang; the flavors are simply too delicious!	I only trust Yuan Niangniang for malatang it's so good
B-HOM-060	HOM	59.73	80.40	20.67	59.61	58.76	-0.85	0	0	0	可爱的小香猪变成了温暖的答辩	The adorable little piglet has turned into a warm and comforting argument (or “defense” in the context of a debate or discussion).	可爱的小香猪变成了温暖的大便	The cute little piglet has turned into warm… (the sentence seems incomplete here; perhaps it should say “warm poop” or something similar).	a cute little guinea pig turned into warm crap
B-HOM-061	HOM	85.34	99.43	14.09	75.79	84.66	8.87	0	0	0	我要笑亖了卧槽	I’m about to laugh so hard, damn it!	我要笑死了卧槽	I’m going to die of laughter, seriously!	I'm gonna die laughing oh shit
B-HOM-062	HOM	58.71	90.84	32.12	44.93	82.27	37.35	0	0	0	时间长了搞亖你	After a while, you’ll end up doing something…	时间长了搞死你	If this goes on for too long, it’s going to kill you.	I'll work you to death over time
B-HOM-063	HOM	81.90	70.04	-11.86	70.81	70.87	0.05	0	0	0	笑亖了家人们谁懂啊	Lol, who would understand this, family members?	笑死了家人们谁懂啊	I laughed so hard that my family members didn’t understand what was going on… Who would have thought?!	dying of laughter fam who understands
B-HOM-064	HOM	86.84	98.15	11.31	62.39	87.63	25.24	0	0	0	她居然紫砂了	She actually turned purple clay!	她居然自杀了	She actually committed suicide.	she actually offed herself
B-HOM-065	HOM	48.55	75.79	27.24	69.81	74.06	4.26	0	100	100	小哥：我真妹骗人！！我真给白衣女鬼送过餐！！你不知道哟！我魂都快没了，那餐是一点都没撒！！没办法，这就是哥的实力！	Bro: That girl I was with is totally lying!! I really did deliver food to that ghost in a white dress!! You don’t know that… I almost lost my soul during that experience, but not a single bit of the food got spilled!! There’s nothing I could do about it; this is just how strong I am!	小哥：我真没骗人！！我真给白衣女鬼送过餐！！你不知道哟！我魂都快没了，那餐是一点都没撒！！没办法，这就是哥的实力！	Bro: I really didn’t lie!! I really delivered the food to the ghost in the white dress!! You don’t know that… I almost lost my soul, but not a single bit of the food was spilled!! There was nothing I could do about it; this is just how strong I am!	Bro: I seriously didn't lie!! I really delivered food to the girl ghost in white!! You don't know! I nearly lost my soul, not a single drop spilled on that delivery! No choice, this is bro's skill!
B-HOM-066	HOM	76.57	83.25	6.69	52.52	55.60	3.08	0	0	0	博主成功把中二拍成沙子了	The blogger successfully turned that “shiny, over-the-top” style (often associated with “nerd culture”) into something more subtle and down-to-earth.	博主成功把中二拍成傻子了	The blogger successfully made the character act in a “shitty, immature” way (similar to how some teenagers behave).	The blogger successfully made the edgy act look like a fool
B-HOM-067	HOM	70.90	78.27	7.36	71.59	69.40	-2.19	0	0	0	肺雾才需要爱情，神都是孤独的	Only the lungs in a mist need love; even the gods are lonely.	废物才需要爱情，神都是孤独的	Only waste needs love; the gods are all lonely.	Only the weak yearn for love; gods are destined to be alone.
B-HOM-068	HOM	97.99	98.72	0.74	75.59	85.33	9.75	100	100	0	我在学校哭别人鸟都不鸟我	I cried at school, and no one even paid attention to me.	我在学校哭别人理都不理我	I cried at school, but no one paid any attention to me.	I cried at school and nobody even paid attention to me
B-HOM-069	HOM	62.65	81.80	19.14	46.71	53.52	6.81	0	0	0	现场偷挖被抓,夺笋呐!	Caught stealing from the site in the act… How dare you steal the bamboo shoots!	现场偷挖被抓,多损呐!	Caught stealing on the spot – what a loss!	Caught digging secretly on site, so savage!
B-HOM-070	HOM	75.15	85.33	10.17	59.65	78.57	18.92	0	100	100	这个特效针不戛！	This special effect needle doesn’t stop working suddenly!	这个特效真不尬！	That special effect is really not awkward at all!	This special effect is really not cringe!
B-HOM-071	HOM	24.38	96.10	71.71	51.89	67.38	15.50	0	100	100	要泥寡,雨女无瓜!	If you want mud, then the rain goddess will have no melons!	要你管,与你无关!	It’s none of your business; you don’t have to worry about it!	Mind your own business, it's none of your business!
B-HOM-072	HOM	67.11	96.70	29.59	72.75	83.25	10.49	0	0	0	依托答辩是什么意思	What does “relying on the defense” mean?	一坨大便是什么意思	What does “a lump of feces” mean?	What does 'a pile of shit' mean?
B-HOM-073	HOM	80.80	96.62	15.82	51.41	77.75	26.34	0	0	0	哈哈哈哈哈哈哈夺笋呐	Hahahahahahah, that’s absolutely amazing!	哈哈哈哈哈哈哈多损呐	Hahahahahahah, that’s so funny!	hahahahaha so mean lol
B-HOM-074	HOM	83.12	93.70	10.58	69.32	83.19	13.86	0	100	100	“雨女无瓜”这么好笑吗是挺好笑的	Is “Yuen Nv Wu Gua” really that funny? It is quite funny indeed.	“与你无关”这么好笑吗是挺好笑的	Is “It has nothing to do with you” really that funny? Well, it is quite funny indeed.	Is 'none of your business' really that funny? It is pretty funny
B-HOM-075	HOM	62.16	84.10	21.95	50.72	58.19	7.46	0	100	100	还有给	And also, for…	还有gay	And also “gay”.	Also got gay vibes
B-HOM-076	HOM	97.12	98.49	1.37	81.65	83.59	1.94	0	0	0	这显卡价格真是辣鸡，还买什么啊	The price of this graphics card is absolutely ridiculous; why would anyone buy it anyway?	这显卡价格真是垃圾，还买什么啊	The price of this graphics card is absolutely ridiculous; why would anyone buy it anyway?	This GPU price is really trash, why even buy it
B-HOM-077	HOM	62.93	80.72	17.79	61.06	67.08	6.02	0	0	0	我丢！上班路上刷到路边广告牌被“风”掀了个角，原来是京东618的整活！这波操作简直泰裤辣！	Oh no! On my way to work, I noticed that a corner of a roadside advertisement board had been torn off by the wind. It turned out to be a promotional stunt for JD.com’s 618 shopping festival! That’s definitely a brilliant move!	我丢！上班路上刷到路边广告牌被“风”掀了个角，原来是京东618的整活！这波操作简直太酷啦！	Oh no! On my way to work, I noticed that a corner of a roadside advertisement board had been blown off by the wind. It turned out to be a promotional stunt for JD.com’s 618 shopping festival! That’s definitely a really cool move!	No way! On my way to work I saw a roadside billboard get lifted by the 'wind', turns out it was JD 618's stunt! This move is just too cool!
B-HOM-078	HOM	81.55	65.70	-15.85	74.01	59.61	-14.40	0	100	100	“泰酷辣”大人三周年	“Taco Bell” celebrates its third anniversary!	“太酷啦”大人三周年	“That’s so cool!” – On the third anniversary of the adult’s establishment.	Third anniversary of Lord 'So Cool'
B-HOM-079	HOM	87.12	92.96	5.84	52.85	61.14	8.29	0	0	0	前车：不二？	The car in front of us: Unii?	前车：不是？	The car in front of you: Really not?	The car in front: Wait, what?
B-HOM-080	HOM	72.11	81.95	9.84	75.48	81.83	6.35	100	0	-100	10店睡，身体还以为是午休呢，凌晨又把他们叫醒了	After sleeping in 10 different places, my body thought it was still time for a nap… But then they woke me up again in the early morning.	10点睡，身体还以为是午休呢，凌晨又把他们叫醒了	I went to bed at 10 o’clock, and my body thought it was time for a nap. Then I woke them up again in the early morning.	Going to sleep at 10, my body thought it was nap time, then woke me up at dawn
B-HOM-081	HOM	61.74	98.76	37.02	51.70	66.04	14.34	0	100	100	tree 波Q	tree BoQ	三杀	Triple kill	Triple kill
B-HOM-082	HOM	62.32	41.73	-20.59	55.60	62.50	6.90	0	0	0	笑死我了粽横天虾至今一直在罚时闯过了零个关卡	I’m laughing my ass off! Zong Hengtian and the shrimp have still managed to pass all the levels without any time penalties at all…	笑死我了纵横天下至今一直在罚时闯过了零个关卡	I’m laughing my ass off! “Zongheng Tianxia” has been punishing players by making them fail to pass even a single level so far…	Dying of laughter, the one who conquers the world has been in timeout, passing zero challenges
B-HOM-083	HOM	81.68	94.14	12.46	58.33	66.72	8.39	0	0	0	怎么达不溜小兵了	How can I not be able to reach those little soldiers?	怎么打不了小兵了	Why can’t I kill the little enemies anymore?	Why can't I target the minions?
B-HOM-084	HOM	87.17	98.55	11.38	79.78	79.69	-0.09	0	100	100	！？雀潮？！	?! A swarm of sparrows?!	！？雀巢？！	?! Nestle?!	!? Nestle!?
B-HOM-085	HOM	100.00	100.00	0.00	80.44	84.04	3.61	0	0	0	此人知识面级广	This person has a wide range of knowledge.	此人知识面极广	This person has an extremely wide range of knowledge.	This person's knowledge is extremely broad
B-HOM-086	HOM	90.92	97.77	6.86	82.48	84.26	1.78	0	100	100	蛇：卧槽，怎么又是他	Snake: Damn it, why is it him again?	蛇：我的天，怎么又是他	Snake: Oh my God, why is it him again?	Snake: Oh my god, why is it him again
B-HOM-087	HOM	82.66	95.17	12.51	66.25	77.77	11.51	0	100	100	生物钟:补药呀！我才调整好	Biological clock: What a great supplement! I just got it all set up properly.	生物钟:不要呀！我才调整好	Biological clock: No way! I just got it adjusted…	Biological clock: No! I just got it adjusted
B-HOM-088	HOM	62.38	93.97	31.58	59.25	75.44	16.19	0	100	100	鸡本功来了，视频就有了。起飞！	Kimoto Kung has arrived, and now the video is available. Let’s go!	基本功来了，视频就有了。起飞！	The basic skills are in place, and now the video is ready. Let’s go!	When the basic skills kick in, the video just takes off! Liftoff!
B-HOM-089	HOM	65.59	90.07	24.48	61.71	82.24	20.53	0	0	0	食不食油饼	Should you eat the oil pancakes or not?	是不是有病	Is there something wrong with them?	Are you out of your mind?
B-HOM-090	HOM	34.74	99.29	64.55	40.98	83.26	42.29	0	0	0	香精煎鱼食不食	Do you eat fish fried with essence?	想进监狱是不是	Do you want to go to jail?	Do you want to end up in prison?
B-HOM-091	HOM	74.21	94.03	19.81	79.39	84.72	5.34	0	0	0	立马去郊区浇筑一个刚进混凝土的地下堡垒	Hurry to the suburbs and pour concrete for an underground fortress that has just been constructed.	立马去郊区浇筑一个钢筋混凝土的地下堡垒	Go to the suburbs right away and build an underground fortress made of reinforced concrete.	Head to the suburbs right away and build an underground bunker with rebar concrete
B-HOM-092	HOM	86.74	99.12	12.38	52.41	77.20	24.78	0	0	0	鸡本功扎实	Kimoto has a solid foundation in his skills.	基本功扎实	Solid foundational skills	Solid basic skills
B-HOM-093	HOM	95.99	94.75	-1.24	64.82	78.03	13.22	100	100	0	蚌不住了	I can’t hold back any longer…	绷不住了	I can’t hold back anymore.	Can't hold it in anymore
B-HOM-094	HOM	85.32	96.46	11.14	67.10	81.86	14.75	0	100	100	冷芝士：袜子不是茶包	Cold cheese: Socks are not tea bags.	冷知识：袜子不是茶包	Fun fact: Socks are not tea bags.	Fun fact: socks are not tea bags
B-HOM-095	HOM	82.52	87.82	5.30	71.59	73.90	2.31	0	100	100	就说00这一套真的超级好看的，我可以安心的似了	Just saying that the 00 set is really super beautiful; I can rest assured now.	就说00这一套真的超级好看的，我可以安心的死了	Just saying that the 00 set is really super beautiful; I can die in peace now.	This 00 outfit is really super good-looking, I can finally rest in peace
B-NEO-002	NEO	95.37	96.72	1.35	83.11	84.24	1.12	100	0	-100	我们不是供人围观的工具人！	We are not tools for people to gawk at!	我们不是供人围观的工具！	We are not objects for people to gawk at!	we're not tools for people to watch!
B-NEO-003	NEO	96.39	96.03	-0.36	80.52	81.39	0.87	0	0	0	又被割韭菜了，这理财产品全是坑	I’ve been scammed again—these financial products are all a bunch of scams.	又被宰了，这理财产品全是坑	I got scammed again; all these financial products are nothing but scams.	I got ripped off again, this wealth management product is full of traps.
B-NEO-004	NEO	94.82	96.11	1.29	79.12	82.95	3.83	0	0	0	品牌联名就是割韭菜，质量差价格高	Brand collaborations are nothing but a way to exploit consumers: the quality is poor, and the prices are high.	品牌联名就是坑人，质量差价格高	Brand collaborations are just a way to scam people; the quality is poor and the prices are high.	Co-branded products are just a way to rip off customers with poor quality and high prices.
B-NEO-005	NEO	78.45	97.80	19.35	68.36	85.82	17.46	0	0	0	别带节奏了，事情不是你想的那样	Don’t try to put a different spin on things; it’s not like you think.	别煽动舆论了，事情不是你想的那样	Stop inciting public opinion; things aren’t as you think they are.	stop stirring things up, it's not what you think
B-NEO-006	NEO	94.21	97.36	3.15	78.34	83.90	5.56	0	0	0	评论区全是在带节奏的，真相没人关心	The comment section is just full of people trying to create a certain narrative; no one really cares about the truth.	评论区全是在煽动舆论的，真相没人关心	The comment section is full of people trying to manipulate public opinion; no one really cares about the truth.	comments section full of people stirring drama, nobody cares about the truth
B-NEO-007	NEO	78.72	95.76	17.04	53.98	75.72	21.74	0	0	0	杠精无处不在，说啥都要反驳	Snarky people are everywhere; they seem to have to argue about everything.	抬杠的人无处不在，说啥都要反驳	People who always argue and try to refute everything are everywhere.	contrarians are everywhere, they rebut everything you say
B-NEO-008	NEO	97.28	96.92	-0.35	79.61	81.19	1.58	0	0	0	遇到杠精最好的办法就是不理他	The best way to deal with a stubborn or argumentative person is to ignore them.	遇到抬杠的人最好的办法就是不理他	The best thing to do when you encounter someone who argues back is to ignore them.	the best way to deal with a contrarian is to ignore them
B-NEO-009	NEO	63.62	82.27	18.65	61.45	77.79	16.34	0	0	0	芭比Q了，半夜点外卖忘备注别敲门	Barbie Q has gone out of order… I ordered food in the middle of the night and forgot to mention not to knock on the door.	完了，半夜点外卖忘备注别敲门	Okay, I ordered food in the middle of the night and forgot to mention not to knock on the door.	I'm cooked, ordered delivery at midnight and forgot to leave a note saying don't knock
B-NEO-010	NEO	74.58	97.42	22.83	53.35	80.01	26.66	0	0	0	选择你的躲藏点，被抓到就芭比Q了	Choose your hiding spot; if you get caught, it’s game over (literally “Barbie Q” as in being destroyed).	选择你的躲藏点，被抓到就完了	Choose your hiding spot carefully; if you get caught, it’s all over.	pick your hiding spot, if you get caught you're done for
B-NEO-011	NEO	68.16	92.60	24.44	70.85	78.51	7.66	0	0	0	看到肯德基9.9的那一刻，我的班味瞬间就没了	The moment I saw the price of 9.9 for something at KFC, all the fun and excitement of being in class disappeared instantly.	看到肯德基9.9的那一刻，我的上班疲惫感瞬间就没了	The moment I saw the KFC offer for 9.9, all the fatigue from my work vanished instantly.	the moment I saw KFC 9.9, my work exhaustion instantly vanished
B-NEO-012	NEO	89.08	95.08	6.00	77.53	79.35	1.82	0	0	0	人一旦染上班味，这辈子就去不掉了	Once you get used to the “office atmosphere,” you can never get rid of it in your life.	人一旦染上上班的气息，这辈子就去不掉了	Once you get caught up in the routine of going to work, you can never escape it for the rest of your life.	once you catch the work vibe, it never leaves you
B-NEO-013	NEO	59.03	78.16	19.13	67.43	75.50	8.07	0	0	0	十多块的塔斯汀五件套，横扫我一天班味	The Tassington five-piece set for just over ten bucks completely wiped away the smell of my entire day’s work.	十多块的塔斯汀五件套，横扫我一天上班的疲惫感	The Tassington five-piece set for just over ten bucks completely wiped away the fatigue from my entire workday.	a 10-something yuan Tastien 5-piece meal wipes away my whole day of work fatigue
B-NEO-014	NEO	77.39	87.83	10.43	72.68	75.64	2.96	0	0	0	净化班味，用了这头像直接演绎出我的精神状态	It removes that “classroom” vibe; using this avatar truly reflects my current mental state.	净化上班的疲惫感，用了这头像直接演绎出我的精神状态	Eliminating the fatigue from going to work… Using this profile picture, it directly reflects my mental state.	cleansing away the work fatigue — this avatar perfectly captures my mental state
B-NEO-015	NEO	69.86	80.28	10.42	63.49	76.24	12.74	100	0	-100	等等党赢麻了，建议收藏	The “Wait and See” party won big; I suggest you bookmark this.	等待降价的人赢得非常彻底，建议收藏	Those who waited for the price to drop won very decisively; it’s recommended to save this information for future use.	the wait-for-a-deal crew won big time, saving this
B-NEO-016	NEO	88.48	92.98	4.50	61.21	77.43	16.22	100	0	-100	看似输了实际赢麻了	It seems like a loss, but in reality, you’ve won big.	看似输了实际赢得非常彻底	It seems like a loss, but in reality, the victory was very complete.	looks like they lost but actually won big
B-NEO-017	NEO	66.60	72.92	6.33	73.14	54.80	-18.34	0	0	0	纯爱战神轰然倒地	The god of pure love collapsed to the ground with a thunderous noise.	只支持纯爱的人轰然倒地	Only those who truly love each other can collapse in utter despair.	the pure love warrior has fallen
B-NEO-018	NEO	96.90	80.07	-16.83	71.66	77.18	5.52	0	0	0	谨以此片献给每一位纯爱战神	This film is dedicated to every true warrior of pure love.	谨以此片献给每一位只支持纯爱的人	I dedicate this film to everyone who only supports those who are pure in heart.	dedicating this film to every pure love warrior out there
B-NEO-019	NEO	50.40	94.19	43.79	47.67	86.64	38.98	0	100	100	兄弟们我润美国了	Guys, I’ve “greased the wheels” (made things smoother) in the US.	兄弟们我移民美国了	Guys, I have immigrated to the United States.	bros I emigrated to the US
B-NEO-020	NEO	93.06	94.97	1.92	79.05	83.32	4.27	0	0	0	公司要黄了的5个征兆，当公司开始严抓考勤，你该考虑润了	5 signs that a company is on the verge of failure: When a company starts to strictly enforce attendance rules, you should consider leaving.	公司要黄了的5个征兆，当公司开始严抓考勤，你该考虑跑了	5 signs that a company is on the verge of failure: When a company starts to strictly enforce attendance rules, you should consider leaving.	5 signs your company is going under, when they start cracking down on attendance, you should consider bouncing
B-NEO-021	NEO	81.57	90.98	9.42	57.78	74.46	16.68	0	0	0	赛博朋克2077，极致嘴臭极致享受	Cyberpunk 2077: Absolutely disgusting language, but absolutely fun to play.	赛博朋克2077，极致骂人极致享受	Cyberpunk 2077: loads of swearing, and yet so much fun!	Cyberpunk 2077, ultimate trash talk ultimate enjoyment
B-NEO-023	NEO	98.44	98.45	0.00	78.61	80.12	1.51	0	0	0	孙红雷演技炸裂，20万人打出7.5分	Sun Honglei's acting is incredible; 200,000 people gave him a score of 7.5 out of 10.	孙红雷演技极其震撼，20万人打出7.5分	Sun Honglei’s acting is incredibly impressive; 200,000 people gave him a score of 7.5.	Sun Honglei's acting is absolutely insane, 200k people rated 7.5
B-NEO-024	NEO	90.42	92.92	2.50	74.32	72.04	-2.29	100	100	0	赛博诵经让老外陷入疯狂	Cyber recitation of scriptures drives foreigners crazy	虚拟诵经让老外陷入疯狂	Virtual chanting has driven foreigners crazy…	cyber chanting is driving foreigners crazy
B-NEO-025	NEO	81.64	87.08	5.44	71.83	75.84	4.01	100	0	-100	国庆宅家的赛博生活	Cyber life while staying at home during the National Day holiday	国庆宅家的虚拟网络生活	Virtual online life while staying at home during the National Day holiday	National Day stay-at-home cyber life
B-NEO-026	NEO	60.81	54.95	-5.86	66.52	68.98	2.46	0	0	0	高考第一批显眼包出现了，青蛙玩偶花式助阵	The first group of “stand-out candidates” from the college entrance examination have made their appearance, with frog dolls providing various forms of support and assistance!	高考第一批爱出风头的人出现了，青蛙玩偶花式助阵	The first group of students who love to make a show out of themselves in the college entrance examination have arrived, with frog dolls providing various forms of support (or “stunning performances”!)	the first batch of attention-seekers at the college entrance exam showed up, frog mascots cheering in style
B-NEO-027	NEO	69.14	72.17	3.03	65.69	72.51	6.81	0	100	100	电子榨菜输出中，午饭点准时到	The electronic pickled mustard is being produced… Lunch will be ready on time.	适合吃饭时看的视频输出中，午饭点准时到	In the video content suitable for watching while eating, lunchtime arrives on time.	my mealtime video is on, right on time for lunch
B-NEO-028	NEO	84.16	93.35	9.19	62.97	82.67	19.70	0	100	100	这个综艺太下饭了，一口气看完	This variety show is so boring that I watched it all in one go.	这个综艺太适合吃饭时看了，一口气看完	This variety show is perfect to watch while eating; you can finish watching it in one go.	this variety show is perfect meal content, binged the whole thing
B-NEO-029	NEO	73.91	79.73	5.82	71.40	71.33	-0.07	100	0	-100	发疯文学必备文案，笑死我了	Essential copywriting for “crazy” literature… It made me laugh so hard!	宣泄式文字表达必备文案，笑死我了	Essential copy for venting-style text expressions… It’s absolutely hilarious!	must-have lines for unhinged-rant posting, I'm dying laughing
B-NEO-030	NEO	99.32	100.00	0.68	84.40	85.70	1.30	100	100	0	社恐人的噩梦，大型聚会	The nightmare of people with social anxiety: large gatherings	社交恐惧症患者的噩梦，大型聚会	The nightmare of people with social anxiety: large gatherings	a socially anxious person's worst nightmare, a huge gathering
B-NEO-031	NEO	78.37	92.23	13.85	72.34	81.20	8.86	0	100	100	找不到原剧了，这个当代餐先看	The original drama can no longer be found; let’s start with this contemporary meal first.	找不到原剧了，这个当替代品先看	The original drama can’t be found; let’s watch this as a substitute for now.	can't find the original, using this as a substitute for now
B-NEO-032	NEO	90.95	86.31	-4.64	80.63	74.56	-6.06	0	0	0	花2000买nike感觉自己好像大冤种	Spending 2000 on a Nike product makes me feel like a total fool.	花2000买nike感觉自己好像大冤大头	Spending 2000 on a Nike product makes me feel like I’ve been completely ripped off.	spent 2k on nikes feeling like a total sucker
B-NEO-033	NEO	73.72	88.53	14.80	72.79	72.92	0.14	0	0	0	腾讯这波泄密直接破防了，317万说没就没	Tencent’s latest data breach has truly crossed the line; 3.17 million records were simply deleted without any explanation.	腾讯这波泄密直接崩溃了，317万说没就没	Tencent’s latest data breach has completely collapsed their operations; 3.17 million records simply disappeared without a trace.	Tencent's leak move really triggered a breakdown, 3.17 million gone just like that
B-NEO-034	NEO	73.25	93.80	20.55	74.05	75.31	1.26	0	100	100	梅老板今年真可怜，这么强的个人发挥啥没有得到	Boss Mei has had a really tough year; it’s such a shame that all his excellent individual performances haven’t been recognized in any way.	梅西今年真可怜，这么强的个人发挥啥没有得到	Messi has had a really tough year; all that excellent individual performance of his hasn’t seemed to be rewarded in any way.	Messi had a rough year insane individual performance but got nothing
B-NEO-035	NEO	78.25	81.57	3.32	58.12	70.08	11.96	0	0	0	吃瓜吃到自己头上了，腾讯泄密员工就是本人	I got stuck in the middle of all this; the employee who leaked the information to Tencent is actually me.	看热闹看到自己头上了，腾讯泄密员工就是本人	I got caught up in all the excitement, and it turned out that I was the employee at Tencent who leaked the information.	I was following the drama, only to realize I’m the Tencent staff member who leaked the information
B-NEO-036	NEO	64.83	78.16	13.34	79.47	74.03	-5.45	0	0	0	别搁这凡尔赛了，显摆啥呢	Stop with all this Versailles stuff—what’s there to show off?	别搁这炫耀了，显摆啥呢	Stop showing off here—what are you trying to impress with all that?	stop humble bragging already what are you flexing
B-NEO-037	NEO	98.14	99.89	1.75	82.02	86.05	4.04	0	0	0	显卡市场太内卷了，价格涨得离谱	The graphics card market is too competitive, with prices rising ridiculously high.	显卡市场竞争太激烈了，价格涨得离谱	The competition in the graphics card market is too fierce, and prices have risen ridiculously high.	The GPU market is hyper-competitive, prices rising outrageously
B-NEO-038	NEO	73.07	68.95	-4.12	55.68	66.37	10.69	0	0	0	这帖子水分太大，灌水灌的	This post contains too much “water” (i.e., too much unnecessary content or filler words); it’s clearly been padded out with irrelevant information.	这帖子水分太大，刷帖刷的	This post contains too much “fluff” (unnecessary or irrelevant content); it’s just been posted repeatedly.	this post is so watered down pure spam
B-NEO-039	NEO	96.96	97.40	0.44	67.69	78.51	10.82	100	100	0	打工人看完317万年终奖直接躺平了	After seeing their year-end bonus of 3.17 million, the workers simply decided to give up and stop working.	打工人看完317万年终奖直接放弃了	After seeing their year-end bonus of 3.17 million, the workers simply gave up.	Workers gave up striving after seeing the 3.17 million year-end bonus.
B-NEO-040	NEO	85.16	94.98	9.82	72.19	78.17	5.98	100	0	-100	这剧情给我整破防了	This plot really broke me down emotionally.	这剧情给我整崩溃了	This plot has completely ruined me.	this plot totally broke me fr fr
B-NEO-041	NEO	83.55	94.61	11.06	81.44	78.96	-2.49	0	0	0	这员工凡尔赛式晒年终奖，结果翻车了	This employee tried to show off their year-end bonus in a “Versailles-style” manner, but it turned out to be a complete fiasco.	这员工炫耀式晒年终奖，结果翻车了	This employee showed off their year-end bonus in a boastful manner, but it backfired for them.	This employee flaunted their year-end bonus in a humble-brag way, and it backfired
B-NEO-042	NEO	95.52	99.63	4.11	58.26	84.14	25.87	0	0	0	这手机信号拉胯到离谱	The phone signal is absolutely terrible.	这手机信号差到离谱	The signal on this phone is incredibly poor.	this phone signal is garbage to an absurd degree
B-NEO-043	NEO	97.15	97.87	0.72	82.35	84.88	2.52	0	0	0	你这个行为真的很下头	Your behavior is really despicable.	你这个行为真的很扫兴	Your behavior is really disappointing.	your behavior is such a turnoff rn
B-NEO-044	NEO	79.83	82.02	2.19	79.73	81.28	1.56	0	100	100	赛里木湖这事太下头了，景区管理太离谱	The situation with Saimu Lake is really terrible; the management of the tourist area is absolutely absurd.	赛里木湖这事太让人失望了，景区管理太离谱	The Saimur Lake situation is really disappointing; the management of the tourist area is absolutely absurd.	The Sarim Lake incident is too disappointing, scenic area management is outrageous
B-NEO-045	NEO	90.03	93.26	3.23	70.32	69.23	-1.09	0	0	0	他这个人好油腻	He’s really greasy (in a bad way).	他这个人好油滑	He’s such a slick character.	this guy is so sleazy ick
B-NEO-046	NEO	81.27	95.32	14.05	67.17	75.85	8.68	0	0	0	没绷住破绷了	It didn’t hold; the bandage has ripped.	没绷住笑了	I couldn’t help but laugh.	couldn't hold it in and totally lost it laughing
B-NEO-047	NEO	80.09	88.84	8.75	76.10	74.53	-1.57	0	100	100	中国女排逆转美国，这波操作太上头了	The Chinese women’s volleyball team came from behind to defeat the United States; that was an absolutely amazing performance!	中国女排逆转美国，这波操作太让人激动了	The Chinese women’s volleyball team came from behind to defeat the United States; that was absolutely thrilling!	China women's volleyball reversed against USA, this move is so hype
B-NEO-048	NEO	76.86	92.52	15.66	68.16	78.57	10.41	0	0	0	天天水经验，也不发点有用的帖子	With all the daily experiences related to water, why not post some useful posts?	天天刷经验，也不发点有用的帖子	Spending all day just gaining experience, but not posting any useful posts…	farming XP every day never posting anything useful
B-NEO-049	NEO	94.66	95.57	0.91	57.83	69.72	11.89	100	0	-100	这主播开挂实锤了，封号吧	It’s definitely confirmed that this broadcaster is using cheating software; ban them.	这主播作弊实锤了，封号吧	It’s absolutely confirmed that this broadcaster cheated; ban them.	this streamer is confirmed cheating, ban them
B-NEO-050	NEO	94.96	78.57	-16.38	80.36	80.25	-0.11	0	0	0	内耗太严重了	The internal strife is too severe.	内部消耗太严重了	The internal consumption is too high.	internal friction is too serious smh
B-NEO-051	NEO	93.05	93.35	0.30	53.54	72.91	19.37	0	100	100	互联网嘴替实锤	Internet “mouthpieces” as solid evidence	互联网代言人实锤	Internet spokesperson confirmed	confirmed internet mouthpiece
B-NEO-052	NEO	44.02	34.53	-9.49	47.90	65.70	17.81	0	0	0	无职孝子还在嘴硬洗，服了	The unemployed filial son is still stubbornly trying to deny it… Well, I’m convinced now.	无职盲目辩护者还在嘴硬洗，服了	The unemployed, clueless defender is still stubbornly trying to defend himself… I’m really impressed.	Mushoku Tensei stans still hard-stanning give up
B-NEO-053	NEO	74.51	93.73	19.22	65.91	82.76	16.85	0	0	0	双持党表示苹果和华为都不够用	The Two-Party Coalition argues that neither Apple nor Huawei is sufficient to meet the needs of the market.	同时用两部手机的人表示苹果和华为都不够用	People who use two phones at the same time feel that neither Apple nor Huawei meets their needs.	dual-phone gang saying neither Apple nor Huawei is enough
B-NEO-054	NEO	69.23	84.97	15.74	31.89	72.75	40.86	0	0	0	被种草了	I was recommended this product (or service, etc.)!	被推荐心动了	I was impressed by the recommendation.	got recommended I'm tempted to buy
B-NEO-055	NEO	80.76	98.08	17.33	66.05	81.76	15.70	0	0	0	拔草了不买	I’ve pulled the weeds, so I won’t buy it.	打消购买念头了不买	I’ve changed my mind; I’m not going to buy it.	nah I'm not buying
B-NEO-056	NEO	89.86	97.90	8.04	65.40	85.33	19.94	0	0	0	他好会整活	He’s really good at coming up with tricks and pranks.	他好会搞怪	He’s really good at playing pranks.	he's so good at being funny lol
B-NEO-057	NEO	95.89	96.98	1.08	82.29	83.71	1.42	0	0	0	这个太炸了	This is absolutely amazing!	这个太震撼了	This is absolutely stunning.	this is too insane
B-NEO-058	NEO	88.69	90.45	1.76	72.29	75.33	3.04	0	100	100	景区打人还理直气壮的，真是绝绝子	The person who beats others in a tourist attraction and still feels justified about it is absolutely despicable.	景区打人还理直气壮的，真是绝了	It’s absolutely outrageous that they can hit people in a tourist attraction and still feel justified in their actions.	Beating people at a scenic spot and still acting righteous, truly absolutely outrageous
B-NEO-059	NEO	78.60	93.59	14.99	47.33	84.25	36.92	0	0	0	破防了	It’s broken down/defeated.	心理防线崩溃了	The psychological defenses have collapsed.	I'm emotionally broken
B-NEO-060	NEO	88.86	100.00	11.14	71.79	86.16	14.37	0	100	100	这个太上头了	This is absolutely mind-blowing.	这个太上瘾了	This is too addictive.	this is too addictive can't stop
B-NEO-061	NEO	81.98	96.83	14.85	78.07	86.61	8.54	0	0	0	他好会营业	He’s really good at running a business.	他好会讨好粉丝	He really knows how to please his fans.	he's so good at playing to his fans
B-NEO-062	NEO	88.35	97.47	9.11	60.55	75.72	15.18	0	100	100	香港🇭🇰打车有这么卷吗？又难？	Is taxi-hailing in Hong Kong 🇭🇰 really that competitive and difficult?	香港🇭🇰打车竞争有这么激烈吗？又难？	Is the competition for taxi services in Hong Kong 🇭🇰 really that fierce? And is it also that difficult to get a taxi?	is getting a taxi in HK this intense? so hard?
B-NEO-063	NEO	86.29	85.27	-1.02	84.42	78.28	-6.13	0	0	0	这帖子纯纯的钓鱼经验，别当真	This post is purely about fishing tips; don’t take it seriously.	这帖子纯纯的骗经验，别当真	This post is purely intended to gain experience; don’t take it seriously.	this post is pure bait for engagement don't fall for it
B-NEO-064	NEO	94.24	94.51	0.27	76.86	79.34	2.48	0	0	0	纯纯的牛马人生	A life purely devoted to working with cattle and horses	纯纯的打工人人生	The pure life of a working person	pure wage slave life
B-NEO-065	NEO	71.00	99.18	28.17	84.22	86.73	2.51	0	0	0	是我不够糖吗	Am I not getting enough sugar?	是我不够傻吗	Am I not stupid enough?	am I not dumb enough? bruh
B-NEO-066	NEO	100.00	100.00	0.00	85.42	86.44	1.02	100	100	0	这何意味啊	What does this mean?	这什么意思啊	What does this mean?	what does this even mean
B-NEO-067	NEO	56.30	87.64	31.33	51.12	46.07	-5.05	0	100	100	摆烂了，爱咋咋地	It was a total mess; do whatever you want with it.	放弃了，爱咋咋地	I gave up; do whatever you want.	I give up whatever happens happens
B-NEO-068	NEO	82.87	93.80	10.93	66.89	79.21	12.33	0	0	0	摆烂一天算了	Let’s just say it was a terrible day.	放弃一天算了	Just let it be for one day.	let me rot for a day whatever
B-NEO-069	NEO	63.85	90.94	27.10	53.63	73.55	19.93	0	0	0	内卷太严重了，打工人伤不起	The competition is too fierce; ordinary workers can’t afford to get hurt or suffer losses as a result.	过度竞争太严重了，打工人伤不起	The competition is too fierce; ordinary workers simply can’t afford the consequences of it.	the rat race is too intense workers can't take it
B-NEO-070	NEO	97.67	86.68	-10.99	72.72	75.98	3.27	0	0	0	这波操作属实逆天了	This move is truly outrageous (or: It’s absolutely unbelievable).	这波操作属实超乎想象了	This wave of actions is truly beyond imagination.	this play is straight up insane
B-NEO-071	NEO	61.03	59.90	-1.14	50.88	75.30	24.42	0	0	0	内卷到头秃，躺平又心慌	Stressed so much that I’m going bald; trying to take a laid-back approach, but I still feel anxious.	过度竞争到头秃，躺平又心慌	Excessive competition leads to hair loss; choosing to “lie flat” (i.e., to take no active action) causes anxiety.	rat race till you're bald quit competing but still anxious
B-NEO-072	NEO	79.85	94.92	15.08	67.23	83.71	16.48	0	0	0	不是哥们儿	It’s not about the “brothers”…	不是吧，哥们儿	No way, guys…	no way bro come on
B-NEO-073	NEO	96.56	91.50	-5.06	82.46	78.66	-3.80	100	100	0	说出一个旅游热度很低但实际很夯的城市	Name a city that is not very popular with tourists, but actually really great.	说出一个旅游热度很低但实际很高的城市	Name a city that has very low tourist popularity, but actually has a lot of charm and attractions.	name a city that's low-key but actually great
B-NEO-074	NEO	85.72	88.05	2.33	46.87	78.79	31.92	0	0	0	这波操作直接拉胯了	This round of actions was a complete failure.	这波操作直接失常了	This round of operations has completely gone awry.	this play literally underperformed
B-NEO-075	NEO	72.74	58.26	-14.48	59.12	54.24	-4.88	0	0	0	这操作绝绝子，直接给我整不会了	This operation is absolutely impossible to understand; I simply can’t figure it out at all.	这操作绝佳，直接给我整不会了	This operation is absolutely great; it’s so easy that I can’t believe it. Just do it for me!	this play is amazing left me speechless
B-NEO-076	NEO	86.56	70.80	-15.75	73.49	74.58	1.09	100	0	-100	谁能能理解这种崩溃的心情，辛辛苦苦备考许久，就等着政审上岸，结果栽在了学历断层上	Who can understand the feeling of complete frustration? You’ve worked so hard preparing for the exams for a long time, just waiting to pass the political review and get the job. But then you run into a problem due to a gap in your educational qualifications.	谁能能理解这种崩溃的心情，辛辛苦苦备考许久，就等着政审成功，结果栽在了学历断层上	Who can understand the feeling of complete frustration? You’ve worked so hard preparing for the exams for a long time, just waiting for the political review to be approved, only to run into problems due to a gap in your educational background.	who understands this despair? prepped for ages waiting to pass the political review only to get rejected by an education gap
B-NEO-077	NEO	78.75	95.34	16.59	70.00	82.31	12.30	0	100	100	为什么留子都不爱和老外谈？	Why don’t the students from Liuzi prefer to talk to foreigners?	为什么留学生都不爱和老外谈？	Why don’t international students like to talk to foreigners?	why don't international students like dating foreigners? real talk
B-NEO-078	NEO	71.48	86.55	15.07	75.88	76.16	0.27	0	0	0	哈包穿上衣服不习惯了	Ha Bao isn’t used to wearing clothes yet.	哈兰德穿上衣服不习惯了	Harland isn’t used to putting on clothes.	not used to Haaland wearing clothes
B-NEO-079	NEO	90.45	92.84	2.39	57.54	66.98	9.44	0	0	0	洗澡5分钟老公社死一整年	Taking a 5-minute shower resulted in my husband’s social death for the entire year…	洗澡5分钟老公社会性死亡一整年	After taking a 5-minute shower, my husband’s “social life” came to an end for an entire year…	5-min shower and my husband is socially dead for a whole year rip
B-NEO-080	NEO	93.76	86.26	-7.51	61.17	58.11	-3.06	100	0	-100	直接破防了家人们	It completely broke down the family dynamics…	直接心态失控了家人们	My mindset just completely went out of control, folks…	totally broke down mentally fam
B-NEO-081	NEO	98.91	99.26	0.35	83.30	83.41	0.11	100	100	0	月薪不够5w不能这么活	You can’t live like this if your monthly salary is less than 50,000 yuan.	月薪不够5万不能这么活	You can’t live like this if your monthly salary is less than 50,000 yuan.	Can't live like this if monthly salary isn't even 50k
B-NEO-082	NEO	45.03	65.38	20.35	55.48	83.67	28.19	0	0	0	爷青回	Return to Youth	爷的青春回来了	Dad’s youth has returned	Nostalgia hits hard.
B-NEO-083	NEO	48.99	100.00	51.01	43.90	87.51	43.61	0	0	0	难他天？	Is it difficult for him?	难道他真的是天才？	Is he really a genius?	Turns out he's a genius?
B-NEO-084	NEO	97.02	99.12	2.10	77.37	83.09	5.72	0	0	0	基操	Basic exercises	基本操作	Basic operations	Just basic mechanics
B-NEO-085	NEO	86.91	85.32	-1.58	46.45	75.83	29.39	0	0	0	你这肯定是低段位炸鱼罢了	This is definitely just someone from a lower rank trying to “fish” for easy kills (i.e., getting kills without really putting in effort).	你这肯定是低段位欺负水平差的玩家罢了	You’re probably just bullying players with lower skills at a lower level of the game.	You must be just smurfing in low rank
B-NEO-086	NEO	71.90	88.29	16.39	77.33	79.24	1.91	0	100	100	刘宇宁一周不直播，棚友集体受不了！想念到发疯	Liu Yuning didn’t do any live broadcasts for a week, and his fellow roommates couldn’t stand it anymore! They were so missing him that they went absolutely crazy.	刘宇宁一周不直播，粉丝集体受不了！想念到发疯	Liu Yuning didn’t do any live broadcasts for a week, and his fans couldn’t stand it anymore! They were so missing him that they went absolutely crazy.	Liu Yuning hasn’t streamed for a week, all his fans can’t stand it and miss him terribly.
B-PYA-001	PYA	86.18	95.68	9.50	78.87	82.13	3.26	0	100	100	xql日常太甜了，羡慕死了	XQL’s daily life is so sweet; I’m so envious!	小情侣日常太甜了，羡慕死了	The little couple’s daily interactions are so sweet; I’m so envious!	this couple's daily life is too sweet, I'm so jealous
B-PYA-003	PYA	82.05	91.12	9.07	75.22	78.54	3.31	0	100	100	xql之间的默契真的绝了	The understanding and cooperation between the people involved in XQL are truly amazing.	小情侣之间的默契真的绝了	The understanding between those little couples is truly amazing.	the chemistry between this couple is insane
B-PYA-004	PYA	97.04	97.71	0.67	63.17	75.40	12.23	100	100	0	全网最甜xql非他们莫属	The sweetest couple on the internet is definitely them.	全网最甜小情侣非他们莫属	The sweetest couple on the entire internet is definitely them.	the sweetest couple on the internet has to be them
B-PYA-005	PYA	91.56	99.85	8.29	74.40	84.92	10.52	0	100	100	看到别人去欧洲旅游的照片，xmsl	Seeing photos of other people traveling to Europe, xmsl	看到别人去欧洲旅游的照片，羡慕死了	Seeing photos of other people traveling to Europe makes me so envious!	Seeing photos of others traveling in Europe makes me so envious.
B-PYA-007	PYA	86.80	95.45	8.65	79.08	80.50	1.42	0	100	100	新剧gkd！等不及了	The new show GKD! Can’t wait!	新剧搞快点！等不及了	Hurry up with the new show! I can’t wait anymore!	hurry up with the new drama! can't wait
B-PYA-009	PYA	96.08	100.00	3.92	80.56	81.58	1.02	100	100	0	xgg们推荐一下好用的手机呗	Can the xgg guys recommend some good smartphones?	小哥哥们推荐一下好用的手机呗	Guys, could you recommend some good smartphones?	boys recommend some good phones pls
B-PYA-010	PYA	85.54	96.21	10.67	74.49	85.98	11.48	0	100	100	这个xgg好帅，求联系方式	This xgg is so cool; please provide contact information.	这个小哥哥好帅，求联系方式	This little guy is so handsome; please give me his contact information.	this guy is so handsome, asking for his contact
B-PYA-011	PYA	91.61	94.25	2.65	73.77	74.51	0.74	0	100	100	jrm帮我看看这个怎么选	Can you help me see how to make this choice, JRM?	家人们帮我看看这个怎么选	Can my family help me figure out how to choose this?	fam help me figure out which one to pick
B-PYA-012	PYA	93.98	96.25	2.26	83.76	81.88	-1.88	0	100	100	jrm今天发生了一件离谱的事	Something absolutely outrageous happened today at JRM.	家人们今天发生了一件离谱的事	Something absolutely outrageous happened to our family today.	fam something wild happened today
B-PYA-013	PYA	87.45	95.58	8.13	76.06	80.13	4.08	0	0	0	8u们觉得这配置怎么样	What do you all think of this configuration?	吧友们觉得这配置怎么样	What do you guys think about this configuration?	what do you tieba folks think of this setup?
B-PYA-014	PYA	84.31	82.51	-1.80	77.73	78.60	0.87	0	0	0	王虹yyds！中国数学家终于拿到菲尔兹奖了	Wang Hong! The Chinese mathematician has finally won the Fields Medal!	王虹永远的神！中国数学家终于拿到菲尔兹奖了	The eternal god of Wang Hong! A Chinese mathematician has finally won the Fields Medal!	Wang Hong is the GOAT! A Chinese mathematician finally won the Fields Medal
B-PYA-015	PYA	84.92	96.28	11.37	71.17	72.20	1.02	0	100	100	这条rs怎么还没上	Why hasn’t this RS been posted yet?	这条热搜怎么还没上	Why hasn’t this trending search topic appeared yet?	why isn't this trending yet
B-PYA-016	PYA	88.29	77.82	-10.47	67.65	64.51	-3.14	0	0	0	xswl，陈哲远在密逃里也太搞笑了吧	XSWL… Chen Zheyuan is just too hilarious in his attempts to escape!	笑死我了，陈哲远在密逃里也太搞笑了吧	I’m dying of laughter – Chen Zheyuan is just too funny in “Mì Táo” (Secret Escape).	Lmao, Chen Zheyuan is just too funny in Great Escape
B-PYA-017	PYA	88.60	96.35	7.75	78.49	80.14	1.65	0	100	100	14个月正是穿lulu的时候	14 months is exactly the right age to start wearing Lulu clothing.	14个月正是穿Lululemon的时候	14 months is exactly the right age to start wearing Lululemon clothing.	14 months is prime Lululemon season
B-PYA-018	PYA	92.08	92.55	0.48	78.80	75.33	-3.48	0	0	0	dd，中国女排3比2逆转美国太牛了	Wow, it’s amazing how the Chinese women’s volleyball team came from behind to beat the United States 3-2!	顶顶，中国女排3比2逆转美国太牛了	Amazing! The Chinese women’s volleyball team turned the game around from 2-3 to defeat the United States. That’s truly incredible!	Bump, China women's volleyball 3-2 comeback against USA is amazing
B-PYA-019	PYA	87.09	97.11	10.02	82.14	81.12	-1.02	0	0	0	rt，大家帮我看看这手机值不值	RT, everyone please help me figure out whether this phone is worth buying or not.	如图，大家帮我看看这手机值不值	As shown in the picture, can everyone help me determine whether this phone is worth buying or not?	see pic help me check if this phone is worth it
B-PYA-020	PYA	86.36	92.65	6.29	82.93	84.60	1.67	0	100	100	jrs怎么看腾讯这个泄密处理？	What does JRS think about Tencent's handling of this data breach?	家人们怎么看腾讯这个泄密处理？	What do the family members think about Tencent's handling of this data breach?	Fam, what do you think of Tencent's leak handling?
B-PYA-021	PYA	83.34	77.52	-5.81	65.25	69.15	3.90	0	0	0	srds，赛里木湖打人这事不能就这么算了	The incident of someone getting assaulted at Saimur Lake can’t just be forgotten or left unaddressed.	虽然但是，赛里木湖打人这事不能就这么算了	Although there are some circumstances, the incident of someone getting beaten at Saimur Lake cannot just be forgotten or ignored.	Be that as it may, the Sarim Lake beating incident can't just be let go like this
B-PYA-022	PYA	59.75	82.21	22.46	36.51	66.28	29.76	0	0	0	白色真是yyds	White is really amazing (yyds stands for “you’re really damn smart” or something similar, used to express admiration).	白色真是永远的神	White is truly the eternal essence.	white is truly the GOAT
B-PYA-023	PYA	81.70	94.49	12.78	73.33	78.02	4.69	0	100	100	u1s1，317万年终奖确实让人眼红	The year-end bonus of 13.17 million U1S1 really is quite impressive and makes one envious.	有一说一，317万年终奖确实让人眼红	To be honest, a year-end bonus of 3.17 million is really quite impressive and makes one envious.	To be honest, a 3.17 million year-end bonus does make people envious
B-PYA-024	PYA	94.34	86.73	-7.61	79.71	67.25	-12.46	0	0	0	XHS上好多人在讨论	Many people on XHS are discussing this.	小红书上好多人在讨论	Many people are discussing this on REDnote.	so many people talking about it on Xiaohongshu
B-PYA-025	PYA	94.72	93.92	-0.80	74.90	77.07	2.18	0	0	0	显卡涨价这消息直接让我blx了	The news that graphics card prices have gone up really pissed me off.	显卡涨价这消息直接让我玻璃心了	The news that graphics card prices are going up has really broken me down emotionally.	The GPU price hike news really triggered my fragile heart
B-PYA-026	PYA	55.33	78.92	23.59	48.74	61.83	13.10	0	0	0	好好好 好一个kpop拉子(bushi)	Okay, okay, okay – what a great K-pop “bushi” (a type of humorous or satirical content related to K-pop culture)!	好好好 好一个kpop拉子(不是)	Okay, okay, okay – what a great K-pop fan (actually, not really…).	ok ok ok what a kpop lesbian (not)
B-PYA-027	PYA	86.29	87.77	1.47	78.47	80.58	2.11	0	0	0	某些景区管理真是yygq，表面道歉背后照样	The management of some tourist attractions is really terrible; they apologize on the surface, but behind the scenes, things remain the same.	某些景区管理真是阴阳怪气，表面道歉背后照样	The management of some tourist attractions is really hypocritical; they apologize on the surface, but in reality, their behavior remains the same.	Some scenic area management is really passive-aggressive, apologizing on the surface but same behind the scenes
B-PYA-028	PYA	75.10	77.76	2.66	78.25	79.94	1.68	0	0	0	nb！这个操作太秀了	NB! This move is absolutely awesome!	牛逼！这个操作太秀了	Amazing! That move was absolutely incredible!	Sick move! Absolute W
B-PYA-029	PYA	62.57	67.85	5.28	57.11	68.48	11.36	0	100	100	50亿离婚案的瓜我吃了，dbq我不站队	I’ve “eaten” the gossip about those 5 billion divorce cases… DBQ (Don’t Believe the Question); I’m not taking sides.	50亿离婚案的瓜我吃了，对不起我不站队	I’ve “eaten” all the gossip about those 5 billion divorce cases… Sorry, I can’t take sides on this.	I’ve followed the 5-billion divorce drama, sorry, I’m not taking sides.
B-PYA-030	PYA	94.72	94.96	0.23	67.95	69.38	1.42	100	100	0	这就是尊贵的b站用户🤣🤣🤣	This is the esteemed Bilibili user 🤣🤣🤣	这就是尊贵的B站用户🤣🤣🤣	This is the esteemed Bilibili user 🤣🤣🤣	this is what being a distinguished Bilibili user looks like 🤣🤣🤣
B-PYA-031	PYA	92.10	94.32	2.22	63.06	78.80	15.75	0	0	0	王虹从垫底到菲尔兹奖，这波直接nb	Wang Hong went from being at the bottom of the rankings to winning the Fields Medal – that’s absolutely incredible!	王虹从垫底到菲尔兹奖，这波直接牛逼	Wang Hong went from being at the bottom of the rankings to winning the Fields Medal; that’s absolutely incredible.	Wang Hong from bottom to Fields Medal, this move is just insane
B-PYA-032	PYA	87.88	99.29	11.41	79.86	79.66	-0.21	0	0	0	xjj们推荐一下好用的手机呗	Can the xjj guys recommend some good smartphones?	小姐姐们推荐一下好用的手机呗	Guys, could you recommend some good smartphones?	girls recommend some good phones pls
B-PYA-033	PYA	90.10	79.04	-11.06	71.72	67.31	-4.41	0	0	0	bl粉丝太能控评了	BL fans really know how to control the reviews.	白鹿粉丝太能控评了	The White Deer fans are really good at controlling online reviews.	Bai Lu fans are too good at controlling the comments
B-PYA-034	PYA	77.71	75.83	-1.87	74.61	80.25	5.65	0	0	0	会聊天的男生真的yyds	Guys who can really have a conversation are absolutely amazing.	会聊天的男生真的永远的神	A guy who knows how to talk is truly a god forever.	guys who can flirt are truly the GOAT
B-PYA-035	PYA	87.22	92.98	5.76	82.33	79.77	-2.57	0	0	0	哈哈哈哈哈哈哈笑死，我们00真的老kpop人了	Hahahahahahah, I’m dying of laughter! We 00s are definitely old K-pop fans!	哈哈哈哈哈哈哈笑死，我们2000年后出生的人真的老kpop人了	Hahahahahahah, we people born in the year 2000 are definitely true K-pop fans!	lmaooo us Gen Z are such veteran kpop fans
B-PYA-036	PYA	81.10	80.03	-1.07	68.63	80.02	11.39	0	0	0	减脂党狂喜！番茄鸡蛋燕麦粥yyds	Fat loss enthusiasts, rejoice! Tomato, egg, and oatmeal porridge is absolutely amazing!	减脂党狂喜！番茄鸡蛋燕麦粥永远的神	Fat loss enthusiasts, rejoice! Tomato, egg, and oatmeal porridge is truly a timeless classic!	diet crew rejoice! tomato egg oatmeal is the GOAT
B-PYA-037	PYA	87.94	95.57	7.63	75.80	79.45	3.65	0	100	100	jrs帮我看看这鱼竿行不行	Can you, JRS, take a look at whether this fishing rod is good enough?	家人们帮我看看这鱼竿行不行	Could the family members help me check if this fishing rod is good enough?	fam help me check if this fishing rod is any good
B-PYA-038	PYA	93.23	85.46	-7.76	65.10	79.20	14.10	0	0	0	一个会调情的男生真的YYDS	A guy who knows how to flirt is absolutely amazing.	一个会调情的男生真的永远的神	A guy who knows how to flirt is truly a god forever.	a guy who knows how to flirt is truly the GOAT
B-PYA-039	PYA	88.30	100.00	11.70	75.14	83.33	8.20	0	0	0	bdjw这个怎么用	How is bdjw used?	不懂就问这个怎么用	If you don’t understand how to use it, just ask.	asking cuz idk how do I use this
B-PYA-040	PYA	62.67	65.19	2.52	64.73	74.67	9.94	0	100	100	蓝盈莹第一场戏好像就是撞棺紫砂	In Blue Yingying's first scene, it seems that she bumps into a coffin made of purple clay.	蓝盈莹第一场戏好像就是撞棺自杀	In Blue Yingying’s first scene, it seems that she attempts to commit suicide by hitting a coffin with her head.	Lan Yingying's first scene was literally suicide by coffin smash
B-PYA-041	PYA	86.96	93.52	6.56	77.41	77.13	-0.28	0	0	0	泰奶+Gelato yyds！！！	Thai milk + Gelato… absolutely delicious!!!	泰奶+Gelato 永远的神！！！	Thai milk + Gelato – the ultimate combination!!!	Thai milk tea + Gelato is the GOAT!!!
B-PYA-042	PYA	89.84	86.06	-3.78	62.56	59.04	-3.52	0	0	0	yygq什么呢，有话直说不行吗	What’s this “yygq” stuff? Can’t you just say what you want to say directly?	阴阳怪气什么呢，有话直说不行吗	What’s with all the backhandedness? Can’t you just say what you want directly?	what are you being passive-aggressive about just say it straight
B-PYA-043	PYA	82.63	95.36	12.74	75.62	75.13	-0.49	0	0	0	zqsg追星好累	Zqsg: Stalking celebrities is really exhausting.	真情实感追星好累	It’s really exhausting to pursue your favorite celebrities with all that genuine enthusiasm and passion.	chasing idols with genuine feelings is exhausting
B-PYA-044	PYA	72.98	78.92	5.94	81.18	80.63	-0.54	0	0	0	u1s1，这个视频做得真好	u1s1, this video is really well-made.	有一说一，这个视频做得真好	To be honest, this video is really well-made.	Fr, this video slaps
B-PYA-045	PYA	55.06	51.62	-3.44	55.14	60.63	5.50	0	0	0	别再吃麻辣烫！干拌麻辣拌才是yyds	Stop eating that spicy hot pot! The dry-mixed spicy dish is the real winner (yyds = “the best thing ever”).	别再吃麻辣烫！干拌麻辣拌才是永远的神	Stop eating that spicy hot pot! The dry-mixed spicy dish is the real “god” of all time.	stop eating malatang! dry-mixed mala ban is the GOAT
B-PYA-046	PYA	90.77	97.81	7.04	66.43	75.33	8.89	0	100	100	这吧里xfxy的，天天吵架	Over here, with xfxy, they fight every day.	这吧里血风血雨的，天天吵架	It’s a really chaotic and violent place here; people argue every day.	this forum is so chaotic fighting every day smh
B-PYA-047	PYA	55.78	68.82	13.04	81.57	78.87	-2.70	0	100	100	srds他还是很有实力的	SRDS is still very powerful.	虽然但是他还是很有实力的	Although that's the case, he is still very capable.	sthough he still got bars
B-PYA-048	PYA	80.68	81.40	0.72	56.38	80.03	23.65	0	0	0	xswl 这都能洗？	Can this even be washed?	笑死我了 这都能洗？	I’m laughing my ass off! Can this really be washed?	lmao you can defend even this?
B-PYA-049	PYA	91.37	99.99	8.62	65.67	84.44	18.77	0	0	0	rwkk这到底是什么鱼	What exactly is this “rwkk” fish?	让我看看这到底是什么鱼	Let me see what kind of fish this actually is.	lemme see what fish is this
B-PYA-050	PYA	70.14	78.92	8.78	40.97	51.04	10.07	0	0	0	dd我一下	Please give me some more information or context before I can assist with the translation. What exactly do you want me to do?	滴滴我一下	Drip me a little bit…	hit me up
B-PYA-051	PYA	94.06	93.31	-0.75	74.08	54.65	-19.43	0	0	0	tcl，我真的太菜了	TCL… I’m really not good at it at all.	太菜了，我真的太菜了	I’m so bad at it… I really am.	I'm way too noob
B-PYA-052	PYA	80.27	88.22	7.95	64.04	68.18	4.14	0	0	0	夏天就好这一口！！天妇罗冰锅yyds！！	I just love this in the summer!! Tempura ice cream bowls are absolutely amazing!!	夏天就好这一口！！天妇罗冰锅永远的神！！	I just love this in the summer!! Tempura ice cream bowls are truly divine!!	summer vibes!! tempura ice pot is the GOAT!!
B-PYA-053	PYA	77.74	90.59	12.85	67.56	72.04	4.49	0	0	0	xswl这弱智吧的帖子太搞笑了	The post on xswl – which seems to be from some kind of silly forum or group – is absolutely hilarious.	笑死我了这弱智吧的帖子太搞笑了	I’m laughing my ass off at this post; it’s so stupid and hilarious.	lmao the posts in this dumbass forum are too funny
B-PYA-054	PYA	82.07	65.72	-16.35	63.82	60.06	-3.76	0	0	0	马到成功yyds	Success is just around the corner, yyyds!	马到成功永远的神	The ever-present god of immediate success	May you succeed effortlessly, it’s top tier!
B-PYA-055	PYA	60.29	65.56	5.27	41.41	61.52	20.11	0	0	0	这操作nb啊，大佬带带我	This operation is really awesome; please show me how to do it, big shot!	这操作牛逼啊，大佬带带我	This operation is really awesome; please show me how to do it, big shot!	this play is sick bro carry me
B-PYA-056	PYA	63.34	55.40	-7.94	49.26	63.32	14.07	0	100	100	这个cp太好磕了	This couple is so adorable together!	这个配对太好磕了	This pairing is absolutely perfect for a romantic relationship!	this ship is too good fr fr
B-PYA-057	PYA	72.53	53.69	-18.85	64.73	58.88	-5.85	0	0	0	这俩离不开浓妆美颜强凹ABC	These two can’t exist without heavy makeup, beautiful looks, and a deliberate attempt to “hide” certain aspects (like flaws in appearance).	这俩离不开浓妆美颜强凹American Born Chinese	These two elements are inseparable from heavy makeup, beautiful looks, and the deliberate attempt to “pretend” to be American-born Chinese.	these two can't go without heavy makeup + filters trying to act all ABC
B-PYA-058	PYA	72.50	69.92	-2.57	62.76	68.03	5.27	0	0	0	kdl，这对CP太甜了	KDL… This is so sweet for the couple (CP).	磕到了，这对CP太甜了	I’m so touched; this couple is so sweet together.	I'm shipping it this CP is too sweet
B-PYA-059	PYA	83.70	81.68	-2.02	64.03	80.55	16.52	0	0	0	山航yyds	Shanhang YYDS	山航永远的神	The eternal god of Shandong Airlines	Shandong Airlines is the GOAT
B-PYA-060	PYA	83.25	59.39	-23.87	51.75	52.95	1.20	0	0	0	cpf又在磕了	CPF is doing it again…	CP粉又在磕了	The CP fans are falling in love with each other again.	shippers shipping again
B-PYA-061	PYA	69.95	71.94	1.99	74.16	59.55	-14.61	0	0	0	dddd，支持UP主！	DDD, support the UP owner!	顶顶顶顶，支持UP主！	Top top top top, support the UP owner!	bump bump bump bump support the creator!
B-PYA-062	PYA	81.01	85.16	4.15	78.27	79.89	1.62	0	0	0	xswl打印机都沦没墨了	All the XSWL printers have run out of ink.	笑死我了打印机都沦没墨了	I’m laughing my ass off – even the printer has run out of ink!	lmao even the printer ran out of ink
B-PYA-063	PYA	51.80	92.11	40.30	77.58	73.92	-3.66	0	100	100	fs们太能打了	The FS guys really know how to fight!	粉丝们太能打了	The fans are really amazing!	fans are too cracked
B-PYA-064	PYA	94.72	92.77	-1.95	83.03	81.98	-1.06	0	0	0	ssfd，这个太恐怖了	SSFD… that’s just too terrifying.	瑟瑟发抖，这个太恐怖了	Shivering with fear… This is just too terrifying.	shook this is too scary
B-PYA-065	PYA	87.91	88.47	0.56	57.60	76.58	18.98	0	100	100	bt，时常因为不够bt而觉得跟这个世界格格不入	But often, I feel out of place in this world because I’m not “bt” enough…	变态，时常因为不够变态而觉得跟这个世界格格不入	Perverts, who often feel out of place in this world because they aren’t “perverted” enough…	pervert always feeling out of place cuz I'm not weird enough lol
B-PYA-066	PYA	92.52	98.15	5.63	80.34	82.75	2.41	0	0	0	这图谁发明的，xswl	Who invented this picture, xswl	这图谁发明的，笑死我了	Who invented this picture? It’s absolutely hilarious!	who invented this image lmao
B-PYA-067	PYA	71.12	81.34	10.22	69.98	65.68	-4.30	0	0	0	tcl这游戏技术，菜到抠脚	The TCL game technology is so poor that it’s embarrassing.	太菜了这游戏技术，菜到抠脚	The game’s technical quality is absolutely terrible—so bad that it’s embarrassing.	too noob this game skill noob to the extreme
B-PYA-068	PYA	90.51	95.71	5.20	77.01	77.68	0.67	0	0	0	zqsg追了这么多年，终于更新了	After so many years of waiting for zqsg to update, it’s finally happened!	真情实感追了这么多年，终于更新了	I've been following this with all my heart for so many years, and finally it's been updated!	been following with real feelings for years finally an update
B-PYA-069	PYA	88.16	92.77	4.62	81.33	82.80	1.47	0	0	0	Xswl就说有没有美味大餐吧哈哈哈哈哈哈哈	Xswl, just tell us if there’s any delicious food to eat, hahaahaha!!!	笑死我了就说有没有美味大餐吧哈哈哈哈哈哈哈	I’m dying of laughter! Just tell me if there’s any delicious food available, hahaahaha!!!	lmao just tell me if there's a feast hahahahaha
B-PYA-070	PYA	97.92	92.42	-5.49	81.22	83.37	2.15	100	100	0	nsdd，你说得对	NSDD, you’re right.	你说得对，你说得对	You’re right, you’re absolutely right.	nsdd you're right
B-PYA-071	PYA	48.09	21.14	-26.95	74.07	73.08	-0.99	0	0	0	xswl一人血书求这个短剧拍真人版	XSWL: I’m writing this with all my heart, begging for a real-life adaptation of this short drama to be made.	笑死我了一人血书求这个短剧拍真人版	It’s killing me – someone has written a heartfelt plea online for a real-life adaptation of this short drama!	lmao starting a one-person petition for a live-action version
B-PYA-072	PYA	91.37	100.00	8.63	81.93	86.55	4.62	0	100	100	szd，这个是真的	SzD, this is for real.	是真的，这个是真的	It’s true, this is really true.	it's legit this is the real deal
B-PYA-073	PYA	77.54	66.49	-11.06	77.12	50.58	-26.54	0	0	0	pyq，朋友圈见	PyQ, see you on WeChat (the Chinese social media platform).	朋友圈，朋友圈见	“Friend circle, see you in the friend circle.”	see you in Moments
B-PYA-074	PYA	82.66	95.15	12.49	61.39	77.33	15.94	0	0	0	这个耳朵前后的颜色变化xswl	The color change in front of and behind this ear is really impressive (xswl).	这个耳朵前后的颜色变化笑死我了	The color change in front of and behind this ear is absolutely hilarious to me!	the color change before and after this ear lmao
B-PYA-075	PYA	95.39	99.99	4.60	85.17	87.27	2.10	100	100	0	dbq，对不起我错了	DBQ, I’m sorry; I made a mistake.	对不起，对不起我错了	I’m sorry, I was wrong.	sry sorry I was wrong
B-PYA-076	PYA	95.50	91.65	-3.85	66.88	77.72	10.84	0	0	0	xswl皇帝的新衣	“The Emperor’s New Clothes”	笑死我了皇帝的新衣	I laughed my ass off at “The Emperor’s New Clothes”!	lmao emperor's new clothes
B-PYA-077	PYA	86.85	96.32	9.47	76.10	85.46	9.36	0	0	0	哈哈哈哈哈xswl	Hahahahahah xswl	哈哈哈哈哈笑死我了	Hahahahah, this really made me laugh to death!	hahahahaha lmao
B-PYA-078	PYA	76.10	87.92	11.81	58.65	70.18	11.52	0	0	0	真的栓Q了家人们	That really screwed up the whole family.	真的受够了家人们	I'm really tired of my family members.	I've really had enough, guys.
B-PYA-079	PYA	87.00	81.38	-5.62	76.07	53.89	-22.18	0	0	0	8u🚪什么意思	What does “8u🚪” mean?	吧友们什么意思	What do the guys mean?	tieba bros what does this mean
B-PYA-080	PYA	66.40	73.93	7.54	75.38	71.67	-3.71	0	0	0	什么成分？xdm锐评。	What ingredient is that? Critical review from xdm.	什么成分？兄弟们锐评。	What ingredients? Brothers, give us your sharp reviews.	what's their deal? bros rate.
B-PYA-081	PYA	50.28	79.26	28.98	61.27	56.50	-4.78	0	100	100	氪金也能让各家fs满意	Kryptonium and gold can also satisfy the needs of all the financial services companies (FS) involved.	氪金也能让各家粉丝满意	The combination of Krypton and Gold should also satisfy fans from all parties.	spending money can also satisfy every camp's fans
B-PYA-082	PYA	73.10	57.66	-15.44	62.56	62.21	-0.35	0	0	0	咱姐硬生生从良子嘴里抠出3w多粉丝	Our sister literally forced Ryoichi to admit that he has more than 30,000 followers.	咱姐硬生生从良子嘴里抠出3万多粉丝	Our sister literally forced more than 30,000 fans out of Ryōko’s mouth (i.e., made Ryōko stop attracting those fans).	Our sis somehow pulled more than thirty thousand followers out of Liangzi.
B-PYA-083	PYA	52.14	59.61	7.47	71.44	76.86	5.43	0	0	0	她俩要是有cpf这都能当谈过的证据了	If they had a CPF (Commonwealth Pension Fund) record, that would even serve as evidence that they had discussed something together.	她俩要是有CP粉这都能当谈过的证据了	If those two of them had fanboys who supported their relationship, this could even be considered evidence that they had actually talked about it.	if they had shippers this could count as dating proof
B-PYA-084	PYA	86.47	99.12	12.65	78.57	86.40	7.83	0	0	0	塔图姆NB	Tatum NB	塔图姆牛逼	Tatum is amazing.	Tatum is insane.
B-PYA-085	PYA	89.40	88.88	-0.52	68.63	78.05	9.42	0	0	0	想吃肉质Q弹的就买散养老公鸡	If you want something with a chewy, meaty texture, just buy a free-roaming old rooster.	想吃肉质紧实弹牙的就买散养老公鸡	If you want meat that is firm and chewy, buy a free-roaming old rooster.	if you want bouncy meat buy free-range rooster
B-PYA-086	PYA	88.07	98.75	10.68	79.64	70.95	-8.69	0	100	100	yysy，两边都看完了	yysy, I’ve read both sides of it.	有一说一，两边都看完了	To be honest, I’ve watched both sides of the argument.	To be honest, I watched both sides
B-MIX-001	MIX	93.60	85.07	-8.54	75.04	69.84	-5.21	100	100	0	这首歌的hook太洗脑了，循环一天	The hook of this song is so catchy that it’ll be playing non-stop all day long.	这首歌的记忆点太洗脑了，循环一天	The memory associated with this song is so catchy that it plays in a loop all day long.	this song's hook is so catchy, been looping all day
B-MIX-002	MIX	91.58	93.27	1.69	74.16	79.51	5.35	100	0	-100	短视频前3秒就是hook，抓不住人就划走了	The first 3 seconds of a short video are the “hook” that determines whether viewers will stay engaged with it or not; if they don’t, they just scroll away.	短视频前3秒就是吸引人的部分，抓不住人就划走了	The first 3 seconds of a short video are the most crucial for capturing the audience’s attention; if they don’t capture your interest, you’ll just scroll past it.	the first 3 seconds of a short video is the hook, lose them and they scroll away
B-MIX-003	MIX	97.99	99.57	1.59	80.20	84.05	3.84	0	0	0	新专辑终于drop了，等了好久	The new album is finally out! I’ve been waiting for a long time for it.	新专辑终于发布了，等了好久	The new album is finally out after a long wait!	the new album finally dropped, been waiting forever
B-MIX-004	MIX	98.07	99.06	0.99	78.48	81.74	3.26	0	100	100	这个品牌下周drop新款，必须抢	This brand is releasing a new product next week, and we must get it before it’s sold out!	这个品牌下周推出新款，必须抢	This brand is launching a new product next week, and we must get one before it’s sold out!	this brand is dropping new styles next week, gotta grab them
B-MIX-005	MIX	94.82	95.36	0.55	75.96	81.11	5.15	100	0	-100	这波clutch操作直接翻盘，太牛了	That clutch move turned the game around completely; it was absolutely amazing!	这波关键时刻的操作直接翻盘，太牛了	This series of crucial moves at the right time completely turned the situation around; that’s absolutely amazing!	this clutch play turned the game around, insane
B-MIX-006	MIX	63.74	89.77	26.03	56.35	76.87	20.52	100	0	-100	决赛最后一分钟clutch绝杀	The winning goal in the final minute of the championship match was a truly clutch moment.	决赛最后一分钟关键时刻绝杀	The game-winning goal in the last minute of the final match, at a critical moment	clutch buzzer-beater in the final minute of the finals
B-MIX-007	MIX	99.16	99.93	0.76	81.79	85.13	3.34	100	100	0	这游戏画质也就mid水平，玩法也一般	The graphics of this game are just average, and the gameplay is also quite ordinary.	这游戏画质也就一般水平，玩法也一般	The graphics of this game are just average, and so is the gameplay.	this game's graphics are just mid, gameplay is average too
B-MIX-008	MIX	84.12	81.17	-2.95	74.53	75.99	1.46	0	0	0	这套穿搭直接slay全场	This outfit is absolutely going to blow everyone away!	这套穿搭直接秒杀全场	This outfit will absolutely dominate the entire scene.	this outfit slays the whole room
B-MIX-009	MIX	81.34	90.42	9.07	53.75	79.35	25.61	0	0	0	王虹这波演讲直接slay	Wang Hong’s speech really took everyone by surprise (it was absolutely outstanding).	王虹这波演讲直接秒杀全场	Wang Hong’s speech completely dominated the entire audience.	Wang Hong's speech just slayed
B-MIX-010	MIX	95.04	96.64	1.60	82.86	83.11	0.25	100	100	0	上班就是当NPC，每天重复同样的台词	Working is just like being an NPC (a non-playable character in a game), repeating the same lines every day.	上班就是当非玩家角色，每天重复同样的台词	Going to work is like being a non-player character, repeating the same lines every day.	going to work is being an NPC, repeating the same lines every day
B-MIX-011	MIX	96.87	94.67	-2.20	82.12	80.96	-1.16	100	0	-100	别当NPC了，做自己生活的主角	Stop being an NPC (a non-playable character) and be the protagonist of your own life.	别当非玩家角色了，做自己生活的主角	Stop being a non-player character; be the protagonist of your own life.	stop being an NPC, be the main character of your own life
B-MIX-012	MIX	86.00	97.46	11.46	72.45	82.13	9.68	0	100	100	i人沦为e人玩具，太真实了	It’s all too real that people are reduced to toys for others.	内向者沦为外向者玩具，太真实了	It’s all too true that introverts end up being used as toys by extroverts.	introverts becoming playthings for extroverts, too real
B-MIX-013	MIX	93.98	90.00	-3.98	79.83	80.92	1.09	0	100	100	e人累了一周还要爬起来继续嗨	After a week of being exhausted, people still have to get up and keep having fun.	外向的人累了一周还要爬起来继续嗨	Extroverted people, even after a tiring week, still manage to get up and go on enjoying themselves!	extroverts have been tired all week and still have to get up and keep partying
B-MIX-014	MIX	72.53	78.83	6.29	70.42	71.34	0.92	100	0	-100	刻在骨子里的秀粉DNA瞬间苏醒	The DNA of a true Xiu fan, deeply ingrained in one’s bones, instantly comes back to life.	刻在骨子里的秀粉基因瞬间苏醒	"The ""Xiu Fan"" gene, deeply ingrained in my bones, instantly came back to life."	the idol fan DNA embedded in my bones instantly awakened
B-MIX-015	MIX	99.43	95.24	-4.19	84.13	84.20	0.07	100	0	-100	POV：你是最后一个知道消息的人	POV: You were the last person to know about the news.	视角：你是最后一个知道消息的人	Perspective: You are the last person to know about the news.	POV: you're the last person to find out
B-MIX-016	MIX	98.96	99.08	0.12	79.71	85.69	5.98	100	100	0	当地人真的好chill，十一点上班六点下班	The locals are really chill – they start work at 11 a.m. and get off at 6 p.m.	当地人真的好悠闲放松，十一点上班六点下班	The locals really have a laid-back and relaxed lifestyle – they start work at 11 a.m. and finish at 6 p.m.	the locals are so chill, starting work at 11 and off at 6
B-MIX-017	MIX	99.68	98.59	-1.09	83.87	86.35	2.48	100	0	-100	这个视频太cringe了，看不下去	This video is so cringy; I can’t bear to watch it.	这个视频太尴尬了，看不下去	This video is so embarrassing; I can’t bear to watch it anymore.	this video is too cringe, can't even watch
B-MIX-018	MIX	94.85	98.67	3.82	79.16	86.33	7.17	100	100	0	这个行为好sus，不对劲	This behavior is really suspicious; something isn’t right.	这个行为好可疑，不对劲	This behavior is very suspicious; something isn’t right.	this behavior is so sus, something's off
B-MIX-019	MIX	95.76	96.32	0.57	79.74	84.31	4.56	0	0	0	别flex了，谁不知道你有钱	Stop showing off your wealth—everyone knows you’re rich anyway.	别炫耀了，谁不知道你有钱	Stop showing off—everyone knows you’re rich.	stop flexing, everyone knows you're rich
B-MIX-020	MIX	99.27	98.93	-0.34	84.14	83.44	-0.71	100	100	0	这首歌被hype过头了，其实一般	This song has been hyped way too much; it’s actually just average.	这首歌被炒作过头了，其实一般	This song has been hyped way too much; it’s actually just average.	this song got way too much hype, it's actually just average
B-MIX-021	MIX	98.72	96.41	-2.31	80.95	82.47	1.52	100	100	0	今天又偶遇crush了，太巧了	I ran into my crush again today; what a coincidence!	今天又偶遇暗恋对象了，太巧了	I ran into my secret crush again today; what a coincidence!	ran into my crush again today, what a coincidence
B-MIX-022	MIX	67.15	83.95	16.80	58.59	77.30	18.71	100	0	-100	我ship的CP终于官宣了	The couple I’m shipping has finally been officially announced as a couple!	我支持的情侣组合终于官宣了	The couple combination that I support has finally been officially announced!	the ship I've been rooting for finally went official
B-MIX-023	MIX	98.63	98.59	-0.04	81.91	83.91	2.00	0	100	100	作为stan我必须说偶像这次回归太棒了	As a fan, I have to say that the idol’s comeback is absolutely amazing!	作为狂热粉我必须说偶像这次回归太棒了	As a die-hard fan, I have to say that the idol’s comeback is absolutely amazing!	as a stan I gotta say the idol's comeback is amazing
B-MIX-024	MIX	97.30	97.52	0.22	80.40	81.08	0.67	100	100	0	期待偶像的comeback，新专辑什么时候发	Looking forward to the comeback of my idol; when will the new album be released?	期待偶像的回归，新专辑什么时候发	Looking forward to the return of my idol; when will the new album be released?	looking forward to the idol's comeback, when's the new album dropping
B-MIX-025	MIX	82.99	81.03	-1.96	68.46	79.60	11.14	100	0	-100	这也太离谱了吧我直接emo	This is just too ridiculous… I’m going to go completely emotional (emo).	这也太离谱了吧我直接抑郁	This is just too absurd; I’m going to go straight into depression.	this is so outrageous I'm literally emo rn
B-MIX-026	MIX	94.48	86.24	-8.23	75.33	81.12	5.79	0	0	0	看到317万年终奖我直接emo了	When I saw the year-end bonus of 3.17 million, I just went absolutely emotional (emo).	看到317万年终奖我直接情绪低落了	Seeing the year-end bonus of 3.17 million, I immediately felt down in mood.	Seeing the 3.17 million year-end bonus, I got all emo
B-MIX-027	MIX	82.43	83.41	0.98	61.23	78.41	17.19	0	0	0	掉san了，这个太恐怖了	It’s gone… This is too terrifying.	掉san值了，这个太恐怖了	The “san” value has dropped; this is too terrifying.	lost my sanity this is too scary bruh
B-MIX-028	MIX	86.63	91.73	5.10	73.97	77.22	3.25	100	0	-100	王虹这波citywalk直接从北大走到菲尔兹奖	Wang Hong’s ‘citywalk’ this time went straight from Peking University to the Fields Medal.	王虹这波城市漫步直接从北大走到菲尔兹奖	Wang Hong’s urban stroll took her all the way from Peking University to the Fields Medal.	Wang Hong's citywalk took her all the way from Peking University to the Fields Medal
B-MIX-029	MIX	96.17	94.88	-1.29	75.23	77.50	2.28	100	0	-100	在上海街头随性citywalk	Take a casual citywalk on the streets of Shanghai	在上海街头随性城市漫步	Strolling casually through the streets of Shanghai, experiencing the urban vibe.	casual city walk on Shanghai streets
B-MIX-030	MIX	94.36	93.71	-0.65	74.27	81.00	6.73	0	100	100	中国女排这vibe太强了，3比2逆转太燃	The Chinese women’s volleyball team has such a strong presence; their 3-2 comeback was absolutely amazing!	中国女排这氛围太强了，3比2逆转太燃	The atmosphere in the Chinese women’s volleyball team is incredible; their 3-2 comeback was absolutely thrilling!	China women's volleyball's vibe is so strong, the 3-2 comeback is so inspiring
B-MIX-031	MIX	88.50	84.80	-3.71	72.18	74.68	2.50	100	0	-100	这番属于ACGN圈的经典之作了	This is a classic work from the ACGN (Anime, Comics, Games, and Nerd Culture) community.	这番属于动漫游文圈的经典之作了	This is a classic work from the anime and literature community.	this anime is a classic in the ACGN circle
B-MIX-032	MIX	96.13	95.82	-0.31	76.99	82.21	5.22	0	0	0	50亿离婚案这drama程度堪比韩剧	The drama surrounding these 5 billion divorce cases is on par with that of Korean dramas!	50亿离婚案这戏剧性程度堪比韩剧	The dramatic nature of 5 billion divorce cases is on par with that of Korean dramas.	The drama level of the 5 billion divorce case rivals a Korean drama
B-MIX-033	MIX	93.29	96.86	3.57	69.93	77.88	7.95	100	0	-100	今日OOTD分享	Today’s OOTD (Outfit of the Day) share	今日穿搭分享	Today’s outfit sharing!	today's OOTD drop
B-MIX-034	MIX	75.17	73.17	-2.00	76.23	78.78	2.55	0	0	0	赛里木湖这波操作太low了，景区管理丢人	The actions taken regarding Saimu Lake are really pathetic; the management of the tourist area has lost all credibility.	赛里木湖这波操作太低级了，景区管理丢人	The actions taken regarding Saimu Lake are really too petty and immature; the management of the tourist area has lost all credibility.	Sarim Lake's move this time is too low-class, scenic area management is embarrassing
B-MIX-035	MIX	100.00	99.95	-0.05	82.92	83.46	0.53	100	0	-100	OMG这也太好看了	OMG, that’s absolutely beautiful!	我的天这也太好看了	Oh my god, this is absolutely beautiful!	OMG this looks so good
B-MIX-036	MIX	92.93	94.59	1.66	59.88	74.09	14.21	0	0	0	腾讯这波泄密事件直接social death了	Tencent’s recent data breach incident has literally led to its “social death” (meaning it has lost all public credibility or support).	腾讯这波泄密事件直接社会性死亡了	Tencent’s recent data breach incident has effectively led to its “social death” (i.e., it has lost all public credibility or support).	Tencent's leak incident this time resulted in total social suicide
B-MIX-037	MIX	96.41	94.19	-2.22	84.61	82.33	-2.28	100	0	-100	这游戏全DLC都买了，花了好几百	I bought all the DLC for this game, which cost several hundred dollars.	这游戏全可下载内容都买了，花了好几百	I bought all the downloadable content for this game, which cost several hundred dollars.	bought all the DLC spent several hundred
B-MIX-038	MIX	97.15	98.35	1.20	74.74	80.33	5.59	0	0	0	显卡涨价涨成这样，简直是price离谱	The price of graphics cards has risen so dramatically; it’s simply outrageous.	显卡涨价涨成这样，简直是价格离谱	The price of graphics cards has risen so dramatically that it’s simply outrageous.	GPU prices going up this much, the price is just outrageous
B-MIX-039	MIX	100.00	82.87	-17.13	78.08	83.05	4.96	100	0	-100	这个GMV变高了	The GMV has increased.	这个商品交易总额变高了	The total transaction amount for this product has increased.	this GMV went up
B-MIX-040	MIX	95.81	86.32	-9.49	76.47	77.81	1.34	0	0	0	过度分享这件事真的太trigger了，边界感很重要	The issue of over-sharing really triggers strong emotions; having a sense of boundaries is extremely important.	过度分享这件事真的太触发了，边界感很重要	The issue of over-sharing really resonates with me; having a sense of boundaries is extremely important.	Oversharing is really triggering. Boundaries matter.
B-MIX-041	MIX	97.40	95.75	-1.65	83.86	79.57	-4.29	100	100	0	这个meme太火了	This meme has gone absolutely viral!	这个梗太火了	This meme has become absolutely huge!	this meme is too fire lol
B-MIX-042	MIX	95.69	94.59	-1.10	77.36	78.69	1.33	100	100	0	陈哲远在密逃里的reaction太搞笑了	Chen Zheyuan’s reaction during the escape was absolutely hilarious!	陈哲远在密逃里的反应太搞笑了	Chen Zheyuan’s reaction during the escape was absolutely hilarious.	Chen Zheyuan's reaction in the escape room show is too funny
B-MIX-043	MIX	94.04	86.61	-7.42	75.46	77.82	2.36	100	0	-100	用来换做成AGI的概率	The probability used to convert it into AGI	用来换做成通用人工智能的概率	The probability of being converted into general artificial intelligence	probability of achieving AGI
B-MIX-044	MIX	94.25	97.54	3.29	81.53	84.73	3.20	0	0	0	50亿离婚案这个level太高了，普通人理解不了	The concept of 5 billion divorce cases is just too complex and beyond the understanding of ordinary people.	50亿离婚案这个级别太高了，普通人理解不了	The figure of 5 billion divorce cases is simply too high for the average person to comprehend.	The level of the 5 billion divorce case is too high, ordinary people can't understand
B-MIX-045	MIX	97.03	90.51	-6.52	82.41	78.32	-4.09	100	0	-100	cosplay得很好，很像	The cosplay is really well done; it looks very authentic.	角色扮演得很好，很像	The character portrayal is very good; it’s very realistic.	cosplay done right looks so similar
B-MIX-046	MIX	97.18	96.81	-0.37	81.40	82.22	0.82	100	100	0	这个app一到发售就崩	As soon as this app was released, it crashed.	这个应用一到发售就崩	As soon as this app was released, it crashed.	this app crashes every launch
B-MIX-047	MIX	94.83	98.86	4.03	60.78	85.53	24.75	100	0	-100	这个角色太OP了	This character is too overpowered (OP).	这个角色太强了	This character is too strong!	this character is way too overpowered
B-MIX-048	MIX	87.41	87.53	0.12	78.34	79.17	0.82	100	100	0	lpl历史上有像清算48同样力度的清算吗？	"Has there been a purge in the LPL's history with the same intensity as the one known as ""Purge 48""?"	LPL历史上有像清算48同样力度的清算吗？	Has there been a purge in the history of the LPL with the same intensity as the one known as “Purge 48”?	has there ever been a reckoning as hard as '48' in LPL history?
B-MIX-049	MIX	83.01	92.16	9.15	81.73	76.11	-5.62	0	0	0	加个buff，变得更强	Add a buff to make it even stronger!	加个增益，变得更强	Add some boost to make it even stronger.	add a power-up get stronger ez
B-MIX-050	MIX	99.12	98.24	-0.88	84.85	84.56	-0.29	100	100	0	这个logo设计得好	This logo is well-designed.	这个品牌标识设计得好	This brand logo is well-designed.	this logo is well designed
B-MIX-051	MIX	90.29	89.09	-1.20	60.04	80.79	20.75	100	0	-100	被nerf了，变弱了	It’s been nerfed; it’s become weaker.	被削弱了，变弱了	Weakened, reduced in strength	got nerfed got weaker smh
B-MIX-052	MIX	97.02	97.37	0.35	82.73	83.69	0.96	0	0	0	我刚才去打apex了	I just went to play Apex.	我刚才去打Apex了	I just went to play Apex.	just went to play Apex
B-MIX-053	MIX	100.00	98.18	-1.82	85.15	84.15	-1.01	100	100	0	GDP十强省份变了	The top 10 provinces in terms of GDP have changed.	国内生产总值十强省份变了	The top ten provinces in terms of Gross Domestic Product (GDP) have changed.	GDP top 10 provinces changed
B-MIX-054	MIX	87.51	93.76	6.24	71.33	74.82	3.49	0	0	0	GG了，完了	GG, it’s over.	完了，完了	It’s over, it’s really over.	It's game over, we're done for.
B-MIX-055	MIX	59.29	79.43	20.15	41.37	56.06	14.69	0	0	0	就是在cp里吃瓜	That’s just about watching and discussing what’s going on in the “CP” (a specific context or group, probably).	就是在搭档组合里吃瓜	It's just about watching the antics within the partner duo.	just watching the drama in the ship
B-MIX-056	MIX	82.26	95.27	13.01	68.88	61.51	-7.37	0	100	100	图样森破，你太天真了	The design is absolutely terrible; you’re just too naive.	Too young too simple，你太天真了	Too young; too simple… You’re just too naive.	too young too simple you're too naive
B-MIX-057	MIX	98.95	97.63	-1.32	85.95	85.27	-0.68	100	0	-100	这个AI太厉害了	This AI is really amazing!	这个人工智能太厉害了	This artificial intelligence is really amazing!	this AI is way too OP fr
B-MIX-058	MIX	59.07	42.01	-17.06	48.10	41.86	-6.24	0	0	0	carry全场，带飞	Take control of the entire situation and lead the way!	带飞全场，带飞	Take the whole place by storm; dominate the situation!	carrying the whole squad what a carry
B-MIX-059	MIX	99.01	96.21	-2.80	83.71	83.56	-0.15	100	0	-100	她学的是泰语又不是IT	She is studying Thai language, not IT.	她学的是泰语又不是信息技术	She is studying Thai language, not information technology.	she studies Thai not IT
B-MIX-060	MIX	95.86	99.40	3.55	81.52	80.95	-0.57	100	100	0	VIP通道真快	The VIP channel is really fast!	贵宾通道真快	The VIP lane is really fast!	VIP lane is so fast
B-MIX-061	MIX	93.12	93.92	0.80	76.13	74.65	-1.48	100	0	-100	solo一下，单挑	Go solo, have a one-on-one battle.	单挑一下，单挑	Let's have a one-on-one duel, just the two of us.	solo it 1v1 me bro
B-MIX-062	MIX	98.69	100.00	1.31	80.68	84.43	3.74	0	0	0	这个PK谁赢了	Who won this PK?	这个对决谁赢了	Who won this confrontation?	who won this duel
B-MIX-063	MIX	52.24	46.75	-5.49	65.90	64.69	-1.22	100	100	0	因凡蒂诺和FIFA演都不演了，这是纯把梅西世界杯金球奖给抢劫了	Since both Vincenzo and FIFA are no longer involved, it’s basically like they’re stealing Messi’s World Cup Ball award from him.	因凡蒂诺和国际足联演都不演了，这是纯把梅西世界杯金球奖给抢劫了	Since both Vincenzo and FIFA are no longer involved, it’s basically like they’re stealing Messi’s World Cup Ball award from him.	Infantino and FIFA aren't even hiding it anymore straight up robbed Messi of the World Cup Golden Ball
B-MIX-064	MIX	97.85	98.09	0.25	83.29	83.81	0.52	100	100	0	做个SPA放松一下	Get a spa treatment to relax.	做个水疗放松一下	Get a spa treatment to relax.	getting a spa to relax
B-MIX-065	MIX	82.11	83.69	1.59	84.95	68.91	-16.04	100	0	-100	这个DJ太嗨了	This DJ is so awesome!	这个唱片骑师太嗨了	This record jockey is too awesome!	this DJ is too lit
B-MIX-066	MIX	77.04	81.92	4.88	68.59	63.07	-5.52	0	0	0	Rush E 朗朗PK街头钢琴家	Rush E vs. Lang Lang in a PK with street pianists	Rush E 朗朗对决街头钢琴家	Rush E vs. the Street Piano Player in a Duel	Rush E Lang Lang versus street pianist
B-MIX-067	MIX	89.24	87.75	-1.50	75.77	79.58	3.81	100	100	0	这动漫OP太好听了，循环播放	The opening theme of this anime is so beautiful; I can’t stop listening to it in loop.	这动漫片头曲太好听了，循环播放	The opening theme of this anime is so beautiful; I can’t stop playing it over and over again.	this anime opening slaps on loop
B-MIX-068	MIX	97.44	96.50	-0.94	83.82	84.00	0.19	100	0	-100	买个iPad记笔记	Buy an iPad to take notes.	买个平板电脑记笔记	Buy a tablet to take notes on.	getting an iPad for notes
B-MIX-069	MIX	73.61	73.66	0.06	71.94	70.80	-1.14	100	100	0	抖音的bgm怎么突然变得那么难听了到处都是想问问你敢不敢还有那天我经过一片花园	Why did the background music on TikTok suddenly become so unpleasant? I want to ask you if you’d dare to do something about it… Also, that day I passed by a garden…	抖音的背景音乐怎么突然变得那么难听了到处都是想问问你敢不敢还有那天我经过一片花园	Why did the background music on TikTok suddenly become so unpleasant? I want to ask you if you’d dare to do something about it… Also, that day I passed by a garden…	why has Douyin's background music gotten so bad everywhere it's either 'I Want to Ask If You Dare' or 'That Day I Passed a Garden'
B-MIX-070	MIX	98.47	98.97	0.50	83.60	81.39	-2.21	0	0	0	这个PPT做得好	This PPT is well done.	这个演示文稿做得好	This presentation is well done.	this PowerPoint is well made
B-MIX-071	MIX	84.42	83.78	-0.64	44.41	72.85	28.43	100	0	-100	法法这期ooc了吧	In this episode of “Fafa,” it seems like there’s an OOC (Out of Character) moment…	法法这期脱离扮演角色了吧	In this episode, Fafa seems to have stopped playing the role that she was assigned.	Fafa was so out of character this episode bruh
B-MIX-072	MIX	96.57	96.52	-0.05	82.54	82.23	-0.31	100	100	0	3.5h通关	Completed the game in 3.5 hours.	3.5小时通关	Completed the game in 3.5 hours.	beat the game in 3.5 hours
B-MIX-073	MIX	97.05	87.78	-9.27	67.77	72.97	5.21	100	0	-100	这个ins风好看	This Instagram-style design looks really nice.	这个网红风好看	This internet celebrity-style look is really nice.	this Instagram aesthetic looks good
B-MIX-074	MIX	85.29	94.80	9.52	56.15	83.53	27.38	0	0	0	我的文化水平belike	My level of education is… well, probably not very high.	我的文化水平就像这样	My level of education is more or less like this.	my education level be like lmao
B-MIX-075	MIX	98.36	98.87	0.50	80.15	83.60	3.46	100	100	0	来杯matcha	How about a cup of matcha?	来杯抹茶	How about a cup of matcha?	a cup of matcha
B-MIX-076	MIX	98.10	97.98	-0.12	81.94	84.10	2.17	0	0	0	店员花一秒钟get到你的意思了	The employee took just one second to understand what you meant.	店员花一秒钟理解到你的意思了	The employee took just one second to understand what you meant.	the clerk took one second to get your meaning
B-MIX-077	MIX	98.56	94.12	-4.44	81.20	76.60	-4.60	100	0	-100	这个vlog拍得好	This vlog is really well-made.	这个视频博客拍得好	This video blog is really well-made.	this vlog is well shot
B-MIX-078	MIX	92.04	85.37	-6.66	71.46	76.82	5.36	0	0	0	学习上problem不能发作	Problems in learning should not occur.	学习上问题不能发作	Learning problems should not occur.	can't let the issue flare up during studying
B-MIX-079	MIX	63.98	86.25	22.27	62.67	75.96	13.29	0	0	0	好久没有笑的这么开心了，必须收藏起来emo了再看	It’s been a long time since I’ve laughed so happily; I definitely need to save this moment as an “emo” (a way to express strong emotions visually) and review it later.	好久没有笑的这么开心了，必须收藏起来抑郁了再看	It’s been a long time since I’ve laughed so happily; I definitely need to save this moment. I’ll read it again when I’m feeling depressed.	haven't laughed this hard in ages saving it to watch when I'm feeling down fr
B-MIX-080	MIX	94.45	83.45	-11.00	79.70	58.29	-21.41	100	0	-100	cult导演后悔道剧组没有你	The cult director regrets that the cast didn’t include you.	邪典导演后悔道剧组没有你	The Stockholm director regrets that you weren’t part of the film crew.	cult director regrets not having you on set
B-MIX-081	MIX	56.93	49.35	-7.58	64.51	63.77	-0.74	0	0	0	从技术舞美上讲是挺牛，但从意识上讲buff快叠满了	Technically, the stage design is really impressive, but in terms of player awareness, the buffs are about to get stacked up too much.	从技术舞美上讲是挺牛，但从意识上讲增益快叠满了	From a technical and stage design perspective, it’s really impressive; however, in terms of player awareness, the buffs get applied too quickly and accumulate too much.	technically the stage design is pretty sick but ideologically the power-ups are almost fully stacked
B-MIX-082	MIX	75.52	79.61	4.09	74.16	79.66	5.50	100	100	0	上了初中就开始恶化了，甚至游戏也会拖一会儿再启动，作业拖到ddl就算是期末周也学不进去	The situation started to deteriorate when I entered junior high school; even games would take a while to load. Homework would always be postponed until the deadline, and even during the final exam week, I was unable to concentrate on my studies.	上了初中就开始恶化了，甚至游戏也会拖一会儿再启动，作业拖到截止日期就算是期末周也学不进去	The situation started to deteriorate when I entered junior high school; even games would take a while to load. Homework would always be postponed until the deadline, and even during the final exam week, I was unable to concentrate on my studies.	middle school hit different even games I delay homework till deadline even in finals week can't focus smh
B-MIX-083	MIX	91.18	94.29	3.11	69.70	71.85	2.14	0	100	100	ddl就在眼前了还在摆烂	The DDL is right in front of us, and yet they’re still screwing things up.	截止日期就在眼前了还在摆烂	The deadline is right around the corner, and you’re still just messing around (not putting in the necessary effort).	deadline is right there and you're still slacking
B-MIX-084	MIX	100.00	85.39	-14.61	84.20	84.48	0.28	100	0	-100	asmr助眠真的有用吗	Is ASMR really effective for helping with sleep?	自发性知觉经络反应助眠真的有用吗	Are spontaneous perceptual meridian responses really effective in helping with sleep?	does ASMR for sleep actually work
B-MIX-085	MIX	95.27	89.19	-6.08	77.26	77.95	0.69	100	0	-100	超mean老奶一般是英语老师	The super mean old lady is usually an English teacher.	超刻薄老奶一般是英语老师	The super-bitter old woman is usually an English teacher.	Super mean old ladies are usually English teachers
B-MIX-086	MIX	85.56	95.96	10.40	63.06	79.68	16.62	100	0	-100	绝对音感的正确用法belike	The correct usage of “absolute pitch” is “belike”.	绝对音感的正确用法是这样	The correct way to use absolute pitch is as follows:	The correct usage of absolute pitch be like
B-HOM-096	HOM	91.40	92.37	0.97	64.09	72.96	8.87	100	100	0	孩好像真的很困了，但是一直被麻麻薅过来薅过去配合拍视频	The child seems really sleepy, but mom keeps pulling him this way and that way to make sure he cooperates with the video shooting.	孩好像真的很困了，但是一直被妈妈薅过来薅过去配合拍视频	The child seems really sleepy, but mom keeps pulling him this way and that way to make sure he cooperates with the video shooting.	the kid really seems sleepy, but keeps getting dragged back and forth by mom to pose for the video
B-HOM-097	HOM	96.40	98.38	1.98	76.33	73.11	-3.22	0	0	0	哈哈哈哈哈，不好意思哈哈哈哈哈没崩住	Hahahahahah, sorry, I couldn’t hold back the laughter…	哈哈哈哈哈，不好意思哈哈哈哈哈没绷住	Hahahahahah, sorry, I couldn’t hold back the laughter!	hahaha, sorry hahaha I couldn't hold it together
B-HOM-098	HOM	97.46	97.42	-0.04	81.79	75.39	-6.40	0	100	100	淦，忘记原版了，有谁能补一下？	Oops, I forgot the original text. Can someone help me with that?	干，忘记原版了，有谁能补一下？	Damn, I forgot the original text. Can someone help me by providing it?	damn, I forgot the original, can anyone fill it in?
B-HOM-099	HOM	67.21	75.29	8.07	70.88	69.79	-1.09	0	0	0	你们要是给我炮儿玩似了我看什么啊	If you just give me some cannons to play with, then what would I be looking at?	你们要是给我炮儿玩死了我看什么啊	If you keep shooting at me with those cannons until I die, what’s there for me to see then?	if you guys play my Pao'er to death, what am I supposed to watch?
B-PYA-087	PYA	91.20	93.23	2.03	79.60	79.82	0.23	0	0	0	快别TM说了，抓紧睡半个钟头，不然去早餐店要迟到了	Stop talking nonsense for a minute, and try to sleep for half an hour. Otherwise, you’re going to be late for breakfast.	快别他妈说了，抓紧睡半个钟头，不然去早餐店要迟到了	Stop talking nonsense already, and go to sleep for half an hour. Otherwise, you’re going to be late for breakfast.	stop freaking talking and grab half an hour of sleep, or you'll be late for the breakfast shop
B-NEO-087	NEO	96.75	96.12	-0.63	83.63	83.85	0.23	0	0	0	某种意义上来看他也是个神人	In a sense, he is also a kind of divine being.	某种意义上来看他也是个行为离谱的人	In a sense, he is also a person who behaves in an outrageous manner.	in a certain sense he's also an absolute character
B-NEO-088	NEO	72.81	89.51	16.69	72.74	66.93	-5.81	0	100	100	我都不知道出新图了，作业自己跑我脸上了	I didn’t even know new images had been released; the homework just “came knocking” at my door all by itself…	我都不知道出新图了，攻略自己跑我脸上了	I didn’t even know new images had been released; the guide just appeared right in front of me!	I didn't even know a new stage was out, and the guide just ran right into my face
B-NEO-089	NEO	91.96	100.00	8.04	78.96	80.48	1.52	0	0	0	无论从哪个层面来看，都是吊炸了	From every single aspect, it’s absolutely incredible.	无论从哪个层面来看，都是厉害极了	From any perspective, it’s absolutely incredible.	no matter how you look at it, it's insanely awesome
B-NEO-090	NEO	74.84	95.11	20.26	75.31	82.40	7.09	0	100	100	应该是的，不然怎么会气到把国粹给说出来了	That should be the case; otherwise, how could one get so angry as to mention the national essence of the culture?	应该是的，不然怎么会气到把脏话给说出来了	That should be the case; otherwise, why would they get so angry as to use swear words?	must be, otherwise how would he get so angry that the swear words came out
B-NEO-091	NEO	91.21	93.92	2.71	70.89	79.68	8.79	0	0	0	说个冷知识，来俊臣的父亲名叫来操，是个挺生草的名字	Here’s a little trivia: Lai Junchen’s father’s name was Lai Cao, which is quite an unusual name.	说个冷知识，来俊臣的父亲名叫来操，是个挺搞笑的名字	Here’s a little trivia: Lai Junchen’s father’s name was Lai Cao, which is quite an amusing name.	fun fact: Lai Junchen's father was named Lai Cao, which is a pretty hilarious name
B-NEO-092	NEO	66.30	78.99	12.69	63.93	79.41	15.48	0	0	0	他不是好了，而是知道自己要凉了	He’s not “okay” anymore; he just realizes that he’s going to die.	他不是好了，而是知道自己要完蛋了	He’s not actually better; he just realizes that he’s going to die.	he's not better, he just knows he's done for
B-NEO-093	NEO	68.19	68.64	0.44	68.18	65.87	-2.31	0	0	0	置顶评论官方链接是淘宝就知道成分了	The official link to the top comment reveals the ingredients; Taobao can tell you all about them.	置顶评论官方链接是淘宝就知道背景了	The official link to the pinned comment is on Taobao; from there, they can understand the context.	the pinned official link is Taobao, that alone tells you what they're really about
B-NEO-094	NEO	81.28	85.05	3.77	79.18	82.01	2.83	0	0	0	逆天。。我现在开车老走错路	It’s unbelievable… I keep getting lost when I’m driving these days.	离谱。。我现在开车老走错路	That’s absolutely ridiculous… I keep getting lost when I’m driving now.	wild… I keep taking wrong turns when driving now
B-MIX-087	MIX	56.28	49.61	-6.66	71.08	75.17	4.09	100	0	-100	发现没火的作者belike	The author “belike” noticed that there was no fire.	发现没火的作者就是这样	That’s exactly how the author who realized there was no fire behaved.	discovering an underrated creator be like
B-MIX-088	MIX	85.94	82.17	-3.77	74.70	75.21	0.50	0	100	100	第一次尝试做这么长的动画 感觉k帧速度有所提升绝宝二周年快乐!	This is my first attempt at creating an animation of such a long length. I feel that the frame rate (K frames per second) has improved significantly. Happy 2nd anniversary, “Juebao”!	第一次尝试做这么长的动画 感觉打关键帧速度有所提升绝宝二周年快乐!	This is my first attempt at creating an animation of this length, and I feel that the speed at which I can add keyframes has improved significantly. Happy 2nd anniversary, “Juebao”!	first time making such a long animation, my keyframing speed has improved — happy 2nd anniversary Juebao!
B-MIX-089	MIX	91.49	92.76	1.26	73.76	79.87	6.11	100	100	0	或许它真的是福利最好的fps	Maybe it really is the FPS with the best benefits (in terms of features or performance).	或许它真的是福利最好的第一人称射击游戏	Maybe it really is the first-person shooting game with the best benefits (or perks).	maybe it really is the FPS with the best freebies
B-MIX-090	MIX	89.17	91.40	2.22	70.06	72.46	2.40	100	100	0	杨博文四代唯一C位队长	Yang Bowen is the only captain who has held the central position (the “C-position”) for four generations in his family.	杨博文四代唯一中心位队长	Yang Bowen is the only captain who has held the central position for four generations in his family.	Yang Bowen, Gen 4's only center-position captain
B-HOM-100	NEO	45.42	58.31	12.89	69.94	77.25	7.31	0	0	0	明显，队友大概率寄了，和上司有关，但扳机似乎记忆出现问题，咬死队友还活着，变相保护了上司，所以被上司放了	Obviously, the teammate most likely sent the message (or did something related to it), and it was connected to the boss. However, there seems to be a problem with the “trigger” mechanism that controls the action; it “bit” the teammate, but the teammate was still alive, which indirectly protected the boss. As a result, the boss let the teammate go.	明显，队友大概率死了，和上司有关，但扳机似乎记忆出现问题，咬死队友还活着，变相保护了上司，所以被上司放了	Obviously, the teammate most likely died, and it was related to the boss. However, there seems to be a problem with the trigger’s memory; it “bit” and killed the teammate while the teammate was still alive, indirectly protecting the boss. As a result, the boss let the person go.	clearly the teammate is most likely dead and the boss is involved, but Trigger's memory seems broken — she insists the teammate is alive, which indirectly shielded the boss, so the boss let her go
B-HOM-101	HOM	65.43	69.56	4.13	72.54	79.54	7.00	0	100	100	怪兽：我已经破坏掉了你所有能获取光的办法，看你还怎么变身 迪迦：你钱包的钱还有多少？ 怪兽：全花光了 迪迦：恰！	"Monster: I have destroyed all of your ways of obtaining light; see how you’re going to transform now…
Ultraman Tiga: How much money is left in your wallet?
Monster: It’s all gone.
Ultraman Tiga: Just as I thought!"	怪兽：我已经破坏掉了你所有能获取光的办法，看你还怎么变身 迪迦：你钱包的钱还有多少？ 怪兽：全花光了 迪迦：吃！	"Monster: I have destroyed all of your ways of obtaining light; see how you’re going to transform now…
Ultraman Tiga: How much money is left in your wallet?
Monster: It’s all gone.
Ultraman Tiga: Eat!"	Monster: I've destroyed every way you could gather light, let's see you transform now. Tiga: How much money is left in your wallet? Monster: All spent. Tiga: Nom!
B-HOM-102	HOM	68.63	89.29	20.66	75.38	82.60	7.22	0	100	100	人定不了天，一切的一切还是按照历史轨迹走，我记得是三段历史走向，猪脚心累了	Humans cannot determine the course of nature; everything still follows the trajectory of history. I remember there were three historical developments… Ah, my feet are tired from walking so much.	人定不了天，一切的一切还是按照历史轨迹走，我记得是三段历史走向，主角心累了	Humans cannot determine the course of events; everything still follows the trajectory of history. I remember there were three historical developments, and the protagonist felt exhausted.	man can't defy heaven, everything still follows the track of history — I remember there were three historical branches, and the protagonist is exhausted
B-HOM-103	HOM	67.21	77.03	9.82	69.06	76.49	7.42	0	0	0	笑成猪头最好笑是因为！！！我本来就觉得很好笑哈哈哈，看到这个蚌不住了！！！	The part that made me laugh the hardest was when I saw the face contorted into a pig’s face!!! I thought it was really funny anyway, hahaaha, and I couldn’t help but burst into laughter when I saw that!!	笑成猪头最好笑是因为！！！我本来就觉得很好笑哈哈哈，看到这个绷不住了！！！	The part that makes it the funniest is when you laugh so hard your face turns into a pig’s face!!! I thought it was really funny anyway, hahaahaha, and I couldn’t stop laughing when I saw that!!	the pig-head laugh is the funniest because!!! I already found it hilarious hahaha, and seeing this I just lost it!!!
B-HOM-104	HOM	65.97	67.21	1.24	77.11	79.18	2.08	100	100	0	真旅行青蛙！  去哪了 会给麻麻带明信片回来  真好	What a real travel frog! Where did you go? I’ll bring back a postcard for mom. That’s great!	真旅行青蛙！  去哪了 会给妈妈带明信片回来  真好	What a real travel frog! Where are you going? I’ll bring back a postcard for mom. That’s great!	a real Travel Frog! wherever it goes, it brings postcards back for mom — so sweet
B-HOM-105	HOM	85.07	90.94	5.86	77.57	78.76	1.19	100	100	0	兄dei，这么好的猪 你舍得一次性吃完吗（于谦声）	Brother Dei, would you really be willing to eat such a delicious pig all at once? (Yu Qian’s voice)	兄弟，这么好的猪 你舍得一次性吃完吗（于谦声）	Brother, would you really be willing to eat such a delicious pig all at once? (Yu Qian’s voice)	bro, such a fine pig — could you really bear to eat it all in one go? (in Yu Qian's voice)
B-HOM-106	NEO	47.61	53.76	6.15	74.13	73.26	-0.87	0	100	100	这高达味怎么这么重啊，真的是百合拯救了萝卜？	Why is this “Gao Da Wei” so strong in flavor? Was it really the lily that saved the radish?	这高达味怎么这么重啊，真的是百合拯救了机器人？	Why does this “Gao Da Wei” taste so strong? Was it really the lily that saved the robot?	why does this feel so much like Gundam — did yuri really save the mecha genre?
B-HOM-107	HOM	94.72	93.56	-1.16	77.56	70.91	-6.65	0	0	0	淦，为什么要让我凌晨刷到，睡不着觉了()	Ugh, why did you have to send this to me in the early morning? I can’t fall asleep now ()	干，为什么要让我凌晨刷到，睡不着觉了()	Why on earth did you have to send this to me in the early morning? I can’t sleep now ()	damn, why did I have to scroll onto this in the middle of the night, now I can't sleep ()
B-HOM-108	HOM	97.92	98.17	0.25	84.16	86.31	2.15	100	100	0	免责声明，此为系统自动播放，与我无瓜	Disclaimer: This is automatically played by the system and has nothing to do with me.	免责声明，此为系统自动播放，与我无关	Disclaimer: This is automatically played by the system and has nothing to do with me.	disclaimer: this was autoplayed by the system, nothing to do with me
B-HOM-109	HOM	89.96	89.89	-0.07	72.83	70.87	-1.97	100	100	0	又第一了 带领兄弟萌再冲一次～～～～	Once again, we’re in first place! Let’s lead our brothers and charge forward one more time~~~	又第一了 带领兄弟们再冲一次～～～～	Once again, we’re in the lead! Let’s lead our brothers on another charge~~~	number one again — leading the bros for one more charge~~~~
B-HOM-110	HOM	37.69	84.57	46.89	42.45	58.77	16.32	0	100	100	预计会火，火钳刘明	Expected to be a hit… “The Tongs-Wielding Liu Ming”	预计会火，火前留名	Expected to be a hit; leave your name before it goes viral.	this is going to blow up, leaving my name here before it does
B-HOM-111	HOM	31.39	67.16	35.77	72.88	64.97	-7.91	0	0	0	扳机歪了，前来还怨	The wrench is bent; they even come to complain about it.	扳机歪了，前来还愿	The wrench is bent; I’ve come to fulfill my promise.	my pull for Trigger went off-banner — here to repay my vow
B-HOM-112	HOM	95.98	96.86	0.89	77.14	82.81	5.67	0	0	0	梅森：这我可太熟辣！	Mason: I know that all too well!	梅森：这我可太熟啦！	Mason: I know that all too well!	Mason: now this I know all too well!
B-HOM-114	HOM	95.75	98.19	2.44	79.24	80.91	1.67	100	100	0	我不行了我笑得要噶了	I can’t take it anymore; I’m laughing so hard I might die!	我不行了我笑得要挂了	I can’t take it anymore; I’m laughing so hard I might actually die!	I can't take it, I'm about to die laughing
B-HOM-115	HOM	91.47	85.38	-6.09	68.14	74.94	6.80	0	0	0	活到老学到老,似了也要学习	One is never too old to learn; even if one seems to have already learned everything, there is still more to discover.	活到老学到老,死了也要学习	Live to learn, and even in death, continue to seek knowledge.	live and learn — keep studying even when you're dead
B-HOM-116	HOM	62.88	81.98	19.10	65.34	74.94	9.60	0	0	0	太好辣，是拐杖星人，我们没救了	It’s so spicy… It must be the Cane Star Person; we’re doomed.	太好啦，是拐杖星人，我们没救了	Great! It’s the Cane Star Alien; we’re doomed.	oh great, it's the crutch alien, we're doomed
B-HOM-117	HOM	81.07	86.70	5.63	70.51	68.60	-1.91	0	0	0	老八胃大，无需多盐	Lao Ba has a big stomach; there's no need for extra salt.	老八胃大，无需多言	Lao Ba has a big stomach; there’s no need to say more.	Laoba has a big stomach — no more words needed
B-HOM-118	HOM	86.31	99.27	12.96	81.72	84.64	2.92	0	100	100	雾草这幕太美了	The fog and grass scene is absolutely beautiful.	卧槽这幕太美了	Damn, that scene is so beautiful!	holy crap this scene is gorgeous
B-HOM-119	NEO	87.73	100.00	12.27	79.61	85.86	6.26	0	100	100	欧内该，我什么都愿意做	Ooenegai, I would be willing to do anything.	拜托了，我什么都愿意做	Please, I’m willing to do anything.	please, I'll do anything
B-HOM-120	HOM	98.58	98.60	0.02	71.42	73.90	2.47	100	100	0	果然混元是个妹纸	As expected, Hunyuan is a girl.	果然混元是个妹子	As expected, Hunyuan is a girl.	so Hunyuan really is a girl after all
B-HOM-121	HOM	88.87	90.64	1.77	60.73	75.77	15.05	0	0	0	年轻人不讲武德！耗子尾汁	The young people don’t understand the principles of martial ethics! (Or: “The young people lack respect for the values of martial arts!”)	年轻人不讲武德！好自为之	The young people lack respect for martial ethics! Be careful of yourself.	young people have no martial virtue! you'd better behave yourselves
B-HOM-122	HOM	65.42	74.99	9.57	57.37	65.19	7.82	0	0	0	官方踏马自黑，这下别人黑不了了	The official has self-deprecatingly “embarrassed” themselves, so now no one else can really criticize them anymore.	官方他妈自黑，这下别人黑不了了	The official is literally self-deprecating; now no one else can make fun of them.	the officials are freaking roasting themselves, now nobody else can roast them
B-HOM-123	HOM	91.16	97.39	6.24	63.09	77.81	14.72	0	100	100	这俩老男人的沙雕人生	The absurd lives of these two old men	这俩老男人的傻屌人生	The stupid, ridiculous lives of these two old men	the goofball life of these two old guys
B-HOM-124	HOM	92.33	95.58	3.26	70.64	83.20	12.56	0	100	100	被天使蚊过的嗓子	A throat that has been bitten by an angelic mosquito…	被天使吻过的嗓子	A throat that has been kissed by an angel	a voice kissed by an angel
B-HOM-125	HOM	98.25	99.10	0.85	68.25	79.99	11.74	100	100	0	上一个视频就是不讲内个	The previous video just didn’t cover that topic at all.	上一个视频就是不讲那个	The previous video just didn’t cover that topic.	the last video just wouldn't talk about that
B-HOM-127	HOM	94.66	97.93	3.27	72.01	51.48	-20.52	0	100	100	可以四了这游戏	We can just stop playing this game already.	可以死了这游戏	This game can just die.	this game can just die already
B-HOM-128	HOM	90.31	99.75	9.44	72.75	80.77	8.02	100	100	0	全体欣赏阴乐	Everyone, enjoy the Yin music.	全体欣赏音乐	Everyone, enjoy the music!	everyone, enjoy the music
B-HOM-129	HOM	58.54	62.52	3.98	48.02	55.53	7.51	0	0	0	锁呐区甲亢哥	The guy with hyperthyroidism from the bugle section…	唢呐区甲亢哥	Oh Na District Hyperthyroidism Brother	suona-section Speed
B-HOM-130	HOM	81.14	97.78	16.64	75.37	82.84	7.48	0	0	0	哎你怎么似了	Hey, why have you changed so much?	哎你怎么死了	Hey, how did you die?	hey, how come you died
B-HOM-131	HOM	75.46	90.51	15.05	68.67	72.77	4.10	0	100	100	密码的，很久没笑得这么无语了	Regarding the password… I haven’t laughed so helplessly in a really long time.	妈的，很久没笑得这么无语了	Damn, it’s been a long time since I’ve laughed so helplessly/absurdly.	damn, it's been ages since I laughed this speechlessly
B-PYA-088	PYA	94.92	95.14	0.21	82.42	83.25	0.82	0	100	100	不是，我TM哪来的教材，你在逗我呢	No, where in the world would I get any teaching materials from? You’re just kidding me!	不是，我他妈哪来的教材，你在逗我呢	No, where the hell would I get any teaching materials from? You’re just kidding me, right?	wait, where the hell would I get a textbook, are you kidding me
B-PYA-089	PYA	95.83	96.24	0.40	77.98	82.28	4.30	0	100	100	md，这军方也这么乱，难怪市民们这么乐观，哈哈	The military is also in such a state of disarray; no wonder the citizens are so optimistic, haha	妈的，这军方也这么乱，难怪市民们这么乐观，哈哈	Damn, if the military is in such a state of disarray, no wonder the citizens are so optimistic, haha	damn, even the military is this chaotic, no wonder the citizens are so optimistic, haha
B-PYA-090	PYA	86.81	92.55	5.73	77.13	76.46	-0.67	0	0	0	wc我想要高斯裤子的链接，真的好帅	I want a link to the Gaussian pants; they’re really stylish!	卧槽我想要高斯裤子的链接，真的好帅	Damn, I want the link to those Gaussian pants; they’re really awesome!	whoa I want the link to Gauss's pants, they look so cool
B-PYA-091	PYA	91.06	92.81	1.75	73.76	78.05	4.29	0	0	0	WC，这都能被发现啊	WC… Even this can be detected.	卧槽，这都能被发现啊	Damn, that could even be detected.	whoa, even this got noticed
B-PYA-092	PYA	97.82	100.00	2.18	81.47	85.28	3.81	0	0	0	woc太萌了	WOC is so cute!	卧槽太萌了	Wow, that’s so cute!	omg so cute
B-PYA-093	PYA	67.82	83.18	15.36	59.54	72.68	13.14	0	100	100	dbq小啵有点像触电了	The DBQ “Xiao Bo” seems to have been kind of “shocked” (or affected in a similar way, like by an electric shock).	对不起小啵有点像触电了	Sorry, Xiao Bo seems to have gotten a bit of a “shock” (like being electrocuted).	sorry but Xiaobo kind of looks electrocuted
B-PYA-094	PYA	89.30	96.90	7.59	80.13	83.40	3.27	0	0	0	无线能源是基于无线水的原理吗？(bushi)	Is wireless energy based on the principle of wireless water? (bushi)	无线能源是基于无线水的原理吗？(不是)	Is wireless energy based on the principle of wireless water? (No)	is wireless energy based on the principle of wireless water? (jk)
B-PYA-095	PYA	93.08	86.84	-6.24	80.18	66.74	-13.44	0	0	0	光明，赐予我力量（bushi）	Light, grant me strength (bushi).	光明，赐予我力量（不是）	Light, grant me strength (not just that).	light, grant me power (jk)
B-PYA-096	PYA	93.58	98.30	4.71	78.78	80.95	2.17	0	100	100	这么说我才发现字幕不是视频自带的hhhh	So, it’s only now that I’ve realized the subtitles aren’t part of the video itself… hhhh	这么说我才发现字幕不是视频自带的哈哈哈哈	So I just realized that the subtitles aren’t part of the video itself… hahahahah	now that you mention it, I just realized the subtitles aren't part of the video hahaha
B-PYA-097	PYA	90.32	87.44	-2.87	75.26	77.28	2.03	0	100	100	完了疑似吉米被吓疯了hh	It seems that Jimmy has gone completely crazy from the scare… hh	完了疑似吉米被吓疯了哈哈	It seems Jimmy’s been scared straight out of his wits… haha	uh oh, Jimmy seems scared out of his mind haha
B-PYA-098	PYA	88.96	92.03	3.06	82.44	80.43	-2.01	0	100	100	看清楚材质吧，pdd很多都是聚酯纤维，你问客服没几个敢说是纯棉的	Take a close look at the material; many products from PDD are made of polyester fiber. If you ask the customer service, few will be willing to admit that they are made of pure cotton.	看清楚材质吧，拼多多很多都是聚酯纤维，你问客服没几个敢说是纯棉的	Take a close look at the material; many products on Pinduoduo are made of polyester fiber. If you ask the customer service, few will be willing to admit that the product is made of pure cotton.	check the fabric carefully — a lot of stuff on Pinduoduo is polyester, and few customer-service reps dare claim it's pure cotton
B-PYA-099	PYA	62.67	73.05	10.38	73.12	74.35	1.23	0	0	0	27W收藏4W点赞服了不提醒还不知道........	27W followers, 4W likes… I’m really impressed. No notifications at all; otherwise, I wouldn’t have even known…	27万收藏4万点赞服了不提醒还不知道........	270,000 favorites and 40,000 likes… I’m really impressed. No reminder at all, and I didn’t even know about it…	270k saves and 40k likes, unbelievable — I wouldn't even have known without the reminder……
B-PYA-100	PYA	93.11	95.23	2.11	66.78	80.21	13.44	0	0	0	20w收藏3w点赞	200,000 favorites; 30,000 likes	20万收藏3万点赞	200,000 favorites; 30,000 likes	200k saves, 30k likes
B-PYA-101	PYA	87.94	92.68	4.74	77.88	83.11	5.23	0	0	0	啊？60w围攻45w的城，对方还以骑兵为主？？！	Huh? 600,000 people attacking a city with a population of 450,000, and the defenders mainly use cavalry???	啊？60万围攻45万的城，对方还以骑兵为主？？！	Huh? 600,000 people attacking a city with a population of 450,000, and the enemy mainly uses cavalry???	what? 600k besieging a city of 450k, and the enemy is mostly cavalry??!
B-PYA-102	PYA	76.30	67.91	-8.39	66.90	71.49	4.59	100	100	0	“义人，就是ta，欺负我。”	“The righteous person, that is him, is bullying me.”	“义人，就是他，欺负我。”	“The righteous one is him; he is the one who is mistreating me.”	Righteous one, it was them — they bullied me.
B-PYA-103	PYA	65.04	91.77	26.73	39.55	73.35	33.80	0	100	100	好装好假好ex	You’re so good at pretending, so fake… and so “ex” (in the sense of being someone from the past).	好装好假好恶心	Such a pretense… so fake, and so disgusting.	so pretentious, so fake, so gross
B-PYA-104	PYA	74.02	91.21	17.18	44.08	48.41	4.33	0	100	100	死yxh滚远点	Dead xyh, get lost!	死营销号滚远点	Dead marketing accounts, get lost!	damn clickbait accounts, get lost
B-PYA-106	PYA	89.50	87.95	-1.55	73.68	75.73	2.06	0	0	0	牛啊，我怎么幻听出歌词了(bushi)	Oh my god, how come I’m hearing the lyrics in my head (bushi)	牛啊，我怎么幻听出歌词了(不是)	Oh my God, how come I’m hearing the lyrics in my head… (But no, that’s not possible.)	impressive — why am I hallucinating lyrics out of this (jk)
B-PYA-107	PYA	91.17	95.36	4.19	69.83	75.22	5.39	0	100	100	心灵感应原版就是致敬火花hhh	The original version of “Telepathy” is a tribute to Spark… hhh	心灵感应原版就是致敬火花哈哈哈	The original version of “Telepathy” is actually a tribute to Spark… Hahaha!	the original Telepathy really is a homage to Spark hahaha
B-PYA-108	PYA	88.72	85.47	-3.26	74.77	65.23	-9.54	0	0	0	woc瞬间高清修补版	WOC Instant HD Repair Version	卧槽瞬间高清修补版	Damn, the instant HD repair version!	whoa, instantly the HD restored version
B-NEO-096	NEO	89.75	86.77	-2.98	81.67	79.80	-1.87	0	0	0	泪目，我一直不知道自己想做什么，感觉选择的大都错了，已经索性不想选择了...糟糕啊...	Tears well up in my eyes… I’ve never really known what I wanted to do; it feels like most of the decisions I’ve made have been wrong. So I’ve simply stopped trying to make any choices anymore… This is terrible…	眼泛泪光，我一直不知道自己想做什么，感觉选择的大都错了，已经索性不想选择了...糟糕啊...	With tears in my eyes, I’ve never really known what I wanted to do. It feels like most of the decisions I’ve made have been wrong, so I’ve simply stopped trying to make any choices at all… Oh no…	tearing up — I've never known what I want to do, feels like most of my choices were wrong, and now I've simply stopped choosing… this is bad…
B-NEO-097	NEO	94.78	94.39	-0.40	72.70	72.41	-0.29	0	0	0	10后，上一次看是三年前了，但是也泪目了	I was born in the 2010s, and the last time I watched it was three years ago… But it still made me cry.	10后，上一次看是三年前了，但是也落泪了	I was born in the 2010s, and the last time I watched it was three years ago… But even then, I cried.	born after 2010 — last watched this three years ago, but it still made me tear up
B-NEO-098	NEO	81.19	89.00	7.82	73.06	78.57	5.51	0	0	0	虽然整个乐队前期像拼好队一样，但是结局随着独角兽的回归写的还是不错的	Although the whole band seemed to be well-knit from the beginning, the ending is still quite good, especially with the return of the unicorn.	虽然整个乐队前期像拼凑起来的队伍一样，但是结局随着独角兽的回归写的还是不错的	Although the whole band felt like a loosely assembled group at the beginning, the ending is quite well-written, especially with the return of the unicorn.	even though the band felt like a thrown-together group-buy squad early on, the ending with the unicorn's return was written pretty well
B-NEO-099	NEO	89.59	88.36	-1.23	80.32	70.54	-9.78	0	0	0	“苏新皓你好的太突出”这句话的含金量还在上升	“Su Xinhao, your performance is really outstanding.” The value of this statement is only increasing.	“苏新皓你好的太突出”这句话的价值还在提升	“The way Su Xinhao behaves is just too noticeable; his presence really stands out.” The value of this statement is only increasing.	"the line ""Su Xinhao, your hello is too striking"" keeps proving truer and truer"
B-NEO-100	NEO	93.76	94.06	0.30	77.31	71.52	-5.79	0	0	0	扎格列斯之手的含金量还在上升！	The value of the “Hand of Zagreus” continues to rise!	扎格列斯之手的价值还在提升！	The value of the Hand of Zagreus is still increasing!	the Hand of Zagreus keeps proving its worth!
B-NEO-101	NEO	68.02	76.94	8.93	67.62	73.58	5.96	0	0	0	红温了，把打野怪爆的装备给炸了，你好歹拿一些吧	The temperature has risen; blow up the equipment that was obtained by killing the jungle monsters. Please at least take some of it.	气急了，把打野怪爆的装备给炸了，你好歹拿一些吧	I got so angry that I destroyed the equipment obtained from killing the wild monsters. Please at least take some of it!	he's fuming — blew up the gear dropped from jungle monsters, at least take some of it, man
B-NEO-102	NEO	69.89	93.35	23.46	65.82	77.31	11.49	0	0	0	反派看到了硬控他的回忆……	The villain saw the memories of the moment when he was completely under the villain’s control…	反派看到了完全控制住他的回忆……	The villain saw the memories that completely controlled him…	the villain saw the memories that completely transfixed him……
B-NEO-103	NEO	91.10	89.76	-1.34	72.94	66.37	-6.57	0	0	0	我还以为是9.9元拼好饭呢	I thought it was 9.9 yuan for a meal that was already prepared and ready to eat.	我还以为是9.9元拼单买的饭呢	I thought it was the meal that I bought by joining a group purchase for 9.9 yuan.	I thought it was a 9.9-yuan group-buy meal deal
B-NEO-104	NEO	73.64	56.15	-17.49	63.32	58.96	-4.36	100	0	-100	向佐药水哥梦幻联动！	Dream collaboration with Zuo Yaoshui Ge!	向佐药水哥跨界合作！	Collaborating with the expert in medicinal solutions, Brother Zuo!	Xiang Zuo and Yaoshui-ge, a dream crossover!
B-NEO-105	NEO	65.84	85.58	19.74	54.09	60.87	6.79	0	0	0	电子榨菜配跳跳糖	Electronic pickled mustard tuber paired with popping candy	下饭视频配跳跳糖	Video to accompany meals, with popping candy	comfort-viewing video paired with popping candy
B-NEO-106	NEO	85.91	98.69	12.78	66.39	84.08	17.69	0	0	0	这声音绝绝子	This sound is absolutely incredible.	这声音好极了	That sound is absolutely wonderful!	this voice is simply divine
B-NEO-107	NEO	84.14	89.19	5.05	70.29	73.58	3.29	0	0	0	假师傅让拜，真师傅反而不让拜，难绷了	The fake master tells people to bow, but the real master actually forbids it. That’s really confusing…	假师傅让拜，真师傅反而不让拜，让人无语了	The fake master tells people to bow, but the real master actually forbids it from happening – it’s really baffling.	the fake master lets you bow to him, but the real master won't — I can't even
B-NEO-108	NEO	97.17	95.33	-1.83	68.99	81.24	12.26	0	0	0	一想到一睁眼就有倒计时就难绷	The thought of waking up to a countdown makes it hard to stay calm.	一想到一睁眼就有倒计时就受不了	I can’t stand the thought of waking up to see a countdown timer right in front of me.	the thought of waking up to a countdown every day just breaks me
B-MIX-092	MIX	93.01	82.85	-10.17	72.69	67.07	-5.62	100	100	0	完全不给队友上buff的机会	Not giving teammates any chance to get buffs at all.	完全不给队友上增益的机会	Not giving teammates any chance to use their buffs at all.	gives teammates zero chance to apply buffs
B-MIX-093	MIX	63.76	44.11	-19.66	58.51	58.90	0.39	100	0	-100	不会侵蚀后全是boss吧	Won’t all the enemies turn into bosses after it stops eroding?	不会侵蚀后全是头目吧	Won’t all the leaders be left after the erosion process?	don't tell me everything after the corruption is a boss
B-MIX-094	MIX	96.92	81.94	-14.98	75.61	74.53	-1.08	100	0	-100	顾客：心平气和.jpg	Customer: Calm and composed.jpg	顾客：心平气和的表情包	Customer: A meme with a calm and peaceful expression	customer: calm-and-composed.jpg
B-MIX-095	MIX	96.52	97.22	0.71	80.21	78.36	-1.85	100	100	0	海皇cpu高速运转中……	The Sea Emperor CPU is running at high speed…	海皇大脑高速运转中……	The brain of the Sea King is working at high speed…	the Sea Emperor's CPU is running at full speed……
B-MIX-096	MIX	82.51	95.06	12.55	65.10	73.10	8.00	100	100	0	可以无限卡bug，站起来再躺下去，站起来再躺下去。	You can keep getting stuck in the “bug” state indefinitely – just stand up, then lie down again; stand up, and lie down again.	可以无限卡漏洞，站起来再躺下去，站起来再躺下去。	You can exploit the bug infinitely by standing up and then lying down again, and repeating this process.	you can exploit the bug endlessly — stand up, lie back down, stand up, lie back down.
B-MIX-097	MIX	45.04	61.85	16.82	55.60	62.49	6.89	0	0	0	在扳机的视频里刷什么悠真真的很ky好吧	In the video about the trigger, what Yuzumi is doing is really… well, just really weird. Okay.	在扳机的视频里刷什么悠真真的很不会看气氛好吧	In the video about the trigger, Yuzumi really doesn’t know how to read the atmosphere or understand the situation at all…	spamming Harumasa comments on a Trigger video is honestly so tone-deaf, okay
B-MIX-098	MIX	87.71	80.03	-7.68	65.13	78.06	12.94	0	0	0	别什么过场都搞qte，破坏连贯	Don’t bother with any kind of cutscenes or transitions that disrupt the continuity of the story/progress.	别什么过场都搞快速反应事件，破坏连贯	Don’t include any quick-response events during the cutscenes; they disrupt the continuity of the story.	stop putting QTEs in every cutscene, it ruins the flow
B-MIX-099	MIX	94.88	93.54	-1.35	62.16	65.91	3.75	100	0	-100	不是哥们，怎么pv就删了。	Hey guys, why was the PV deleted?	不是哥们，怎么宣传片就删了。	Hey guys, why was the promotional video deleted?	wait bro, why did the PV get deleted.
B-MIX-100	MIX	99.72	99.40	-0.32	83.43	84.25	0.81	100	100	0	要是做出这样的mod，那就有意思了	It would be interesting if such a mod were created.	要是做出这样的模组，那就有意思了	It would be interesting if such a module were created.	if someone made a mod like this, that would be fun
B-MIX-101	MIX	95.62	96.00	0.38	82.98	82.33	-0.65	100	100	0	omg！这是谁家的小孩这么有出息啊啊啊啊啊	OMG! Whose child is this that’s so talented?!	我的天！这是谁家的小孩这么有出息啊啊啊啊啊	Oh my God! Whose child is this that has turned out to be so successful?!	omg! whose kid is this, so talented ahhhh
B-MIX-102	MIX	98.58	98.37	-0.21	78.25	77.65	-0.60	100	100	0	很多老外不知道田一鸣叫什么，就叫他super idol	Many foreigners don’t know what Tian Yiming’s name is, so they just call him “super idol”.	很多老外不知道田一鸣叫什么，就叫他超级偶像	"Many foreigners don't know what Tian Yiming's name is, so they just call him a ""super idol""."	many foreigners don't know Tian Yiming's name, so they just call him super idol
B-MIX-103	MIX	82.89	82.65	-0.23	74.94	75.63	0.69	0	0	0	知名up主老番茄视频内容不慎跌回五年前的水平	The content of the popular YouTuber “Old Tomato” has unfortunately regressed to the level it was at five years ago.	知名视频作者老番茄视频内容不慎跌回五年前的水平	The content of the popular video creator “Old Tomato” has unfortunately regressed to the level it was at five years ago.	famous uploader LaoFanQie's video content has accidentally slipped back to its level five years ago
B-MIX-104	MIX	96.34	93.04	-3.29	79.09	62.60	-16.48	100	100	0	我打个csgo心跳都能160	Even when I play CSGO, my heart rate can reach 160 beats per minute.	我打个反恐精英心跳都能160	My heart rate even reaches 160 when I play Counter-Strike.	my heart rate hits 160 just playing CS:GO
B-MIX-105	MIX	99.77	99.68	-0.09	64.00	88.20	24.19	0	0	0	回答我，鸟为什么会飞？ Look at my eye, tell me why!	Answer me, why do birds fly? Look into my eyes and tell me why!	回答我，鸟为什么会飞？ 看着我的眼睛，告诉我为什么！	Answer me, why do birds fly? Look into my eyes and tell me why!	answer me, why can birds fly? Look at my eye, tell me why!
B-MIX-106	MIX	96.82	95.93	-0.90	84.20	84.14	-0.05	100	100	0	这里应该说的是welcome to shaolin 吧	What should be said here is probably “Welcome to Shaolin.”	这里应该说的是欢迎来到少林 吧	What should be said here is probably “Welcome to Shaolin.”	what he should have said here is welcome to Shaolin, right
B-MIX-107	MIX	81.48	78.42	-3.05	67.54	54.41	-13.13	100	100	0	这BGM给我干天津去了	This background music has totally taken me to Tianjin…	这背景音乐给我干天津去了	This background music has totally ruined my mood…	this BGM just teleported me straight to Tianjin
B-MIX-108	MIX	59.51	55.76	-3.75	66.60	65.22	-1.38	100	100	0	小八和啵哝就像是妈妈带了个teenager出来我服了。	Xiao Ba and Bonong are just like a mom taking out her teenager… I’m really impressed by that.	小八和啵哝就像是妈妈带了个青少年出来我服了。	Xiao Ba and Bonong are just like a mother taking out her teenager for a walk… I really have to admit that’s impressive.	Xiaoba and Bonong are just like a mom taking a teenager out, I can't with them.
B-MIX-109	MIX	95.67	94.11	-1.56	79.12	77.57	-1.56	100	100	0	其实我不仅是rapper，我还是DJ，香蜜湖你听见了吗	Actually, I’m not just a rapper; I’m also a DJ. Did you hear that, Xiangmi Lake?	其实我不仅是说唱歌手，我还是打碟师，香蜜湖你听见了吗	Actually, I'm not just a rapper; I'm also a DJ. Did you hear that, Xiangmi Lake?	actually I'm not just a rapper, I'm also a DJ — Xiangmi Lake, can you hear me
B-MIX-110	MIX	68.16	68.99	0.83	71.59	69.50	-2.10	100	0	-100	我家小逻怎么成敌方boss单位了？还有精英干员长颈鹿	How did my little character “Luo” become an enemy boss unit? And what about the elite agent… the giraffe?	我家小逻怎么成敌方头目单位了？还有精英干员长颈鹿	How did my little character “Luo” become the leader of the enemy forces? And what about the elite agent… the giraffe?	how did my Xiaoluo become an enemy boss unit? and there's an elite operator giraffe too
B-MIX-111	MIX	84.09	62.64	-21.45	67.34	73.98	6.65	100	100	0	看得ptsd犯了	It seems that PTSD is flaring up again.	看得创伤后应激障碍犯了	It looks like Post-Traumatic Stress Disorder (PTSD) is flaring up.	watching this triggered my PTSD
B-MIX-112	MIX	91.63	91.32	-0.31	79.23	74.38	-4.85	100	0	-100	我独自拯救一切Pro max	I saved everything all by myself… with a Pro Max.	我独自拯救一切加强版	I saved everything all by myself… in the “Enhanced Version”.	I Alone Save Everything, Pro Max edition
B-MIX-113	MIX	93.50	91.46	-2.04	68.29	66.01	-2.28	100	0	-100	那是债主催债了bro	It means the creditor is coming to collect the debt, bro.	那是债主催债了兄弟	It looks like the creditor has come to collect the debt, mate.	that's the creditor coming to collect, bro
B-MIX-114	MIX	84.74	89.90	5.15	77.16	76.83	-0.33	0	100	100	姐！邀请宋雨琦上节目！E人很适合！章昊也是！	Sister! Invite Song Yuchi to the show! She would be perfect for the role! Zhang Hao too!	姐！邀请宋雨琦上节目！外向的人很适合！章昊也是！	Sister! Invite Song Yuchi to the show! Extroverted people would be perfect for it! Zhang Hao too!	sis! invite Song Yuqi onto the show! extroverts are perfect for it! Zhang Hao too!
B-MIX-115	MIX	77.60	84.20	6.59	76.79	78.19	1.41	0	100	100	好阳光啊，这一定是相互救赎的少女乐队故事吧www	What beautiful sunshine! This must be the story of a girl band that finds mutual redemption, right? www	好阳光啊，这一定是相互救赎的少女乐队故事吧哈哈哈	What beautiful sunshine! This must be the story of a girl band that finds mutual redemption, right? Hahaha	so wholesome — this must be a girls-band story of mutual redemption lol
B-MIX-116	MIX	73.52	93.39	19.86	68.34	84.78	16.43	0	0	0	小时候我没有cp这个概念，一直认为这俩只是朋友	When I was a child, I didn’t have the concept of “CP” (couples formed by fans of the same characters in media). I always thought those two people were just friends.	小时候我没有情侣配对这个概念，一直认为这俩只是朋友	When I was a child, I didn’t understand the concept of a couple being “matched” together; I always thought those two people were just friends.	as a kid I had no concept of shipping — I always thought these two were just friends
B-MIX-117	MIX	77.42	94.53	17.11	77.19	80.88	3.68	100	0	-100	妹妹在cos商鞅吗	Is my sister playing the role of Shang Yang in the cosplay game?	妹妹在扮演商鞅吗	Is the sister playing the role of Shang Yang?	is the girl cosplaying Shang Yang
B-MIX-118	MIX	96.90	94.86	-2.04	81.30	80.01	-1.29	100	0	-100	哎呀，蚊子得了MVP！	Oh no, the mosquito has won the MVP!	哎呀，蚊子得了全场最佳！	Oh no, the mosquito has won the “Best of the Show” award!	oops, the mosquito got the MVP!
B-MIX-119	MIX	95.82	96.99	1.17	79.65	81.82	2.17	100	0	-100	这都ai配音了，字幕当然也是ai啊	Since it’s already been dubbed by AI, the subtitles are obviously also generated by AI.	这都人工智能配音了，字幕当然也是人工智能啊	Since this is all voiced by artificial intelligence, the subtitles are also generated by artificial intelligence, of course.	the voiceover is already AI, so of course the subtitles are AI too
B-MIX-120	MIX	81.92	82.24	0.31	77.82	70.42	-7.39	100	0	-100	谁还没看我都会伤心的OK？	Everyone will be sad if no one has watched me yet, OK?	谁还没看我都会伤心的好吗？	Would anyone be upset if they hadn’t watched me yet?	if anyone hasn't watched this yet I'll be sad, OK?
B-MIX-121	MIX	75.10	80.71	5.62	47.62	70.38	22.77	100	100	0	少看一天b站都剪不出来	It would take less than a day to edit out all the content from Bilibili…	少看一天哔哩哔哩都剪不出来	It’s impossible to cut out even one day of watching Bilibili (the Chinese video platform) from your daily routine.	skip even one day of Bilibili and you couldn't edit this
B-MIX-122	MIX	98.99	98.99	-0.01	82.99	83.20	0.21	100	100	0	只是一个道歉，but这个道歉的代价实在太高	It’s just an apology, but the price of this apology is really too high.	只是一个道歉，但是这个道歉的代价实在太高	It’s just an apology, but the price of this apology is really too high.	it's just an apology, but the price of this apology is way too high
B-MIX-123	MIX	93.38	92.57	-0.81	60.37	82.94	22.57	100	0	-100	记者会？不，个人show time	Press conference? No, it’s my personal “show time” (i.e., my moment to shine).	记者会？不，个人表演时间	Press conference? No, it’s time for my personal performance.	a press conference? no, it's personal show time
B-MIX-124	MIX	91.14	90.44	-0.70	74.21	79.22	5.00	100	0	-100	这一场演得不好，应该喊cut重来	That performance wasn’t good; we should have shouted “cut” and started over.	这一场演得不好，应该喊停重来	This performance wasn’t good; we should have stopped it and started over.	this scene was badly acted, someone should call cut and redo it
B-MIX-125	MIX	96.46	96.90	0.44	82.81	84.35	1.54	100	100	0	喝水这part我真的笑了	I really laughed at the part about drinking water.	喝水这部分我真的笑了	I really laughed at the part about drinking water.	the water-drinking part genuinely made me laugh
B-MIX-126	MIX	96.39	98.79	2.40	79.07	82.27	3.20	100	0	-100	中式恐怖，真的next level	Chinese horror… it’s really next level.	中式恐怖，真的更上一层楼	Chinese horror has truly reached a new level of quality.	Chinese-style horror, truly next level
B-MIX-127	MIX	94.64	94.92	0.28	79.01	82.58	3.57	100	0	-100	他们都在好奇那个npc是谁扮的	They're all wondering who is playing that NPC.	他们都在好奇那个非玩家角色是谁扮的	They're all wondering who is playing that non-player character.	they're all wondering who played that NPC
B-MIX-128	MIX	94.65	93.72	-0.93	80.63	68.44	-12.19	0	0	0	os好想看张桂源也来一期	I really want to see Zhang Guiyuan participate in an episode as well.	内心独白好想看张桂源也来一期	I really want to see a episode where Zhang Guiyuan also participates.	inner monologue: I really want to see Zhang Guiyuan do an episode too
B-MIX-129	MIX	98.56	97.63	-0.94	76.74	75.20	-1.54	100	0	-100	我已经走在了country road 上了	I have already started walking on the country road.	我已经走在了乡间小路 上了	I have already started walking on the country path.	I'm already walking on the country road
B-MIX-130	MIX	96.59	97.28	0.69	76.01	80.65	4.64	0	0	0	从来没有get到他颜值	I never really noticed how good he looked.	从来没有领略到他颜值	I never really appreciated how good he looked.	I've never gotten the appeal of his looks
B-MIX-131	MIX	94.76	95.72	0.96	57.74	76.25	18.51	100	100	0	看哪一只eye啊sir	Look at which eye, sir…	看哪一只眼啊长官	Which eye should I look at, sir?	looking at which eye, sir
B-MIX-132	MIX	97.67	97.59	-0.08	38.29	82.71	44.42	100	100	0	天磊：what can I say	Tian Lei: What can I say?	天磊：我能说什么	Tian Lei: What can I say?	Tianlei: what can I say
B-MIX-133	MIX	90.44	96.19	5.75	77.72	82.62	4.89	100	100	0	唉，我去，真的有比利诶。该不会是暗示sp比利吧	Oh my, there really is a Billy… Could it be a reference to “sp-Billy”?	唉，我去，真的有比利诶。该不会是暗示特殊版比利吧	Oh my, there really is a Billy. Could it be a reference to a special version of Billy?	whoa, there really is a Billy — could this be hinting at an SP Billy
B-MIX-134	MIX	80.50	88.37	7.87	58.87	71.95	13.08	100	100	0	摊主，我也是你们play中的一环吗	Owner, am I also a part of your “play” (the group or activity you’re referring to)?	摊主，我也是你们角色扮演中的一环吗	Owner, am I also part of your role-playing experience?	stall owner, am I also part of your roleplay
B-MIX-135	MIX	90.79	84.17	-6.62	58.67	78.18	19.51	100	100	0	抽me,please抽me	Pick me, please pick me!	抽我,请抽我	Pick me, please pick me!	draw me, please draw me
B-MIX-136	MIX	98.47	97.27	-1.20	75.49	81.19	5.71	100	0	-100	boss已进入二阶段	The boss has entered Phase 2.	头目已进入二阶段	The leader has entered the second phase.	the boss has entered phase two
B-MIX-137	MIX	86.12	92.83	6.71	65.95	76.18	10.22	100	0	-100	这里是以为他要长期练，mcn没沟通好	It seems that they thought he would need to train for a long period of time, but there was poor communication between McN and the relevant parties.	这里是以为他要长期练，传媒公司没沟通好	It seems that they thought he would need to train for a long period of time, but the media company didn’t communicate this effectively enough.	here they thought he'd be training long-term — the MCN agency didn't communicate properly
B-MIX-138	MIX	68.70	56.24	-12.46	72.30	80.47	8.17	0	0	0	加拉赫上线一年了还在c	Gallahagh has been online for a year, and he’s still in C.	加拉赫上线一年了还在当主力	Garrach has been on the team for a year, and he’s still the main player.	Gallagher has been out for a year and is still carrying
B-MIX-139	MIX	81.20	78.15	-3.05	49.85	73.68	23.83	100	0	-100	直伤+超击破+dot伤害	Direct damage + Overbreak effect + Damage from status effects (DOT)	直伤+超击破+持续伤害	Direct damage + Overbreak + Continuous damage	direct damage + super break + DoT damage
B-HOM-133	PYA	87.36	96.07	8.72	72.05	69.83	-2.22	100	100	0	兄dei  成佛吧   修仙太难了	Brother Dei, may you attain Buddhahood! Cultivating immortality is just too difficult…	兄弟  成佛吧   修仙太难了	Brother, achieve enlightenment! Cultivating immortality is just too difficult.	bro, just become a buddha — cultivating immortality is too hard
B-HOM-134	HOM	52.76	81.12	28.36	63.53	78.81	15.27	0	100	100	我真怕药水一拳给向左打晕过去	I’m really afraid that the potion will knock me out with a punch, knocking me to the left.	我真怕药水一拳给向佐打晕过去	I’m really afraid that the potion will knock Xiang Zuo out with just one punch.	I'm really afraid Yaoshui will knock Xiang Zuo out with one punch
B-HOM-135	HOM	83.80	83.84	0.05	79.70	80.27	0.57	0	100	100	甲亢哥：我还能再看亿遍	Hyperthyroid Guy: I can watch it a billion more times!	甲亢哥：我还能再看一亿遍	Hyperthyroid Guy: I can watch it another hundred million times!	Jiakang Bro: I could watch this a hundred million more times
B-NEO-109	NEO	92.12	92.21	0.09	65.64	67.12	1.48	0	0	0	逆天，吴国给日本朝贡都来了	Incredibly, even the state of Wu sent tribute to Japan!	离谱，吴国给日本朝贡都来了	That’s absolutely absurd; even the state of Wu sent tribute to Japan!	outrageous — now we've even got the Wu kingdom paying tribute to Japan
B-NEO-110	NEO	92.33	88.12	-4.21	76.01	72.79	-3.22	0	0	0	泪目了，米哈游你坏事做尽	I’m in tears… MiHoyo, you’ve really done all sorts of bad things.	感动落泪了，米哈游你坏事做尽	I’m so moved that I’m in tears… MiHoyo, you’ve really done all sorts of bad things.	I teared up — miHoYo, you've done every evil deed there is
B-NEO-111	NEO	88.80	94.27	5.47	74.18	81.55	7.37	0	0	0	双非大学生，还没进厂。光看这个社会环境已经感觉自己燃尽了	I’m a college graduate from a non-prestigious university, and I haven’t even started working in a factory yet. Just by observing the current social environment, I already feel like I’ve exhausted all my energy.	非重点大学的大学生，还没进厂。光看这个社会环境已经感觉自己精疲力竭了	I’m a college student from a non-prestigious university, and I haven’t even started working in a factory yet. Just by observing the social environment around me, I already feel utterly exhausted.	a non-elite-university student who hasn't even started working yet — just looking at this social environment I already feel burned out
B-NEO-112	NEO	95.01	93.53	-1.48	70.78	72.42	1.64	0	0	0	看勇哥直播，各种神人	Watching Brother Yong's live broadcasts, there are all sorts of amazing people!	看勇哥直播，各种行为离谱的人	Watching Brother Yong's live broadcasts, there are all sorts of people with absolutely ridiculous behaviors…	watching Brother Yong's streams, you see all kinds of absolute characters
B-NEO-113	NEO	82.62	76.13	-6.49	80.30	80.74	0.44	0	0	0	太真实了，想到的那句话发现他可能听不懂于是在后面加点补丁	It was all too real; when I thought of what to say, I realized he might not understand it, so I added some extra explanation at the end.	太真实了，想到的那句话发现他可能听不懂于是在后面加点补充说明	It was so realistic that, after thinking of what I wanted to say, I realized he might not understand it, so I added some additional explanation at the end.	so true — you think of a comeback, realize he might not get it, and then tack some patches onto it
B-NEO-114	NEO	78.72	86.06	7.34	76.73	82.48	5.75	0	0	0	为什么能匹到这么多神人	Why is it possible to match so many divine beings?	为什么能匹配到这么多行为离谱的人	Why are there so many people with such outrageous behaviors that can be matched up?	how do I keep getting matched with so many absolute characters
B-NEO-115	NEO	90.47	90.82	0.35	73.04	81.84	8.79	0	0	0	所以男主在嘎掉的威胁下领悟了？	So the male protagonist realized something under the threat of being killed?	所以男主在死掉的威胁下领悟了？	So the male protagonist realized something under the threat of death?	so the male lead had his awakening under the threat of getting offed?
B-MIX-140	MIX	77.17	71.05	-6.12	65.46	65.86	0.40	100	0	-100	这个zzz不会要给他出个动画吧？	Won’t they make an animation for this zzz?	这个绝区零不会要给他出个动画吧？	Won’t they make an animation for this character, Zero from the “Absolute Zone”?	don't tell me ZZZ is going to make an anime for him?
B-MIX-141	MIX	96.87	96.82	-0.05	79.20	81.27	2.07	100	100	0	怎么说呢 很怀疑up主的精神状态	How should I put it… I really doubt the mental state of the uploader.	怎么说呢 很怀疑视频作者的精神状态	How should I put it… There are serious doubts about the mental state of the video’s creator.	how do I put it — I seriously question this uploader's state of mind
B-MIX-143	MIX	90.76	98.07	7.31	69.28	78.15	8.87	0	100	100	他和背后的 n pc 格格不入	He doesn’t fit in with the n PCs behind him at all.	他和背后的 非玩家角色 格格不入	He doesn’t fit in with the non-player characters (NPCs) that are behind him.	he's completely out of place next to the NPC behind him
B-MIX-145	NEO	84.64	77.80	-6.84	80.54	79.09	-1.45	0	0	0	甲亢哥：我DNA动了	Hyperthyroid Guy: My DNA has changed.	甲亢哥：我本能被唤醒了	Hyperthyroid Guy: My instincts have been awakened.	Jiakang Bro: my DNA just moved
B-MIX-146	MIX	76.67	84.73	8.06	70.00	72.18	2.18	0	0	0	bro以为自己在演致命ID	The guy thought he was playing the role of “Fatal ID”.	这哥们以为自己在演致命ID	This guy thinks he’s playing the role of “Deadly ID” in a movie or something…	bro thinks he's starring in Identity
B-MIX-147	MIX	95.17	99.11	3.95	69.76	71.70	1.95	100	0	-100	干嘛突然cos班主任	Why would you suddenly decide to cosplay as the homeroom teacher?	干嘛突然扮演班主任	Why are you suddenly acting like the homeroom teacher?	why are you suddenly cosplaying as the homeroom teacher
B-MIX-148	MIX	90.53	85.01	-5.52	63.36	72.17	8.81	100	0	-100	神作，没见过的mad种类呢	A masterpiece… I’ve never seen this type of “mad” before.	神作，没见过的混剪视频种类呢	Amazing work – I’ve never seen such a variety of mash-up videos before!	a masterpiece — a kind of MAD I've never seen before
B-PYA-109	PYA	86.40	91.94	5.54	62.80	65.31	2.51	0	100	100	拍了拍博士的石棺盖子hhhhh	Patted the lid of the doctor’s stone coffin… hhhhh	拍了拍博士的石棺盖子哈哈哈哈哈	Patted the lid of the doctor’s stone coffin… Hahahahahah!	gave the Doctor's stone coffin lid a little pat hahaha
B-PYA-110	PYA	82.85	97.90	15.04	76.02	83.71	7.69	0	100	100	万恶的zi ben jia	The damned Zi Ben Jia	万恶的资本家	The damned capitalists	the evil capitalists
B-PYA-111	PYA	64.95	62.08	-2.87	72.82	68.54	-4.28	0	0	0	就说问啥听不到，nnd只带了一个耳机	Just saying that when you ask why you can’t hear anything, it’s because the NND only comes with one earpiece.	就说问啥听不到，奶奶的只带了一个耳机	Just saying that when they asked why they couldn’t hear anything, Grandma only had one earphone on.	no wonder he said he couldn't hear anything — damn it, he only brought one earbud
