uid	category	xcomet_noisy	xcomet_clean	xcomet_d	kiwi_noisy	kiwi_clean	kiwi_d	nta_noisy	nta_clean	nta_d	src_noisy	hyp_noisy	src_clean	hyp_clean	ref_en
B-HOM-001	HOM	88.81	94.68	5.87	61.32	83.75	22.43	0	0	0	酱紫也行？那我也试试	Is that okay too? Then I'll give it a try.	这样子也行？那我也试试	Is this okay too? Then I'll give it a try.	this works? then let me try too
B-HOM-002	HOM	98.15	99.12	0.97	60.43	79.78	19.36	0	0	0	你怎么酱紫说话，人家会误会的	Why are you talking like that? People might get the wrong idea.	你怎么这样子说话，人家会误会的	Why are you talking like that? People might get the wrong idea.	why do you talk like that, people will misunderstand
B-HOM-003	HOM	97.87	99.87	2.00	79.14	84.16	5.02	0	0	0	各位童鞋注意了，期末考试要来了	Attention, everyone—final exams are coming.	各位同学注意了，期末考试要来了	Attention, students, the final exams are coming.	attention classmates, final exams are coming
B-HOM-004	HOM	99.51	97.95	-1.56	83.72	82.87	-0.85	100	100	0	童鞋们帮我看看这道题怎么做	Classmates, help me figure out how to solve this problem.	同学们帮我看看这道题怎么做	Classmates, help me take a look at how to solve this problem.	classmates help me figure out this problem
B-HOM-005	HOM	90.16	95.04	4.88	72.13	80.92	8.79	100	100	0	我真的好稀饭这个博主，太搞笑了	I really like this blogger, they're so hilarious.	我真的好喜欢这个博主，太搞笑了	I really love this blogger, they're absolutely hilarious.	I really like this creator, too funny
B-HOM-006	HOM	88.42	100.00	11.58	67.18	86.19	19.02	0	100	100	你是不是稀饭我？直说嘛	Are you into me? Just say it.	你是不是喜欢我？直说嘛	Do you like me? Just say it.	do you like me? just say it
B-HOM-007	HOM	95.23	98.05	2.82	73.00	83.69	10.69	100	100	0	今天又是杯具的一天，出门忘带钥匙	Today is another tragic day—I forgot my keys when I went out.	今天又是悲剧的一天，出门忘带钥匙	Today is another tragic day—I forgot my keys when I went out.	another tragic day, forgot my keys going out
B-HOM-008	HOM	90.38	99.97	9.59	53.31	84.90	31.60	100	100	0	人生就是一个杯具接着一个杯具	Life is one tragedy after another.	人生就是一个悲剧接着一个悲剧	Life is one tragedy after another.	life is one tragedy after another
B-HOM-009	HOM	94.38	94.28	-0.10	66.67	76.11	9.45	0	100	100	游戏过于神金，不确定先从哪里笑起	The game is so absurdly hilarious, I'm not sure where to start laughing.	游戏过于神经，不确定先从哪里笑起	The game is so unhinged, I'm not sure where to start laughing.	this game is so unhinged, not sure where to start laughing
B-HOM-010	HOM	80.86	89.15	8.29	55.93	70.41	14.49	100	100	0	都说我做饭神金，今天就做神金给你们吃	They say I'm crazy for cooking, so today I'll cook crazy for you to eat.	都说我做饭神经，今天就做神经给你们吃	Everyone says my cooking is crazy, so today I'll cook crazy for you to eat.	y'all say I'm crazy in the kitchen, so today I'm cooking crazy for you
B-HOM-011	HOM	95.32	95.56	0.24	54.76	82.51	27.75	0	0	0	世界上最神金的行为	The most baffling behavior in the world	世界上最神经的行为	The most neurotic behavior in the world.	the most unhinged behavior in the world
B-HOM-012	HOM	73.07	77.11	4.04	48.81	55.97	7.15	0	0	0	被这离谱的主播笑拥了	I'm cracking up at this ridiculous streamer.	被这离谱的主播笑晕了	I was laughing my head off at this ridiculous streamer.	I'm dead from this absurd streamer
B-HOM-013	HOM	91.43	94.81	3.38	72.21	75.30	3.10	0	0	0	笑拥了！带货主播推荐的迷惑水果太离谱了吧	I'm cracking up! The bizarre fruits recommended by these livestream sellers are just too ridiculous.	笑晕了！带货主播推荐的迷惑水果太离谱了吧	I'm dying of laughter! The bizarre fruits recommended by the livestream host are just too ridiculous.	I’m dying laughing! Those weird fruits promoted by live stream sales hosts are ridiculous.
B-HOM-014	HOM	86.00	85.29	-0.71	70.98	73.77	2.79	0	0	0	新来的00后程序员写的代码，看到这段注释真的快把我笑拥了	The code written by the new post-2000s programmer—seeing this comment really cracked me up.	新来的00后程序员写的代码，看到这段注释真的快把我笑晕了	The code written by the new post-00s programmer—seeing this comment almost made me laugh to death.	the new Gen Z programmer's code, seeing this comment almost killed me laughing
B-HOM-016	NEO	88.44	77.43	-11.01	51.12	62.40	11.28	0	0	0	考试没复习直接寄，明年再来	I didn't study for the exam and totally bombed it—I'll try again next year.	考试没复习直接完了，明年再来	I didn't study for the exam and I'm completely done for—I'll try again next year.	didn't study for the exam, it's over, see you next year
B-HOM-018	HOM	58.16	76.38	18.22	52.21	43.00	-9.20	0	0	0	火钳流明，这帖子要火	Fire tongs lumens, this post is about to blow up.	火前留名，这帖子要火	Marking my spot before this post blows up.	leaving a name before this blows up, this post is about to go viral
B-HOM-019	HOM	94.32	89.95	-4.36	52.73	83.06	30.34	0	0	0	雀食好笑，不骗你	It's really funny, no kidding.	确实好笑，不骗你	It's really funny, no joke.	it's genuinely funny, no cap
B-HOM-021	HOM	98.44	97.99	-0.45	83.71	83.78	0.07	0	0	0	沃草，这无人机表演太震撼了	Whoa, that drone show was absolutely stunning!	我操，这无人机表演太震撼了	Holy shit, this drone show is absolutely mind-blowing!	holy crap, this drone show is insane
B-HOM-023	HOM	80.35	62.89	-17.46	43.98	40.16	-3.82	0	0	0	你想peach呢，哪有这么好的事	You wish! There's no such good deal.	你想屁吃呢，哪有这么好的事	In your dreams! There's no such thing as a free lunch.	you're dreaming, how can something that good happen
B-HOM-024	HOM	95.10	97.28	2.18	78.73	85.05	6.32	100	100	0	别虾扯蛋了，老师说的都是真的吗	Don't talk nonsense—is everything the teacher said really true?	别瞎扯淡了，老师说的都是真的吗	Stop talking nonsense. Is everything the teacher said true?	stop talking BS, is what the teacher said even true
B-HOM-025	HOM	67.77	74.10	6.33	62.34	54.77	-7.57	0	0	0	先报上自己的分数啊搞辣菜	Tell me your score first, you lousy cook.	先报上自己的分数啊搞拉踩	First, post your own score before trying to put others down.	dropping your score first before throwing shade smh
B-HOM-026	HOM	77.80	94.21	16.40	47.76	76.43	28.67	0	100	100	蚌埠住了，腾讯这泄密处理速度也太快了吧	I can't even, Tencent's leak handling speed is way too fast.	绷不住了，腾讯这泄密处理速度也太快了吧	I can't hold it together—Tencent's leak response speed is just way too fast.	I can't hold it in anymore, Tencent's speed in handling this leak is just too fast
B-HOM-027	HOM	73.43	66.14	-7.29	78.69	59.90	-18.80	0	0	0	嗷利给，西班牙第一了	Awesome, Spain is number one!	奥利给，西班牙第一了	Oli give, Spain is number one.	Aigoo Spain took first place let's gooo
B-HOM-028	HOM	71.10	80.46	9.35	47.69	78.00	30.31	0	0	0	这配置针不戳，性价比拉满	This configuration is really impressive, with maximum value for money.	这配置真不错，性价比拉满	This configuration is really great, offering maximum value for money.	This setup slaps, value for money off the charts
B-HOM-029	HOM	58.21	50.99	-7.21	48.22	64.51	16.29	0	0	0	赛里木湖这操作针不戳啊，景区打人还能辞退就完事了？	The way Sayram Lake handled this is really something—so assaulting a tourist just gets you fired and that's it?	赛里木湖这操作真不错啊，景区打人还能辞退就完事了？	The way Sailimu Lake handled this is really something—so hitting someone at a scenic spot just gets you fired and that's it?	Sarim Lake's handling is just great, beating people at a scenic spot and just firing them is that it?
B-HOM-030	HOM	95.00	95.07	0.06	54.25	80.34	26.09	0	100	100	蚌埠住了，这也太好笑了吧	I can't stop laughing, this is just too hilarious.	绷不住了，这也太好笑了吧	I can't hold it together anymore, this is just too hilarious.	bruh I can't hold it in this is too funny lmao
B-HOM-031	HOM	93.91	92.58	-1.33	79.49	79.70	0.21	0	0	0	卧槽317万年终奖就这么没了？	Holy crap, the 3.17 million year-end bonus is just gone like that?	我操317万年终奖就这么没了？	Fuck, the 3.17 million year-end bonus is just gone like that?	Wtf, 3.17 million year-end bonus just gone like that?
B-HOM-032	HOM	76.13	92.40	16.27	39.95	79.10	39.15	0	0	0	你就耗子尾汁吧，别折腾了	Just stop messing around and face the music.	你就好自为之吧，别折腾了	You’d better watch yourself and stop making trouble.	watch yourself bro stop messing around
B-HOM-033	HOM	90.72	90.41	-0.31	67.28	67.92	0.64	100	100	0	王虹这波属实深藏blue了，拿完奖还这么低调	Wang Hong really kept a low profile this time, staying so humble even after winning the award.	王虹这波属实深藏不露了，拿完奖还这么低调	Wang Hong really kept a low profile this time—still so humble even after winning the award.	Wang Hong has truly been hiding her talents, so low-key after winning the award
B-HOM-034	HOM	95.75	93.75	-2.01	54.51	77.14	22.63	0	100	100	蚌埠住了这也太搞笑了	I can't stop laughing, this is just too hilarious.	绷不住了这也太搞笑了	I can't hold it together, this is just too hilarious.	can't hold it in anymore this is way too funny fr
B-HOM-035	HOM	85.58	92.14	6.56	46.10	80.04	33.94	0	0	0	看到50亿离婚案的消息我直接蓝瘦香菇	Seeing the news of the 5 billion divorce case, I feel so heartbroken and devastated.	看到50亿离婚案的消息我直接难受想哭	Seeing the news of the 5 billion divorce case made me so upset I just want to cry.	Seeing the news about the 5 billion divorce case, I'm so sad I could cry
B-HOM-036	HOM	76.35	92.13	15.78	48.74	84.46	35.71	0	0	0	针不戳，这个视频做得真好	That's awesome, this video is really well made.	真不错，这个视频做得真好	That's really great, this video is so well made.	not bad this video is actually fire
B-HOM-037	HOM	83.12	90.44	7.32	58.66	71.79	13.13	0	0	0	这景区管理duck不必，7个人打一个司机	The management of this scenic spot is completely unnecessary—seven people beating up one driver.	这景区管理大可不必，7个人打一个司机	The management of this scenic area is completely unnecessary—seven people beating up one driver.	This scenic area management is totally unnecessary, 7 people beating one driver
B-HOM-038	HOM	98.34	98.57	0.23	58.41	84.52	26.12	0	0	0	这个颜色灰常好看	This color is very beautiful.	这个颜色非常好看	This color is very beautiful.	this color looks really good ngl
B-HOM-039	HOM	90.30	62.55	-27.75	65.62	51.01	-14.61	100	0	-100	腾讯这波操作属于是虾仁猪心了	Tencent's move is basically adding insult to injury.	腾讯这波操作属于是杀人诛心了	Tencent's move this time is truly a case of killing the heart after killing the person.	Tencent's move this time is truly adding insult to injury
B-HOM-040	HOM	86.35	87.15	0.80	58.05	61.44	3.39	0	0	0	有内味了，就是这个感觉	That's the vibe, this is exactly the feeling.	有那味了，就是这个感觉	That’s the vibe, this is exactly the feeling.	got that vibe this is the feeling
B-HOM-041	HOM	72.71	86.79	14.07	59.51	77.59	18.08	0	0	0	泄密被辞退永不录用，这员工只能耗子喂汁了	Leaking secrets led to dismissal and a permanent ban from rehire—this employee can only face the consequences on their own.	泄密被辞退永不录用，这员工只能好自为之了	The employee who was fired for leaking secrets and will never be rehired can only fend for themselves now.	Fired for leaking and never to be rehired, this employee better watch out
B-HOM-042	HOM	97.07	97.38	0.31	73.65	78.39	4.74	0	0	0	这部剧的女主造型好康	The female lead's styling in this drama looks great.	这部剧的女主造型好看	The female lead's styling in this drama looks great.	the female lead's look in this drama is gorgeous
B-HOM-043	HOM	70.16	60.08	-10.08	59.12	61.23	2.11	0	0	0	耗子尾汁，好自为之吧	Rat tail juice, you’d better behave yourself.	好自为之，好自为之吧	Take care of yourself, just take care of yourself.	Learn your lesson and shape up.
B-HOM-044	HOM	81.89	96.06	14.17	47.30	83.82	36.53	100	100	0	这个操作太虾仁了	This operation is too horrifying.	这个操作太吓人了	This operation is terrifying.	this play is straight up terrifying
B-HOM-045	HOM	72.91	76.33	3.42	51.64	59.35	7.71	100	0	-100	中国女排这波直接丸辣，美国队不服不行	The Chinese women's volleyball team is completely done for this time—Team USA just has to admit they can't compete.	中国女排这波直接完啦，美国队不服不行	The Chinese women's volleyball team is completely done this time—Team USA just can't deny it.	China's women's volleyball team is done for this time, the US team has to admit defeat
B-HOM-046	HOM	96.01	99.59	3.58	66.00	83.11	17.12	100	100	0	鸭力好大，快要顶不住了	The pressure is overwhelming, I can barely hold on.	压力好大，快要顶不住了	The pressure is overwhelming; I can barely hold on.	the pressure is so high can't hold on anymore
B-HOM-047	HOM	68.13	100.00	31.87	42.99	87.99	45.00	0	100	100	窝五碎！！！	Wo Wu Sui!!!	我五岁！！！	I'm five years old!!!	I'm five years old!!!
B-HOM-048	HOM	86.84	89.97	3.14	77.87	81.27	3.40	0	0	0	赛里木湖这事整得灰常离谱	The whole thing about Sayram Lake is just ridiculously absurd.	赛里木湖这事整得非常离谱	The whole situation at Sayram Lake is utterly absurd.	The Sarim Lake incident is really outrageous
B-HOM-049	HOM	92.46	95.08	2.61	83.55	83.91	0.37	0	0	0	看完这帖子我直接笑嘻了	After reading this post, I just cracked up laughing.	看完这帖子我直接笑死了	After reading this post, I literally died laughing.	after reading this post I'm dead lmao
B-HOM-050	HOM	94.48	99.06	4.57	60.80	85.90	25.10	100	100	0	看完这个视频我蕉绿了	After watching this video, I'm feeling anxious.	看完这个视频我焦虑了	After watching this video, I felt anxious.	after watching this vid I'm straight up anxious
B-HOM-051	HOM	92.52	95.22	2.70	39.79	80.85	41.06	100	0	-100	看完女排比赛我直接鸭梨山大	After watching the women's volleyball match, I'm under immense pressure.	看完女排比赛我直接压力山大	After watching the women's volleyball match, I felt completely overwhelmed.	After watching the women's volleyball match, I'm under enormous pressure
B-HOM-052	HOM	66.72	68.60	1.88	68.84	71.45	2.61	0	0	0	笑鼠了！一会抛梗一会接梗	That's hilarious! Throwing out punchlines one moment and catching them the next.	笑死了！一会抛梗一会接梗	That's hilarious! Throwing out punchlines one moment and catching them the next.	dying of laughter! one sec they set up the joke next sec they're playing along
B-HOM-053	HOM	89.46	91.71	2.25	63.53	75.92	12.39	0	0	0	测评娃哈哈高透史莱姆好好康	Review: Wahaha Clear Slime is so pretty	测评娃哈哈高透史莱姆好好看	Review: Wahaha's high-transparency slime looks really nice.	reviewing Wahaha's crystal clear slime it looks so good
B-HOM-054	HOM	92.03	94.72	2.69	50.35	80.20	29.85	100	100	0	窝巢，这也太厉害了吧	Holy crap, this is insanely awesome!	我操，这也太厉害了吧	Holy shit, this is insanely awesome!	wtf this is too insane bruh
B-HOM-055	HOM	93.95	97.15	3.20	61.19	83.76	22.57	100	100	0	笑的想鼠	Laughing so hard I want to die.	笑的想死	I'm laughing so hard I could die.	laughing till I die
B-HOM-056	HOM	73.21	70.02	-3.19	57.22	73.04	15.83	0	0	0	这里是孙吧忏悔室，一人忏悔一件你觉得最厨神的事	"This is the Sun Bar Confessional. Confess one thing you think is the most ""Kitchen God"" thing you've done."	这里是孙吧忏悔室，一人忏悔一件你觉得最畜生的事	This is the Sun Bar Confession Room. Each person confesses one thing you think is the most beastly.	welcome to Sun Bar confessional drop your most savage moment
B-HOM-057	HOM	96.25	99.15	2.90	68.36	84.08	15.73	0	0	0	关于玉玉症表妹喜欢上我的故事	The story of my cousin with depression falling in love with me	关于抑郁症表妹喜欢上我的故事	A story about my cousin with depression falling in love with me	the story of how my depressed cousin fell for me
B-HOM-058	HOM	84.01	92.61	8.61	73.52	82.82	9.31	0	100	100	这是我女朋友 羡慕吗笑抽们🤣	This is my girlfriend. Jealous, LOL guys? 🤣	这是我女朋友 羡慕吗小丑们🤣	This is my girlfriend. Jealous, clowns? 🤣	this is my gf. jealous you clowns? 🤣
B-HOM-059	HOM	88.66	83.69	-4.96	64.47	67.94	3.47	0	0	0	麻辣烫我只认元娘娘，口味多好7	When it comes to malatang, I only go for Yuan Niangniang — so many great flavors to choose from.	麻辣烫我只认元娘娘，口味多好吃	When it comes to malatang, I only trust Yuan Niangniang—so many delicious flavors.	I only trust Yuan Niangniang for malatang it's so good
B-HOM-060	HOM	71.73	88.49	16.76	66.57	60.30	-6.27	0	0	0	可爱的小香猪变成了温暖的答辩	The cute little fragrant pig turned into a warm defense.	可爱的小香猪变成了温暖的大便	The cute little fragrant pig turned into warm poop.	a cute little guinea pig turned into warm crap
B-HOM-061	HOM	97.10	98.55	1.45	79.12	84.25	5.14	0	0	0	我要笑亖了卧槽	I'm dying of laughter, holy shit.	我要笑死了卧槽	I'm dying of laughter, holy shit.	I'm gonna die laughing oh shit
B-HOM-062	HOM	83.26	92.57	9.30	45.10	75.24	30.14	0	0	0	时间长了搞亖你	Over time, I'll do you in.	时间长了搞死你	Over time, it'll wear you down.	I'll work you to death over time
B-HOM-063	HOM	74.18	62.68	-11.50	61.50	50.29	-11.21	0	0	0	笑亖了家人们谁懂啊	LMAO, fam, who can relate?	笑死了家人们谁懂啊	This is hilarious, does anyone else get it?	dying of laughter fam who understands
B-HOM-064	HOM	89.53	98.15	8.62	42.08	87.63	45.55	0	0	0	她居然紫砂了	She actually committed suicide.	她居然自杀了	She actually committed suicide.	she actually offed herself
B-HOM-065	HOM	56.57	53.70	-2.86	70.87	71.28	0.41	100	100	0	小哥：我真妹骗人！！我真给白衣女鬼送过餐！！你不知道哟！我魂都快没了，那餐是一点都没撒！！没办法，这就是哥的实力！	Bro: I swear I'm not lying!! I really delivered food to that woman in white!! You have no idea! I was scared out of my wits, but not a single drop of that meal spilled!! What can I say—that's just how good I am!	小哥：我真没骗人！！我真给白衣女鬼送过餐！！你不知道哟！我魂都快没了，那餐是一点都没撒！！没办法，这就是哥的实力！	Bro: I swear I’m not lying!! I really did deliver food to that woman in white!! You have no idea! I was scared out of my wits, but I didn’t spill a single drop of that order!! What can I say—that’s just how good I am!	Bro: I seriously didn't lie!! I really delivered food to the girl ghost in white!! You don't know! I nearly lost my soul, not a single drop spilled on that delivery! No choice, this is bro's skill!
B-HOM-066	HOM	61.85	71.54	9.68	47.94	49.13	1.18	0	100	100	博主成功把中二拍成沙子了	The blogger successfully turned the chuunibyou into sand.	博主成功把中二拍成傻子了	The blogger successfully turned a chuunibyou into a fool.	The blogger successfully made the edgy act look like a fool
B-HOM-067	HOM	69.45	92.56	23.11	72.47	83.84	11.37	0	0	0	肺雾才需要爱情，神都是孤独的	Only lung fog needs love; gods are all solitary.	废物才需要爱情，神都是孤独的	Only the worthless need love; gods are solitary.	Only the weak yearn for love; gods are destined to be alone.
B-HOM-068	HOM	90.51	98.80	8.29	78.32	85.35	7.03	100	100	0	我在学校哭别人鸟都不鸟我	I cry at school and no one gives a damn about me.	我在学校哭别人理都不理我	I cried at school, and no one paid any attention to me.	I cried at school and nobody even paid attention to me
B-HOM-069	HOM	69.57	95.01	25.44	50.09	74.01	23.92	0	0	0	现场偷挖被抓,夺笋呐!	Caught digging bamboo shoots on the spot—what a steal!	现场偷挖被抓,多损呐!	Caught digging illegally on the spot—how despicable!	Caught digging secretly on site, so savage!
B-HOM-070	HOM	86.74	97.05	10.31	49.14	71.51	22.37	0	100	100	这个特效针不戛！	This special effect is absolutely stunning!	这个特效真不尬！	This special effect is really not cringey!	This special effect is really not cringe!
B-HOM-071	HOM	82.42	93.93	11.51	27.70	66.77	39.07	100	100	0	要泥寡,雨女无瓜!	Mind your own business, it's none of your concern!	要你管,与你无关!	Mind your own business, it's none of your concern!	Mind your own business, it's none of your business!
B-HOM-072	HOM	61.79	93.82	32.03	66.58	76.16	9.58	0	100	100	依托答辩是什么意思	"What does ""relying on defense"" mean?"	一坨大便是什么意思	"What does ""a piece of shit"" mean?"	What does 'a pile of shit' mean?
B-HOM-073	HOM	87.32	97.75	10.43	40.49	81.26	40.77	100	100	0	哈哈哈哈哈哈哈夺笋呐	Hahahahaha, that's so savage!	哈哈哈哈哈哈哈多损呐	Hahahahaha, that's so mean.	hahahahaha so mean lol
B-HOM-074	HOM	66.72	89.40	22.68	74.55	75.38	0.83	0	100	100	“雨女无瓜”这么好笑吗是挺好笑的	"Is ""rain girl has no melon"" that funny? Yeah, it's pretty funny."	“与你无关”这么好笑吗是挺好笑的	"""Is it that funny that it's none of your business?"" ""Yeah, it's pretty funny."""	Is 'none of your business' really that funny? It is pretty funny
B-HOM-075	HOM	64.87	84.26	19.38	51.59	82.10	30.51	0	100	100	还有给	And also give	还有gay	There are also gay people.	Also got gay vibes
B-HOM-076	HOM	93.54	95.93	2.39	78.60	83.76	5.17	100	100	0	这显卡价格真是辣鸡，还买什么啊	This graphics card price is absolute garbage, why even bother buying it?	这显卡价格真是垃圾，还买什么啊	The price of this graphics card is absolute garbage—why would anyone even buy it?	This GPU price is really trash, why even buy it
B-HOM-077	HOM	60.89	64.24	3.35	63.16	67.66	4.50	0	100	100	我丢！上班路上刷到路边广告牌被“风”掀了个角，原来是京东618的整活！这波操作简直泰裤辣！	"Whoa! On my way to work, I saw a roadside billboard with a corner peeled back by the ""wind""—turns out it's a JD.com 618 stunt! This move is just insanely cool!"	我丢！上班路上刷到路边广告牌被“风”掀了个角，原来是京东618的整活！这波操作简直太酷啦！	"Whoa! On my way to work, I saw a roadside billboard with a corner peeled back by the ""wind""—turns out it's a JD.com 618 stunt! This move is just way too cool!"	No way! On my way to work I saw a roadside billboard get lifted by the 'wind', turns out it was JD 618's stunt! This move is just too cool!
B-HOM-078	HOM	74.80	80.57	5.78	67.79	76.59	8.79	0	100	100	“泰酷辣”大人三周年	"""Tai Ku La"" adult third anniversary"	“太酷啦”大人三周年	"""Too cool!"" — The grown-up's third anniversary"	Third anniversary of Lord 'So Cool'
B-HOM-079	HOM	86.96	96.98	10.01	57.84	55.31	-2.53	0	0	0	前车：不二？	The car ahead: Fuji?	前车：不是？	The car ahead: What the hell?	The car in front: Wait, what?
B-HOM-080	HOM	83.94	79.85	-4.10	69.53	77.05	7.52	0	100	100	10店睡，身体还以为是午休呢，凌晨又把他们叫醒了	Went to bed at 10 p.m., but the body thought it was just a nap, so it woke them up again in the early morning.	10点睡，身体还以为是午休呢，凌晨又把他们叫醒了	Going to bed at 10 p.m., the body still thinks it's just a nap, and then they were woken up again in the early morning hours.	Going to sleep at 10, my body thought it was nap time, then woke me up at dawn
B-HOM-081	HOM	53.81	98.76	44.95	43.02	66.04	23.02	0	100	100	tree 波Q	tree wave Q	三杀	Triple kill	Triple kill
B-HOM-082	HOM	47.83	50.80	2.97	60.28	52.56	-7.72	0	0	0	笑死我了粽横天虾至今一直在罚时闯过了零个关卡	That's hilarious—Zongheng Tianxia has been racking up penalty time and still hasn't cleared a single stage.	笑死我了纵横天下至今一直在罚时闯过了零个关卡	That's hilarious—roaming the world all this time, and still stuck with time penalties after clearing zero stages.	Dying of laughter, the one who conquers the world has been in timeout, passing zero challenges
B-HOM-083	HOM	74.99	97.87	22.88	45.69	71.45	25.76	0	0	0	怎么达不溜小兵了	How come you're bullying the little soldier?	怎么打不了小兵了	Why can't I attack the minions?	Why can't I target the minions?
B-HOM-084	HOM	83.31	98.66	15.35	75.60	83.06	7.46	0	100	100	！？雀潮？！	!? Sparrow Tide?!	！？雀巢？！	!? Nestlé?!	!? Nestle!?
B-HOM-085	HOM	100.00	100.00	0.00	81.58	84.49	2.91	100	100	0	此人知识面级广	This person has an extremely broad range of knowledge.	此人知识面极广	This person has an extremely broad range of knowledge.	This person's knowledge is extremely broad
B-HOM-086	HOM	95.18	98.21	3.04	82.59	84.26	1.67	0	100	100	蛇：卧槽，怎么又是他	Snake: WTF, why is it him again?	蛇：我的天，怎么又是他	Snake: Oh my god, why is it him again?	Snake: Oh my god, why is it him again
B-HOM-087	HOM	69.75	95.64	25.89	61.94	79.07	17.13	0	100	100	生物钟:补药呀！我才调整好	Biological clock: Take your tonic! I just got adjusted.	生物钟:不要呀！我才调整好	Biological clock: No! I just adjusted it.	Biological clock: No! I just got it adjusted
B-HOM-088	HOM	71.02	91.62	20.59	59.85	75.33	15.48	0	0	0	鸡本功来了，视频就有了。起飞！	Here comes the chicken basics, and the video is ready. Take off!	基本功来了，视频就有了。起飞！	Master the basics, and the videos will follow. Take off!	When the basic skills kick in, the video just takes off! Liftoff!
B-HOM-089	HOM	63.61	93.49	29.88	57.30	84.19	26.88	0	0	0	食不食油饼	Do you want to eat an oil pancake or not?	是不是有病	Are you sick or something?	Are you out of your mind?
B-HOM-090	HOM	48.63	96.05	47.43	50.56	77.95	27.39	0	0	0	香精煎鱼食不食	Fried fish with essence, do you eat it or not?	想进监狱是不是	Do you want to go to prison or what?	Do you want to end up in prison?
B-HOM-091	HOM	83.37	88.21	4.85	76.84	78.07	1.24	0	0	0	立马去郊区浇筑一个刚进混凝土的地下堡垒	Go immediately to the suburbs to pour a newly concreted underground bunker.	立马去郊区浇筑一个钢筋混凝土的地下堡垒	Go immediately to the suburbs to pour a reinforced concrete underground bunker.	Head to the suburbs right away and build an underground bunker with rebar concrete
B-HOM-092	HOM	85.31	94.10	8.79	47.03	71.87	24.84	0	0	0	鸡本功扎实	Solid basic chicken skills	基本功扎实	Solid fundamentals	Solid basic skills
B-HOM-093	HOM	95.98	95.13	-0.85	56.41	76.31	19.89	100	100	0	蚌不住了	I can't hold it in anymore.	绷不住了	I can't hold it together anymore.	Can't hold it in anymore
B-HOM-094	HOM	84.36	96.46	12.09	56.51	81.86	25.35	0	100	100	冷芝士：袜子不是茶包	Cold knowledge: Socks are not tea bags.	冷知识：袜子不是茶包	Fun fact: Socks are not tea bags.	Fun fact: socks are not tea bags
B-HOM-095	HOM	83.33	90.61	7.29	64.28	74.83	10.54	100	100	0	就说00这一套真的超级好看的，我可以安心的似了	Just saying, this 00 set is really super good-looking, I can die in peace now.	就说00这一套真的超级好看的，我可以安心的死了	Just saying, this 00 set is really super gorgeous—I can die in peace now.	This 00 outfit is really super good-looking, I can finally rest in peace
B-NEO-002	NEO	95.37	95.86	0.50	83.11	83.53	0.42	100	100	0	我们不是供人围观的工具人！	We are not tools for people to gawk at!	我们不是供人围观的工具！	We are not tools for people to gawk at!	we're not tools for people to watch!
B-NEO-003	NEO	92.33	89.28	-3.05	78.64	76.82	-1.82	0	100	100	又被割韭菜了，这理财产品全是坑	Got scammed again—this financial product is nothing but a trap.	又被宰了，这理财产品全是坑	Got ripped off again—this financial product is nothing but a trap.	I got ripped off again, this wealth management product is full of traps.
B-NEO-004	NEO	86.98	93.16	6.18	79.05	79.23	0.18	0	0	0	品牌联名就是割韭菜，质量差价格高	Brand collaborations are just a cash grab—low quality, high prices.	品牌联名就是坑人，质量差价格高	Brand collaborations are a rip-off—poor quality at high prices.	Co-branded products are just a way to rip off customers with poor quality and high prices.
B-NEO-005	NEO	98.24	98.19	-0.05	73.89	85.30	11.41	0	0	0	别带节奏了，事情不是你想的那样	Stop stirring things up; it's not what you think.	别煽动舆论了，事情不是你想的那样	Stop stirring up public opinion; things are not what you think.	stop stirring things up, it's not what you think
B-NEO-006	NEO	97.10	97.30	0.21	75.58	83.14	7.56	0	0	0	评论区全是在带节奏的，真相没人关心	The comment section is full of people stirring up drama, and no one cares about the truth.	评论区全是在煽动舆论的，真相没人关心	The comment section is full of people stirring up public opinion; no one cares about the truth.	comments section full of people stirring drama, nobody cares about the truth
B-NEO-007	NEO	98.41	95.69	-2.72	77.58	75.04	-2.54	100	0	-100	杠精无处不在，说啥都要反驳	Contrarians are everywhere, always ready to argue with whatever you say.	抬杠的人无处不在，说啥都要反驳	People who argue for the sake of arguing are everywhere, contradicting everything you say.	contrarians are everywhere, they rebut everything you say
B-NEO-008	NEO	99.76	97.00	-2.76	81.26	77.29	-3.97	100	0	-100	遇到杠精最好的办法就是不理他	The best way to deal with a contrarian is to ignore them.	遇到抬杠的人最好的办法就是不理他	The best way to deal with someone who argues for the sake of arguing is to ignore them.	the best way to deal with a contrarian is to ignore them
B-NEO-009	NEO	71.64	86.99	15.34	49.94	75.48	25.54	0	0	0	芭比Q了，半夜点外卖忘备注别敲门	"Barbecued. Ordered takeout in the middle of the night and forgot to note ""don't knock."""	完了，半夜点外卖忘备注别敲门	"Oh no, I ordered takeout in the middle of the night and forgot to note ""don't knock."""	I'm cooked, ordered delivery at midnight and forgot to leave a note saying don't knock
B-NEO-010	NEO	93.25	96.46	3.21	50.18	82.97	32.79	0	0	0	选择你的躲藏点，被抓到就芭比Q了	Choose your hiding spot—if you get caught, you're toast.	选择你的躲藏点，被抓到就完了	Choose your hiding spot—if you get caught, it's over.	pick your hiding spot, if you get caught you're done for
B-NEO-011	NEO	91.62	94.08	2.46	74.31	82.87	8.55	0	0	0	看到肯德基9.9的那一刻，我的班味瞬间就没了	The moment I saw the KFC 9.9 deal, my work fatigue instantly vanished.	看到肯德基9.9的那一刻，我的上班疲惫感瞬间就没了	The moment I saw KFC's 9.9 deal, my work fatigue instantly vanished.	the moment I saw KFC 9.9, my work exhaustion instantly vanished
B-NEO-012	NEO	90.12	91.35	1.24	74.34	76.99	2.65	0	0	0	人一旦染上班味，这辈子就去不掉了	Once a person gets stained with the smell of work, it stays with them for life.	人一旦染上上班的气息，这辈子就去不掉了	Once a person catches the scent of working a job, it can never be washed off for the rest of their life.	once you catch the work vibe, it never leaves you
B-NEO-013	NEO	77.37	88.53	11.16	57.62	71.24	13.62	100	0	-100	十多块的塔斯汀五件套，横扫我一天班味	A Tasiting five-piece meal for just over ten bucks sweeps away a whole day's work fatigue.	十多块的塔斯汀五件套，横扫我一天上班的疲惫感	A Tasteen five-piece meal for just over ten bucks sweeps away all the exhaustion from my workday.	a 10-something yuan Tastien 5-piece meal wipes away my whole day of work fatigue
B-NEO-014	NEO	77.47	87.82	10.34	70.44	75.48	5.04	0	0	0	净化班味，用了这头像直接演绎出我的精神状态	Purge that corporate vibe—this profile pic perfectly captures my state of mind.	净化上班的疲惫感，用了这头像直接演绎出我的精神状态	Purifying the exhaustion from work, using this profile picture directly portrays my mental state.	cleansing away the work fatigue — this avatar perfectly captures my mental state
B-NEO-015	NEO	70.54	68.81	-1.73	62.95	75.77	12.81	100	0	-100	等等党赢麻了，建议收藏	The wait-and-see crowd has won big—highly recommend bookmarking this.	等待降价的人赢得非常彻底，建议收藏	Those who wait for price drops have won completely—highly recommended to bookmark.	the wait-for-a-deal crew won big time, saving this
B-NEO-016	NEO	95.32	93.29	-2.03	64.44	70.66	6.22	0	0	0	看似输了实际赢麻了	It looks like a loss, but it's actually a huge win.	看似输了实际赢得非常彻底	Seems like a loss, but actually a very thorough win.	looks like they lost but actually won big
B-NEO-017	NEO	90.39	91.39	1.01	59.96	79.34	19.38	100	0	-100	纯爱战神轰然倒地	The pure love warrior collapsed with a thunderous crash.	只支持纯爱的人轰然倒地	The person who only supports pure love collapsed to the ground.	the pure love warrior has fallen
B-NEO-018	NEO	96.11	96.55	0.44	63.96	80.89	16.93	0	0	0	谨以此片献给每一位纯爱战神	Dedicated to every warrior of pure love.	谨以此片献给每一位只支持纯爱的人	Dedicated to everyone who believes in pure love.	dedicating this film to every pure love warrior out there
B-NEO-019	NEO	90.97	94.11	3.14	67.68	86.78	19.10	0	100	100	兄弟们我润美国了	Brothers, I’ve made it to America.	兄弟们我移民美国了	Brothers, I've immigrated to the United States.	bros I emigrated to the US
B-NEO-020	NEO	91.28	93.18	1.90	75.51	81.12	5.61	0	0	0	公司要黄了的5个征兆，当公司开始严抓考勤，你该考虑润了	5 signs that a company is about to go under—when it starts cracking down on attendance, you should consider jumping ship.	公司要黄了的5个征兆，当公司开始严抓考勤，你该考虑跑了	5 signs that a company is about to go under: when it starts cracking down on attendance, you should consider getting out.	5 signs your company is going under, when they start cracking down on attendance, you should consider bouncing
B-NEO-021	NEO	83.59	93.37	9.79	75.01	78.31	3.30	0	0	0	赛博朋克2077，极致嘴臭极致享受	Cyberpunk 2077, ultimate foul mouth, ultimate pleasure.	赛博朋克2077，极致骂人极致享受	Cyberpunk 2077, ultimate insults, ultimate enjoyment.	Cyberpunk 2077, ultimate trash talk ultimate enjoyment
B-NEO-023	NEO	94.03	94.08	0.05	78.53	78.12	-0.41	100	0	-100	孙红雷演技炸裂，20万人打出7.5分	Sun Honglei's acting is explosive, with 200,000 people giving it a 7.5 rating.	孙红雷演技极其震撼，20万人打出7.5分	Sun Honglei's acting is incredibly powerful, with 200,000 people giving it a 7.5 rating.	Sun Honglei's acting is absolutely insane, 200k people rated 7.5
B-NEO-024	NEO	88.22	88.37	0.15	66.15	75.61	9.46	100	100	0	赛博诵经让老外陷入疯狂	Cyber chanting drives foreigners into a frenzy.	虚拟诵经让老外陷入疯狂	Virtual chanting drives foreigners crazy.	cyber chanting is driving foreigners crazy
B-NEO-025	NEO	86.04	87.08	1.04	67.32	75.84	8.51	100	0	-100	国庆宅家的赛博生活	Cyber life of staying at home during National Day	国庆宅家的虚拟网络生活	Virtual online life while staying at home during the National Day holiday	National Day stay-at-home cyber life
B-NEO-026	NEO	82.08	82.76	0.68	68.81	73.26	4.44	0	0	0	高考第一批显眼包出现了，青蛙玩偶花式助阵	The first batch of attention-grabbers at the college entrance exam has appeared, with frog mascots cheering in creative ways.	高考第一批爱出风头的人出现了，青蛙玩偶花式助阵	The first batch of show-offs at the college entrance exam have appeared, with frog mascots cheering in style.	the first batch of attention-seekers at the college entrance exam showed up, frog mascots cheering in style
B-NEO-027	NEO	76.55	91.38	14.83	65.80	75.45	9.65	0	0	0	电子榨菜输出中，午饭点准时到	Electronic pickles are loading, lunchtime is right on schedule.	适合吃饭时看的视频输出中，午饭点准时到	Videos suitable for watching during meals are out, right on time for lunch.	my mealtime video is on, right on time for lunch
B-NEO-028	NEO	84.50	94.30	9.80	71.99	82.34	10.35	0	100	100	这个综艺太下饭了，一口气看完	This variety show is so binge-worthy, I finished it in one go.	这个综艺太适合吃饭时看了，一口气看完	This variety show is perfect for watching while eating—I binge-watched it in one go.	this variety show is perfect meal content, binged the whole thing
B-NEO-029	NEO	82.57	72.85	-9.72	66.53	71.62	5.08	0	0	0	发疯文学必备文案，笑死我了	Essential copy for unhinged literature, I'm dying of laughter	宣泄式文字表达必备文案，笑死我了	Essential copy for cathartic text expression, this cracks me up.	must-have lines for unhinged-rant posting, I'm dying laughing
B-NEO-030	NEO	99.33	100.00	0.67	84.51	85.81	1.30	100	100	0	社恐人的噩梦，大型聚会	A nightmare for people with social anxiety: large gatherings.	社交恐惧症患者的噩梦，大型聚会	A nightmare for people with social anxiety: large gatherings.	a socially anxious person's worst nightmare, a huge gathering
B-NEO-031	NEO	92.23	94.98	2.75	71.35	83.71	12.36	100	100	0	找不到原剧了，这个当代餐先看	Can't find the original show, so I'll watch this as a substitute for now.	找不到原剧了，这个当替代品先看	Can't find the original show, so I'll watch this as a substitute for now.	can't find the original, using this as a substitute for now
B-NEO-032	NEO	91.80	92.18	0.37	80.31	78.95	-1.36	0	0	0	花2000买nike感觉自己好像大冤种	Spending 2000 on Nike makes me feel like a total sucker.	花2000买nike感觉自己好像大冤大头	Spending 2000 on Nike makes me feel like a total sucker.	spent 2k on nikes feeling like a total sucker
B-NEO-033	NEO	89.82	92.39	2.57	66.49	74.09	7.60	0	0	0	腾讯这波泄密直接破防了，317万说没就没	Tencent was completely blindsided by this wave of leaks—3.17 million, gone just like that.	腾讯这波泄密直接崩溃了，317万说没就没	Tencent completely collapsed after this leak—3.17 million gone just like that.	Tencent's leak move really triggered a breakdown, 3.17 million gone just like that
B-NEO-034	NEO	83.06	87.65	4.59	71.75	76.89	5.14	100	100	0	梅老板今年真可怜，这么强的个人发挥啥没有得到	Messi is truly pitiful this year—such outstanding individual performances, yet he has won nothing.	梅西今年真可怜，这么强的个人发挥啥没有得到	Messi is really pitiful this year—such a strong individual performance yet he got nothing.	Messi had a rough year insane individual performance but got nothing
B-NEO-035	NEO	85.88	87.41	1.53	54.91	71.01	16.10	0	0	0	吃瓜吃到自己头上了，腾讯泄密员工就是本人	The drama I was following turned out to be about me—the Tencent employee who leaked information is me.	看热闹看到自己头上了，腾讯泄密员工就是本人	The drama I was watching turned out to be about me — the Tencent employee who leaked information is me.	I was following the drama, only to realize I’m the Tencent staff member who leaked the information
B-NEO-036	NEO	77.46	80.59	3.13	48.06	78.20	30.14	0	0	0	别搁这凡尔赛了，显摆啥呢	Stop humblebragging here—what are you showing off for?	别搁这炫耀了，显摆啥呢	Stop showing off here, what are you trying to prove?	stop humble bragging already what are you flexing
B-NEO-037	NEO	93.68	99.87	6.19	84.73	86.08	1.35	0	0	0	显卡市场太内卷了，价格涨得离谱	The graphics card market is way too cutthroat, and the prices have risen absurdly.	显卡市场竞争太激烈了，价格涨得离谱	The competition in the graphics card market is so fierce that the prices have risen absurdly.	The GPU market is hyper-competitive, prices rising outrageously
B-NEO-038	NEO	73.38	81.31	7.93	64.98	67.59	2.61	0	100	100	这帖子水分太大，灌水灌的	This post is full of fluff, just meaningless filler.	这帖子水分太大，刷帖刷的	This post is full of fluff, just spamming.	this post is so watered down pure spam
B-NEO-039	NEO	90.04	94.05	4.01	72.28	80.40	8.12	0	100	100	打工人看完317万年终奖直接躺平了	After seeing the 3.17 million year-end bonus, the worker just lay flat.	打工人看完317万年终奖直接放弃了	After seeing the 3.17 million year-end bonus, the worker just gave up.	Workers gave up striving after seeing the 3.17 million year-end bonus.
B-NEO-040	NEO	89.48	93.96	4.48	64.25	75.68	11.44	100	100	0	这剧情给我整破防了	This plot really broke me.	这剧情给我整崩溃了	This plot has completely broken me.	this plot totally broke me fr fr
B-NEO-041	NEO	89.83	89.89	0.06	59.36	78.71	19.36	100	0	-100	这员工凡尔赛式晒年终奖，结果翻车了	This employee flaunted their year-end bonus in a humblebrag way, but it backfired.	这员工炫耀式晒年终奖，结果翻车了	This employee flaunted their year-end bonus, only to have it backfire.	This employee flaunted their year-end bonus in a humble-brag way, and it backfired
B-NEO-042	NEO	94.72	99.77	5.05	61.80	83.01	21.21	0	0	0	这手机信号拉胯到离谱	This phone's signal is ridiculously terrible.	这手机信号差到离谱	This phone's signal is ridiculously bad.	this phone signal is garbage to an absurd degree
B-NEO-043	NEO	96.45	86.02	-10.43	78.52	63.78	-14.74	0	0	0	你这个行为真的很下头	Your behavior is really disgusting.	你这个行为真的很扫兴	Your behavior is really a buzzkill.	your behavior is such a turnoff rn
B-NEO-044	NEO	86.89	88.89	2.00	75.28	80.58	5.30	0	100	100	赛里木湖这事太下头了，景区管理太离谱	The whole Sayram Lake incident is such a letdown—the scenic area management is absolutely ridiculous.	赛里木湖这事太让人失望了，景区管理太离谱	The situation at Sayram Lake is so disappointing—the management of the scenic area is absolutely absurd.	The Sarim Lake incident is too disappointing, scenic area management is outrageous
B-NEO-045	NEO	92.16	87.66	-4.50	73.35	65.09	-8.25	0	0	0	他这个人好油腻	He is so greasy.	他这个人好油滑	He is such a slippery person.	this guy is so sleazy ick
B-NEO-046	NEO	88.34	96.36	8.02	54.43	79.80	25.37	0	0	0	没绷住破绷了	Couldn't hold it in and cracked up.	没绷住笑了	I couldn't hold back my laughter.	couldn't hold it in and totally lost it laughing
B-NEO-047	NEO	80.66	91.70	11.04	73.89	75.43	1.54	100	100	0	中国女排逆转美国，这波操作太上头了	The Chinese women's volleyball team came back to beat the United States — what a thrilling performance!	中国女排逆转美国，这波操作太让人激动了	China women's volleyball team came back to beat the United States — what a thrilling performance!	China women's volleyball reversed against USA, this move is so hype
B-NEO-048	NEO	85.70	84.72	-0.99	47.62	62.75	15.13	100	0	-100	天天水经验，也不发点有用的帖子	Just farming experience every day without posting anything useful.	天天刷经验，也不发点有用的帖子	Grinding for experience every day without posting anything useful.	farming XP every day never posting anything useful
B-NEO-049	NEO	96.41	93.65	-2.76	73.34	64.33	-9.01	100	100	0	这主播开挂实锤了，封号吧	This streamer is confirmed to be cheating—ban the account.	这主播作弊实锤了，封号吧	This streamer has been caught cheating red-handed, ban the account.	this streamer is confirmed cheating, ban them
B-NEO-050	NEO	99.40	85.21	-14.19	82.63	74.74	-7.89	100	0	-100	内耗太严重了	The internal friction is too severe.	内部消耗太严重了	The internal consumption is too severe.	internal friction is too serious smh
B-NEO-051	NEO	93.33	93.23	-0.10	51.60	74.52	22.92	0	100	100	互联网嘴替实锤	The internet mouthpiece confirmed.	互联网代言人实锤	Internet spokesperson confirmed.	confirmed internet mouthpiece
B-NEO-052	NEO	42.20	49.41	7.21	44.97	52.69	7.72	0	0	0	无职孝子还在嘴硬洗，服了	The unemployed filial son is still stubbornly defending and whitewashing, unbelievable.	无职盲目辩护者还在嘴硬洗，服了	The unemployed blind defenders are still stubbornly making excuses—unbelievable.	Mushoku Tensei stans still hard-stanning give up
B-NEO-053	NEO	81.24	96.04	14.80	64.21	78.66	14.45	0	0	0	双持党表示苹果和华为都不够用	A dual-wielding user says neither Apple nor Huawei is enough.	同时用两部手机的人表示苹果和华为都不够用	People who use two phones at the same time say that neither Apple nor Huawei is enough.	dual-phone gang saying neither Apple nor Huawei is enough
B-NEO-054	NEO	79.00	96.58	17.58	32.52	74.05	41.53	0	0	0	被种草了	I've been influenced to want it.	被推荐心动了	I'm tempted by the recommendation.	got recommended I'm tempted to buy
B-NEO-055	NEO	94.30	95.21	0.91	49.62	70.19	20.57	100	100	0	拔草了不买	Decided not to buy it after all.	打消购买念头了不买	Decided not to buy it after all.	nah I'm not buying
B-NEO-056	NEO	92.19	95.83	3.65	67.09	84.68	17.59	0	0	0	他好会整活	He’s really good at pulling off stunts.	他好会搞怪	He’s so good at being goofy.	he's so good at being funny lol
B-NEO-057	NEO	95.56	96.98	1.41	80.25	83.71	3.45	0	0	0	这个太炸了	This is absolutely mind-blowing!	这个太震撼了	This is absolutely stunning.	this is too insane
B-NEO-058	NEO	75.68	92.75	17.07	65.58	74.47	8.89	100	0	-100	景区打人还理直气壮的，真是绝绝子	It's absolutely unbelievable how they can hit someone at a scenic spot and still act so self-righteous.	景区打人还理直气壮的，真是绝了	It's outrageous that someone can assault people at a scenic spot and still act so self-righteous.	Beating people at a scenic spot and still acting righteous, truly absolutely outrageous
B-NEO-059	NEO	91.86	95.86	4.01	55.15	84.76	29.61	0	0	0	破防了	I'm emotionally overwhelmed.	心理防线崩溃了	My psychological defenses have collapsed.	I'm emotionally broken
B-NEO-060	NEO	98.21	100.00	1.79	65.61	85.96	20.35	100	100	0	这个太上头了	This is way too addictive.	这个太上瘾了	This is so addictive.	this is too addictive can't stop
B-NEO-061	NEO	93.67	96.92	3.25	47.05	86.51	39.46	0	0	0	他好会营业	He’s really good at fan engagement.	他好会讨好粉丝	He's really good at pleasing his fans.	he's so good at playing to his fans
B-NEO-062	NEO	93.29	92.38	-0.91	54.44	79.33	24.89	0	100	100	香港🇭🇰打车有这么卷吗？又难？	Is it really that competitive and difficult to get a taxi in Hong Kong 🇭🇰?	香港🇭🇰打车竞争有这么激烈吗？又难？	Is the competition for hailing a taxi in Hong Kong 🇭🇰 really this fierce? And it's difficult too?	is getting a taxi in HK this intense? so hard?
B-NEO-063	NEO	94.50	81.35	-13.15	63.54	53.75	-9.80	100	0	-100	这帖子纯纯的钓鱼经验，别当真	This post is purely bait for engagement, don’t take it seriously.	这帖子纯纯的骗经验，别当真	This post is purely for farming experience, don't take it seriously.	this post is pure bait for engagement don't fall for it
B-NEO-064	NEO	89.45	93.86	4.41	56.00	80.45	24.45	0	0	0	纯纯的牛马人生	A life of pure drudgery	纯纯的打工人人生	A life of a pure and simple wage earner.	pure wage slave life
B-NEO-065	NEO	78.96	98.71	19.75	78.38	86.14	7.76	0	0	0	是我不够糖吗	Am I not sweet enough?	是我不够傻吗	Am I not foolish enough?	am I not dumb enough? bruh
B-NEO-066	NEO	100.00	100.00	0.00	85.42	86.44	1.02	100	100	0	这何意味啊	What does this mean?	这什么意思啊	What does this mean?	what does this even mean
B-NEO-067	NEO	70.53	94.31	23.78	31.84	39.10	7.26	0	100	100	摆烂了，爱咋咋地	I’m done trying. Whatever happens, happens.	放弃了，爱咋咋地	I give up. Whatever happens, happens.	I give up whatever happens happens
B-NEO-068	NEO	92.33	92.27	-0.06	80.42	71.22	-9.20	0	0	0	摆烂一天算了	Let’s just slack off for a day.	放弃一天算了	Forget it, let's just call it a day.	let me rot for a day whatever
B-NEO-069	NEO	94.11	94.18	0.06	51.31	71.00	19.70	100	0	-100	内卷太严重了，打工人伤不起	The rat race is way too intense—workers just can't take it anymore.	过度竞争太严重了，打工人伤不起	The excessive competition is too severe—workers just can't afford it.	the rat race is too intense workers can't take it
B-NEO-070	NEO	92.12	92.81	0.69	74.04	75.86	1.82	0	0	0	这波操作属实逆天了	This move is truly mind-blowing.	这波操作属实超乎想象了	This move is truly beyond imagination.	this play is straight up insane
B-NEO-071	NEO	65.38	82.63	17.25	41.73	75.76	34.02	0	0	0	内卷到头秃，躺平又心慌	Burning out from relentless competition, yet feeling anxious when trying to lie flat.	过度竞争到头秃，躺平又心慌	Competing too hard leads to baldness, but lying flat makes you anxious.	rat race till you're bald quit competing but still anxious
B-NEO-072	NEO	93.30	96.67	3.37	59.22	84.59	25.37	0	100	100	不是哥们儿	Not cool, bro.	不是吧，哥们儿	No way, bro.	no way bro come on
B-NEO-073	NEO	92.27	94.32	2.05	81.15	83.89	2.74	100	100	0	说出一个旅游热度很低但实际很夯的城市	Name a city that has very low travel popularity but is actually amazing.	说出一个旅游热度很低但实际很高的城市	Name a city that seems to have low tourism popularity but is actually very popular.	name a city that's low-key but actually great
B-NEO-074	NEO	84.34	87.72	3.38	48.98	78.26	29.28	0	0	0	这波操作直接拉胯了	This move was a total flop.	这波操作直接失常了	This move has gone completely off the rails.	this play literally underperformed
B-NEO-075	NEO	69.44	74.23	4.79	54.99	61.05	6.06	0	0	0	这操作绝绝子，直接给我整不会了	This move is absolutely insane—it completely threw me off.	这操作绝佳，直接给我整不会了	This move is so brilliant, it completely threw me off.	this play is amazing left me speechless
B-NEO-076	NEO	61.29	64.66	3.37	69.00	73.88	4.88	0	0	0	谁能能理解这种崩溃的心情，辛辛苦苦备考许久，就等着政审上岸，结果栽在了学历断层上	Who can truly understand this feeling of collapse? After all the hard work and long preparation for the exam, just waiting for the final political review to succeed, only to be tripped up by a gap in academic qualifications.	谁能能理解这种崩溃的心情，辛辛苦苦备考许久，就等着政审成功，结果栽在了学历断层上	Who can understand this feeling of collapse? After all the hard work of preparing for the exam for so long, just waiting for the political review to succeed, only to stumble over a gap in educational qualifications.	who understands this despair? prepped for ages waiting to pass the political review only to get rejected by an education gap
B-NEO-077	NEO	96.50	94.55	-1.95	50.21	82.76	32.54	100	100	0	为什么留子都不爱和老外谈？	Why don’t international students like to date foreigners?	为什么留学生都不爱和老外谈？	Why don’t international students like to talk with foreigners?	why don't international students like dating foreigners? real talk
B-NEO-078	NEO	79.56	91.58	12.02	62.11	73.67	11.56	0	0	0	哈包穿上衣服不习惯了	The silly dog isn't used to wearing clothes.	哈兰德穿上衣服不习惯了	Haaland isn't used to wearing clothes.	not used to Haaland wearing clothes
B-NEO-079	NEO	84.51	90.05	5.54	64.82	65.28	0.46	0	0	0	洗澡5分钟老公社死一整年	A 5-minute shower, a whole year of public humiliation for the husband.	洗澡5分钟老公社会性死亡一整年	A 5-minute shower, a whole year of social death for my husband.	5-min shower and my husband is socially dead for a whole year rip
B-NEO-080	NEO	73.37	80.28	6.92	41.90	47.92	6.02	0	0	0	直接破防了家人们	That hit me right in the feels, fam.	直接心态失控了家人们	I'm completely losing my mind right now, folks.	totally broke down mentally fam
B-NEO-081	NEO	98.48	96.91	-1.57	82.54	79.82	-2.72	100	100	0	月薪不够5w不能这么活	You can't live like this if your monthly salary is less than 50,000.	月薪不够5万不能这么活	A monthly salary of less than 50,000 won't allow you to live like this.	Can't live like this if monthly salary isn't even 50k
B-NEO-082	NEO	64.34	71.63	7.30	65.25	80.00	14.75	0	0	0	爷青回	My youth is back.	爷的青春回来了	My youth is back.	Nostalgia hits hard.
B-NEO-083	NEO	94.73	98.73	4.00	45.15	87.17	42.02	0	0	0	难他天？	Is he a genius or what?	难道他真的是天才？	Could he really be a genius?	Turns out he's a genius?
B-NEO-084	NEO	91.86	99.12	7.26	48.49	83.09	34.61	0	0	0	基操	Basic operation	基本操作	Basic operations	Just basic mechanics
B-NEO-085	NEO	86.30	79.12	-7.18	46.64	73.47	26.83	100	0	-100	你这肯定是低段位炸鱼罢了	You're definitely just smurfing in low ranks.	你这肯定是低段位欺负水平差的玩家罢了	You're definitely just bullying low-ranked players with poor skills.	You must be just smurfing in low rank
B-NEO-086	NEO	86.33	85.88	-0.45	76.93	78.14	1.21	100	100	0	刘宇宁一周不直播，棚友集体受不了！想念到发疯	Liu Yuning didn't livestream for a week, and his fans collectively couldn't take it anymore! They're missing him like crazy.	刘宇宁一周不直播，粉丝集体受不了！想念到发疯	Liu Yuning didn't livestream for a week, and his fans collectively couldn't take it! They're missing him like crazy.	Liu Yuning hasn’t streamed for a week, all his fans can’t stand it and miss him terribly.
B-PYA-001	PYA	84.31	94.96	10.65	77.95	81.67	3.72	0	100	100	xql日常太甜了，羡慕死了	The daily life of xql is so sweet, I'm dying of envy.	小情侣日常太甜了，羡慕死了	This young couple's daily life is so sweet, I'm dying of envy.	this couple's daily life is too sweet, I'm so jealous
B-PYA-003	PYA	88.15	99.25	11.11	80.34	83.26	2.92	0	100	100	xql之间的默契真的绝了	The chemistry between xql is absolutely incredible.	小情侣之间的默契真的绝了	The chemistry between the young couple is absolutely incredible.	the chemistry between this couple is insane
B-PYA-004	PYA	98.01	99.04	1.02	64.57	79.89	15.32	100	100	0	全网最甜xql非他们莫属	The sweetest couple on the internet has to be them.	全网最甜小情侣非他们莫属	They are undoubtedly the sweetest couple on the internet.	the sweetest couple on the internet has to be them
B-PYA-005	PYA	95.54	98.96	3.42	53.35	85.42	32.06	0	0	0	看到别人去欧洲旅游的照片，xmsl	Seeing photos of others traveling to Europe, I'm so envious.	看到别人去欧洲旅游的照片，羡慕死了	Seeing photos of others traveling to Europe makes me incredibly envious.	Seeing photos of others traveling in Europe makes me so envious.
B-PYA-007	PYA	92.92	97.16	4.25	65.27	76.89	11.62	100	100	0	新剧gkd！等不及了	New drama, hurry up! Can't wait anymore.	新剧搞快点！等不及了	Hurry up with the new drama! I can't wait.	hurry up with the new drama! can't wait
B-PYA-009	PYA	99.90	99.32	-0.58	69.50	80.52	11.02	0	100	100	xgg们推荐一下好用的手机呗	Hey girls, could you recommend some good phones?	小哥哥们推荐一下好用的手机呗	Hey guys, any recommendations for a good phone?	boys recommend some good phones pls
B-PYA-010	PYA	99.29	99.62	0.33	76.64	83.97	7.33	100	100	0	这个xgg好帅，求联系方式	This guy is so handsome, can I get his contact info?	这个小哥哥好帅，求联系方式	This guy is so handsome, can I get his contact info?	this guy is so handsome, asking for his contact
B-PYA-011	PYA	78.39	94.17	15.77	77.53	71.92	-5.61	0	100	100	jrm帮我看看这个怎么选	jrm, help me take a look at how to choose this.	家人们帮我看看这个怎么选	Family, help me see how to choose this.	fam help me figure out which one to pick
B-PYA-012	PYA	93.05	91.59	-1.46	81.32	76.15	-5.17	0	0	0	jrm今天发生了一件离谱的事	Something ridiculous happened today, jrm.	家人们今天发生了一件离谱的事	Something absolutely ridiculous happened today, guys.	fam something wild happened today
B-PYA-013	PYA	85.14	96.76	11.62	79.16	80.17	1.01	0	0	0	8u们觉得这配置怎么样	What do 8u folks think of this configuration?	吧友们觉得这配置怎么样	What do you guys think of this setup?	what do you tieba folks think of this setup?
B-PYA-014	PYA	87.57	92.09	4.52	64.80	82.29	17.48	100	0	-100	王虹yyds！中国数学家终于拿到菲尔兹奖了	Wang Hong is the GOAT! A Chinese mathematician has finally won the Fields Medal.	王虹永远的神！中国数学家终于拿到菲尔兹奖了	Wang Hong is forever a legend! A Chinese mathematician has finally won the Fields Medal.	Wang Hong is the GOAT! A Chinese mathematician finally won the Fields Medal
B-PYA-015	PYA	87.28	93.64	6.36	71.02	73.75	2.73	0	100	100	这条rs怎么还没上	Why hasn't this rs been posted yet?	这条热搜怎么还没上	Why hasn't this trending topic made it yet?	why isn't this trending yet
B-PYA-016	PYA	87.63	89.58	1.95	68.25	75.06	6.81	100	0	-100	xswl，陈哲远在密逃里也太搞笑了吧	"LMAO, Chen Zheyuan is way too hilarious in ""Escape Room."""	笑死我了，陈哲远在密逃里也太搞笑了吧	"I'm dying of laughter, Chen Zheyuan is just too hilarious in ""Escape Room""!"	Lmao, Chen Zheyuan is just too funny in Great Escape
B-PYA-017	PYA	93.92	98.27	4.34	78.25	82.04	3.80	100	100	0	14个月正是穿lulu的时候	14 months is just the right time to wear Lululemon.	14个月正是穿Lululemon的时候	14 months is the perfect time to wear Lululemon.	14 months is prime Lululemon season
B-PYA-018	PYA	84.77	85.15	0.37	82.11	68.27	-13.84	0	0	0	dd，中国女排3比2逆转美国太牛了	dd, the Chinese women's volleyball team's 3-2 comeback against the USA was absolutely amazing.	顶顶，中国女排3比2逆转美国太牛了	Ding Ding, the Chinese women's volleyball team's 3-2 comeback against the USA was absolutely amazing!	Bump, China women's volleyball 3-2 comeback against USA is amazing
B-PYA-019	PYA	87.73	98.26	10.54	80.59	79.70	-0.88	0	0	0	rt，大家帮我看看这手机值不值	rt, can you guys help me see if this phone is worth it?	如图，大家帮我看看这手机值不值	As shown in the picture, can you guys help me see if this phone is worth it?	see pic help me check if this phone is worth it
B-PYA-020	PYA	84.93	89.83	4.90	81.15	77.78	-3.37	0	0	0	jrs怎么看腾讯这个泄密处理？	What does jrs think of Tencent's handling of the leak?	家人们怎么看腾讯这个泄密处理？	What do you all think about how Tencent handled this leak?	Fam, what do you think of Tencent's leak handling?
B-PYA-021	PYA	72.52	81.81	9.29	73.25	72.13	-1.12	0	0	0	srds，赛里木湖打人这事不能就这么算了	srds, the incident of someone being hit at Sayram Lake shouldn't just be let go like this.	虽然但是，赛里木湖打人这事不能就这么算了	Although, the incident of someone being hit at Sayram Lake shouldn't just be let go like this.	Be that as it may, the Sarim Lake beating incident can't just be let go like this
B-PYA-022	PYA	92.65	83.00	-9.65	40.73	78.97	38.24	100	0	-100	白色真是yyds	White is truly the GOAT.	白色真是永远的神	White is truly timeless.	white is truly the GOAT
B-PYA-023	PYA	97.25	97.16	-0.09	73.63	77.90	4.28	100	0	-100	u1s1，317万年终奖确实让人眼红	To be honest, a year-end bonus of 3.17 million really makes people envious.	有一说一，317万年终奖确实让人眼红	To be fair, a year-end bonus of 3.17 million really does make people envious.	To be honest, a 3.17 million year-end bonus does make people envious
B-PYA-024	PYA	94.08	96.02	1.94	79.99	80.71	0.72	0	100	100	XHS上好多人在讨论	Many people are discussing it on XHS.	小红书上好多人在讨论	Many people are discussing it on Xiaohongshu.	so many people talking about it on Xiaohongshu
B-PYA-025	PYA	93.29	93.70	0.41	56.82	74.31	17.49	100	100	0	显卡涨价这消息直接让我blx了	The news of the graphics card price hike totally shattered my fragile heart.	显卡涨价这消息直接让我玻璃心了	The news of graphics card price hikes totally shattered my fragile heart.	The GPU price hike news really triggered my fragile heart
B-PYA-026	PYA	87.32	89.68	2.36	57.35	58.55	1.19	0	0	0	好好好 好一个kpop拉子(bushi)	Alright, alright, what a K-pop lesbian (just kidding).	好好好 好一个kpop拉子(不是)	Alright, alright, what a K-pop lesbian (just kidding).	ok ok ok what a kpop lesbian (not)
B-PYA-027	PYA	84.01	85.49	1.48	67.81	78.06	10.25	100	0	-100	某些景区管理真是yygq，表面道歉背后照样	The management of some scenic spots is really passive-aggressive, apologizing on the surface but acting the same behind the scenes.	某些景区管理真是阴阳怪气，表面道歉背后照样	The management of some scenic spots is really hypocritical—apologizing on the surface while continuing the same behavior behind the scenes.	Some scenic area management is really passive-aggressive, apologizing on the surface but same behind the scenes
B-PYA-028	PYA	76.32	79.66	3.35	60.53	82.86	22.33	0	0	0	nb！这个操作太秀了	Nice! That move was absolutely brilliant.	牛逼！这个操作太秀了	Awesome! That move was absolutely brilliant.	Sick move! Absolute W
B-PYA-029	PYA	76.12	79.34	3.22	60.19	70.19	10.00	100	100	0	50亿离婚案的瓜我吃了，dbq我不站队	I've followed the gossip on the 5 billion divorce case, but sorry, I'm not taking sides.	50亿离婚案的瓜我吃了，对不起我不站队	I’ve followed the gossip on the 5-billion divorce case, but sorry, I’m not taking sides.	I’ve followed the 5-billion divorce drama, sorry, I’m not taking sides.
B-PYA-030	PYA	94.72	94.96	0.23	67.95	69.38	1.42	100	100	0	这就是尊贵的b站用户🤣🤣🤣	This is the esteemed Bilibili user 🤣🤣🤣	这就是尊贵的B站用户🤣🤣🤣	This is the esteemed Bilibili user 🤣🤣🤣	this is what being a distinguished Bilibili user looks like 🤣🤣🤣
B-PYA-031	PYA	86.20	88.49	2.29	61.86	75.66	13.80	0	0	0	王虹从垫底到菲尔兹奖，这波直接nb	Wang Hong went from rock bottom to winning the Fields Medal—this is just straight-up legendary.	王虹从垫底到菲尔兹奖，这波直接牛逼	Wang Hong went from rock bottom to winning the Fields Medal—this is just straight-up legendary.	Wang Hong from bottom to Fields Medal, this move is just insane
B-PYA-032	PYA	99.03	99.84	0.81	73.73	83.05	9.32	0	0	0	xjj们推荐一下好用的手机呗	Ladies, could you recommend some good phones?	小姐姐们推荐一下好用的手机呗	Ladies, could you recommend some good phones?	girls recommend some good phones pls
B-PYA-033	PYA	89.97	96.31	6.34	73.36	67.12	-6.25	0	100	100	bl粉丝太能控评了	BL fans are really good at controlling comments.	白鹿粉丝太能控评了	Bai Lu's fans are too good at controlling comments.	Bai Lu fans are too good at controlling the comments
B-PYA-034	PYA	88.01	80.25	-7.76	65.98	79.54	13.56	100	0	-100	会聊天的男生真的yyds	Guys who can hold a conversation are truly the GOAT.	会聊天的男生真的永远的神	A guy who knows how to hold a conversation is truly forever a god.	guys who can flirt are truly the GOAT
B-PYA-035	PYA	72.92	69.49	-3.42	72.15	80.30	8.15	0	0	0	哈哈哈哈哈哈哈笑死，我们00真的老kpop人了	Hahahahaha, laughing so hard, we '00 liners really are veteran K-pop fans.	哈哈哈哈哈哈哈笑死，我们2000年后出生的人真的老kpop人了	Hahahahaha, I'm dying—those of us born after 2000 are truly old-school K-pop fans.	lmaooo us Gen Z are such veteran kpop fans
B-PYA-036	PYA	83.50	81.60	-1.90	56.63	76.89	20.25	100	0	-100	减脂党狂喜！番茄鸡蛋燕麦粥yyds	Weight loss fans, rejoice! Tomato and egg oatmeal porridge is the ultimate GOAT.	减脂党狂喜！番茄鸡蛋燕麦粥永远的神	Weight-loss fans, rejoice! Tomato, egg, and oatmeal porridge is absolutely legendary.	diet crew rejoice! tomato egg oatmeal is the GOAT
B-PYA-037	PYA	86.97	95.72	8.75	80.64	78.13	-2.52	0	100	100	jrs帮我看看这鱼竿行不行	JRS, help me check if this fishing rod is any good.	家人们帮我看看这鱼竿行不行	Family, help me check if this fishing rod is any good.	fam help me check if this fishing rod is any good
B-PYA-038	PYA	93.07	85.26	-7.81	62.25	78.86	16.61	100	0	-100	一个会调情的男生真的YYDS	A guy who knows how to flirt is truly the GOAT.	一个会调情的男生真的永远的神	A guy who knows how to flirt is truly forever a god.	a guy who knows how to flirt is truly the GOAT
B-PYA-039	PYA	89.80	98.24	8.44	74.25	80.17	5.92	0	0	0	bdjw这个怎么用	What does bdjw mean and how is it used?	不懂就问这个怎么用	I don't know how to use this, so let me ask.	asking cuz idk how do I use this
B-PYA-040	PYA	77.31	82.54	5.23	59.66	73.67	14.01	100	100	0	蓝盈莹第一场戏好像就是撞棺紫砂	Lan Yingying's first scene seems to be the one where she hits the coffin and commits suicide.	蓝盈莹第一场戏好像就是撞棺自杀	Lan Yingying's first scene seems to be her crashing into a coffin to commit suicide.	Lan Yingying's first scene was literally suicide by coffin smash
B-PYA-041	PYA	92.62	90.31	-2.30	70.35	76.99	6.64	0	0	0	泰奶+Gelato yyds！！！	Thai milk tea + Gelato is the ultimate combo!!!	泰奶+Gelato 永远的神！！！	Thai milk tea + Gelato = absolute perfection!!!	Thai milk tea + Gelato is the GOAT!!!
B-PYA-042	PYA	84.74	95.79	11.04	57.31	68.80	11.48	0	0	0	yygq什么呢，有话直说不行吗	What are you insinuating? Can't you just speak plainly?	阴阳怪气什么呢，有话直说不行吗	Why the sarcasm? Can't you just say what you mean directly?	what are you being passive-aggressive about just say it straight
B-PYA-043	PYA	93.61	95.34	1.73	61.96	71.80	9.84	0	0	0	zqsg追星好累	Being a devoted fan is truly exhausting.	真情实感追星好累	Chasing stars with genuine emotions is so exhausting.	chasing idols with genuine feelings is exhausting
B-PYA-044	PYA	77.66	77.98	0.31	58.33	81.51	23.18	0	0	0	u1s1，这个视频做得真好	To be honest, this video is really well made.	有一说一，这个视频做得真好	To be honest, this video is really well made.	Fr, this video slaps
B-PYA-045	PYA	66.03	61.12	-4.91	42.75	59.36	16.60	0	0	0	别再吃麻辣烫！干拌麻辣拌才是yyds	Stop eating malatang! Dry-mixed mala mix is the real GOAT.	别再吃麻辣烫！干拌麻辣拌才是永远的神	Stop eating malatang! Dry-mixed mala salad is the real deal.	stop eating malatang! dry-mixed mala ban is the GOAT
B-PYA-046	PYA	94.86	79.68	-15.18	60.05	72.64	12.58	0	0	0	这吧里xfxy的，天天吵架	This place is full of drama, with arguments breaking out every day.	这吧里血风血雨的，天天吵架	This place is full of bloodshed and storms, with quarrels every day.	this forum is so chaotic fighting every day smh
B-PYA-047	PYA	55.25	68.84	13.59	64.37	82.60	18.23	0	0	0	srds他还是很有实力的	To be fair, he's still very capable.	虽然但是他还是很有实力的	But still, he is very capable.	sthough he still got bars
B-PYA-048	PYA	95.62	95.04	-0.58	35.70	46.38	10.68	100	0	-100	xswl 这都能洗？	LMAO, how can you even defend this?	笑死我了 这都能洗？	This is hilarious, how can you even defend this?	lmao you can defend even this?
B-PYA-049	PYA	91.79	98.11	6.32	81.47	84.47	3.00	0	0	0	rwkk这到底是什么鱼	rwkk what kind of fish is this exactly	让我看看这到底是什么鱼	Let me see what kind of fish this really is.	lemme see what fish is this
B-PYA-050	PYA	93.16	84.80	-8.36	73.04	63.27	-9.77	0	0	0	dd我一下	DM me.	滴滴我一下	Give me a shout on DiDi.	hit me up
B-PYA-051	PYA	92.10	82.64	-9.46	74.71	67.10	-7.62	0	0	0	tcl，我真的太菜了	TCL, I really suck at this.	太菜了，我真的太菜了	So bad, I'm really so bad.	I'm way too noob
B-PYA-052	PYA	87.94	89.31	1.37	51.52	60.30	8.79	0	0	0	夏天就好这一口！！天妇罗冰锅yyds！！	This is the taste of summer!! Tempura ice pot is the ultimate!!	夏天就好这一口！！天妇罗冰锅永远的神！！	This is the taste of summer!! Tempura ice pot is forever the best!!	summer vibes!! tempura ice pot is the GOAT!!
B-PYA-053	PYA	80.44	82.69	2.26	57.58	66.24	8.66	100	0	-100	xswl这弱智吧的帖子太搞笑了	lmao this post from the Moron Bar is hilarious	笑死我了这弱智吧的帖子太搞笑了	I'm dying laughing, these posts from the Weakling Bar are just too hilarious.	lmao the posts in this dumbass forum are too funny
B-PYA-054	PYA	85.10	70.29	-14.82	59.15	42.28	-16.87	0	0	0	马到成功yyds	Wishing you instant success—yyds	马到成功永远的神	Wishing you instant success—truly legendary.	May you succeed effortlessly, it’s top tier!
B-PYA-055	PYA	75.39	71.90	-3.48	46.66	60.04	13.38	0	0	0	这操作nb啊，大佬带带我	That move is insane, pro player, please carry me!	这操作牛逼啊，大佬带带我	That move is insane, pro player, please guide me!	this play is sick bro carry me
B-PYA-056	PYA	70.80	72.39	1.59	30.94	68.91	37.98	100	0	-100	这个cp太好磕了	This couple is so addictive to ship.	这个配对太好磕了	This pairing is so adorable.	this ship is too good fr fr
B-PYA-057	PYA	86.40	72.74	-13.66	52.08	61.27	9.18	100	0	-100	这俩离不开浓妆美颜强凹ABC	These two can't go without heavy makeup, beauty filters, and forcing an ABC vibe.	这俩离不开浓妆美颜强凹American Born Chinese	"These two can't do without heavy makeup, beauty filters, and forcing the ""American Born Chinese"" vibe."	these two can't go without heavy makeup + filters trying to act all ABC
B-PYA-058	PYA	79.83	83.70	3.87	82.14	42.95	-39.19	0	0	0	kdl，这对CP太甜了	kdl, this couple is just too sweet.	磕到了，这对CP太甜了	I'm totally shipping this couple—they're so sweet!	I'm shipping it this CP is too sweet
B-PYA-059	PYA	96.97	87.38	-9.59	48.40	71.07	22.67	100	0	-100	山航yyds	Shandong Airlines is the GOAT.	山航永远的神	Shandong Airlines is forever legendary.	Shandong Airlines is the GOAT
B-PYA-060	PYA	83.55	83.74	0.19	37.82	41.90	4.08	0	0	0	cpf又在磕了	The CPF fans are shipping again.	CP粉又在磕了	The CP fans are shipping again.	shippers shipping again
B-PYA-061	PYA	75.92	79.27	3.35	71.87	59.64	-12.23	0	0	0	dddd，支持UP主！	dddd, support the content creator!	顶顶顶顶，支持UP主！	Top top top top, support the content creator!	bump bump bump bump support the creator!
B-PYA-062	PYA	93.94	85.32	-8.62	61.49	73.58	12.09	100	0	-100	xswl打印机都沦没墨了	lmao even the printer ran out of ink	笑死我了打印机都沦没墨了	That's hilarious, even the printer is out of ink.	lmao even the printer ran out of ink
B-PYA-063	PYA	94.52	94.39	-0.13	53.92	76.24	22.31	100	100	0	fs们太能打了	The fans are incredibly fierce.	粉丝们太能打了	The fans are incredibly fierce.	fans are too cracked
B-PYA-064	PYA	93.89	92.46	-1.42	83.72	79.82	-3.90	0	0	0	ssfd，这个太恐怖了	SSFD, this is too terrifying.	瑟瑟发抖，这个太恐怖了	Shivering with fear, this is way too terrifying.	shook this is too scary
B-PYA-065	PYA	74.05	91.34	17.29	55.92	73.38	17.46	0	100	100	bt，时常因为不够bt而觉得跟这个世界格格不入	bt, often feeling out of place in this world for not being bt enough.	变态，时常因为不够变态而觉得跟这个世界格格不入	Pervert—often feeling out of place in this world because I'm not perverted enough.	pervert always feeling out of place cuz I'm not weird enough lol
B-PYA-066	PYA	86.07	88.96	2.90	51.67	82.66	30.99	0	0	0	这图谁发明的，xswl	Who came up with this picture, I'm laughing so hard.	这图谁发明的，笑死我了	Who came up with this picture? It cracks me up.	who invented this image lmao
B-PYA-067	PYA	82.69	73.89	-8.80	67.63	54.98	-12.66	0	0	0	tcl这游戏技术，菜到抠脚	TCL's gaming skills are so bad they're laughable.	太菜了这游戏技术，菜到抠脚	This game skill is so bad, it's embarrassingly terrible.	too noob this game skill noob to the extreme
B-PYA-068	PYA	91.05	92.69	1.64	54.59	77.04	22.45	0	0	0	zqsg追了这么多年，终于更新了	After following this with genuine sincerity for so many years, it’s finally been updated.	真情实感追了这么多年，终于更新了	After following it with genuine emotion for so many years, it has finally been updated.	been following with real feelings for years finally an update
B-PYA-069	PYA	81.14	85.36	4.22	76.96	78.18	1.22	0	0	0	Xswl就说有没有美味大餐吧哈哈哈哈哈哈哈	Xswl, just tell me if there's a delicious feast or not hahahahahahaha	笑死我了就说有没有美味大餐吧哈哈哈哈哈哈哈	That cracks me up—just tell me, is there a delicious feast or not? Hahahahahahaha	lmao just tell me if there's a feast hahahahaha
B-PYA-070	PYA	99.12	77.24	-21.88	85.79	77.60	-8.19	100	100	0	nsdd，你说得对	nsdd, you're right.	你说得对，你说得对	You're right, you're right.	nsdd you're right
B-PYA-071	PYA	68.53	40.10	-28.43	47.60	68.06	20.46	100	0	-100	xswl一人血书求这个短剧拍真人版	lmao begging on my knees for a live-action adaptation of this short drama	笑死我了一人血书求这个短剧拍真人版	I'm dying laughing—I'm begging on my knees for a live-action adaptation of this short drama.	lmao starting a one-person petition for a live-action version
B-PYA-072	PYA	94.67	99.12	4.45	84.57	84.10	-0.47	100	100	0	szd，这个是真的	szd, this is true.	是真的，这个是真的	That's true, this one is real.	it's legit this is the real deal
B-PYA-073	PYA	94.03	87.01	-7.02	53.70	42.95	-10.75	100	100	0	pyq，朋友圈见	pyq, see you on Moments	朋友圈，朋友圈见	Moments, see you on Moments.	see you in Moments
B-PYA-074	PYA	85.98	79.44	-6.55	55.08	80.70	25.62	0	0	0	这个耳朵前后的颜色变化xswl	The color change on this ear from front to back is hilarious.	这个耳朵前后的颜色变化笑死我了	The color change on this ear, front and back, cracks me up.	the color change before and after this ear lmao
B-PYA-075	PYA	97.20	97.11	-0.09	86.46	86.90	0.44	100	100	0	dbq，对不起我错了	dbq, sorry, I was wrong.	对不起，对不起我错了	Sorry, sorry, I was wrong.	sry sorry I was wrong
B-PYA-076	PYA	93.20	80.62	-12.58	57.87	74.97	17.10	100	0	-100	xswl皇帝的新衣	LMAO, the emperor's new clothes.	笑死我了皇帝的新衣	That’s hilarious—the emperor’s new clothes.	lmao emperor's new clothes
B-PYA-077	PYA	98.89	91.70	-7.19	65.60	85.28	19.68	100	0	-100	哈哈哈哈哈xswl	Hahahaha LMAO	哈哈哈哈哈笑死我了	Hahahaha, that cracks me up.	hahahahaha lmao
B-PYA-078	PYA	54.56	88.93	34.37	39.83	80.09	40.25	0	0	0	真的栓Q了家人们	Seriously, thank you so much, fam.	真的受够了家人们	I'm really fed up, family.	I've really had enough, guys.
B-PYA-079	PYA	85.33	87.83	2.51	82.46	71.08	-11.38	0	0	0	8u🚪什么意思	What does 8u🚪 mean?	吧友们什么意思	What do you mean, forum buddies?	tieba bros what does this mean
B-PYA-080	PYA	68.49	75.32	6.83	60.24	66.12	5.88	0	100	100	什么成分？xdm锐评。	What's the ingredient? xdm, give your sharp takes.	什么成分？兄弟们锐评。	What ingredients? Bros, give your sharp reviews.	what's their deal? bros rate.
B-PYA-081	PYA	93.34	93.24	-0.10	68.36	68.77	0.40	100	100	0	氪金也能让各家fs满意	Spending money can also satisfy the fans of each franchise.	氪金也能让各家粉丝满意	Spending money can also satisfy fans from all sides.	spending money can also satisfy every camp's fans
B-PYA-082	PYA	80.95	81.97	1.03	69.78	70.73	0.96	0	0	0	咱姐硬生生从良子嘴里抠出3w多粉丝	My sister managed to squeeze over 30,000 followers right out of Liangzi’s mouth.	咱姐硬生生从良子嘴里抠出3万多粉丝	My sister managed to squeeze over 30,000 followers right out of Liangzi’s mouth.	Our sis somehow pulled more than thirty thousand followers out of Liangzi.
B-PYA-083	PYA	83.56	85.89	2.33	54.03	67.73	13.69	0	0	0	她俩要是有cpf这都能当谈过的证据了	If the two of them had CP fans, this could even be used as evidence that they dated.	她俩要是有CP粉这都能当谈过的证据了	If the two of them had CP fans, this could even be used as proof that they dated.	if they had shippers this could count as dating proof
B-PYA-084	PYA	96.19	98.98	2.79	62.30	86.70	24.40	0	0	0	塔图姆NB	Tatum is awesome.	塔图姆牛逼	Tatum is awesome.	Tatum is insane.
B-PYA-085	PYA	83.03	83.24	0.21	65.87	66.17	0.30	0	0	0	想吃肉质Q弹的就买散养老公鸡	If you want firm, springy meat, go for free-range old roosters.	想吃肉质紧实弹牙的就买散养老公鸡	If you want firm, springy meat, go for a free-range old rooster.	if you want bouncy meat buy free-range rooster
B-PYA-086	PYA	98.29	96.11	-2.18	73.54	66.26	-7.28	100	0	-100	yysy，两边都看完了	To be honest, I've finished watching both sides.	有一说一，两边都看完了	To be fair, I’ve finished watching both sides.	To be honest, I watched both sides
B-MIX-001	MIX	96.87	95.48	-1.39	78.73	71.39	-7.35	100	100	0	这首歌的hook太洗脑了，循环一天	The hook of this song is so catchy, I've had it on repeat all day.	这首歌的记忆点太洗脑了，循环一天	The hook of this song is so catchy, I've had it on repeat all day.	this song's hook is so catchy, been looping all day
B-MIX-002	MIX	96.38	96.74	0.36	77.39	77.65	0.27	100	100	0	短视频前3秒就是hook，抓不住人就划走了	The first 3 seconds of a short video are the hook—if you can't grab people's attention, they'll just scroll away.	短视频前3秒就是吸引人的部分，抓不住人就划走了	The first 3 seconds of a short video are the hook — if you don’t grab people’s attention, they’ll just scroll away.	the first 3 seconds of a short video is the hook, lose them and they scroll away
B-MIX-003	MIX	98.52	99.54	1.02	78.80	83.14	4.34	100	0	-100	新专辑终于drop了，等了好久	The new album finally dropped—been waiting for so long.	新专辑终于发布了，等了好久	The new album is finally out, I've been waiting for so long.	the new album finally dropped, been waiting forever
B-MIX-004	MIX	94.63	95.45	0.81	80.81	81.12	0.31	100	100	0	这个品牌下周drop新款，必须抢	This brand is dropping a new collection next week—gotta grab it fast.	这个品牌下周推出新款，必须抢	This brand is launching a new model next week—I have to get it before it sells out.	this brand is dropping new styles next week, gotta grab them
B-MIX-005	MIX	92.32	92.45	0.13	63.84	77.33	13.49	100	100	0	这波clutch操作直接翻盘，太牛了	That clutch play completely turned the game around—absolutely insane.	这波关键时刻的操作直接翻盘，太牛了	This clutch play at the critical moment completely turned the game around—absolutely amazing.	this clutch play turned the game around, insane
B-MIX-006	MIX	78.64	79.75	1.11	55.71	69.24	13.53	100	100	0	决赛最后一分钟clutch绝杀	Clutch game-winner in the final minute of the finals.	决赛最后一分钟关键时刻绝杀	A clutch game-winner in the final minute of the championship game.	clutch buzzer-beater in the final minute of the finals
B-MIX-007	MIX	97.68	99.20	1.52	82.35	84.88	2.53	100	100	0	这游戏画质也就mid水平，玩法也一般	The graphics of this game are just mid, and the gameplay is pretty average too.	这游戏画质也就一般水平，玩法也一般	The graphics of this game are just average, and the gameplay is nothing special either.	this game's graphics are just mid, gameplay is average too
B-MIX-008	MIX	91.66	81.29	-10.36	68.01	81.78	13.76	100	0	-100	这套穿搭直接slay全场	This outfit absolutely slays the whole room.	这套穿搭直接秒杀全场	This outfit absolutely steals the show.	this outfit slays the whole room
B-MIX-009	MIX	82.72	89.43	6.71	51.17	80.33	29.16	100	0	-100	王虹这波演讲直接slay	Wang Hong's speech totally slayed.	王虹这波演讲直接秒杀全场	Wang Hong's speech completely stole the show.	Wang Hong's speech just slayed
B-MIX-010	MIX	96.00	92.41	-3.59	85.73	82.87	-2.87	100	100	0	上班就是当NPC，每天重复同样的台词	Working a job is like being an NPC, repeating the same lines every day.	上班就是当非玩家角色，每天重复同样的台词	Working a job is like being a non-player character, repeating the same lines every day.	going to work is being an NPC, repeating the same lines every day
B-MIX-011	MIX	98.93	94.67	-4.26	85.57	80.96	-4.61	100	0	-100	别当NPC了，做自己生活的主角	Stop being an NPC, be the protagonist of your own life.	别当非玩家角色了，做自己生活的主角	Stop being a non-player character; be the protagonist of your own life.	stop being an NPC, be the main character of your own life
B-MIX-012	MIX	89.03	92.75	3.72	58.96	80.30	21.33	100	100	0	i人沦为e人玩具，太真实了	Introverts becoming toys for extroverts—so painfully real.	内向者沦为外向者玩具，太真实了	Introverts becoming toys for extroverts—too real.	introverts becoming playthings for extroverts, too real
B-MIX-013	MIX	92.90	94.76	1.86	69.90	80.37	10.47	100	100	0	e人累了一周还要爬起来继续嗨	An extrovert, exhausted after a whole week, still gets up to keep the party going.	外向的人累了一周还要爬起来继续嗨	Extroverts, even after a tiring week, will still get up and keep the party going.	extroverts have been tired all week and still have to get up and keep partying
B-MIX-014	MIX	82.91	83.85	0.94	61.18	68.01	6.83	100	0	-100	刻在骨子里的秀粉DNA瞬间苏醒	The show-fan DNA etched into my bones instantly awakens.	刻在骨子里的秀粉基因瞬间苏醒	The show-fan genes etched deep into my bones instantly awakened.	the idol fan DNA embedded in my bones instantly awakened
B-MIX-015	MIX	100.00	95.33	-4.67	83.98	84.60	0.62	100	0	-100	POV：你是最后一个知道消息的人	POV: You're the last person to know.	视角：你是最后一个知道消息的人	Perspective: You are the last person to know the news.	POV: you're the last person to find out
B-MIX-016	MIX	98.48	98.36	-0.12	73.76	83.50	9.74	100	100	0	当地人真的好chill，十一点上班六点下班	The locals are really chill, working from 11 a.m. to 6 p.m.	当地人真的好悠闲放松，十一点上班六点下班	The locals are really laid-back and relaxed, working from 11 a.m. to 6 p.m.	the locals are so chill, starting work at 11 and off at 6
B-MIX-017	MIX	100.00	94.99	-5.01	77.93	85.41	7.47	100	0	-100	这个视频太cringe了，看不下去	This video is so cringe, I can't keep watching.	这个视频太尴尬了，看不下去	This video is so awkward, I can't keep watching.	this video is too cringe, can't even watch
B-MIX-018	MIX	95.28	96.79	1.51	58.37	85.38	27.00	100	100	0	这个行为好sus，不对劲	This behavior is so sus, something's off.	这个行为好可疑，不对劲	This behavior is really suspicious, something's off.	this behavior is so sus, something's off
B-MIX-019	MIX	94.94	91.53	-3.41	72.96	84.14	11.18	100	0	-100	别flex了，谁不知道你有钱	Stop flexing, everyone knows you're rich.	别炫耀了，谁不知道你有钱	Stop showing off. Everyone knows you're rich.	stop flexing, everyone knows you're rich
B-MIX-020	MIX	99.10	99.17	0.07	83.24	82.98	-0.26	100	100	0	这首歌被hype过头了，其实一般	This song is overhyped; it's actually just average.	这首歌被炒作过头了，其实一般	This song has been overhyped; it's actually just average.	this song got way too much hype, it's actually just average
B-MIX-021	MIX	98.70	98.74	0.04	81.08	82.09	1.01	100	100	0	今天又偶遇crush了，太巧了	I ran into my crush again today—what a coincidence!	今天又偶遇暗恋对象了，太巧了	I ran into my crush again today—what a coincidence.	ran into my crush again today, what a coincidence
B-MIX-022	MIX	85.94	93.48	7.55	60.65	80.91	20.26	100	0	-100	我ship的CP终于官宣了	The CP I ship has finally been officially announced.	我支持的情侣组合终于官宣了	The couple I support has finally made it official.	the ship I've been rooting for finally went official
B-MIX-023	MIX	95.86	96.33	0.47	75.83	83.75	7.92	100	100	0	作为stan我必须说偶像这次回归太棒了	As a stan, I have to say the idol's comeback this time is absolutely amazing.	作为狂热粉我必须说偶像这次回归太棒了	As a die-hard fan, I have to say the idol's comeback this time is absolutely amazing.	as a stan I gotta say the idol's comeback is amazing
B-MIX-024	MIX	98.95	98.11	-0.84	82.13	80.98	-1.14	100	100	0	期待偶像的comeback，新专辑什么时候发	Looking forward to the idol's comeback. When will the new album be released?	期待偶像的回归，新专辑什么时候发	Looking forward to the idol's return, when will the new album be released?	looking forward to the idol's comeback, when's the new album dropping
B-MIX-025	MIX	90.55	95.23	4.68	79.61	81.42	1.81	0	0	0	这也太离谱了吧我直接emo	That's just ridiculous, I'm straight-up depressed.	这也太离谱了吧我直接抑郁	That's absolutely ridiculous, I'm straight-up depressed.	this is so outrageous I'm literally emo rn
B-MIX-026	MIX	89.43	87.24	-2.19	74.71	82.38	7.66	0	0	0	看到317万年终奖我直接emo了	Seeing the 3.17 million year-end bonus, I just went straight into an emotional slump.	看到317万年终奖我直接情绪低落了	Seeing the 3.17 million year-end bonus, my mood immediately sank.	Seeing the 3.17 million year-end bonus, I got all emo
B-MIX-027	MIX	95.15	85.86	-9.28	66.46	70.13	3.67	100	0	-100	掉san了，这个太恐怖了	Lost sanity, this is too terrifying.	掉san值了，这个太恐怖了	Losing sanity points, this is way too terrifying.	lost my sanity this is too scary bruh
B-MIX-028	MIX	88.86	81.68	-7.19	71.30	76.76	5.46	100	100	0	王虹这波citywalk直接从北大走到菲尔兹奖	Wang Hong's citywalk this time went straight from Peking University to the Fields Medal.	王虹这波城市漫步直接从北大走到菲尔兹奖	Wang Hong's city stroll took him straight from Peking University to the Fields Medal.	Wang Hong's citywalk took her all the way from Peking University to the Fields Medal
B-MIX-029	MIX	95.48	97.18	1.69	69.87	81.27	11.40	100	0	-100	在上海街头随性citywalk	A spontaneous city walk through the streets of Shanghai.	在上海街头随性城市漫步	A casual city stroll through the streets of Shanghai	casual city walk on Shanghai streets
B-MIX-030	MIX	93.59	92.68	-0.91	78.42	79.76	1.34	100	100	0	中国女排这vibe太强了，3比2逆转太燃	The vibe of the Chinese women's volleyball team is just incredible—coming back to win 3-2 was absolutely electrifying.	中国女排这氛围太强了，3比2逆转太燃	The atmosphere of the Chinese women's volleyball team is just incredible, and that 3-2 comeback was absolutely thrilling.	China women's volleyball's vibe is so strong, the 3-2 comeback is so inspiring
B-MIX-031	MIX	96.11	90.46	-5.65	74.26	76.19	1.94	100	0	-100	这番属于ACGN圈的经典之作了	This is a classic work in the ACGN community.	这番属于动漫游文圈的经典之作了	This is a classic work in the anime, manga, gaming, and literature circles.	this anime is a classic in the ACGN circle
B-MIX-032	MIX	94.55	93.85	-0.70	76.52	79.43	2.92	0	0	0	50亿离婚案这drama程度堪比韩剧	The drama of this 5 billion divorce case rivals that of a Korean drama.	50亿离婚案这戏剧性程度堪比韩剧	The drama of the 5 billion divorce case rivals that of a Korean drama.	The drama level of the 5 billion divorce case rivals a Korean drama
B-MIX-033	MIX	96.55	96.63	0.08	68.80	76.56	7.75	100	0	-100	今日OOTD分享	Today's OOTD share	今日穿搭分享	Today's outfit share	today's OOTD drop
B-MIX-034	MIX	80.51	81.92	1.41	69.62	72.70	3.08	100	100	0	赛里木湖这波操作太low了，景区管理丢人	The way Sayram Lake handled this is just so low-class—the scenic area management is an embarrassment.	赛里木湖这波操作太低级了，景区管理丢人	The way Sayram Lake handled this is utterly low-class—an embarrassment for the scenic area management.	Sarim Lake's move this time is too low-class, scenic area management is embarrassing
B-MIX-035	MIX	100.00	99.66	-0.34	84.73	82.20	-2.53	100	0	-100	OMG这也太好看了	OMG, this is so beautiful.	我的天这也太好看了	Oh my god, this is absolutely stunning.	OMG this looks so good
B-MIX-036	MIX	92.39	92.76	0.37	57.74	77.31	19.56	0	0	0	腾讯这波泄密事件直接social death了	Tencent’s recent leak incident has led to outright social death.	腾讯这波泄密事件直接社会性死亡了	Tencent has suffered a complete social death with this wave of leaks.	Tencent's leak incident this time resulted in total social suicide
B-MIX-037	MIX	95.37	92.36	-3.01	84.10	82.00	-2.10	100	0	-100	这游戏全DLC都买了，花了好几百	I bought all the DLC for this game, costing me several hundred yuan.	这游戏全可下载内容都买了，花了好几百	I bought all the downloadable content for this game, spending several hundred yuan.	bought all the DLC spent several hundred
B-MIX-038	MIX	95.96	97.49	1.53	74.89	80.87	5.98	0	0	0	显卡涨价涨成这样，简直是price离谱	The price of graphics cards has skyrocketed to such an extent—it's simply absurd.	显卡涨价涨成这样，简直是价格离谱	The price of graphics cards has skyrocketed to such an extent that it's simply outrageous.	GPU prices going up this much, the price is just outrageous
B-MIX-039	MIX	99.12	88.91	-10.21	80.37	79.87	-0.50	100	0	-100	这个GMV变高了	This GMV has increased.	这个商品交易总额变高了	The gross merchandise volume has increased.	this GMV went up
B-MIX-040	MIX	97.86	96.78	-1.08	77.68	80.69	3.01	100	100	0	过度分享这件事真的太trigger了，边界感很重要	Oversharing is really triggering; a sense of boundaries is so important.	过度分享这件事真的太触发了，边界感很重要	Oversharing is really triggering; a sense of boundaries is so important.	Oversharing is really triggering. Boundaries matter.
B-MIX-041	MIX	95.54	96.46	0.92	82.70	81.07	-1.64	100	100	0	这个meme太火了	This meme is insanely popular.	这个梗太火了	This meme is insanely popular.	this meme is too fire lol
B-MIX-042	MIX	93.96	97.00	3.05	73.81	77.79	3.98	100	100	0	陈哲远在密逃里的reaction太搞笑了	"Chen Zheyuan's reactions in ""Escape Room"" are absolutely hilarious."	陈哲远在密逃里的反应太搞笑了	Chen Zheyuan's reactions in the escape room are absolutely hilarious.	Chen Zheyuan's reaction in the escape room show is too funny
B-MIX-043	MIX	95.03	84.92	-10.12	69.82	76.29	6.46	100	0	-100	用来换做成AGI的概率	The probability of converting it into AGI.	用来换做成通用人工智能的概率	The probability of converting it into artificial general intelligence	probability of achieving AGI
B-MIX-044	MIX	95.02	94.43	-0.58	81.40	80.16	-1.25	100	100	0	50亿离婚案这个level太高了，普通人理解不了	A divorce case worth 5 billion is on such a high level that ordinary people can't understand it.	50亿离婚案这个级别太高了，普通人理解不了	The 5 billion divorce case is on such a high level that ordinary people can't understand it.	The level of the 5 billion divorce case is too high, ordinary people can't understand
B-MIX-045	MIX	95.82	85.99	-9.83	79.39	77.21	-2.18	100	0	-100	cosplay得很好，很像	The cosplay is really well done and looks very accurate.	角色扮演得很好，很像	The role was played very well, very convincingly.	cosplay done right looks so similar
B-MIX-046	MIX	94.54	96.31	1.77	81.67	84.16	2.49	100	100	0	这个app一到发售就崩	This app crashes as soon as it goes on sale.	这个应用一到发售就崩	The app crashed as soon as it was released.	this app crashes every launch
B-MIX-047	MIX	96.21	99.84	3.63	74.79	85.92	11.13	0	0	0	这个角色太OP了	This character is way too OP.	这个角色太强了	This character is way too powerful.	this character is way too overpowered
B-MIX-048	MIX	87.13	90.83	3.70	72.34	73.62	1.28	100	100	0	lpl历史上有像清算48同样力度的清算吗？	Has there ever been a reckoning in LPL history as intense as the one against 48?	LPL历史上有像清算48同样力度的清算吗？	Has there ever been a reckoning in LPL history as intense as the one against 48?	has there ever been a reckoning as hard as '48' in LPL history?
B-MIX-049	MIX	85.50	93.45	7.95	83.87	77.91	-5.96	0	0	0	加个buff，变得更强	Add a buff and become stronger.	加个增益，变得更强	Add a boost, become stronger.	add a power-up get stronger ez
B-MIX-050	MIX	100.00	99.12	-0.88	84.73	84.61	-0.12	100	100	0	这个logo设计得好	This logo is well designed.	这个品牌标识设计得好	This brand logo is well designed.	this logo is well designed
B-MIX-051	MIX	90.19	82.92	-7.27	60.14	79.47	19.33	100	0	-100	被nerf了，变弱了	Nerfed, became weaker.	被削弱了，变弱了	Weakened, become weaker.	got nerfed got weaker smh
B-MIX-052	MIX	94.73	95.22	0.49	82.23	83.10	0.87	0	0	0	我刚才去打apex了	I was just playing Apex.	我刚才去打Apex了	I was just playing Apex.	just went to play Apex
B-MIX-053	MIX	98.95	99.96	1.01	85.13	84.01	-1.13	100	100	0	GDP十强省份变了	The top 10 provinces by GDP have changed.	国内生产总值十强省份变了	The top ten provinces by GDP have changed.	GDP top 10 provinces changed
B-MIX-054	MIX	91.87	90.49	-1.38	71.07	76.32	5.25	0	0	0	GG了，完了	GG, it's over.	完了，完了	It's over, it's over.	It's game over, we're done for.
B-MIX-055	MIX	72.41	72.67	0.26	52.56	60.20	7.64	0	100	100	就是在cp里吃瓜	Just eating melons in the CP.	就是在搭档组合里吃瓜	Just eating popcorn in a duo partnership.	just watching the drama in the ship
B-MIX-056	MIX	93.44	97.24	3.79	37.92	62.37	24.45	100	100	0	图样森破，你太天真了	Too young, too simple, you are too naive.	Too young too simple，你太天真了	Too young, too simple, you are too naive.	too young too simple you're too naive
B-MIX-057	MIX	98.76	97.64	-1.13	85.48	84.55	-0.93	100	0	-100	这个AI太厉害了	This AI is incredibly impressive.	这个人工智能太厉害了	This artificial intelligence is incredibly impressive.	this AI is way too OP fr
B-MIX-058	MIX	75.64	68.72	-6.92	41.47	44.02	2.55	100	100	0	carry全场，带飞	carry the whole game, lead the team to victory	带飞全场，带飞	"""Carry the whole game, carry to victory."""	carrying the whole squad what a carry
B-MIX-059	MIX	98.78	96.32	-2.46	84.07	83.64	-0.44	100	0	-100	她学的是泰语又不是IT	She studied Thai, not IT.	她学的是泰语又不是信息技术	She studied Thai, not information technology.	she studies Thai not IT
B-MIX-060	MIX	99.49	99.40	-0.09	82.21	79.88	-2.33	100	100	0	VIP通道真快	The VIP lane is really fast.	贵宾通道真快	The VIP lane is really fast.	VIP lane is so fast
B-MIX-061	MIX	83.96	73.01	-10.96	60.50	49.05	-11.45	0	0	0	solo一下，单挑	Let’s go one-on-one.	单挑一下，单挑	Let’s settle this one-on-one.	solo it 1v1 me bro
B-MIX-062	MIX	98.69	100.00	1.31	80.68	84.79	4.10	0	0	0	这个PK谁赢了	Who won this PK?	这个对决谁赢了	Who won this showdown?	who won this duel
B-MIX-063	MIX	86.25	83.73	-2.52	69.15	78.01	8.86	100	100	0	因凡蒂诺和FIFA演都不演了，这是纯把梅西世界杯金球奖给抢劫了	Infantino and FIFA didn’t even bother to hide it—this is outright robbing Messi of the World Cup Golden Ball.	因凡蒂诺和国际足联演都不演了，这是纯把梅西世界杯金球奖给抢劫了	Infantino and FIFA didn’t even bother to pretend anymore—this is outright robbing Messi of the World Cup Golden Ball.	Infantino and FIFA aren't even hiding it anymore straight up robbed Messi of the World Cup Golden Ball
B-MIX-064	MIX	97.62	96.78	-0.84	82.55	82.17	-0.37	100	100	0	做个SPA放松一下	Get a SPA treatment to relax.	做个水疗放松一下	Treat yourself to a spa and relax.	getting a spa to relax
B-MIX-065	MIX	95.49	91.63	-3.86	47.49	55.09	7.60	100	100	0	这个DJ太嗨了	This DJ is absolutely lit!	这个唱片骑师太嗨了	This DJ is totally hyped up.	this DJ is too lit
B-MIX-066	MIX	87.11	85.73	-1.38	73.40	75.78	2.38	0	0	0	Rush E 朗朗PK街头钢琴家	Rush E: Lang Lang vs. Street Pianist	Rush E 朗朗对决街头钢琴家	Rush E: Lang Lang faces off against a street pianist	Rush E Lang Lang versus street pianist
B-MIX-067	MIX	92.86	91.36	-1.51	77.98	77.52	-0.46	0	100	100	这动漫OP太好听了，循环播放	The OP for this anime is so good, I’ve got it on repeat.	这动漫片头曲太好听了，循环播放	The opening theme of this anime is so good, I've got it on repeat.	this anime opening slaps on loop
B-MIX-068	MIX	96.12	95.69	-0.43	83.81	84.03	0.22	100	0	-100	买个iPad记笔记	Buy an iPad for taking notes.	买个平板电脑记笔记	Buy a tablet for taking notes.	getting an iPad for notes
B-MIX-069	MIX	84.35	84.01	-0.33	61.45	62.32	0.88	100	100	0	抖音的bgm怎么突然变得那么难听了到处都是想问问你敢不敢还有那天我经过一片花园	"Why has Douyin's background music suddenly become so unpleasant? Everywhere you go, it's ""I want to ask you, do you dare"" and ""That day I passed by a garden."""	抖音的背景音乐怎么突然变得那么难听了到处都是想问问你敢不敢还有那天我经过一片花园	"Why has the background music on Douyin suddenly become so unpleasant? Everywhere you hear ""I want to ask if you dare"" and ""That day I passed by a garden."""	why has Douyin's background music gotten so bad everywhere it's either 'I Want to Ask If You Dare' or 'That Day I Passed a Garden'
B-MIX-070	MIX	97.82	98.97	1.15	83.18	81.39	-1.79	0	0	0	这个PPT做得好	This PowerPoint is well done.	这个演示文稿做得好	This presentation is well done.	this PowerPoint is well made
B-MIX-071	MIX	72.79	77.08	4.29	41.51	67.31	25.80	100	100	0	法法这期ooc了吧	Fafa's out of character this time, right?	法法这期脱离扮演角色了吧	Fafa stepped out of character in this episode, didn't they?	Fafa was so out of character this episode bruh
B-MIX-072	MIX	97.02	97.09	0.07	77.76	75.21	-2.55	100	100	0	3.5h通关	3.5 hours to complete	3.5小时通关	3.5 hours to complete	beat the game in 3.5 hours
B-MIX-073	MIX	94.08	96.14	2.06	70.71	69.33	-1.37	100	0	-100	这个ins风好看	This Instagram-style look is beautiful.	这个网红风好看	This influencer-style aesthetic looks great.	this Instagram aesthetic looks good
B-MIX-074	MIX	86.45	94.64	8.19	70.69	81.66	10.97	100	0	-100	我的文化水平belike	My level of education is like	我的文化水平就像这样	My level of education is just like this.	my education level be like lmao
B-MIX-075	MIX	98.54	98.87	0.33	79.67	82.44	2.77	100	100	0	来杯matcha	A cup of matcha, please.	来杯抹茶	A cup of matcha, please.	a cup of matcha
B-MIX-076	MIX	97.39	98.07	0.68	83.12	84.85	1.73	100	0	-100	店员花一秒钟get到你的意思了	The shop assistant took just one second to get what you meant.	店员花一秒钟理解到你的意思了	The shop assistant took a second to understand what you meant.	the clerk took one second to get your meaning
B-MIX-077	MIX	99.94	95.92	-4.02	83.89	79.64	-4.25	100	0	-100	这个vlog拍得好	This vlog is well shot.	这个视频博客拍得好	This video blog is well shot.	this vlog is well shot
B-MIX-078	MIX	82.25	91.49	9.24	56.05	76.96	20.91	0	0	0	学习上problem不能发作	Problems in learning cannot be acted out.	学习上问题不能发作	Problems in learning cannot be allowed to erupt.	can't let the issue flare up during studying
B-MIX-079	MIX	93.62	93.74	0.12	76.36	79.64	3.28	100	100	0	好久没有笑的这么开心了，必须收藏起来emo了再看	I haven't laughed this happily in a long time—gotta save this for when I'm feeling down.	好久没有笑的这么开心了，必须收藏起来抑郁了再看	I haven't laughed this happily in a long time—must save this for when I'm feeling down.	haven't laughed this hard in ages saving it to watch when I'm feeling down fr
B-MIX-080	MIX	88.15	87.58	-0.57	77.20	74.52	-2.68	100	100	0	cult导演后悔道剧组没有你	The cult director regretted that the crew didn't have you.	邪典导演后悔道剧组没有你	The cult director regretfully said that the crew was missing you.	cult director regrets not having you on set
B-MIX-081	MIX	58.81	55.92	-2.89	64.13	59.98	-4.15	0	0	0	从技术舞美上讲是挺牛，但从意识上讲buff快叠满了	Technically speaking, the stagecraft is quite impressive, but conceptually, the buffs are almost fully stacked.	从技术舞美上讲是挺牛，但从意识上讲增益快叠满了	Technically speaking, the stagecraft is impressive, but conceptually, the buffs are almost fully stacked.	technically the stage design is pretty sick but ideologically the power-ups are almost fully stacked
B-MIX-082	MIX	61.25	61.99	0.74	75.82	81.91	6.09	100	100	0	上了初中就开始恶化了，甚至游戏也会拖一会儿再启动，作业拖到ddl就算是期末周也学不进去	Things started to get worse after I entered middle school—I’d even put off launching a game for a while, procrastinate on homework until the deadline, and couldn’t bring myself to study even during finals week.	上了初中就开始恶化了，甚至游戏也会拖一会儿再启动，作业拖到截止日期就算是期末周也学不进去	Things started to get worse after I entered middle school—I’d even put off launching a game for a while, procrastinate on homework until the deadline, and couldn’t bring myself to study even during finals week.	middle school hit different even games I delay homework till deadline even in finals week can't focus smh
B-MIX-083	MIX	92.84	95.25	2.41	63.32	76.03	12.71	100	100	0	ddl就在眼前了还在摆烂	The deadline is right around the corner, and you're still slacking off.	截止日期就在眼前了还在摆烂	The deadline is right around the corner, and you're still slacking off.	deadline is right there and you're still slacking
B-MIX-084	MIX	100.00	98.85	-1.15	84.20	73.38	-10.82	100	100	0	asmr助眠真的有用吗	Is ASMR really effective for helping with sleep?	自发性知觉经络反应助眠真的有用吗	Is ASMR really effective for helping with sleep?	does ASMR for sleep actually work
B-MIX-085	MIX	96.08	94.11	-1.97	74.05	81.01	6.96	100	100	0	超mean老奶一般是英语老师	Super mean old ladies are usually English teachers.	超刻薄老奶一般是英语老师	The super mean old lady is usually an English teacher.	Super mean old ladies are usually English teachers
B-MIX-086	MIX	92.44	95.46	3.02	60.58	79.26	18.68	100	0	-100	绝对音感的正确用法belike	The correct usage of absolute pitch be like	绝对音感的正确用法是这样	The correct way to use absolute pitch is like this.	The correct usage of absolute pitch be like
B-HOM-096	HOM	89.67	92.10	2.44	65.99	76.96	10.97	100	0	-100	孩好像真的很困了，但是一直被麻麻薅过来薅过去配合拍视频	The child seems really sleepy, but keeps being pulled back and forth by mom to cooperate with filming the video.	孩好像真的很困了，但是一直被妈妈薅过来薅过去配合拍视频	The child seems really sleepy, but keeps being pulled back and forth by the mother to cooperate with filming the video.	the kid really seems sleepy, but keeps getting dragged back and forth by mom to pose for the video
B-HOM-097	HOM	91.86	92.34	0.48	67.05	72.94	5.89	0	0	0	哈哈哈哈哈，不好意思哈哈哈哈哈没崩住	Hahahaha, sorry hahahaha, I couldn't hold it in.	哈哈哈哈哈，不好意思哈哈哈哈哈没绷住	Hahahaha, sorry hahahaha, I couldn't hold it in.	hahaha, sorry hahaha I couldn't hold it together
B-HOM-098	HOM	98.25	96.49	-1.76	81.87	81.02	-0.85	100	100	0	淦，忘记原版了，有谁能补一下？	Damn, I forgot the original version. Can someone reupload it?	干，忘记原版了，有谁能补一下？	Damn, I forgot the original version. Can anyone reupload it?	damn, I forgot the original, can anyone fill it in?
B-HOM-099	HOM	80.63	79.86	-0.76	64.76	56.12	-8.65	0	100	100	你们要是给我炮儿玩似了我看什么啊	If you guys mess around with me like that, what am I supposed to watch?	你们要是给我炮儿玩死了我看什么啊	If you play my cannon to death, what am I supposed to watch?	if you guys play my Pao'er to death, what am I supposed to watch?
B-PYA-087	PYA	89.93	92.06	2.13	74.72	76.40	1.68	0	0	0	快别TM说了，抓紧睡半个钟头，不然去早餐店要迟到了	Stop fucking talking and get some sleep for half an hour, or we'll be late for the breakfast place.	快别他妈说了，抓紧睡半个钟头，不然去早餐店要迟到了	Stop fucking talking and get some sleep for half an hour, or you'll be late for the breakfast place.	stop freaking talking and grab half an hour of sleep, or you'll be late for the breakfast shop
B-NEO-087	NEO	98.44	95.87	-2.57	76.17	84.32	8.15	0	0	0	某种意义上来看他也是个神人	In a sense, he is also a remarkable person.	某种意义上来看他也是个行为离谱的人	In a sense, he is also a person who behaves outrageously.	in a certain sense he's also an absolute character
B-NEO-088	NEO	71.68	86.36	14.68	72.33	72.26	-0.07	0	100	100	我都不知道出新图了，作业自己跑我脸上了	I didn't even know there was a new map, and now the homework just runs right into my face.	我都不知道出新图了，攻略自己跑我脸上了	I didn't even know there was a new map, and the guide just ran right into my face.	I didn't even know a new stage was out, and the guide just ran right into my face
B-NEO-089	NEO	93.47	99.78	6.31	79.15	80.83	1.69	0	0	0	无论从哪个层面来看，都是吊炸了	No matter how you look at it, it's absolutely mind-blowing.	无论从哪个层面来看，都是厉害极了	No matter how you look at it, it's absolutely amazing.	no matter how you look at it, it's insanely awesome
B-NEO-090	NEO	62.46	92.24	29.78	69.57	80.10	10.53	0	0	0	应该是的，不然怎么会气到把国粹给说出来了	It must be, otherwise how could they be so angry that they blurted out the quintessence of the culture?	应该是的，不然怎么会气到把脏话给说出来了	It must be, otherwise how could they be so angry that they started cursing?	must be, otherwise how would he get so angry that the swear words came out
B-NEO-091	NEO	92.49	95.92	3.43	71.36	78.88	7.52	0	0	0	说个冷知识，来俊臣的父亲名叫来操，是个挺生草的名字	Here’s a fun fact: Lai Junchen’s father was named Lai Cao, which is a pretty ridiculous name.	说个冷知识，来俊臣的父亲名叫来操，是个挺搞笑的名字	Here’s a fun fact: Lai Junchen’s father was named Lai Cao, which is a pretty funny name.	fun fact: Lai Junchen's father was named Lai Cao, which is a pretty hilarious name
B-NEO-092	NEO	80.48	83.07	2.59	73.32	64.96	-8.36	0	100	100	他不是好了，而是知道自己要凉了	He’s not getting better; he just knows he’s about to die.	他不是好了，而是知道自己要完蛋了	He is not better; he knows he is done for.	he's not better, he just knows he's done for
B-NEO-093	NEO	88.72	87.16	-1.57	58.76	61.05	2.29	0	0	0	置顶评论官方链接是淘宝就知道成分了	The pinned comment with an official link from Taobao tells you everything you need to know about what it really is.	置顶评论官方链接是淘宝就知道背景了	The pinned comment with the official link being Taobao tells you the background.	the pinned official link is Taobao, that alone tells you what they're really about
B-NEO-094	NEO	94.57	94.61	0.04	77.03	79.50	2.47	0	0	0	逆天。。我现在开车老走错路	Unbelievable... I keep taking wrong turns when driving now.	离谱。。我现在开车老走错路	Ridiculous... I keep taking wrong turns when driving now.	wild… I keep taking wrong turns when driving now
B-MIX-087	MIX	69.65	54.48	-15.17	44.38	74.00	29.62	100	0	-100	发现没火的作者belike	Found the author without fire belike	发现没火的作者就是这样	The author who discovered there was no fire is just like that.	discovering an underrated creator be like
B-MIX-088	MIX	95.01	94.07	-0.95	63.18	68.27	5.09	100	100	0	第一次尝试做这么长的动画 感觉k帧速度有所提升绝宝二周年快乐!	First time trying to make such a long animation—feels like my keyframing speed has improved. Happy 2nd anniversary, Juebao!	第一次尝试做这么长的动画 感觉打关键帧速度有所提升绝宝二周年快乐!	First time trying to make such a long animation—feels like my keyframing speed has improved. Happy 2nd anniversary, Juebao!	first time making such a long animation, my keyframing speed has improved — happy 2nd anniversary Juebao!
B-MIX-089	MIX	93.93	93.80	-0.13	79.41	81.95	2.54	100	100	0	或许它真的是福利最好的fps	Perhaps it really is the FPS with the best benefits.	或许它真的是福利最好的第一人称射击游戏	Perhaps it really is the first-person shooter with the best perks.	maybe it really is the FPS with the best freebies
B-MIX-090	MIX	91.45	91.57	0.12	67.43	66.32	-1.11	0	0	0	杨博文四代唯一C位队长	Yang Bowen, the only center and captain of the fourth generation.	杨博文四代唯一中心位队长	Yang Bowen, the sole center and captain of the fourth generation.	Yang Bowen, Gen 4's only center-position captain
B-HOM-100	NEO	81.52	70.65	-10.86	61.95	67.84	5.89	100	100	0	明显，队友大概率寄了，和上司有关，但扳机似乎记忆出现问题，咬死队友还活着，变相保护了上司，所以被上司放了	Obviously, the teammate is most likely dead, and it's connected to the superior. But Trigger seems to have memory issues, insisting that the teammate is still alive, which indirectly protects the superior, so the superior let Trigger go.	明显，队友大概率死了，和上司有关，但扳机似乎记忆出现问题，咬死队友还活着，变相保护了上司，所以被上司放了	Obviously, the teammate is most likely dead, and it's connected to the superior. But Trigger seems to have memory issues, insisting that the teammate is still alive, which indirectly protects the superior, so the superior let him go.	clearly the teammate is most likely dead and the boss is involved, but Trigger's memory seems broken — she insists the teammate is alive, which indirectly shielded the boss, so the boss let her go
B-HOM-101	HOM	82.65	74.11	-8.54	79.02	78.16	-0.86	0	0	0	怪兽：我已经破坏掉了你所有能获取光的办法，看你还怎么变身 迪迦：你钱包的钱还有多少？ 怪兽：全花光了 迪迦：恰！	"Monster: I've destroyed every way you can get light. Let's see how you transform now.  
Tiga: How much money is left in your wallet?  
Monster: All spent.  
Tiga: Chah!"	怪兽：我已经破坏掉了你所有能获取光的办法，看你还怎么变身 迪迦：你钱包的钱还有多少？ 怪兽：全花光了 迪迦：吃！	"Monster: I've destroyed every way you can get light. Let's see how you transform now.  
Tiga: How much money is left in your wallet?  
Monster: All spent.  
Tiga: Take this!"	Monster: I've destroyed every way you could gather light, let's see you transform now. Tiga: How much money is left in your wallet? Monster: All spent. Tiga: Nom!
B-HOM-102	HOM	81.72	82.28	0.56	65.38	79.53	14.15	100	100	0	人定不了天，一切的一切还是按照历史轨迹走，我记得是三段历史走向，猪脚心累了	Humans cannot defy fate; everything still follows the course of history. I remember there were three historical trajectories, and the protagonist is weary at heart.	人定不了天，一切的一切还是按照历史轨迹走，我记得是三段历史走向，主角心累了	Humans cannot defy fate; everything still follows the course of history. I remember there were three historical trajectories, and the protagonist grew weary at heart.	man can't defy heaven, everything still follows the track of history — I remember there were three historical branches, and the protagonist is exhausted
B-HOM-103	HOM	73.55	75.55	2.00	70.82	70.57	-0.25	0	100	100	笑成猪头最好笑是因为！！！我本来就觉得很好笑哈哈哈，看到这个蚌不住了！！！	The funniest part about laughing like a pig head is!!! I already thought it was hilarious hahaha, but seeing this I just can't hold it in!!!	笑成猪头最好笑是因为！！！我本来就觉得很好笑哈哈哈，看到这个绷不住了！！！	The funniest part about laughing like a pig head is!!! I already thought it was hilarious hahaha, but seeing this I just lost it!!!	the pig-head laugh is the funniest because!!! I already found it hilarious hahaha, and seeing this I just lost it!!!
B-HOM-104	HOM	85.61	90.70	5.09	78.82	79.47	0.65	0	100	100	真旅行青蛙！  去哪了 会给麻麻带明信片回来  真好	A true Travel Frog! Where did you go? You’ll bring a postcard back for Mama. That’s so nice.	真旅行青蛙！  去哪了 会给妈妈带明信片回来  真好	A true Travel Frog! Where did it go? It even brings back postcards for Mom. How lovely.	a real Travel Frog! wherever it goes, it brings postcards back for mom — so sweet
B-HOM-105	HOM	91.90	92.11	0.22	73.77	75.30	1.53	100	100	0	兄dei，这么好的猪 你舍得一次性吃完吗（于谦声）	Bro, such a fine pig—are you really willing to finish it all in one go? (in Yu Qian's voice)	兄弟，这么好的猪 你舍得一次性吃完吗（于谦声）	Bro, such a fine pig—are you really willing to finish it all in one go? (Yu Qian's voice)	bro, such a fine pig — could you really bear to eat it all in one go? (in Yu Qian's voice)
B-HOM-106	NEO	92.11	93.11	1.00	48.91	74.06	25.15	100	100	0	这高达味怎么这么重啊，真的是百合拯救了萝卜？	Why does this have such a strong Gundam vibe? Is it really yuri that saved the mecha genre?	这高达味怎么这么重啊，真的是百合拯救了机器人？	Why does this have such a strong Gundam vibe? Is it really yuri that saved the robots?	why does this feel so much like Gundam — did yuri really save the mecha genre?
B-HOM-107	HOM	96.90	95.78	-1.12	79.94	78.60	-1.34	100	100	0	淦，为什么要让我凌晨刷到，睡不着觉了()	Damn, why did I have to come across this in the middle of the night? Now I can't sleep.	干，为什么要让我凌晨刷到，睡不着觉了()	Damn, why did I have to come across this in the middle of the night? Now I can't sleep.	damn, why did I have to scroll onto this in the middle of the night, now I can't sleep ()
B-HOM-108	HOM	96.17	96.39	0.22	83.27	85.90	2.63	100	100	0	免责声明，此为系统自动播放，与我无瓜	Disclaimer: This is an automatic system playback and has nothing to do with me.	免责声明，此为系统自动播放，与我无关	Disclaimer: This is an automatic system playback and has nothing to do with me.	disclaimer: this was autoplayed by the system, nothing to do with me
B-HOM-109	HOM	86.20	90.37	4.17	62.17	61.67	-0.50	100	100	0	又第一了 带领兄弟萌再冲一次～～～～	Number one again, leading my brothers to charge once more~~~~	又第一了 带领兄弟们再冲一次～～～～	Number one again—leading the brothers for another charge!	number one again — leading the bros for one more charge~~~~
B-HOM-110	HOM	67.78	78.66	10.88	31.80	54.81	23.01	0	0	0	预计会火，火钳刘明	It's expected to go viral—marking my presence here before it blows up.	预计会火，火前留名	Expected to go viral, leaving my mark before it blows up.	this is going to blow up, leaving my name here before it does
B-HOM-111	HOM	52.45	71.15	18.70	66.78	72.65	5.86	0	0	0	扳机歪了，前来还怨	The trigger is crooked, and you come back to complain.	扳机歪了，前来还愿	The trigger is crooked, I've come to fulfill my vow.	my pull for Trigger went off-banner — here to repay my vow
B-HOM-112	HOM	96.81	97.83	1.02	75.56	83.35	7.80	0	0	0	梅森：这我可太熟辣！	Mason: I'm all too familiar with this!	梅森：这我可太熟啦！	Mason: I'm all too familiar with this!	Mason: now this I know all too well!
B-HOM-114	HOM	83.26	86.30	3.05	72.66	80.09	7.43	0	0	0	我不行了我笑得要噶了	I'm dying, I'm laughing so hard I'm about to croak.	我不行了我笑得要挂了	I'm dying, I'm laughing so hard I'm about to pass out.	I can't take it, I'm about to die laughing
B-HOM-115	HOM	84.22	87.25	3.03	72.00	79.22	7.22	0	0	0	活到老学到老,似了也要学习	Live and learn; even in death, keep learning.	活到老学到老,死了也要学习	Live and learn; even in death, keep learning.	live and learn — keep studying even when you're dead
B-HOM-116	HOM	85.83	89.94	4.11	50.96	63.11	12.15	100	0	-100	太好辣，是拐杖星人，我们没救了	Oh, great, it's the crutch aliens—we're doomed.	太好啦，是拐杖星人，我们没救了	Great, it's the crutch aliens—we're doomed.	oh great, it's the crutch alien, we're doomed
B-HOM-117	HOM	63.79	74.31	10.53	74.35	71.64	-2.71	0	0	0	老八胃大，无需多盐	Old Eight has a big stomach and doesn't need much salt.	老八胃大，无需多言	Old Eight has a big appetite, no need to say more.	Laoba has a big stomach — no more words needed
B-HOM-118	HOM	97.77	99.58	1.82	62.97	85.01	22.04	100	0	-100	雾草这幕太美了	Holy crap, this scene is absolutely stunning.	卧槽这幕太美了	Holy shit, this scene is absolutely stunning.	holy crap this scene is gorgeous
B-HOM-119	NEO	98.26	100.00	1.74	67.77	85.67	17.90	100	100	0	欧内该，我什么都愿意做	Please, I'm willing to do anything.	拜托了，我什么都愿意做	Please, I'm willing to do anything.	please, I'll do anything
B-HOM-120	HOM	98.58	98.60	0.02	71.42	73.90	2.47	100	100	0	果然混元是个妹纸	As expected, Hunyuan is a girl.	果然混元是个妹子	As expected, Hunyuan is a girl.	so Hunyuan really is a girl after all
B-HOM-121	HOM	86.19	93.34	7.15	48.41	72.75	24.34	100	100	0	年轻人不讲武德！耗子尾汁	Young people have no martial virtue! You'd better watch yourself.	年轻人不讲武德！好自为之	Young people have no martial virtue! Behave yourself.	young people have no martial virtue! you'd better behave yourselves
B-HOM-122	HOM	91.03	92.05	1.02	46.81	46.00	-0.81	0	0	0	官方踏马自黑，这下别人黑不了了	The officials are roasting themselves, so now no one else can roast them.	官方他妈自黑，这下别人黑不了了	The officials are roasting themselves, so now no one else can roast them.	the officials are freaking roasting themselves, now nobody else can roast them
B-HOM-123	HOM	91.16	96.70	5.54	63.09	72.66	9.57	0	0	0	这俩老男人的沙雕人生	The absurd lives of these two old men	这俩老男人的傻屌人生	The dumbass lives of these two old men	the goofball life of these two old guys
B-HOM-124	HOM	79.60	96.39	16.78	68.26	82.51	14.25	0	100	100	被天使蚊过的嗓子	A throat bitten by an angel mosquito.	被天使吻过的嗓子	A voice kissed by an angel	a voice kissed by an angel
B-HOM-125	HOM	99.26	99.47	0.21	65.45	81.21	15.76	100	100	0	上一个视频就是不讲内个	The last video just didn't mention that.	上一个视频就是不讲那个	The previous video just didn't mention that.	the last video just wouldn't talk about that
B-HOM-127	HOM	93.54	86.28	-7.26	41.11	44.56	3.45	100	0	-100	可以四了这游戏	This game can just die already.	可以死了这游戏	This game is so dead.	this game can just die already
B-HOM-128	HOM	90.75	98.77	8.02	59.81	80.05	20.24	100	100	0	全体欣赏阴乐	Everyone, please enjoy the dark music.	全体欣赏音乐	Everyone, enjoy the music.	everyone, enjoy the music
B-HOM-129	HOM	75.10	73.64	-1.47	66.13	50.86	-15.28	100	100	0	锁呐区甲亢哥	Jia Kang Ge in the Suona District	唢呐区甲亢哥	Suona District Hyperthyroidism Bro	suona-section Speed
B-HOM-130	HOM	93.20	98.89	5.69	49.32	84.06	34.74	100	0	-100	哎你怎么似了	Hey, how come you're dead?	哎你怎么死了	Huh? How did you die?	hey, how come you died
B-HOM-131	HOM	85.62	98.72	13.10	63.31	82.95	19.64	0	100	100	密码的，很久没笑得这么无语了	Password, haven't laughed this speechlessly in a long time.	妈的，很久没笑得这么无语了	Damn, it's been a long time since I've laughed this speechlessly.	damn, it's been ages since I laughed this speechlessly
B-PYA-088	PYA	96.17	96.21	0.05	82.92	83.44	0.52	100	100	0	不是，我TM哪来的教材，你在逗我呢	No, where the hell would I get a textbook? Are you kidding me?	不是，我他妈哪来的教材，你在逗我呢	No, where the hell would I get a textbook? Are you kidding me?	wait, where the hell would I get a textbook, are you kidding me
B-PYA-089	PYA	97.07	97.65	0.58	77.80	80.98	3.19	100	100	0	md，这军方也这么乱，难怪市民们这么乐观，哈哈	Damn, even the military is this chaotic, no wonder the citizens are so optimistic, haha.	妈的，这军方也这么乱，难怪市民们这么乐观，哈哈	Damn, even the military is this chaotic, no wonder the citizens are so optimistic, haha.	damn, even the military is this chaotic, no wonder the citizens are so optimistic, haha
B-PYA-090	PYA	88.24	92.42	4.17	77.03	80.40	3.36	0	0	0	wc我想要高斯裤子的链接，真的好帅	wc I want the link to Gauss's pants, they're really so cool	卧槽我想要高斯裤子的链接，真的好帅	Holy shit, I want the link to those Gauss pants, they look so damn cool.	whoa I want the link to Gauss's pants, they look so cool
B-PYA-091	PYA	91.26	93.32	2.06	69.32	70.27	0.95	0	0	0	WC，这都能被发现啊	WC, how was this even discovered?	卧槽，这都能被发现啊	Holy shit, how did they even find that?	whoa, even this got noticed
B-PYA-092	PYA	96.60	98.88	2.29	81.24	85.38	4.14	0	100	100	woc太萌了	woc, so cute	卧槽太萌了	Holy crap, that's too cute!	omg so cute
B-PYA-093	PYA	85.33	94.08	8.75	70.58	75.81	5.23	0	100	100	dbq小啵有点像触电了	dbq Xiaobo looks a bit like he got electrocuted.	对不起小啵有点像触电了	Sorry, Xiaobo looks a bit like he got electrocuted.	sorry but Xiaobo kind of looks electrocuted
B-PYA-094	PYA	95.37	96.90	1.53	77.62	83.40	5.79	100	0	-100	无线能源是基于无线水的原理吗？(bushi)	Is wireless energy based on the principle of wireless water? (just kidding)	无线能源是基于无线水的原理吗？(不是)	Is wireless energy based on the principle of wireless water? (No)	is wireless energy based on the principle of wireless water? (jk)
B-PYA-095	PYA	85.71	92.83	7.12	57.87	73.11	15.25	0	0	0	光明，赐予我力量（bushi）	Light, grant me strength (not really)	光明，赐予我力量（不是）	Light, grant me strength (not)	light, grant me power (jk)
B-PYA-096	PYA	99.57	99.39	-0.18	81.60	82.91	1.31	100	100	0	这么说我才发现字幕不是视频自带的hhhh	That said, I just realized the subtitles aren’t part of the video itself hahaha	这么说我才发现字幕不是视频自带的哈哈哈哈	Oh, so that's when I realized the subtitles weren't part of the video itself hahaha	now that you mention it, I just realized the subtitles aren't part of the video hahaha
B-PYA-097	PYA	83.05	82.14	-0.91	79.88	80.39	0.52	0	100	100	完了疑似吉米被吓疯了hh	Done. It seems like Jimmy was scared out of his wits lol	完了疑似吉米被吓疯了哈哈	Done. It seems like Jimmy was scared out of his wits, haha.	uh oh, Jimmy seems scared out of his mind haha
B-PYA-098	PYA	92.92	95.84	2.92	78.62	81.34	2.73	0	100	100	看清楚材质吧，pdd很多都是聚酯纤维，你问客服没几个敢说是纯棉的	Check the material carefully. Many products on PDD are polyester, and if you ask customer service, few dare to claim they're pure cotton.	看清楚材质吧，拼多多很多都是聚酯纤维，你问客服没几个敢说是纯棉的	Check the material carefully—many items on Pinduoduo are polyester, and if you ask customer service, few dare to claim they're pure cotton.	check the fabric carefully — a lot of stuff on Pinduoduo is polyester, and few customer-service reps dare claim it's pure cotton
B-PYA-099	PYA	78.11	88.10	9.98	70.58	72.08	1.50	0	0	0	27W收藏4W点赞服了不提醒还不知道........	27W bookmarks, 4W likes. Damn, I wouldn't have known if I wasn't reminded...	27万收藏4万点赞服了不提醒还不知道........	270,000 bookmarks and 40,000 likes. I'm speechless—if I hadn't been reminded, I wouldn't have even known...	270k saves and 40k likes, unbelievable — I wouldn't even have known without the reminder……
B-PYA-100	PYA	88.78	96.04	7.26	77.12	81.32	4.20	0	0	0	20w收藏3w点赞	20w bookmarks, 30k likes	20万收藏3万点赞	200,000 bookmarks and 30,000 likes	200k saves, 30k likes
B-PYA-101	PYA	89.03	91.17	2.14	80.68	82.76	2.08	0	0	0	啊？60w围攻45w的城，对方还以骑兵为主？？！	What? 600,000 besieging a city of 450,000, and the enemy is mainly cavalry?!	啊？60万围攻45万的城，对方还以骑兵为主？？！	Huh? 600,000 besieging a city of 450,000, and the enemy is mainly cavalry?!	what? 600k besieging a city of 450k, and the enemy is mostly cavalry??!
B-PYA-102	PYA	77.55	79.71	2.16	64.81	67.56	2.75	100	0	-100	“义人，就是ta，欺负我。”	The righteous one, that is him, bullies me.	“义人，就是他，欺负我。”	"""The righteous one, it is he, who bullies me."""	Righteous one, it was them — they bullied me.
B-PYA-103	PYA	59.95	96.12	36.17	45.15	75.00	29.85	0	100	100	好装好假好ex	Good outfit, good fake, good ex	好装好假好恶心	So fake, so pretentious, so disgusting.	so pretentious, so fake, so gross
B-PYA-104	PYA	61.67	78.57	16.90	55.54	52.18	-3.36	0	100	100	死yxh滚远点	Fuck off, dead yxh.	死营销号滚远点	Get lost, you dead clickbait account.	damn clickbait accounts, get lost
B-PYA-106	PYA	94.16	90.04	-4.11	72.50	74.10	1.60	100	100	0	牛啊，我怎么幻听出歌词了(bushi)	Wow, that's amazing—why am I hallucinating the lyrics? (just kidding)	牛啊，我怎么幻听出歌词了(不是)	Wow, that's amazing—how am I hallucinating the lyrics? (just kidding)	impressive — why am I hallucinating lyrics out of this (jk)
B-PYA-107	PYA	92.43	94.11	1.68	73.14	75.02	1.88	100	100	0	心灵感应原版就是致敬火花hhh	The original version of telepathy is a tribute to Spark, hahaha.	心灵感应原版就是致敬火花哈哈哈	The original version of telepathy is a tribute to Spark, hahaha.	the original Telepathy really is a homage to Spark hahaha
B-PYA-108	PYA	84.68	87.69	3.00	68.90	69.90	1.01	0	0	0	woc瞬间高清修补版	"""Woc instant HD repair version"""	卧槽瞬间高清修补版	Holy shit, instant HD remastered version	whoa, instantly the HD restored version
B-NEO-096	NEO	81.79	87.28	5.49	82.10	81.29	-0.81	0	0	0	泪目，我一直不知道自己想做什么，感觉选择的大都错了，已经索性不想选择了...糟糕啊...	Tears welling up... I've never known what I want to do, and I feel like most of my choices have been wrong. I've simply stopped wanting to choose anymore... It's a mess...	眼泛泪光，我一直不知道自己想做什么，感觉选择的大都错了，已经索性不想选择了...糟糕啊...	Tears welling up in my eyes, I’ve never really known what I want to do. It feels like most of the choices I’ve made have been wrong, and I’ve just given up on choosing altogether... It’s a mess...	tearing up — I've never known what I want to do, feels like most of my choices were wrong, and now I've simply stopped choosing… this is bad…
B-NEO-097	NEO	87.40	87.47	0.08	80.55	81.38	0.84	0	0	0	10后，上一次看是三年前了，但是也泪目了	After 10 years, the last time I watched it was three years ago, but it still brought tears to my eyes.	10后，上一次看是三年前了，但是也落泪了	After 10 years, the last time I watched it was three years ago, but I still shed tears.	born after 2010 — last watched this three years ago, but it still made me tear up
B-NEO-098	NEO	90.28	85.44	-4.84	75.55	78.28	2.74	0	0	0	虽然整个乐队前期像拼好队一样，但是结局随着独角兽的回归写的还是不错的	Although the band seemed like a hastily assembled group in the early stages, the ending was written quite well with the return of the unicorn.	虽然整个乐队前期像拼凑起来的队伍一样，但是结局随着独角兽的回归写的还是不错的	Although the band seemed like a makeshift group in the beginning, the ending was written quite well with the return of the unicorn.	even though the band felt like a thrown-together group-buy squad early on, the ending with the unicorn's return was written pretty well
B-NEO-099	NEO	64.51	82.83	18.33	72.95	77.89	4.94	0	0	0	“苏新皓你好的太突出”这句话的含金量还在上升	"""Su Xinhao, your excellence is too outstanding""—the weight of this statement is still rising."	“苏新皓你好的太突出”这句话的价值还在提升	"The value of the phrase ""Su Xinhao, you are outstandingly good"" is still rising."	"the line ""Su Xinhao, your hello is too striking"" keeps proving truer and truer"
B-NEO-100	NEO	89.70	93.06	3.35	72.06	70.70	-1.36	0	0	0	扎格列斯之手的含金量还在上升！	The prestige of the Hand of Zagreus is still on the rise!	扎格列斯之手的价值还在提升！	The value of the Hand of Zagreus is still rising!	the Hand of Zagreus keeps proving its worth!
B-NEO-101	NEO	74.58	60.66	-13.92	53.84	68.49	14.65	100	0	-100	红温了，把打野怪爆的装备给炸了，你好歹拿一些吧	I'm fuming—you blew up the gear dropped by the jungle monster. Couldn't you at least take some of it?	气急了，把打野怪爆的装备给炸了，你好歹拿一些吧	Furious, I blew up the equipment dropped by the wild monster—couldn't you at least take some of it?	he's fuming — blew up the gear dropped from jungle monsters, at least take some of it, man
B-NEO-102	NEO	83.47	93.35	9.88	77.85	77.31	-0.54	0	0	0	反派看到了硬控他的回忆……	The villain saw the memories that were forcibly controlling him...	反派看到了完全控制住他的回忆……	The villain saw the memories that completely controlled him...	the villain saw the memories that completely transfixed him……
B-NEO-103	NEO	95.91	93.34	-2.57	71.38	74.60	3.22	100	0	-100	我还以为是9.9元拼好饭呢	I thought it was a 9.9 yuan group meal deal.	我还以为是9.9元拼单买的饭呢	I thought it was a meal bought through a 9.9 yuan group order.	I thought it was a 9.9-yuan group-buy meal deal
B-NEO-104	NEO	83.44	78.23	-5.21	62.77	75.39	12.62	0	0	0	向佐药水哥梦幻联动！	Xiang Zuo and Yao Shui Ge have an epic crossover!	向佐药水哥跨界合作！	Xiang Zuo and Yao Shui Ge team up for a crossover collaboration!	Xiang Zuo and Yaoshui-ge, a dream crossover!
B-NEO-105	NEO	65.73	79.31	13.57	61.38	55.48	-5.91	0	0	0	电子榨菜配跳跳糖	Electronic pickles paired with popping candy	下饭视频配跳跳糖	A meal-worthy video paired with popping candy	comfort-viewing video paired with popping candy
B-NEO-106	NEO	96.44	95.77	-0.67	73.81	81.29	7.48	100	0	-100	这声音绝绝子	This voice is absolutely amazing.	这声音好极了	That sounds wonderful.	this voice is simply divine
B-NEO-107	NEO	81.14	80.77	-0.37	59.79	68.39	8.60	0	100	100	假师傅让拜，真师傅反而不让拜，难绷了	The fake master asks you to bow, but the real master won’t let you—hard to take.	假师傅让拜，真师傅反而不让拜，让人无语了	The fake master asks you to bow, while the real master won’t let you—it’s just speechless.	the fake master lets you bow to him, but the real master won't — I can't even
B-NEO-108	NEO	99.00	99.22	0.22	76.07	82.22	6.16	0	0	0	一想到一睁眼就有倒计时就难绷	The thought of waking up to a countdown is just unbearable.	一想到一睁眼就有倒计时就受不了	The thought of waking up to a countdown is unbearable.	the thought of waking up to a countdown every day just breaks me
B-MIX-092	MIX	93.42	87.10	-6.32	76.55	72.20	-4.36	100	100	0	完全不给队友上buff的机会	Not giving teammates any chance to apply buffs at all.	完全不给队友上增益的机会	Not giving teammates any chance to receive buffs at all.	gives teammates zero chance to apply buffs
B-MIX-093	MIX	69.55	75.74	6.20	64.78	63.88	-0.91	100	100	0	不会侵蚀后全是boss吧	It won't be all bosses after the erosion, right?	不会侵蚀后全是头目吧	It won't be all bosses after the erosion, right?	don't tell me everything after the corruption is a boss
B-MIX-094	MIX	96.92	86.01	-10.91	75.61	65.83	-9.78	100	0	-100	顾客：心平气和.jpg	Customer: Calm and composed.jpg	顾客：心平气和的表情包	Customer: Calm and composed emoji pack	customer: calm-and-composed.jpg
B-MIX-095	MIX	98.53	97.01	-1.53	81.08	80.20	-0.88	100	100	0	海皇cpu高速运转中……	The Sea Emperor's CPU is running at high speed...	海皇大脑高速运转中……	The Sea Emperor's brain is running at high speed...	the Sea Emperor's CPU is running at full speed……
B-MIX-096	MIX	88.65	70.17	-18.47	70.27	76.01	5.75	100	100	0	可以无限卡bug，站起来再躺下去，站起来再躺下去。	You can exploit the bug infinitely—stand up and lie down, stand up and lie down again.	可以无限卡漏洞，站起来再躺下去，站起来再躺下去。	You can exploit the glitch infinitely—stand up, lie down, stand up, lie down.	you can exploit the bug endlessly — stand up, lie back down, stand up, lie back down.
B-MIX-097	MIX	67.78	51.27	-16.51	42.11	49.79	7.68	0	0	0	在扳机的视频里刷什么悠真真的很ky好吧	"It's really tactless to spam ""Harumasa"" in the comments of Trigger's video, okay?"	在扳机的视频里刷什么悠真真的很不会看气氛好吧	Posting comments about Youzhen in a Trigger video really shows a lack of reading the room, okay?	spamming Harumasa comments on a Trigger video is honestly so tone-deaf, okay
B-MIX-098	MIX	90.92	80.13	-10.80	67.90	74.03	6.13	100	100	0	别什么过场都搞qte，破坏连贯	Don't turn every sequence into a QTE; it ruins the flow.	别什么过场都搞快速反应事件，破坏连贯	Don't turn every scene into a quick-time event; it breaks the flow.	stop putting QTEs in every cutscene, it ruins the flow
B-MIX-099	MIX	97.26	95.14	-2.12	63.51	66.70	3.20	100	0	-100	不是哥们，怎么pv就删了。	Wait, bro, why was the PV deleted?	不是哥们，怎么宣传片就删了。	Wait, bro, why was the trailer deleted?	wait bro, why did the PV get deleted.
B-MIX-100	MIX	99.83	99.52	-0.32	83.05	81.92	-1.13	100	100	0	要是做出这样的mod，那就有意思了	It would be interesting if such a mod were made.	要是做出这样的模组，那就有意思了	It would be interesting if such a mod were made.	if someone made a mod like this, that would be fun
B-MIX-101	MIX	94.30	90.35	-3.96	75.26	76.02	0.76	100	100	0	omg！这是谁家的小孩这么有出息啊啊啊啊啊	OMG! Whose kid is this, so incredibly promising aaaaaaaah!	我的天！这是谁家的小孩这么有出息啊啊啊啊啊	Oh my god! Whose child is this that's so outstanding ahhhhhhh	omg! whose kid is this, so talented ahhhh
B-MIX-102	MIX	97.97	97.88	-0.09	75.29	74.58	-0.71	100	100	0	很多老外不知道田一鸣叫什么，就叫他super idol	"Many foreigners don't know Tian Yiming's name, so they just call him ""Super Idol."""	很多老外不知道田一鸣叫什么，就叫他超级偶像	Many foreigners don't know Tian Yiming's name, so they just call him Super Idol.	many foreigners don't know Tian Yiming's name, so they just call him super idol
B-MIX-103	MIX	82.78	92.00	9.22	75.91	75.29	-0.61	100	0	-100	知名up主老番茄视频内容不慎跌回五年前的水平	The video content of well-known content creator Old Tomato has inadvertently dropped back to the level of five years ago.	知名视频作者老番茄视频内容不慎跌回五年前的水平	The video content of well-known creator Lao Fanqie has inadvertently dropped back to the level of five years ago.	famous uploader LaoFanQie's video content has accidentally slipped back to its level five years ago
B-MIX-104	MIX	98.66	91.99	-6.67	81.34	62.75	-18.60	100	100	0	我打个csgo心跳都能160	My heart rate can hit 160 just from playing CS:GO.	我打个反恐精英心跳都能160	My heart rate can hit 160 just playing Counter-Strike.	my heart rate hits 160 just playing CS:GO
B-MIX-105	MIX	99.66	99.68	0.02	56.00	88.20	32.19	100	0	-100	回答我，鸟为什么会飞？ Look at my eye, tell me why!	Answer me, why do birds fly? Look at my eye, tell me why!	回答我，鸟为什么会飞？ 看着我的眼睛，告诉我为什么！	Answer me, why do birds fly? Look into my eyes and tell me why!	answer me, why can birds fly? Look at my eye, tell me why!
B-MIX-106	MIX	97.09	94.06	-3.03	83.50	82.92	-0.58	100	100	0	这里应该说的是welcome to shaolin 吧	"It should be ""Welcome to Shaolin"" here, right?"	这里应该说的是欢迎来到少林 吧	"It should say ""Welcome to Shaolin"" here, right?"	what he should have said here is welcome to Shaolin, right
B-MIX-107	MIX	91.17	91.49	0.32	70.97	72.11	1.15	100	100	0	这BGM给我干天津去了	This BGM just transported me straight to Tianjin.	这背景音乐给我干天津去了	This background music has transported me straight to Tianjin.	this BGM just teleported me straight to Tianjin
B-MIX-108	MIX	68.85	78.39	9.53	48.45	49.07	0.61	100	100	0	小八和啵哝就像是妈妈带了个teenager出来我服了。	Xiaoba and Bonong are like a mom taking her teenager out, I can't even.	小八和啵哝就像是妈妈带了个青少年出来我服了。	Xiaoba and Bonong look like a mom taking a teenager out, I can't even.	Xiaoba and Bonong are just like a mom taking a teenager out, I can't with them.
B-MIX-109	MIX	97.32	96.09	-1.23	78.22	76.38	-1.83	100	100	0	其实我不仅是rapper，我还是DJ，香蜜湖你听见了吗	Actually, I'm not just a rapper, I'm also a DJ. Xiangmi Lake, can you hear me?	其实我不仅是说唱歌手，我还是打碟师，香蜜湖你听见了吗	Actually, I'm not just a rapper, I'm also a DJ. Xiangmi Lake, can you hear me?	actually I'm not just a rapper, I'm also a DJ — Xiangmi Lake, can you hear me
B-MIX-110	MIX	67.45	69.02	1.56	56.80	56.65	-0.16	100	0	-100	我家小逻怎么成敌方boss单位了？还有精英干员长颈鹿	Why has my little Logos become an enemy boss unit? And there's an elite operator giraffe too?	我家小逻怎么成敌方头目单位了？还有精英干员长颈鹿	Why has my little Logos become an enemy leader unit? And there's an elite operator giraffe too?	how did my Xiaoluo become an enemy boss unit? and there's an elite operator giraffe too
B-MIX-111	MIX	96.04	85.48	-10.56	78.52	60.66	-17.87	100	100	0	看得ptsd犯了	Watching this triggered my PTSD.	看得创伤后应激障碍犯了	That triggered my PTSD.	watching this triggered my PTSD
B-MIX-112	MIX	94.72	94.27	-0.45	75.80	63.20	-12.60	100	0	-100	我独自拯救一切Pro max	I alone save everything Pro Max	我独自拯救一切加强版	I alone save everything enhanced version	I Alone Save Everything, Pro Max edition
B-MIX-113	MIX	92.73	91.91	-0.82	68.20	70.08	1.88	100	100	0	那是债主催债了bro	That's the creditor coming to collect the debt, bro.	那是债主催债了兄弟	That's the creditor coming to collect the debt, brother.	that's the creditor coming to collect, bro
B-MIX-114	MIX	89.37	87.64	-1.73	72.46	78.40	5.94	100	100	0	姐！邀请宋雨琦上节目！E人很适合！章昊也是！	Sis! Invite Song Yuqi on the show! She's such an extrovert, she'd be perfect! Zhang Hao too!	姐！邀请宋雨琦上节目！外向的人很适合！章昊也是！	Sis! Invite Song Yuqi on the show! Extroverts are perfect for it! Zhang Hao too!	sis! invite Song Yuqi onto the show! extroverts are perfect for it! Zhang Hao too!
B-MIX-115	MIX	83.53	84.07	0.54	77.17	79.15	1.98	0	100	100	好阳光啊，这一定是相互救赎的少女乐队故事吧www	What lovely sunshine—this must be one of those girl band stories about mutual redemption, right? www	好阳光啊，这一定是相互救赎的少女乐队故事吧哈哈哈	What lovely sunshine—this must be one of those girl band stories about mutual redemption, hahaha.	so wholesome — this must be a girls-band story of mutual redemption lol
B-MIX-116	MIX	87.86	87.36	-0.50	81.69	84.73	3.03	0	0	0	小时候我没有cp这个概念，一直认为这俩只是朋友	When I was a child, I didn't have the concept of CP and always thought the two of them were just friends.	小时候我没有情侣配对这个概念，一直认为这俩只是朋友	When I was a child, I didn't have the concept of romantic pairing and always thought the two of them were just friends.	as a kid I had no concept of shipping — I always thought these two were just friends
B-MIX-117	MIX	87.13	92.45	5.32	80.20	81.32	1.12	100	0	-100	妹妹在cos商鞅吗	Is my sister cosplaying Shang Yang?	妹妹在扮演商鞅吗	Is my little sister playing the role of Shang Yang?	is the girl cosplaying Shang Yang
B-MIX-118	MIX	93.82	95.32	1.50	80.48	77.72	-2.76	100	100	0	哎呀，蚊子得了MVP！	Oh wow, the mosquito got MVP!	哎呀，蚊子得了全场最佳！	Oh dear, the mosquito got the MVP!	oops, the mosquito got the MVP!
B-MIX-119	MIX	94.89	96.65	1.76	82.75	83.42	0.67	100	100	0	这都ai配音了，字幕当然也是ai啊	This is all AI dubbing, so of course the subtitles are AI too.	这都人工智能配音了，字幕当然也是人工智能啊	This is all AI dubbing, so of course the subtitles are AI too.	the voiceover is already AI, so of course the subtitles are AI too
B-MIX-120	MIX	95.65	92.07	-3.58	79.46	72.42	-7.05	100	100	0	谁还没看我都会伤心的OK？	I'll be heartbroken if anyone hasn't watched it yet, OK?	谁还没看我都会伤心的好吗？	Who hasn't seen it yet? I'll be really sad, okay?	if anyone hasn't watched this yet I'll be sad, OK?
B-MIX-121	MIX	92.87	92.16	-0.71	49.80	62.38	12.58	100	100	0	少看一天b站都剪不出来	If you miss even one day on Bilibili, you won't be able to edit this.	少看一天哔哩哔哩都剪不出来	If I miss even one day on Bilibili, I won't be able to edit anything.	skip even one day of Bilibili and you couldn't edit this
B-MIX-122	MIX	98.56	99.93	1.37	83.93	84.45	0.52	100	100	0	只是一个道歉，but这个道歉的代价实在太高	Just an apology, but the price of this apology is simply too high.	只是一个道歉，但是这个道歉的代价实在太高	Just an apology, but the price of this apology is far too high.	it's just an apology, but the price of this apology is way too high
B-MIX-123	MIX	93.16	93.08	-0.08	71.18	80.01	8.84	100	100	0	记者会？不，个人show time	Press conference? No, personal show time.	记者会？不，个人表演时间	Press conference? No, it's showtime.	a press conference? no, it's personal show time
B-MIX-124	MIX	90.02	90.66	0.64	65.43	78.82	13.39	100	0	-100	这一场演得不好，应该喊cut重来	"This performance wasn't good; we should call ""cut"" and do it again."	这一场演得不好，应该喊停重来	This performance was not good; it should be stopped and redone.	this scene was badly acted, someone should call cut and redo it
B-MIX-125	MIX	97.88	98.19	0.31	83.76	85.20	1.44	100	100	0	喝水这part我真的笑了	The part about drinking water really made me laugh.	喝水这部分我真的笑了	The part about drinking water really made me laugh.	the water-drinking part genuinely made me laugh
B-MIX-126	MIX	96.21	99.02	2.81	78.36	82.87	4.51	100	0	-100	中式恐怖，真的next level	Chinese horror, truly next level	中式恐怖，真的更上一层楼	Chinese-style horror has truly reached a new level.	Chinese-style horror, truly next level
B-MIX-127	MIX	97.90	97.40	-0.50	81.31	84.07	2.76	100	0	-100	他们都在好奇那个npc是谁扮的	They were all curious about who was playing that NPC.	他们都在好奇那个非玩家角色是谁扮的	They were all curious about who was playing that non-player character.	they're all wondering who played that NPC
B-MIX-128	MIX	93.98	95.13	1.14	80.25	73.41	-6.83	0	100	100	os好想看张桂源也来一期	Oh, I really want to see Zhang Guiyuan do an episode too.	内心独白好想看张桂源也来一期	Inner monologue: I really want to see Zhang Guiyuan do an episode too.	inner monologue: I really want to see Zhang Guiyuan do an episode too
B-MIX-129	MIX	97.93	98.94	1.01	72.75	69.12	-3.63	100	100	0	我已经走在了country road 上了	I'm already on the country road.	我已经走在了乡间小路 上了	I’m already on the country road.	I'm already walking on the country road
B-MIX-130	MIX	84.19	97.28	13.09	56.93	78.18	21.25	0	0	0	从来没有get到他颜值	I’ve never gotten his looks.	从来没有领略到他颜值	I’ve never appreciated his looks.	I've never gotten the appeal of his looks
B-MIX-131	MIX	93.69	95.72	2.04	65.33	76.25	10.92	100	100	0	看哪一只eye啊sir	Which eye are you looking at, sir?	看哪一只眼啊长官	Which eye should I look at, sir?	looking at which eye, sir
B-MIX-132	MIX	98.30	99.23	0.93	39.37	81.96	42.58	100	100	0	天磊：what can I say	Tianlei: what can I say	天磊：我能说什么	Tianlei: What can I say?	Tianlei: what can I say
B-MIX-133	MIX	94.53	96.26	1.72	78.30	82.07	3.77	100	100	0	唉，我去，真的有比利诶。该不会是暗示sp比利吧	Oh man, there really is a Billy. Could this be hinting at SP Billy?	唉，我去，真的有比利诶。该不会是暗示特殊版比利吧	Oh man, there really is a Billy. Could it be hinting at a special version of Billy?	whoa, there really is a Billy — could this be hinting at an SP Billy
B-MIX-134	MIX	87.30	87.64	0.34	65.37	74.56	9.19	100	100	0	摊主，我也是你们play中的一环吗	Vendor, am I also part of your play?	摊主，我也是你们角色扮演中的一环吗	Vendor, am I also part of your role-playing?	stall owner, am I also part of your roleplay
B-MIX-135	MIX	94.28	92.40	-1.88	59.65	83.63	23.98	100	100	0	抽me,please抽me	Draw me, please draw me.	抽我,请抽我	Spank me, please spank me.	draw me, please draw me
B-MIX-136	MIX	99.34	98.65	-0.69	71.19	80.49	9.31	100	100	0	boss已进入二阶段	The boss has entered phase two.	头目已进入二阶段	The boss has entered the second phase.	the boss has entered phase two
B-MIX-137	MIX	93.74	86.44	-7.30	74.31	75.06	0.75	100	0	-100	这里是以为他要长期练，mcn没沟通好	Here, it was thought that he would be practicing for a long time, but the MCN didn't communicate well.	这里是以为他要长期练，传媒公司没沟通好	Here, it was thought that he would be training long-term, but the media company didn't communicate properly.	here they thought he'd be training long-term — the MCN agency didn't communicate properly
B-MIX-138	MIX	80.11	88.12	8.02	55.05	82.49	27.44	100	0	-100	加拉赫上线一年了还在c	Gallagher has been out for a year and is still carrying.	加拉赫上线一年了还在当主力	Gallagher has been online for a year and is still a mainstay.	Gallagher has been out for a year and is still carrying
B-MIX-139	MIX	92.18	90.11	-2.07	70.54	73.45	2.91	100	100	0	直伤+超击破+dot伤害	Direct damage + Super Break + DoT damage	直伤+超击破+持续伤害	Direct damage + super break + damage over time	direct damage + super break + DoT damage
B-HOM-133	PYA	95.26	97.43	2.17	63.97	73.60	9.63	100	100	0	兄dei  成佛吧   修仙太难了	Bro, become a Buddha—cultivating immortality is way too hard.	兄弟  成佛吧   修仙太难了	Brother, become a Buddha. Cultivating immortality is just too hard.	bro, just become a buddha — cultivating immortality is too hard
B-HOM-134	HOM	81.24	75.68	-5.56	61.76	59.57	-2.19	100	100	0	我真怕药水一拳给向左打晕过去	I'm really afraid that Yao Shui might knock Xiang Zuo unconscious with one punch.	我真怕药水一拳给向佐打晕过去	I’m really afraid that Yao Shui might knock Xiang Zuo out cold with one punch.	I'm really afraid Yaoshui will knock Xiang Zuo out with one punch
B-HOM-135	HOM	92.91	84.37	-8.54	68.44	53.21	-15.24	0	100	100	甲亢哥：我还能再看亿遍	I could watch this a billion more times.	甲亢哥：我还能再看一亿遍	Ishowspeed: I could watch this a hundred million more times.	Jiakang Bro: I could watch this a hundred million more times
B-NEO-109	NEO	91.00	88.67	-2.33	67.33	58.18	-9.15	100	0	-100	逆天，吴国给日本朝贡都来了	Outrageous—Wu Kingdom is even paying tribute to Japan now.	离谱，吴国给日本朝贡都来了	Ridiculous, even Wu Kingdom paying tribute to Japan has come up.	outrageous — now we've even got the Wu kingdom paying tribute to Japan
B-NEO-110	NEO	88.00	81.55	-6.45	71.47	63.77	-7.70	0	100	100	泪目了，米哈游你坏事做尽	Tears welled up—MiHoYo, you’ve done nothing but terrible things.	感动落泪了，米哈游你坏事做尽	Moved to tears, miHoYo, you've done all the bad things.	I teared up — miHoYo, you've done every evil deed there is
B-NEO-111	NEO	88.96	88.75	-0.21	73.77	79.88	6.10	100	0	-100	双非大学生，还没进厂。光看这个社会环境已经感觉自己燃尽了	A student from a non-prestigious university, not even working in a factory yet—just looking at this social environment already makes me feel completely burned out.	非重点大学的大学生，还没进厂。光看这个社会环境已经感觉自己精疲力竭了	A student from a non-prestigious university, not even working in a factory yet, already feels utterly exhausted just by looking at the social environment.	a non-elite-university student who hasn't even started working yet — just looking at this social environment I already feel burned out
B-NEO-112	NEO	88.99	86.42	-2.57	72.02	70.77	-1.25	0	0	0	看勇哥直播，各种神人	Watching Brother Yong's livestream, all kinds of amazing people.	看勇哥直播，各种行为离谱的人	Watching Brother Yong's livestream, all kinds of people with outrageous behavior.	watching Brother Yong's streams, you see all kinds of absolute characters
B-NEO-113	NEO	76.24	86.86	10.62	77.38	78.50	1.12	0	0	0	太真实了，想到的那句话发现他可能听不懂于是在后面加点补丁	Too real—I thought of something to say but realized he might not understand it, so I added a little patch at the end.	太真实了，想到的那句话发现他可能听不懂于是在后面加点补充说明	So real—I thought of something to say but realized he might not understand it, so I added a little clarification at the end.	so true — you think of a comeback, realize he might not get it, and then tack some patches onto it
B-NEO-114	NEO	92.09	95.69	3.60	60.39	75.33	14.94	100	0	-100	为什么能匹到这么多神人	Why am I matched with so many godlike players?	为什么能匹配到这么多行为离谱的人	Why do I keep matching with so many people who act outrageously?	how do I keep getting matched with so many absolute characters
B-NEO-115	NEO	91.49	94.55	3.06	67.65	80.28	12.63	0	0	0	所以男主在嘎掉的威胁下领悟了？	So the male lead had an epiphany under the threat of death?	所以男主在死掉的威胁下领悟了？	So the male lead had an epiphany under the threat of death?	so the male lead had his awakening under the threat of getting offed?
B-MIX-140	MIX	75.56	82.56	7.00	70.39	59.69	-10.71	100	100	0	这个zzz不会要给他出个动画吧？	Is this ZZZ not going to get an anime adaptation?	这个绝区零不会要给他出个动画吧？	Is Zenless Zone Zero going to get an anime adaptation?	don't tell me ZZZ is going to make an anime for him?
B-MIX-141	MIX	96.93	97.55	0.62	77.73	82.71	4.98	100	100	0	怎么说呢 很怀疑up主的精神状态	How should I put it... I'm really questioning the uploader's mental state.	怎么说呢 很怀疑视频作者的精神状态	How should I put it... I seriously doubt the mental state of the video creator.	how do I put it — I seriously question this uploader's state of mind
B-MIX-143	MIX	97.09	94.02	-3.07	75.38	68.29	-7.10	100	100	0	他和背后的 n pc 格格不入	He doesn't fit in with the NPCs behind him at all.	他和背后的 非玩家角色 格格不入	He and the non-player characters behind him are completely out of place.	he's completely out of place next to the NPC behind him
B-MIX-145	NEO	44.75	81.47	36.71	36.50	59.02	22.52	0	0	0	甲亢哥：我DNA动了	"The phrase ""我DNA动了"" is a Chinese internet slang meaning something like ""my instincts are kicking in"" or ""it's in my blood."" Here's the translation:

Speed: My DNA is tingling."	甲亢哥：我本能被唤醒了	Speed: My primal instincts have been awakened.	Jiakang Bro: my DNA just moved
B-MIX-146	MIX	87.36	88.53	1.17	47.00	50.57	3.56	100	0	-100	bro以为自己在演致命ID	bro thinks he's in *Identity*	这哥们以为自己在演致命ID	This dude thinks he's in *Identity*.	bro thinks he's starring in Identity
B-MIX-147	MIX	95.99	98.83	2.84	72.25	72.19	-0.07	0	0	0	干嘛突然cos班主任	Why are you suddenly cosplaying as the homeroom teacher?	干嘛突然扮演班主任	Why are you suddenly acting like a homeroom teacher?	why are you suddenly cosplaying as the homeroom teacher
B-MIX-148	MIX	96.86	89.22	-7.64	72.89	75.08	2.19	100	0	-100	神作，没见过的mad种类呢	A masterpiece, a type of MAD I've never seen before.	神作，没见过的混剪视频种类呢	A masterpiece—this is a type of mashup video I've never seen before.	a masterpiece — a kind of MAD I've never seen before
B-PYA-109	PYA	82.54	89.83	7.28	61.00	62.63	1.62	100	100	0	拍了拍博士的石棺盖子hhhhh	Tapped the lid of the Doctor's sarcophagus hahaha	拍了拍博士的石棺盖子哈哈哈哈哈	Patted the lid of the Doctor's sarcophagus hahahahaha	gave the Doctor's stone coffin lid a little pat hahaha
B-PYA-110	PYA	89.70	97.10	7.40	42.91	83.90	40.99	100	100	0	万恶的zi ben jia	The evil capitalist	万恶的资本家	The utterly evil capitalist.	the evil capitalists
B-PYA-111	PYA	83.29	83.26	-0.03	60.52	61.55	1.02	100	100	0	就说问啥听不到，nnd只带了一个耳机	Just say why I can't hear anything, damn it, I only brought one earbud.	就说问啥听不到，奶奶的只带了一个耳机	Just say why I can't hear anything—damn, I only brought one earbud.	no wonder he said he couldn't hear anything — damn it, he only brought one earbud
