uid	category	xcomet_noisy	xcomet_clean	xcomet_d	kiwi_noisy	kiwi_clean	kiwi_d	nta_noisy	nta_clean	nta_d	src_noisy	hyp_noisy	src_clean	hyp_clean	ref_en
B-HOM-001	HOM	87.97	94.18	6.21	54.90	83.64	28.74	100	0	-100	酱紫也行？那我也试试	Like this? Then I'll try too.	这样子也行？那我也试试	Is this okay too? Then I'll try it as well.	this works? then let me try too
B-HOM-002	HOM	96.80	98.48	1.68	60.79	81.33	20.54	0	0	0	你怎么酱紫说话，人家会误会的	How come you speak like that, it might cause misunderstanding.	你怎么这样子说话，人家会误会的	How can you speak like that? People might get the wrong impression.	why do you talk like that, people will misunderstand
B-HOM-003	HOM	98.49	98.29	-0.20	82.40	82.75	0.35	0	0	0	各位童鞋注意了，期末考试要来了	Students, please take note, the final exam is coming.	各位同学注意了，期末考试要来了	Students, please take note that the final exam is coming.	attention classmates, final exams are coming
B-HOM-004	HOM	96.54	93.75	-2.79	83.01	81.17	-1.84	0	100	100	童鞋们帮我看看这道题怎么做	Kids, help me figure out how to solve this problem.	同学们帮我看看这道题怎么做	Classmates, help me see how to do this problem.	classmates help me figure out this problem
B-HOM-005	HOM	97.92	97.01	-0.91	75.05	82.53	7.47	100	100	0	我真的好稀饭这个博主，太搞笑了	I really like this blogger, he's so funny.	我真的好喜欢这个博主，太搞笑了	I really like this blogger, they're so funny.	I really like this creator, too funny
B-HOM-006	HOM	95.64	100.00	4.36	59.90	86.19	26.29	100	100	0	你是不是稀饭我？直说嘛	Do you like me? Just say it.	你是不是喜欢我？直说嘛	Do you like me? Just say it.	do you like me? just say it
B-HOM-007	HOM	94.29	97.88	3.59	75.18	80.69	5.51	0	100	100	今天又是杯具的一天，出门忘带钥匙	Another day of misfortune, forgot to bring the keys when going out.	今天又是悲剧的一天，出门忘带钥匙	Another tragic day, forgot to bring the keys when going out.	another tragic day, forgot my keys going out
B-HOM-008	HOM	91.77	100.00	8.23	53.73	84.30	30.57	100	100	0	人生就是一个杯具接着一个杯具	Life is just one tragedy after another.	人生就是一个悲剧接着一个悲剧	Life is just one tragedy after another.	life is one tragedy after another
B-HOM-009	HOM	95.74	89.62	-6.12	67.47	80.16	12.69	0	0	0	游戏过于神金，不确定先从哪里笑起	The game is too absurd; I'm not sure where to start laughing first.	游戏过于神经，不确定先从哪里笑起	The game is too nerve-wracking; I'm not sure where to start laughing first.	this game is so unhinged, not sure where to start laughing
B-HOM-010	HOM	78.01	85.01	7.00	71.03	70.48	-0.55	0	100	100	都说我做饭神金，今天就做神金给你们吃	They all say I'm a god of cooking, today I'll cook some divine cuisine for you.	都说我做饭神经，今天就做神经给你们吃	They all say I cook crazy, so today I'll cook something crazy for you to eat.	y'all say I'm crazy in the kitchen, so today I'm cooking crazy for you
B-HOM-011	HOM	85.05	94.40	9.35	61.23	78.79	17.56	0	0	0	世界上最神金的行为	The most god-like behavior in the world.	世界上最神经的行为	The most nerve-wracking behavior in the world.	the most unhinged behavior in the world
B-HOM-012	HOM	71.50	83.24	11.75	48.95	53.26	4.31	0	0	0	被这离谱的主播笑拥了	Laughed at by this absurd streamer.	被这离谱的主播笑晕了	Laughed myself silly at this absurd streamer.	I'm dead from this absurd streamer
B-HOM-013	HOM	86.73	87.84	1.11	63.60	71.89	8.30	0	0	0	笑拥了！带货主播推荐的迷惑水果太离谱了吧	That's ridiculous! The confusing fruits recommended by the live-streaming salesperson are way too absurd.	笑晕了！带货主播推荐的迷惑水果太离谱了吧	Laughed until I cried! The confusing fruits recommended by the live-streaming salesperson are way too absurd!	I’m dying laughing! Those weird fruits promoted by live stream sales hosts are ridiculous.
B-HOM-014	HOM	91.70	90.88	-0.81	75.30	78.36	3.07	0	0	0	新来的00后程序员写的代码，看到这段注释真的快把我笑拥了	The code written by the new Gen Z programmer, seeing this comment really made me laugh out loud.	新来的00后程序员写的代码，看到这段注释真的快把我笑晕了	The code written by the new Gen Z programmer, seeing this comment really made me almost laugh myself to death.	the new Gen Z programmer's code, seeing this comment almost killed me laughing
B-HOM-016	NEO	78.23	74.62	-3.61	54.67	68.75	14.07	0	0	0	考试没复习直接寄，明年再来	Didn't study for the exam, directly failed, come back next year.	考试没复习直接完了，明年再来	The exam wasn't reviewed and it's completely over, I'll have to try again next year.	didn't study for the exam, it's over, see you next year
B-HOM-018	HOM	63.14	74.44	11.30	52.80	67.55	14.75	0	0	0	火钳流明，这帖子要火	Fire tongs illuminate, this post is going to be hot.	火前留名，这帖子要火	Leave a name before the fire, this post is going to be hot.	leaving a name before this blows up, this post is about to go viral
B-HOM-019	HOM	81.76	96.75	14.99	51.33	84.80	33.46	0	0	0	雀食好笑，不骗你	It's really funny, I'm not joking with you.	确实好笑，不骗你	It's really funny, I'm not kidding you.	it's genuinely funny, no cap
B-HOM-021	HOM	97.88	95.74	-2.14	80.60	84.51	3.91	0	0	0	沃草，这无人机表演太震撼了	Wow, this drone performance is amazing!	我操，这无人机表演太震撼了	My God, this drone performance is so amazing.	holy crap, this drone show is insane
B-HOM-023	HOM	74.02	83.69	9.67	71.85	50.14	-21.71	0	0	0	你想peach呢，哪有这么好的事	Do you want peach? There's no such good thing.	你想屁吃呢，哪有这么好的事	What makes you think you can get something for nothing? There's no such good thing.	you're dreaming, how can something that good happen
B-HOM-024	HOM	85.25	96.85	11.59	72.76	84.26	11.50	0	100	100	别虾扯蛋了，老师说的都是真的吗	Cut the crap, is everything the teacher said true?	别瞎扯淡了，老师说的都是真的吗	Stop talking nonsense, is everything the teacher said true?	stop talking BS, is what the teacher said even true
B-HOM-025	HOM	67.92	72.48	4.57	49.88	56.85	6.96	0	0	0	先报上自己的分数啊搞辣菜	Report your score first, or else you'll be in trouble.	先报上自己的分数啊搞拉踩	First, report your own score before trying to bring others down.	dropping your score first before throwing shade smh
B-HOM-026	HOM	65.36	94.96	29.59	62.84	73.82	10.97	0	100	100	蚌埠住了，腾讯这泄密处理速度也太快了吧	Bengbu is settled, but Tencent's speed of handling the data leak is also too fast, isn't it?	绷不住了，腾讯这泄密处理速度也太快了吧	Can't hold it anymore, Tencent's speed of handling leaks is also too fast!	I can't hold it in anymore, Tencent's speed in handling this leak is just too fast
B-HOM-027	HOM	59.81	53.06	-6.75	59.31	60.13	0.82	0	0	0	嗷利给，西班牙第一了	Aoli Ge, Number One in Spain.	奥利给，西班牙第一了	Oli gives, number one in Spain.	Aigoo Spain took first place let's gooo
B-HOM-028	HOM	71.84	71.88	0.04	53.53	73.34	19.81	0	0	0	这配置针不戳，性价比拉满	This configuration is spot on, with maximum cost-performance ratio.	这配置真不错，性价比拉满	This configuration is really great, with maximum cost-performance ratio.	This setup slaps, value for money off the charts
B-HOM-029	HOM	56.37	56.07	-0.30	50.58	63.40	12.82	100	0	-100	赛里木湖这操作针不戳啊，景区打人还能辞退就完事了？	Sailimu Lake's operation is really not bad, but can the scenic area just fire people for beating tourists?	赛里木湖这操作真不错啊，景区打人还能辞退就完事了？	This move by Lake Sayram is really good, but can the scenic area just fire someone for hitting a tourist and call it a day?	Sarim Lake's handling is just great, beating people at a scenic spot and just firing them is that it?
B-HOM-030	HOM	76.70	94.65	17.94	65.43	77.52	12.09	0	100	100	蚌埠住了，这也太好笑了吧	Stayed in Bengbu, this is too funny.	绷不住了，这也太好笑了吧	Can't hold it anymore, this is way too funny.	bruh I can't hold it in this is too funny lmao
B-HOM-031	HOM	92.14	92.51	0.37	64.08	79.46	15.37	0	0	0	卧槽317万年终奖就这么没了？	Wow, 3.17 million yuan annual bonus just like that?	我操317万年终奖就这么没了？	My goodness, my 3.17 million yuan annual bonus just disappeared like that?	Wtf, 3.17 million year-end bonus just gone like that?
B-HOM-032	HOM	72.66	94.84	22.18	41.26	81.59	40.34	0	100	100	你就耗子尾汁吧，别折腾了	Just save your strength, don't bother anymore.	你就好自为之吧，别折腾了	You'd better take care of yourself and stop causing trouble.	watch yourself bro stop messing around
B-HOM-033	HOM	79.09	88.60	9.51	54.87	56.45	1.58	0	0	0	王虹这波属实深藏blue了，拿完奖还这么低调	Wang Hong really pulled off a blue move this time, staying so low-key even after winning the award.	王虹这波属实深藏不露了，拿完奖还这么低调	Wang Hong really kept her cards close to her chest this time; she's so low-key even after winning the award.	Wang Hong has truly been hiding her talents, so low-key after winning the award
B-HOM-034	HOM	70.68	94.43	23.75	59.76	76.07	16.31	0	100	100	蚌埠住了这也太搞笑了	Staying in Bengbu is too funny.	绷不住了这也太搞笑了	Can't hold it anymore, this is too funny.	can't hold it in anymore this is way too funny fr
B-HOM-035	HOM	80.12	91.28	11.16	51.75	78.98	27.23	0	100	100	看到50亿离婚案的消息我直接蓝瘦香菇	I immediately felt blue and sad upon hearing the news about the 5 billion divorce case.	看到50亿离婚案的消息我直接难受想哭	I felt so upset and wanted to cry when I heard the news about the 5 billion divorce case.	Seeing the news about the 5 billion divorce case, I'm so sad I could cry
B-HOM-036	HOM	72.82	92.63	19.80	67.74	85.36	17.62	0	0	0	针不戳，这个视频做得真好	The needle doesn't stick, this video is really well done.	真不错，这个视频做得真好	That's really great, this video is really well done.	not bad this video is actually fire
B-HOM-037	HOM	91.68	85.87	-5.81	55.01	67.60	12.59	0	0	0	这景区管理duck不必，7个人打一个司机	This scenic area's management is unnecessary, seven people beating a driver.	这景区管理大可不必，7个人打一个司机	This level of management at the scenic area is unnecessary; seven people are chasing one driver.	This scenic area management is totally unnecessary, 7 people beating one driver
B-HOM-038	HOM	98.94	99.38	0.44	56.99	84.02	27.03	0	0	0	这个颜色灰常好看	This color is very nice.	这个颜色非常好看	This color looks very nice.	this color looks really good ngl
B-HOM-039	HOM	70.23	83.09	12.86	44.75	67.40	22.65	0	0	0	腾讯这波操作属于是虾仁猪心了	"Tencent's move this time is really a case of ""sharen zhuxin"" (a Chinese idiom meaning acting in a confused or contradictory manner)."	腾讯这波操作属于是杀人诛心了	Tencent's move this time is really a blow to the heart.	Tencent's move this time is truly adding insult to injury
B-HOM-040	HOM	84.61	88.34	3.73	49.47	54.24	4.76	0	0	0	有内味了，就是这个感觉	There's the feeling, that's exactly how it feels.	有那味了，就是这个感觉	There's that feeling, that's exactly how it feels.	got that vibe this is the feeling
B-HOM-041	HOM	68.11	72.49	4.38	69.30	75.20	5.90	0	100	100	泄密被辞退永不录用，这员工只能耗子喂汁了	Leakage of secrets leads to dismissal and permanent ban from employment; this employee can only be fed to the rats.	泄密被辞退永不录用，这员工只能好自为之了	Leakage of secrets leads to dismissal and permanent ban from employment; this employee can only take responsibility for themselves.	Fired for leaking and never to be rehired, this employee better watch out
B-HOM-042	HOM	96.15	98.94	2.79	79.67	83.65	3.98	0	0	0	这部剧的女主造型好康	The female lead's costume in this drama is really cool.	这部剧的女主造型好看	The female lead's costume in this drama is beautiful.	the female lead's look in this drama is gorgeous
B-HOM-043	HOM	76.47	58.62	-17.85	42.26	40.48	-1.78	0	0	0	耗子尾汁，好自为之吧	Use your own wisdom and take care of yourself.	好自为之，好自为之吧	Take care, take care.	Learn your lesson and shape up.
B-HOM-044	HOM	79.03	89.56	10.53	46.59	81.87	35.28	0	0	0	这个操作太虾仁了	This operation is too shabby.	这个操作太吓人了	This operation is too scary.	this play is straight up terrifying
B-HOM-045	HOM	73.03	86.28	13.25	61.51	59.04	-2.48	0	0	0	中国女排这波直接丸辣，美国队不服不行	The Chinese women's volleyball team's performance was so impressive that even the US team couldn't help but admit it.	中国女排这波直接完啦，美国队不服不行	The Chinese women's volleyball team is really done this time; the US team can't help but admit it.	China's women's volleyball team is done for this time, the US team has to admit defeat
B-HOM-046	HOM	84.54	94.53	9.99	73.96	80.39	6.43	0	100	100	鸭力好大，快要顶不住了	The duck's power is so strong, I'm almost unable to hold on.	压力好大，快要顶不住了	The pressure is so big, I'm about to collapse.	the pressure is so high can't hold on anymore
B-HOM-047	HOM	73.96	100.00	26.04	38.15	87.99	49.84	0	100	100	窝五碎！！！	Wu Wu Su!!!	我五岁！！！	I'm five years old!!!	I'm five years old!!!
B-HOM-048	HOM	75.54	86.18	10.64	71.11	75.69	4.58	100	100	0	赛里木湖这事整得灰常离谱	The matter regarding Lake Sayram is handled in a very absurd way.	赛里木湖这事整得非常离谱	The matter regarding Lake Sayram is very absurd.	The Sarim Lake incident is really outrageous
B-HOM-049	HOM	90.34	96.51	6.17	83.30	84.55	1.25	0	0	0	看完这帖子我直接笑嘻了	I literally laughed my head off after reading this post.	看完这帖子我直接笑死了	I literally died laughing after reading this post.	after reading this post I'm dead lmao
B-HOM-050	HOM	80.99	98.45	17.47	67.57	85.88	18.31	0	100	100	看完这个视频我蕉绿了	I got jealous after watching this video.	看完这个视频我焦虑了	I felt anxious after watching this video.	after watching this vid I'm straight up anxious
B-HOM-051	HOM	84.11	98.34	14.23	40.20	82.58	42.38	0	0	0	看完女排比赛我直接鸭梨山大	After watching the women's volleyball match, I was immediately overwhelmed with pressure.	看完女排比赛我直接压力山大	After watching the women's volleyball match, I felt extremely stressed.	After watching the women's volleyball match, I'm under enormous pressure
B-HOM-052	HOM	64.25	71.14	6.88	64.41	67.51	3.09	0	0	0	笑鼠了！一会抛梗一会接梗	Laughing at the mouse! Sometimes throwing jokes, sometimes catching them.	笑死了！一会抛梗一会接梗	Lol! Sometimes throwing jokes, sometimes catching them.	dying of laughter! one sec they set up the joke next sec they're playing along
B-HOM-053	HOM	86.51	90.83	4.32	64.98	66.01	1.03	100	100	0	测评娃哈哈高透史莱姆好好康	Test the娃哈哈 high transparency slime, it's really good.	测评娃哈哈高透史莱姆好好看	Reviewing Wahaha high transparency slime looks really good.	reviewing Wahaha's crystal clear slime it looks so good
B-HOM-054	HOM	93.01	94.74	1.73	50.14	82.58	32.44	0	0	0	窝巢，这也太厉害了吧	Wow, that's amazing!	我操，这也太厉害了吧	My god, that's amazing!	wtf this is too insane bruh
B-HOM-055	HOM	78.89	97.23	18.34	74.12	81.94	7.82	0	0	0	笑的想鼠	Laughing like a mouse	笑的想死	Laughing to death	laughing till I die
B-HOM-056	HOM	54.18	76.40	22.22	58.31	75.69	17.38	0	0	0	这里是孙吧忏悔室，一人忏悔一件你觉得最厨神的事	This is Sun's Confession Booth. Confess one thing you think is the most chef-like.	这里是孙吧忏悔室，一人忏悔一件你觉得最畜生的事	This is Sunba's Confession Room. Confess one thing you think is the most inhumane.	welcome to Sun Bar confessional drop your most savage moment
B-HOM-057	HOM	78.42	99.03	20.62	68.79	83.30	14.52	0	0	0	关于玉玉症表妹喜欢上我的故事	The story of my cousin with jade disease falling for me.	关于抑郁症表妹喜欢上我的故事	The story of my cousin with depression falling in love with me.	the story of how my depressed cousin fell for me
B-HOM-058	HOM	89.65	92.61	2.97	74.46	82.82	8.37	0	100	100	这是我女朋友 羡慕吗笑抽们🤣	This is my girlfriend. Jealous? Haha 😂	这是我女朋友 羡慕吗小丑们🤣	This is my girlfriend. Jealous, clowns? 🤣	this is my gf. jealous you clowns? 🤣
B-HOM-059	HOM	70.45	72.86	2.41	56.99	60.34	3.35	100	0	-100	麻辣烫我只认元娘娘，口味多好7	Spicy hot pot, I only recognize Yuan Nengneng, the taste is so good!	麻辣烫我只认元娘娘，口味多好吃	I only recognize Yuan Nian Niang for spicy hot pot; the flavor is so delicious.	I only trust Yuan Niangniang for malatang it's so good
B-HOM-060	HOM	71.71	87.88	16.17	69.47	62.09	-7.38	0	0	0	可爱的小香猪变成了温暖的答辩	The cute little fragrant pig became a warm defense.	可爱的小香猪变成了温暖的大便	The cute little fragrant pig turned into warm feces.	a cute little guinea pig turned into warm crap
B-HOM-061	HOM	89.61	97.89	8.28	77.16	84.20	7.04	0	0	0	我要笑亖了卧槽	I'm going to laugh my head off, damn it.	我要笑死了卧槽	I'm dying of laughter, damn it!	I'm gonna die laughing oh shit
B-HOM-062	HOM	71.37	95.00	23.63	63.02	68.94	5.93	0	0	0	时间长了搞亖你	After a long time, you'll get used to it.	时间长了搞死你	I'll kill you with time.	I'll work you to death over time
B-HOM-063	HOM	79.87	76.51	-3.36	59.31	59.80	0.49	0	0	0	笑亖了家人们谁懂啊	Laughing out loud, family, who understands this?	笑死了家人们谁懂啊	Lol, family, who gets this?	dying of laughter fam who understands
B-HOM-064	HOM	70.59	96.25	25.66	47.21	54.75	7.54	0	0	0	她居然紫砂了	She actually made a zisha (purple clay) piece.	她居然自杀了	She居然 committed suicide.	she actually offed herself
B-HOM-065	HOM	52.81	52.79	-0.02	70.40	72.20	1.81	100	100	0	小哥：我真妹骗人！！我真给白衣女鬼送过餐！！你不知道哟！我魂都快没了，那餐是一点都没撒！！没办法，这就是哥的实力！	Bro: I really didn't lie! I really delivered food to the white-clad ghost woman! You don't know! My soul almost left, but not a single drop of the food was spilled! No choice, this is my brother's power!	小哥：我真没骗人！！我真给白衣女鬼送过餐！！你不知道哟！我魂都快没了，那餐是一点都没撒！！没办法，这就是哥的实力！	Bro: I'm not lying! I really delivered a meal to the white-clad ghost girl!! You don't know! My soul almost left, but not a single drop of the meal was spilled!! No choice, this is my brother's power!	Bro: I seriously didn't lie!! I really delivered food to the girl ghost in white!! You don't know! I nearly lost my soul, not a single drop spilled on that delivery! No choice, this is bro's skill!
B-HOM-066	HOM	46.22	78.59	32.37	45.52	47.35	1.83	0	0	0	博主成功把中二拍成沙子了	"The blogger successfully turned the ""chū"" (a term referring to a certain type of dramatic or over-the-top style) into sand."	博主成功把中二拍成傻子了	"The blogger successfully turned being a ""chibi"" into looking foolish."	The blogger successfully made the edgy act look like a fool
B-HOM-067	HOM	73.09	95.37	22.28	61.69	83.92	22.22	0	0	0	肺雾才需要爱情，神都是孤独的	Lungs need love, gods are all lonely.	废物才需要爱情，神都是孤独的	Only the weak need love; the gods are all lonely.	Only the weak yearn for love; gods are destined to be alone.
B-HOM-068	HOM	98.03	98.74	0.71	74.10	84.57	10.47	100	100	0	我在学校哭别人鸟都不鸟我	I cried at school, but nobody paid any attention to me.	我在学校哭别人理都不理我	I cried at school, but nobody even paid attention to me.	I cried at school and nobody even paid attention to me
B-HOM-069	HOM	65.83	77.12	11.29	45.82	54.50	8.68	0	0	0	现场偷挖被抓,夺笋呐!	Caught stealing bamboo shoots on the spot, oh the thrill!	现场偷挖被抓,多损呐!	Caught stealing on the spot, what a big loss!	Caught digging secretly on site, so savage!
B-HOM-070	HOM	75.87	87.50	11.63	38.55	79.41	40.86	0	100	100	这个特效针不戛！	This special effect needle isn't戛!	这个特效真不尬！	This special effect isn't awkward at all!	This special effect is really not cringe!
B-HOM-071	HOM	27.94	94.76	66.82	41.96	67.55	25.59	0	100	100	要泥寡,雨女无瓜!	Want mud, rain girl no melon!	要你管,与你无关!	Mind your own business! It's none of your concern!	Mind your own business, it's none of your business!
B-HOM-072	HOM	61.79	90.84	29.05	66.58	74.84	8.26	0	0	0	依托答辩是什么意思	"What does ""relying on defense"" mean?"	一坨大便是什么意思	"What does ""a big pile of stool"" mean?"	What does 'a pile of shit' mean?
B-HOM-073	HOM	83.78	98.76	14.98	39.26	81.50	42.24	0	100	100	哈哈哈哈哈哈哈夺笋呐	Hahahahaha, you're so funny!	哈哈哈哈哈哈哈多损呐	Hahahahaha, so mean!	hahahahaha so mean lol
B-HOM-074	HOM	66.90	93.98	27.09	71.86	83.34	11.49	0	100	100	“雨女无瓜”这么好笑吗是挺好笑的	"Is ""Rain Lady No Cucumber"" that funny? Yes, it's pretty funny."	“与你无关”这么好笑吗是挺好笑的	"Is ""It has nothing to do with you"" that funny? It is pretty funny."	Is 'none of your business' really that funny? It is pretty funny
B-HOM-075	HOM	54.53	82.41	27.88	45.46	60.29	14.84	0	100	100	还有给	Also, to	还有gay	Also gay	Also got gay vibes
B-HOM-076	HOM	93.13	96.45	3.32	71.47	79.31	7.85	0	0	0	这显卡价格真是辣鸡，还买什么啊	This graphics card is really cheap, why even buy it?	这显卡价格真是垃圾，还买什么啊	This graphics card is really overpriced; why would I even buy it?	This GPU price is really trash, why even buy it
B-HOM-077	HOM	62.07	82.86	20.79	57.89	64.13	6.24	0	100	100	我丢！上班路上刷到路边广告牌被“风”掀了个角，原来是京东618的整活！这波操作简直泰裤辣！	"Oh no! On my way to work, I saw a roadside billboard flipped up by the ""wind,"" and it turned out to be JD.com's 618 campaign! This move is simply too spicy!"	我丢！上班路上刷到路边广告牌被“风”掀了个角，原来是京东618的整活！这波操作简直太酷啦！	"Oh no! On my way to work, I saw a roadside billboard flipped up by the ""wind,"" and it turned out to be JD.com's 618 campaign! This move is simply too cool!"	No way! On my way to work I saw a roadside billboard get lifted by the 'wind', turns out it was JD 618's stunt! This move is just too cool!
B-HOM-078	HOM	72.09	86.42	14.32	65.80	76.58	10.78	0	100	100	“泰酷辣”大人三周年	"""Tai Kula"" Adult 3rd Anniversary"	“太酷啦”大人三周年	"""Too cool!"" Adult 3rd Anniversary"	Third anniversary of Lord 'So Cool'
B-HOM-079	HOM	86.92	90.14	3.23	51.63	69.48	17.84	0	0	0	前车：不二？	Front car: Nyo?	前车：不是？	Front car: Not?	The car in front: Wait, what?
B-HOM-080	HOM	59.23	80.05	20.82	62.97	78.54	15.57	0	100	100	10店睡，身体还以为是午休呢，凌晨又把他们叫醒了	10 stores slept, the body still thought it was a nap, but in the early morning they were woken up again.	10点睡，身体还以为是午休呢，凌晨又把他们叫醒了	Sleeping at 10 o'clock, the body still thinks it's a nap, and then they are woken up again in the early hours of the morning.	Going to sleep at 10, my body thought it was nap time, then woke me up at dawn
B-HOM-081	HOM	51.37	98.76	47.38	42.58	66.04	23.46	0	100	100	tree 波Q	tree Q wave	三杀	Triple kill	Triple kill
B-HOM-082	HOM	60.43	61.86	1.43	51.99	60.73	8.75	0	0	0	笑死我了粽横天虾至今一直在罚时闯过了零个关卡	I died laughing. Zhong Heng Tian Xia has been penalized and has passed zero levels to this day.	笑死我了纵横天下至今一直在罚时闯过了零个关卡	I died laughing;纵横天下 has been penalized all this time but has still managed to pass zero levels.	Dying of laughter, the one who conquers the world has been in timeout, passing zero challenges
B-HOM-083	HOM	83.00	96.49	13.49	47.33	76.59	29.26	0	0	0	怎么达不溜小兵了	How come the little soldier can't reach?	怎么打不了小兵了	Why can't I attack the minions anymore?	Why can't I target the minions?
B-HOM-084	HOM	79.10	98.66	19.56	55.74	83.06	27.32	0	100	100	！？雀潮？！	!? Bird Tide ?!	！？雀巢？！	!? Nestlé?!	!? Nestle!?
B-HOM-085	HOM	99.02	100.00	0.98	82.30	84.52	2.22	100	100	0	此人知识面级广	This person has an extremely broad knowledge base.	此人知识面极广	This person has extremely broad knowledge.	This person's knowledge is extremely broad
B-HOM-086	HOM	93.61	92.78	-0.84	82.59	83.17	0.58	0	0	0	蛇：卧槽，怎么又是他	Snake: Oh no, it's him again.	蛇：我的天，怎么又是他	Snake: My goodness, it's him again.	Snake: Oh my god, why is it him again
B-HOM-087	HOM	73.98	94.46	20.48	69.33	78.71	9.39	0	100	100	生物钟:补药呀！我才调整好	Body clock: Take a supplement! I just adjusted it.	生物钟:不要呀！我才调整好	Biological clock: No way! I just adjusted it.	Biological clock: No! I just got it adjusted
B-HOM-088	HOM	66.92	91.45	24.52	59.50	80.12	20.62	0	100	100	鸡本功来了，视频就有了。起飞！	Chicken Gong is here, the video is ready. Take off!	基本功来了，视频就有了。起飞！	Basic skills are here, the video is ready. Take off!	When the basic skills kick in, the video just takes off! Liftoff!
B-HOM-089	HOM	60.47	94.03	33.57	69.19	84.38	15.19	0	0	0	食不食油饼	Eat or not eat oil cakes?	是不是有病	Are you crazy?	Are you out of your mind?
B-HOM-090	HOM	47.96	99.29	51.33	54.00	83.26	29.26	0	0	0	香精煎鱼食不食	Essence-fried fish, eat or not?	想进监狱是不是	Do you want to go to jail?	Do you want to end up in prison?
B-HOM-091	HOM	89.77	91.27	1.50	77.00	74.61	-2.39	0	0	0	立马去郊区浇筑一个刚进混凝土的地下堡垒	Head to the suburbs immediately to pour concrete for an underground fortress.	立马去郊区浇筑一个钢筋混凝土的地下堡垒	Head to the suburbs immediately and pour a reinforced concrete underground fortress.	Head to the suburbs right away and build an underground bunker with rebar concrete
B-HOM-092	HOM	89.08	98.53	9.46	48.77	71.39	22.62	0	0	0	鸡本功扎实	Solid foundation in chicken skills	基本功扎实	Solid foundation skills	Solid basic skills
B-HOM-093	HOM	96.11	97.86	1.75	54.58	76.67	22.09	100	100	0	蚌不住了	Can't hold it anymore.	绷不住了	Can't hold on anymore	Can't hold it in anymore
B-HOM-094	HOM	84.48	85.52	1.04	71.50	76.51	5.01	0	0	0	冷芝士：袜子不是茶包	Cold Cheese: Socks are not tea bags.	冷知识：袜子不是茶包	Cold knowledge: Socks are not tea bags.	Fun fact: socks are not tea bags
B-HOM-095	HOM	86.51	86.14	-0.37	69.87	71.47	1.60	0	0	0	就说00这一套真的超级好看的，我可以安心的似了	Just say that this 00 set is really super cute, I can rest easy now.	就说00这一套真的超级好看的，我可以安心的死了	Just say that this 00 set is really super beautiful, I can die peacefully.	This 00 outfit is really super good-looking, I can finally rest in peace
B-NEO-002	NEO	95.37	95.86	0.50	83.11	83.53	0.42	100	100	0	我们不是供人围观的工具人！	We are not tools for people to gawk at!	我们不是供人围观的工具！	We are not tools for people to gawk at!	we're not tools for people to watch!
B-NEO-003	NEO	86.26	76.64	-9.62	76.39	56.87	-19.51	0	0	0	又被割韭菜了，这理财产品全是坑	Getting scammed again, this financial product is nothing but a trap.	又被宰了，这理财产品全是坑	Cut again, this financial product is full of traps.	I got ripped off again, this wealth management product is full of traps.
B-NEO-004	NEO	71.18	93.78	22.60	53.88	79.73	25.86	0	0	0	品牌联名就是割韭菜，质量差价格高	Brand collaborations are just cutting the韭菜, with poor quality and high prices.	品牌联名就是坑人，质量差价格高	Brand collaborations are just a scam, with poor quality and high prices.	Co-branded products are just a way to rip off customers with poor quality and high prices.
B-NEO-005	NEO	82.94	84.96	2.01	80.08	83.99	3.91	0	0	0	别带节奏了，事情不是你想的那样	Don't try to set the tone; things aren't as you think they are.	别煽动舆论了，事情不是你想的那样	Don't stoke public opinion; the situation isn't as you think.	stop stirring things up, it's not what you think
B-NEO-006	NEO	94.51	97.30	2.80	76.25	83.14	6.90	100	0	-100	评论区全是在带节奏的，真相没人关心	The comment section is full of people trying to stir up trouble; no one cares about the truth.	评论区全是在煽动舆论的，真相没人关心	The comment section is full of people stirring up public opinion; no one cares about the truth.	comments section full of people stirring drama, nobody cares about the truth
B-NEO-007	NEO	84.25	98.05	13.80	49.73	79.29	29.57	0	0	0	杠精无处不在，说啥都要反驳	杠精 are everywhere; whatever you say, they will argue against it.	抬杠的人无处不在，说啥都要反驳	People who like to argue are everywhere; they will argue against anything you say.	contrarians are everywhere, they rebut everything you say
B-NEO-008	NEO	99.76	96.07	-3.69	81.26	82.76	1.49	100	0	-100	遇到杠精最好的办法就是不理他	The best way to deal with a contrarian is to ignore them.	遇到抬杠的人最好的办法就是不理他	The best way to deal with someone who is being stubborn is to ignore them.	the best way to deal with a contrarian is to ignore them
B-NEO-009	NEO	69.51	80.95	11.44	67.81	75.74	7.92	0	0	0	芭比Q了，半夜点外卖忘备注别敲门	Barbie Q, ordered takeout at midnight and forgot to note not to knock on the door.	完了，半夜点外卖忘备注别敲门	Done, forgot to add a note when ordering takeout at midnight to not knock on the door.	I'm cooked, ordered delivery at midnight and forgot to leave a note saying don't knock
B-NEO-010	NEO	93.43	98.03	4.60	51.01	81.44	30.43	0	0	0	选择你的躲藏点，被抓到就芭比Q了	Choose your hiding spot, or it's game over for you.	选择你的躲藏点，被抓到就完了	Choose your hiding spot, or you'll be caught.	pick your hiding spot, if you get caught you're done for
B-NEO-011	NEO	71.12	93.39	22.26	71.55	81.49	9.94	0	0	0	看到肯德基9.9的那一刻，我的班味瞬间就没了	The moment I saw KFC's 9.9 yuan, my sense of class instantly disappeared.	看到肯德基9.9的那一刻，我的上班疲惫感瞬间就没了	The moment I saw KFC's 9.9, my work-related fatigue instantly disappeared.	the moment I saw KFC 9.9, my work exhaustion instantly vanished
B-NEO-012	NEO	85.45	91.43	5.98	59.74	71.34	11.60	0	0	0	人一旦染上班味，这辈子就去不掉了	Once a person gets a taste of the office, it's a lifetime commitment.	人一旦染上上班的气息，这辈子就去不掉了	Once a person catches the scent of going to work, it's a lifelong commitment.	once you catch the work vibe, it never leaves you
B-NEO-013	NEO	71.63	68.28	-3.34	66.23	73.28	7.04	0	0	0	十多块的塔斯汀五件套，横扫我一天班味	More than ten pieces of Tastin's five-piece set, sweeping away my workday vibe all day.	十多块的塔斯汀五件套，横扫我一天上班的疲惫感	More than ten pieces of Tustin's five-piece set, sweeping away my fatigue from work all day.	a 10-something yuan Tastien 5-piece meal wipes away my whole day of work fatigue
B-NEO-014	NEO	80.33	83.77	3.44	71.25	73.95	2.70	0	0	0	净化班味，用了这头像直接演绎出我的精神状态	Purify the class vibe, this avatar directly portrays my mental state.	净化上班的疲惫感，用了这头像直接演绎出我的精神状态	Purify the fatigue of going to work, this avatar directly portrays my mental state.	cleansing away the work fatigue — this avatar perfectly captures my mental state
B-NEO-015	NEO	70.07	81.87	11.79	51.26	71.98	20.72	100	0	-100	等等党赢麻了，建议收藏	The waiting party has won big, recommended to save for later.	等待降价的人赢得非常彻底，建议收藏	Those who wait for the price drop win completely. It's recommended to save this.	the wait-for-a-deal crew won big time, saving this
B-NEO-016	NEO	89.66	89.29	-0.37	60.35	76.17	15.82	100	0	-100	看似输了实际赢麻了	Seemed to lose but actually won big.	看似输了实际赢得非常彻底	Seemed to lose but actually won very thoroughly.	looks like they lost but actually won big
B-NEO-017	NEO	81.72	77.14	-4.58	57.91	55.57	-2.34	0	0	0	纯爱战神轰然倒地	Pure Love God falls to the ground with a thud.	只支持纯爱的人轰然倒地	Only those who purely love collapse suddenly.	the pure love warrior has fallen
B-NEO-018	NEO	84.70	97.98	13.28	49.70	80.65	30.95	100	0	-100	谨以此片献给每一位纯爱战神	Dedicated to every pure love war god.	谨以此片献给每一位只支持纯爱的人	This film is dedicated to every person who supports pure love.	dedicating this film to every pure love warrior out there
B-NEO-019	NEO	66.84	94.11	27.28	59.56	86.78	27.22	0	100	100	兄弟们我润美国了	Brothers, I've polished America.	兄弟们我移民美国了	Brothers, I've immigrated to the United States.	bros I emigrated to the US
B-NEO-020	NEO	86.72	87.92	1.20	76.62	81.94	5.32	0	0	0	公司要黄了的5个征兆，当公司开始严抓考勤，你该考虑润了	5 Signs That a Company Is About to Fail: When a Company Starts Strictly Enforcing Attendance, You Should Consider Leaving.	公司要黄了的5个征兆，当公司开始严抓考勤，你该考虑跑了	5 Signs That a Company Is About to Fail: When a Company Starts Strictly Enforcing Attendance, You Should Consider Leaving.	5 signs your company is going under, when they start cracking down on attendance, you should consider bouncing
B-NEO-021	NEO	87.61	91.26	3.65	60.99	75.72	14.73	0	0	0	赛博朋克2077，极致嘴臭极致享受	Cyberpunk 2077, ultimate mouthy, ultimate enjoyment.	赛博朋克2077，极致骂人极致享受	Cyberpunk 2077, the ultimate insult, the ultimate enjoyment.	Cyberpunk 2077, ultimate trash talk ultimate enjoyment
B-NEO-023	NEO	94.08	96.88	2.80	76.56	77.40	0.83	100	0	-100	孙红雷演技炸裂，20万人打出7.5分	Sun Honglei's performance is explosive, earning a 7.5 score from 200,000 people.	孙红雷演技极其震撼，20万人打出7.5分	Sun Honglei's performance is extremely impressive, earning a 7.5 score from 200,000 people.	Sun Honglei's acting is absolutely insane, 200k people rated 7.5
B-NEO-024	NEO	88.32	93.07	4.76	69.63	74.53	4.90	100	100	0	赛博诵经让老外陷入疯狂	Cyber chanting drives foreigners crazy.	虚拟诵经让老外陷入疯狂	Virtual chanting makes foreigners go crazy.	cyber chanting is driving foreigners crazy
B-NEO-025	NEO	83.16	81.05	-2.12	74.76	61.59	-13.18	100	0	-100	国庆宅家的赛博生活	Cyber Life at Home During National Day Holiday	国庆宅家的虚拟网络生活	Virtual Online Life During National Day Stay-at-Home	National Day stay-at-home cyber life
B-NEO-026	NEO	55.59	59.20	3.61	62.34	69.30	6.96	0	0	0	高考第一批显眼包出现了，青蛙玩偶花式助阵	The first batch of attention-grabbing figures in the Gaokao has appeared, with frog plushies showing off in various ways to support the candidates.	高考第一批爱出风头的人出现了，青蛙玩偶花式助阵	The first batch of people who love to show off in the Gaokao have appeared, with frog plushies adding colorful support.	the first batch of attention-seekers at the college entrance exam showed up, frog mascots cheering in style
B-NEO-027	NEO	77.99	77.30	-0.70	62.74	74.92	12.18	0	100	100	电子榨菜输出中，午饭点准时到	Electronic pickles outputting, lunchtime arrives on time.	适合吃饭时看的视频输出中，午饭点准时到	In the video output suitable for watching while eating, lunchtime arrives on time.	my mealtime video is on, right on time for lunch
B-NEO-028	NEO	92.67	94.63	1.96	75.99	82.38	6.39	0	100	100	这个综艺太下饭了，一口气看完	This variety show is so addictive, I watched it all in one go.	这个综艺太适合吃饭时看了，一口气看完	This variety show is perfect to watch while eating; I watched it all in one go.	this variety show is perfect meal content, binged the whole thing
B-NEO-029	NEO	77.45	83.76	6.31	71.48	72.67	1.19	100	0	-100	发疯文学必备文案，笑死我了	Essential text for crazy literature, I died laughing.	宣泄式文字表达必备文案，笑死我了	Essential text for venting, I'm dying of laughter.	must-have lines for unhinged-rant posting, I'm dying laughing
B-NEO-030	NEO	99.04	99.98	0.94	83.70	86.37	2.66	100	100	0	社恐人的噩梦，大型聚会	The nightmare of socially anxious people: large gatherings.	社交恐惧症患者的噩梦，大型聚会	The nightmare of people with social anxiety: large gatherings.	a socially anxious person's worst nightmare, a huge gathering
B-NEO-031	NEO	87.22	92.93	5.71	72.30	78.61	6.31	0	0	0	找不到原剧了，这个当代餐先看	Can't find the original drama, let's watch this contemporary one first.	找不到原剧了，这个当替代品先看	Can't find the original drama, so this one will have to do for now.	can't find the original, using this as a substitute for now
B-NEO-032	NEO	89.86	89.82	-0.03	78.68	80.50	1.82	100	0	-100	花2000买nike感觉自己好像大冤种	Spent 2000 on Nike and felt like a big sucker.	花2000买nike感觉自己好像大冤大头	Spent 2000 on Nike and felt like a big fool.	spent 2k on nikes feeling like a total sucker
B-NEO-033	NEO	86.60	88.40	1.79	69.68	70.77	1.09	0	0	0	腾讯这波泄密直接破防了，317万说没就没	Tencent's data leak has completely broken the defense, 3.17 million pieces of information vanished in an instant.	腾讯这波泄密直接崩溃了，317万说没就没	Tencent's data leak directly caused a collapse, 3.17 million pieces of information vanished in an instant.	Tencent's leak move really triggered a breakdown, 3.17 million gone just like that
B-NEO-034	NEO	68.39	91.18	22.78	68.45	75.82	7.37	0	100	100	梅老板今年真可怜，这么强的个人发挥啥没有得到	Boss Mei is really pitiful this year; such a strong individual performance got nothing.	梅西今年真可怜，这么强的个人发挥啥没有得到	Messi has been really unfortunate this year; such a strong individual performance got him nothing.	Messi had a rough year insane individual performance but got nothing
B-NEO-035	NEO	64.35	78.25	13.90	60.96	66.37	5.41	0	0	0	吃瓜吃到自己头上了，腾讯泄密员工就是本人	Eating the melon and having it land on one's own head; the Tencent employee who leaked the information is none other than myself.	看热闹看到自己头上了，腾讯泄密员工就是本人	Looking at the spectacle and now it's pointing at myself; the Tencent employee who leaked the information is none other than myself.	I was following the drama, only to realize I’m the Tencent staff member who leaked the information
B-NEO-036	NEO	70.85	72.76	1.91	50.17	73.17	23.00	0	0	0	别搁这凡尔赛了，显摆啥呢	Don't act all fancy here, showing off what?	别搁这炫耀了，显摆啥呢	Don't show off here, what are you trying to impress anyone with?	stop humble bragging already what are you flexing
B-NEO-037	NEO	97.87	99.71	1.84	83.89	85.78	1.90	0	0	0	显卡市场太内卷了，价格涨得离谱	The graphics card market is too saturated, with prices having risen absurdly.	显卡市场竞争太激烈了，价格涨得离谱	The competition in the graphics card market is too intense, and the prices have skyrocketed.	The GPU market is hyper-competitive, prices rising outrageously
B-NEO-038	NEO	71.56	73.97	2.41	59.66	47.94	-11.72	0	0	0	这帖子水分太大，灌水灌的	This post is too full of water, it's flooded with nonsense.	这帖子水分太大，刷帖刷的	This post is too watered down, just brushing up posts.	this post is so watered down pure spam
B-NEO-039	NEO	85.75	96.42	10.67	72.56	77.29	4.73	100	100	0	打工人看完317万年终奖直接躺平了	Workers who saw the 3.17 million yuan year-end bonus immediately gave up and lay flat.	打工人看完317万年终奖直接放弃了	Workers gave up after seeing a 3.17 million yuan year-end bonus.	Workers gave up striving after seeing the 3.17 million year-end bonus.
B-NEO-040	NEO	89.24	93.96	4.71	70.16	75.68	5.52	100	100	0	这剧情给我整破防了	This plot broke my defenses.	这剧情给我整崩溃了	This plot has completely broken me.	this plot totally broke me fr fr
B-NEO-041	NEO	76.03	92.61	16.58	69.86	80.18	10.32	0	0	0	这员工凡尔赛式晒年终奖，结果翻车了	The employee's show-off about the year-end bonus in a faux-Versailles style backfired.	这员工炫耀式晒年终奖，结果翻车了	The employee showed off his year-end bonus, but it backfired.	This employee flaunted their year-end bonus in a humble-brag way, and it backfired
B-NEO-042	NEO	95.62	99.70	4.08	56.91	83.83	26.92	0	0	0	这手机信号拉胯到离谱	This phone signal is terrible.	这手机信号差到离谱	This phone signal is ridiculously bad.	this phone signal is garbage to an absurd degree
B-NEO-043	NEO	95.99	93.78	-2.20	67.61	82.65	15.04	0	0	0	你这个行为真的很下头	Your behavior is really annoying.	你这个行为真的很扫兴	Your behavior is really ruining the fun.	your behavior is such a turnoff rn
B-NEO-044	NEO	85.33	83.68	-1.65	77.04	77.69	0.65	0	100	100	赛里木湖这事太下头了，景区管理太离谱	The situation at Sayram Lake is really ridiculous, and the scenic area management is completely absurd.	赛里木湖这事太让人失望了，景区管理太离谱	The Sayram Lake incident is really disappointing; the scenic area management is too absurd.	The Sarim Lake incident is too disappointing, scenic area management is outrageous
B-NEO-045	NEO	75.05	91.96	16.91	73.17	61.96	-11.21	0	0	0	他这个人好油腻	He's really oily.	他这个人好油滑	He's quite slick.	this guy is so sleazy ick
B-NEO-046	NEO	77.70	95.46	17.76	63.81	77.15	13.34	0	0	0	没绷住破绷了	Couldn't hold it, it burst.	没绷住笑了	Couldn't hold back the laugh	couldn't hold it in and totally lost it laughing
B-NEO-047	NEO	85.54	89.40	3.86	72.09	76.27	4.18	100	100	0	中国女排逆转美国，这波操作太上头了	China's women's volleyball team overturned the US, this move is too exciting.	中国女排逆转美国，这波操作太让人激动了	The Chinese women's volleyball team came back against the US, and this move was really exciting.	China women's volleyball reversed against USA, this move is so hype
B-NEO-048	NEO	78.63	85.16	6.53	66.93	77.23	10.29	0	0	0	天天水经验，也不发点有用的帖子	Every day you share water experience, but don't post any useful content.	天天刷经验，也不发点有用的帖子	Always brushing up on experience, yet not posting any useful threads.	farming XP every day never posting anything useful
B-NEO-049	NEO	96.84	97.17	0.33	61.25	71.72	10.47	100	100	0	这主播开挂实锤了，封号吧	This streamer is definitely cheating; ban them.	这主播作弊实锤了，封号吧	This streamer is definitely cheating, ban the account.	this streamer is confirmed cheating, ban them
B-NEO-050	NEO	84.05	85.61	1.56	67.71	75.64	7.94	0	100	100	内耗太严重了	The internal consumption is too severe.	内部消耗太严重了	Internal consumption is too severe.	internal friction is too serious smh
B-NEO-051	NEO	95.11	80.75	-14.35	50.11	62.13	12.02	0	100	100	互联网嘴替实锤	Internet mouthpiece confirmed.	互联网代言人实锤	Internet Spokesperson Solid Evidence	confirmed internet mouthpiece
B-NEO-052	NEO	29.51	42.96	13.45	44.53	56.56	12.03	0	0	0	无职孝子还在嘴硬洗，服了	The unemployed filial son is still stubbornly trying to justify himself; I'm convinced.	无职盲目辩护者还在嘴硬洗，服了	Jobless blind defenders are still stubbornly trying to wash away the blame, I'm convinced.	Mushoku Tensei stans still hard-stanning give up
B-NEO-053	NEO	82.14	94.71	12.57	60.74	76.46	15.72	0	0	0	双持党表示苹果和华为都不够用	Dual Hold Party stated that neither Apple nor Huawei is sufficient.	同时用两部手机的人表示苹果和华为都不够用	People who use two phones at the same time said that neither Apple nor Huawei is sufficient.	dual-phone gang saying neither Apple nor Huawei is enough
B-NEO-054	NEO	74.83	84.31	9.48	33.87	47.71	13.83	0	100	100	被种草了	I got convinced.	被推荐心动了	Recommended and moved.	got recommended I'm tempted to buy
B-NEO-055	NEO	93.36	96.89	3.53	44.28	76.56	32.28	0	0	0	拔草了不买	No longer interested, won't buy.	打消购买念头了不买	Changed my mind, won't buy.	nah I'm not buying
B-NEO-056	NEO	85.17	97.06	11.90	57.41	84.94	27.54	0	0	0	他好会整活	He's really good at causing trouble.	他好会搞怪	He's really good at being silly.	he's so good at being funny lol
B-NEO-057	NEO	89.96	89.93	-0.03	79.32	81.68	2.36	0	0	0	这个太炸了	This is too awesome.	这个太震撼了	This is too stunning.	this is too insane
B-NEO-058	NEO	63.66	70.59	6.93	54.10	61.81	7.71	0	100	100	景区打人还理直气壮的，真是绝绝子	The scenic area staff hit someone and still acted as if they were in the right, truly extraordinary.	景区打人还理直气壮的，真是绝了	The scenic area staff hit someone and still acted as if they were in the right—it's really unbelievable.	Beating people at a scenic spot and still acting righteous, truly absolutely outrageous
B-NEO-059	NEO	76.67	92.88	16.20	71.35	84.25	12.90	0	0	0	破防了	Broken the defense.	心理防线崩溃了	The psychological defense collapsed.	I'm emotionally broken
B-NEO-060	NEO	90.08	100.00	9.92	60.58	86.16	25.59	0	100	100	这个太上头了	This is too much.	这个太上瘾了	This is too addictive.	this is too addictive can't stop
B-NEO-061	NEO	85.91	96.92	11.01	74.09	86.51	12.42	0	0	0	他好会营业	He's really good at marketing.	他好会讨好粉丝	He's really good at pleasing his fans.	he's so good at playing to his fans
B-NEO-062	NEO	87.26	93.87	6.61	57.72	79.54	21.82	0	0	0	香港🇭🇰打车有这么卷吗？又难？	Is hailing a taxi in Hong Kong 🇭🇰 this competitive? And so difficult?	香港🇭🇰打车竞争有这么激烈吗？又难？	Is the taxi competition in Hong Kong 🇭🇰 really that intense? And is it also difficult?	is getting a taxi in HK this intense? so hard?
B-NEO-063	NEO	85.06	87.02	1.96	81.06	78.41	-2.65	0	0	0	这帖子纯纯的钓鱼经验，别当真	This post is purely for fishing experience, don't take it seriously.	这帖子纯纯的骗经验，别当真	This post is purely for gaining experience, don't take it seriously.	this post is pure bait for engagement don't fall for it
B-NEO-064	NEO	92.10	96.23	4.13	57.87	82.52	24.65	0	0	0	纯纯的牛马人生	Purely a life of hard work and toil.	纯纯的打工人人生	A purely working-class life	pure wage slave life
B-NEO-065	NEO	78.96	99.18	20.22	78.38	86.73	8.35	0	0	0	是我不够糖吗	Am I not sweet enough?	是我不够傻吗	Am I not stupid enough?	am I not dumb enough? bruh
B-NEO-066	NEO	100.00	100.00	0.00	85.42	86.44	1.02	100	100	0	这何意味啊	What does this mean?	这什么意思啊	What does this mean?	what does this even mean
B-NEO-067	NEO	63.93	77.44	13.51	35.10	42.18	7.08	100	100	0	摆烂了，爱咋咋地	Give up, do whatever you want.	放弃了，爱咋咋地	Give up, do whatever you want.	I give up whatever happens happens
B-NEO-068	NEO	18.87	93.64	74.77	63.35	80.16	16.81	0	0	0	摆烂一天算了	"Okay, I'll give it a try. The sentence ""摆烂一天算了"" is a bit colloquial and might be a bit tricky to translate directly. Let me break it down.

""摆烂"" is a term that's been used in Chinese internet culture, often referring to giving up or not trying hard, like when someone is in a bad mood and decides to just do nothing. It's similar to ""lying flat"" but maybe a bit more about giving up on efforts.

""一天"" is straightforward, meaning ""a day.""

""算了"" is a common expression that can mean ""well, it's okay"" or ""never mind."" It's often used to express resignation or acceptance of a situation.

Putting it together, the sentence seems to be saying something like, ""Well, I'll just give up for a day."" But maybe there's a more natural way to phrase it in English. ""Give up for a day"" might be too literal. Maybe ""I'll just take a day off"" or ""I'll just give in for a day."" But ""give in"" might not capture the exact nuance of ""摆烂,"" which is more about not trying at all.

Another angle: ""摆烂"" could be translated as ""lying flat"" or ""giving up,"" so ""I'll just lie flat for a day"" or ""I'll just give up for a day."" But ""lying flat"" is a specific term that's been used in some contexts, so maybe that's the best fit here.

Alternatively, ""I'll just take a day off and do nothing"" might be more natural. But the original sentence is more about giving up rather than taking a break. So maybe ""I'll just give up for a day"" is the closest, but I need to check if that's the most natural phrasing.

Wait, ""算了"" can also mean ""it's okay"" or ""never mind,"" so maybe the sentence is more like ""Well, I'll just give up for a day."" But I think ""give up"" might be too strong. Maybe ""I'll just take a day off"" is better, but that's not exactly the same as ""摆烂.""

Hmm, I think the best translation would be ""I'll just lie flat for a day"" or ""I'll just give in for a day."" But I need to make sure that ""摆烂"" is accurately captured. Since ""lying flat"" is a known term, maybe that's the way to go"	放弃一天算了	Forget about it for a day.	let me rot for a day whatever
B-NEO-069	NEO	82.66	92.24	9.58	55.25	71.20	15.95	0	0	0	内卷太严重了，打工人伤不起	The competition is too intense; workers can't afford to get hurt.	过度竞争太严重了，打工人伤不起	Over-competition is too severe; workers can't afford it.	the rat race is too intense workers can't take it
B-NEO-070	NEO	92.00	91.96	-0.03	71.97	73.55	1.58	0	0	0	这波操作属实逆天了	This move is truly out of this world.	这波操作属实超乎想象了	This move is really beyond imagination.	this play is straight up insane
B-NEO-071	NEO	65.85	68.73	2.88	39.56	77.36	37.81	0	0	0	内卷到头秃，躺平又心慌	Burnout from overcompetition, yet anxious when choosing to give up.	过度竞争到头秃，躺平又心慌	Overcompeting leads to baldness, while giving up causes anxiety.	rat race till you're bald quit competing but still anxious
B-NEO-072	NEO	89.76	94.12	4.37	79.61	83.75	4.15	0	0	0	不是哥们儿	Not bro.	不是吧，哥们儿	No way, man.	no way bro come on
B-NEO-073	NEO	94.94	79.90	-15.05	83.99	83.87	-0.12	100	100	0	说出一个旅游热度很低但实际很夯的城市	Name a city that is not very popular for tourism but is actually quite vibrant.	说出一个旅游热度很低但实际很高的城市	Name a city that has low tourism popularity but high actual popularity.	name a city that's low-key but actually great
B-NEO-074	NEO	78.98	87.72	8.74	44.84	78.26	33.41	0	0	0	这波操作直接拉胯了	This move really dropped the ball.	这波操作直接失常了	This move has gone completely off the rails.	this play literally underperformed
B-NEO-075	NEO	82.85	76.64	-6.21	61.52	54.93	-6.59	100	100	0	这操作绝绝子，直接给我整不会了	This move is amazing, it completely left me speechless.	这操作绝佳，直接给我整不会了	This move is amazing, it completely threw me off.	this play is amazing left me speechless
B-NEO-076	NEO	74.22	79.74	5.52	70.25	71.79	1.54	0	0	0	谁能能理解这种崩溃的心情，辛辛苦苦备考许久，就等着政审上岸，结果栽在了学历断层上	Who could understand this feeling of collapse, having studied hard for so long, just waiting for the political review to secure a position, only to fail due to a gap in educational credentials.	谁能能理解这种崩溃的心情，辛辛苦苦备考许久，就等着政审成功，结果栽在了学历断层上	Who could understand this feeling of collapse, having studied hard for so long, waiting for the political review to succeed, only to fail at the education gap.	who understands this despair? prepped for ages waiting to pass the political review only to get rejected by an education gap
B-NEO-077	NEO	66.02	94.31	28.29	59.11	81.81	22.71	0	100	100	为什么留子都不爱和老外谈？	Why don't the left children like talking to foreigners?	为什么留学生都不爱和老外谈？	Why don't international students like talking to foreigners?	why don't international students like dating foreigners? real talk
B-NEO-078	NEO	76.33	93.29	16.97	74.32	74.08	-0.24	0	0	0	哈包穿上衣服不习惯了	Haba is not used to wearing clothes.	哈兰德穿上衣服不习惯了	Haaland is not used to wearing clothes.	not used to Haaland wearing clothes
B-NEO-079	NEO	73.77	81.16	7.39	54.94	58.54	3.60	0	0	0	洗澡5分钟老公社死一整年	Showering for 5 minutes, husband's social death for an entire year.	洗澡5分钟老公社会性死亡一整年	5 minutes in the shower, husband's social death for an entire year.	5-min shower and my husband is socially dead for a whole year rip
B-NEO-080	NEO	77.71	79.93	2.22	51.59	53.82	2.23	0	0	0	直接破防了家人们	Directly broke defense, family members.	直接心态失控了家人们	My family, I lost control of my mindset directly.	totally broke down mentally fam
B-NEO-081	NEO	95.89	96.28	0.40	78.43	79.70	1.27	100	100	0	月薪不够5w不能这么活	A monthly salary of less than 50,000 cannot support such a lifestyle.	月薪不够5万不能这么活	A monthly salary of less than 50,000 cannot support such a lifestyle.	Can't live like this if monthly salary isn't even 50k
B-NEO-082	NEO	40.10	59.87	19.78	66.22	81.77	15.56	0	0	0	爷青回	Grandpa's return to youth	爷的青春回来了	My grandfather's youth has returned.	Nostalgia hits hard.
B-NEO-083	NEO	73.91	100.00	26.09	49.15	87.51	38.36	0	0	0	难他天？	What's wrong with him?	难道他真的是天才？	Is he really a genius?	Turns out he's a genius?
B-NEO-084	NEO	97.00	99.12	2.12	50.93	83.09	32.17	0	0	0	基操	Basic operations	基本操作	Basic operations	Just basic mechanics
B-NEO-085	NEO	79.58	85.46	5.87	47.16	74.10	26.94	0	0	0	你这肯定是低段位炸鱼罢了	You're definitely just fishing in the lower tiers.	你这肯定是低段位欺负水平差的玩家罢了	You're definitely just bullying lower-level players who aren't as skilled.	You must be just smurfing in low rank
B-NEO-086	NEO	85.44	85.97	0.53	78.09	79.92	1.82	0	100	100	刘宇宁一周不直播，棚友集体受不了！想念到发疯	Liu Yuning hasn't live-streamed for a week, and his studio friends can't take it anymore! They're missing him so much they're going crazy.	刘宇宁一周不直播，粉丝集体受不了！想念到发疯	Liu Yuning doesn't live stream for a week, and his fans can't take it! They miss him to the point of going crazy.	Liu Yuning hasn’t streamed for a week, all his fans can’t stand it and miss him terribly.
B-PYA-001	PYA	85.14	96.60	11.47	74.19	77.41	3.22	0	100	100	xql日常太甜了，羡慕死了	XQL's daily life is too sweet, I'm so jealous.	小情侣日常太甜了，羡慕死了	The daily life of the little couple is too sweet, I'm so jealous.	this couple's daily life is too sweet, I'm so jealous
B-PYA-003	PYA	87.65	93.51	5.86	79.68	81.43	1.75	0	100	100	xql之间的默契真的绝了	The chemistry between xql is really amazing.	小情侣之间的默契真的绝了	The chemistry between the little couple is really amazing.	the chemistry between this couple is insane
B-PYA-004	PYA	85.17	97.71	12.54	70.27	75.40	5.13	0	100	100	全网最甜xql非他们莫属	The sweetest xql on the entire internet belongs to them.	全网最甜小情侣非他们莫属	The sweetest couple on the entire internet is definitely them.	the sweetest couple on the internet has to be them
B-PYA-005	PYA	77.45	99.59	22.14	75.22	78.71	3.49	0	0	0	看到别人去欧洲旅游的照片，xmsl	Seeing others' photos of traveling in Europe, xmsl	看到别人去欧洲旅游的照片，羡慕死了	I'm so envious of the photos of people traveling in Europe.	Seeing photos of others traveling in Europe makes me so envious.
B-PYA-007	PYA	87.31	88.37	1.06	78.34	73.50	-4.84	0	100	100	新剧gkd！等不及了	New drama gkd! Can't wait!	新剧搞快点！等不及了	Hurry up with the new play! Can't wait any longer!	hurry up with the new drama! can't wait
B-PYA-009	PYA	97.97	96.57	-1.40	66.73	77.63	10.90	0	0	0	xgg们推荐一下好用的手机呗	Please recommend some good phones.	小哥哥们推荐一下好用的手机呗	Brothers, recommend some good phones for me.	boys recommend some good phones pls
B-PYA-010	PYA	88.93	87.39	-1.54	76.30	83.54	7.23	0	0	0	这个xgg好帅，求联系方式	This xgg is so handsome, please give me the contact information.	这个小哥哥好帅，求联系方式	This big brother is so handsome, please give me your contact information.	this guy is so handsome, asking for his contact
B-PYA-011	PYA	84.97	96.62	11.65	74.58	75.68	1.10	0	100	100	jrm帮我看看这个怎么选	jrm help me see how to choose this	家人们帮我看看这个怎么选	Family, help me figure out how to choose this.	fam help me figure out which one to pick
B-PYA-012	PYA	97.59	97.70	0.11	77.58	84.40	6.82	0	100	100	jrm今天发生了一件离谱的事	Something ridiculous happened today.	家人们今天发生了一件离谱的事	Something unbelievable happened to the family today.	fam something wild happened today
B-PYA-013	PYA	90.66	94.37	3.71	74.50	84.11	9.60	0	0	0	8u们觉得这配置怎么样	What do you think of this configuration?	吧友们觉得这配置怎么样	What do the forum users think of this configuration?	what do you tieba folks think of this setup?
B-PYA-014	PYA	82.58	84.84	2.26	77.12	80.92	3.80	0	0	0	王虹yyds！中国数学家终于拿到菲尔兹奖了	Wang Hong yyds! Chinese mathematician has finally won the Fields Medal.	王虹永远的神！中国数学家终于拿到菲尔兹奖了	Wang Hong, forever the god! Chinese mathematician finally won the Fields Medal.	Wang Hong is the GOAT! A Chinese mathematician finally won the Fields Medal
B-PYA-015	PYA	75.37	92.18	16.81	61.08	67.88	6.80	0	0	0	这条rs怎么还没上	What's the status of this RS? Why hasn't it been released yet?	这条热搜怎么还没上	Why hasn't this hot search topic been posted yet?	why isn't this trending yet
B-PYA-016	PYA	74.79	78.29	3.50	73.14	75.33	2.19	0	0	0	xswl，陈哲远在密逃里也太搞笑了吧	xswl, Chen Zheyuan is too funny in Mystery Escape!	笑死我了，陈哲远在密逃里也太搞笑了吧	I died laughing, Chen Zheyuan is way too funny in Mystery Escape.	Lmao, Chen Zheyuan is just too funny in Great Escape
B-PYA-017	PYA	87.35	96.99	9.65	79.77	80.18	0.40	0	100	100	14个月正是穿lulu的时候	14 months is just the right time to wear Lulu.	14个月正是穿Lululemon的时候	14 months is exactly the time to wear Lululemon.	14 months is prime Lululemon season
B-PYA-018	PYA	85.22	85.02	-0.19	80.72	72.71	-8.02	0	0	0	dd，中国女排3比2逆转美国太牛了	dd, China's women's volleyball team came back from 2-1 down to beat the US 3-2, which was amazing.	顶顶，中国女排3比2逆转美国太牛了	Top, the Chinese women's volleyball team's 3-2 comeback against the US was amazing.	Bump, China women's volleyball 3-2 comeback against USA is amazing
B-PYA-019	PYA	88.38	96.21	7.83	79.15	77.78	-1.37	0	0	0	rt，大家帮我看看这手机值不值	RT, everyone, help me see if this phone is worth it.	如图，大家帮我看看这手机值不值	As shown in the picture, everyone, please help me see if this phone is worth it.	see pic help me check if this phone is worth it
B-PYA-020	PYA	85.27	92.41	7.14	82.68	84.92	2.24	0	100	100	jrs怎么看腾讯这个泄密处理？	What does JRS think about Tencent's handling of this data leak?	家人们怎么看腾讯这个泄密处理？	What do family members think about Tencent's handling of this data leak?	Fam, what do you think of Tencent's leak handling?
B-PYA-021	PYA	71.33	80.85	9.52	72.42	66.82	-5.60	0	0	0	srds，赛里木湖打人这事不能就这么算了	srds, the incident of someone hitting someone at Lake Sayram cannot just be let go like that.	虽然但是，赛里木湖打人这事不能就这么算了	Although that's the case, the incident of someone hitting someone at Lake Sayram cannot be just let go.	Be that as it may, the Sarim Lake beating incident can't just be let go like this
B-PYA-022	PYA	85.54	89.27	3.73	48.90	70.90	22.00	0	0	0	白色真是yyds	White is really yyds.	白色真是永远的神	White is really eternal.	white is truly the GOAT
B-PYA-023	PYA	83.29	94.66	11.37	71.97	70.95	-1.02	0	0	0	u1s1，317万年终奖确实让人眼红	u1s1, a year-end bonus of 3.17 million is indeed enviable.	有一说一，317万年终奖确实让人眼红	To put it plainly, a year-end bonus of 3.17 million is indeed enviable.	To be honest, a 3.17 million year-end bonus does make people envious
B-PYA-024	PYA	92.04	93.74	1.71	76.82	77.55	0.74	0	100	100	XHS上好多人在讨论	Many people are discussing on XHS.	小红书上好多人在讨论	Many people are discussing on Xiaohongshu.	so many people talking about it on Xiaohongshu
B-PYA-025	PYA	83.71	94.17	10.46	63.89	74.60	10.72	0	0	0	显卡涨价这消息直接让我blx了	The news of the graphics card price increase directly made me BLX.	显卡涨价这消息直接让我玻璃心了	The news that graphics cards have increased in price really broke my heart.	The GPU price hike news really triggered my fragile heart
B-PYA-026	PYA	82.29	91.45	9.16	63.46	62.38	-1.08	0	0	0	好好好 好一个kpop拉子(bushi)	Okay okay, what a K-pop otaku (bushi)	好好好 好一个kpop拉子(不是)	Okay okay, what a K-pop fangirl (not really)	ok ok ok what a kpop lesbian (not)
B-PYA-027	PYA	73.74	86.16	12.42	66.25	75.75	9.50	0	0	0	某些景区管理真是yygq，表面道歉背后照样	Some scenic area management is really yygq, apologizing on the surface but continuing as usual behind the scenes.	某些景区管理真是阴阳怪气，表面道歉背后照样	Some scenic area management is really insincere, apologizing on the surface but continuing as usual behind the scenes.	Some scenic area management is really passive-aggressive, apologizing on the surface but same behind the scenes
B-PYA-028	PYA	81.04	75.43	-5.60	76.28	82.48	6.21	0	0	0	nb！这个操作太秀了	NB! This move is too awesome.	牛逼！这个操作太秀了	Awesome! This move is really impressive.	Sick move! Absolute W
B-PYA-029	PYA	73.08	74.08	1.00	55.63	58.15	2.52	0	100	100	50亿离婚案的瓜我吃了，dbq我不站队	I've eaten the 5 billion divorce case gossip, dbq I don't take sides.	50亿离婚案的瓜我吃了，对不起我不站队	I've eaten the 5 billion divorce case gossip, sorry, I won't take sides.	I’ve followed the 5-billion divorce drama, sorry, I’m not taking sides.
B-PYA-030	PYA	93.85	94.13	0.29	67.86	69.36	1.50	100	100	0	这就是尊贵的b站用户🤣🤣🤣	This is the esteemed Bilibili user🤣🤣🤣	这就是尊贵的B站用户🤣🤣🤣	This is the esteemed Bilibili user🤣🤣🤣	this is what being a distinguished Bilibili user looks like 🤣🤣🤣
B-PYA-031	PYA	85.19	88.47	3.27	61.00	76.25	15.26	0	0	0	王虹从垫底到菲尔兹奖，这波直接nb	Wang Hong from the bottom to the Fields Medal, this move is straight up awesome.	王虹从垫底到菲尔兹奖，这波直接牛逼	Wang Hong from the bottom to the Fields Medal, this move is straight up awesome.	Wang Hong from bottom to Fields Medal, this move is just insane
B-PYA-032	PYA	95.79	100.00	4.21	64.48	82.70	18.22	0	100	100	xjj们推荐一下好用的手机呗	Recommend some good phones, please.	小姐姐们推荐一下好用的手机呗	Girls, recommend some good phones, please.	girls recommend some good phones pls
B-PYA-033	PYA	89.81	80.08	-9.73	73.72	57.61	-16.11	0	0	0	bl粉丝太能控评了	BL fans are too good at controlling the comments.	白鹿粉丝太能控评了	White鹿's fans are too good at controlling reviews.	Bai Lu fans are too good at controlling the comments
B-PYA-034	PYA	83.54	91.59	8.05	60.49	73.65	13.16	0	0	0	会聊天的男生真的yyds	Guys who are good at chatting are really yyds.	会聊天的男生真的永远的神	A guy who knows how to chat is forever the god.	guys who can flirt are truly the GOAT
B-PYA-035	PYA	64.43	79.71	15.28	80.97	81.70	0.73	0	0	0	哈哈哈哈哈哈哈笑死，我们00真的老kpop人了	Hahahahahaha, I died laughing. We 00s are really old-school K-pop fans.	哈哈哈哈哈哈哈笑死，我们2000年后出生的人真的老kpop人了	Hahahahahaha, I'm dying laughing. People born after 2000 are really old K-pop fans.	lmaooo us Gen Z are such veteran kpop fans
B-PYA-036	PYA	74.65	75.43	0.78	68.40	75.59	7.19	0	0	0	减脂党狂喜！番茄鸡蛋燕麦粥yyds	Fat-loss enthusiasts will be thrilled! Tomato and egg oatmeal is the ultimate choice.	减脂党狂喜！番茄鸡蛋燕麦粥永远的神	Weight loss enthusiasts will be thrilled! Tomato and egg oatmeal is the ultimate god of breakfasts.	diet crew rejoice! tomato egg oatmeal is the GOAT
B-PYA-037	PYA	86.97	95.72	8.75	80.64	78.13	-2.52	0	100	100	jrs帮我看看这鱼竿行不行	JRS, help me check if this fishing rod is any good.	家人们帮我看看这鱼竿行不行	Family, help me check if this fishing rod is any good.	fam help me check if this fishing rod is any good
B-PYA-038	PYA	86.44	84.86	-1.57	56.91	69.71	12.80	0	0	0	一个会调情的男生真的YYDS	A flirtatious guy is really the ultimate.	一个会调情的男生真的永远的神	A flirtatious guy is truly forever the god.	a guy who knows how to flirt is truly the GOAT
B-PYA-039	PYA	93.41	100.00	6.59	76.49	84.03	7.54	0	100	100	bdjw这个怎么用	How to use bdjw?	不懂就问这个怎么用	If you don't understand, ask how to use this.	asking cuz idk how do I use this
B-PYA-040	PYA	70.84	86.04	15.20	73.76	80.45	6.68	0	100	100	蓝盈莹第一场戏好像就是撞棺紫砂	Lan Yingying's first scene seems to be the one where she collides with the purple clay coffin.	蓝盈莹第一场戏好像就是撞棺自杀	Lan Yingying's first scene seems to be about crashing into a coffin and committing suicide.	Lan Yingying's first scene was literally suicide by coffin smash
B-PYA-041	PYA	83.80	80.57	-3.24	78.64	76.06	-2.58	0	0	0	泰奶+Gelato yyds！！！	Thai milk + Gelato yyds!!!	泰奶+Gelato 永远的神！！！	Thai Milk + Gelato Forever God!!!	Thai milk tea + Gelato is the GOAT!!!
B-PYA-042	PYA	84.23	81.16	-3.06	69.01	51.82	-17.19	0	0	0	yygq什么呢，有话直说不行吗	What's with the yygq? Can't you just say it straight out?	阴阳怪气什么呢，有话直说不行吗	What's with the阴阳怪气 (sarcastic and insincere tone)? Can't you just say what you mean?	what are you being passive-aggressive about just say it straight
B-PYA-043	PYA	79.13	93.19	14.07	58.39	69.65	11.26	0	0	0	zqsg追星好累	ZQSG is so tiring to be a fan.	真情实感追星好累	It's really tiring to be a genuine fan.	chasing idols with genuine feelings is exhausting
B-PYA-044	PYA	73.50	76.81	3.32	83.88	82.37	-1.51	0	0	0	u1s1，这个视频做得真好	u1s1, this video is really well done.	有一说一，这个视频做得真好	To be honest, this video is really well done.	Fr, this video slaps
B-PYA-045	PYA	58.18	56.97	-1.21	56.05	58.55	2.50	0	0	0	别再吃麻辣烫！干拌麻辣拌才是yyds	Don't eat hot pot anymore! Dry spicy hot pot is the real yyds.	别再吃麻辣烫！干拌麻辣拌才是永远的神	Don't eat hot pot anymore! Dry spicy hot pot is the eternal god.	stop eating malatang! dry-mixed mala ban is the GOAT
B-PYA-046	PYA	80.65	90.37	9.72	60.47	74.27	13.80	0	0	0	这吧里xfxy的，天天吵架	This forum is full of xfxy, arguing every day.	这吧里血风血雨的，天天吵架	This place is full of blood and tears, everyone argues every day.	this forum is so chaotic fighting every day smh
B-PYA-047	PYA	64.11	56.83	-7.28	63.51	64.70	1.18	0	100	100	srds他还是很有实力的	He still has a lot of strength.	虽然但是他还是很有实力的	Although he is, he still has a lot of strength.	sthough he still got bars
B-PYA-048	PYA	79.12	69.55	-9.57	77.69	78.93	1.25	0	0	0	xswl 这都能洗？	xswl Can you even wash this?	笑死我了 这都能洗？	I died laughing. Can you even wash this?	lmao you can defend even this?
B-PYA-049	PYA	89.93	99.99	10.06	78.80	84.44	5.64	0	0	0	rwkk这到底是什么鱼	What kind of fish is this, rwkk?	让我看看这到底是什么鱼	Let me see what kind of fish this actually is.	lemme see what fish is this
B-PYA-050	PYA	88.94	85.23	-3.71	57.65	49.76	-7.89	0	0	0	dd我一下	Punch me a little.	滴滴我一下	Tap me a little.	hit me up
B-PYA-051	PYA	93.00	88.68	-4.32	76.45	64.83	-11.61	0	0	0	tcl，我真的太菜了	TCL, I'm really too bad at this.	太菜了，我真的太菜了	Too bad, I'm really too bad.	I'm way too noob
B-PYA-052	PYA	78.13	68.37	-9.76	51.54	49.08	-2.47	0	0	0	夏天就好这一口！！天妇罗冰锅yyds！！	Summer is all about this!! Tempura ice pot is the ultimate!!	夏天就好这一口！！天妇罗冰锅永远的神！！	I can only handle this during summer!! Tempura ice pot is forever the god!!	summer vibes!! tempura ice pot is the GOAT!!
B-PYA-053	PYA	80.02	76.29	-3.73	71.65	71.83	0.18	0	0	0	xswl这弱智吧的帖子太搞笑了	xswl this post on the weak-minded forum is too funny	笑死我了这弱智吧的帖子太搞笑了	I died laughing, this post on the weak-minded forum is too funny.	lmao the posts in this dumbass forum are too funny
B-PYA-054	PYA	81.72	74.81	-6.90	46.58	49.21	2.62	0	0	0	马到成功yyds	Success at the first attempt, yyds	马到成功永远的神	Success at the first attempt, the eternal god	May you succeed effortlessly, it’s top tier!
B-PYA-055	PYA	82.48	66.75	-15.73	31.92	71.81	39.90	0	0	0	这操作nb啊，大佬带带我	This move is so cool, man. Can you teach me?	这操作牛逼啊，大佬带带我	This operation is awesome, man, please take me along.	this play is sick bro carry me
B-PYA-056	PYA	76.15	78.01	1.86	39.15	63.04	23.89	100	0	-100	这个cp太好磕了	This CP is so much fun to ship.	这个配对太好磕了	This pairing is too good to resist.	this ship is too good fr fr
B-PYA-057	PYA	76.48	65.77	-10.71	59.70	53.62	-6.08	100	0	-100	这俩离不开浓妆美颜强凹ABC	These two can't do without heavy makeup, beauty enhancements, and strongly emphasizing their ABCs.	这俩离不开浓妆美颜强凹American Born Chinese	These two can't get along without heavy makeup, beauty filters, and strongly portraying American Born Chinese.	these two can't go without heavy makeup + filters trying to act all ABC
B-PYA-058	PYA	84.94	78.87	-6.07	63.66	46.61	-17.05	0	0	0	kdl，这对CP太甜了	KDL, this CP is too sweet.	磕到了，这对CP太甜了	They collided, this CP is too sweet.	I'm shipping it this CP is too sweet
B-PYA-059	PYA	85.99	85.58	-0.41	60.18	74.43	14.24	0	0	0	山航yyds	Shandong Airlines yyds	山航永远的神	Shandong Airlines' eternal god	Shandong Airlines is the GOAT
B-PYA-060	PYA	72.39	83.61	11.22	46.26	39.09	-7.17	0	0	0	cpf又在磕了	CPF is kissing again.	CP粉又在磕了	CP fans are shipping them again.	shippers shipping again
B-PYA-061	PYA	69.19	67.41	-1.78	46.30	43.92	-2.38	0	0	0	dddd，支持UP主！	dddd, support the UP主!	顶顶顶顶，支持UP主！	Top top top top, support the UP主!	bump bump bump bump support the creator!
B-PYA-062	PYA	85.44	72.28	-13.16	78.45	78.48	0.03	0	0	0	xswl打印机都沦没墨了	xswl printer has run out of ink	笑死我了打印机都沦没墨了	I died laughing; the printer ran out of ink.	lmao even the printer ran out of ink
B-PYA-063	PYA	46.42	88.73	42.31	72.69	68.56	-4.12	0	100	100	fs们太能打了	The FS players are really good at fighting.	粉丝们太能打了	The fans are too strong.	fans are too cracked
B-PYA-064	PYA	93.63	93.66	0.02	85.01	79.85	-5.16	0	0	0	ssfd，这个太恐怖了	ssfd, this is too scary.	瑟瑟发抖，这个太恐怖了	Shivering with fear, this is too scary.	shook this is too scary
B-PYA-065	PYA	70.86	86.86	16.00	59.18	72.90	13.72	0	100	100	bt，时常因为不够bt而觉得跟这个世界格格不入	BT, often feels out of place in this world because of not being BT enough.	变态，时常因为不够变态而觉得跟这个世界格格不入	Pervert, often feels out of place in this world because they aren't perverted enough.	pervert always feeling out of place cuz I'm not weird enough lol
B-PYA-066	PYA	91.99	93.45	1.46	79.25	82.54	3.28	0	0	0	这图谁发明的，xswl	Who created this picture, xswl	这图谁发明的，笑死我了	Who came up with this picture? I'm dying of laughter.	who invented this image lmao
B-PYA-067	PYA	67.78	82.46	14.67	60.01	50.06	-9.94	0	0	0	tcl这游戏技术，菜到抠脚	TCL's game technology is so bad it's cringe.	太菜了这游戏技术，菜到抠脚	"This game skill is too bad, bad enough to be called ""抠脚"" (a slang term for being extremely bad)."	too noob this game skill noob to the extreme
B-PYA-068	PYA	73.03	91.91	18.87	67.36	69.54	2.18	0	0	0	zqsg追了这么多年，终于更新了	After chasing zqsg for so many years, it's finally been updated.	真情实感追了这么多年，终于更新了	Finally updated after years of genuine dedication.	been following with real feelings for years finally an update
B-PYA-069	PYA	74.45	72.69	-1.76	77.07	73.40	-3.68	0	0	0	Xswl就说有没有美味大餐吧哈哈哈哈哈哈哈	"Xswl said, ""Is there any delicious meal?"" Hahahahahaha"	笑死我了就说有没有美味大餐吧哈哈哈哈哈哈哈	I died laughing, just saying, is there any delicious meal? Hahahahahaha	lmao just tell me if there's a feast hahahahaha
B-PYA-070	PYA	97.75	77.24	-20.52	80.84	77.60	-3.24	100	100	0	nsdd，你说得对	NSDD, you're right.	你说得对，你说得对	You're right, you're right.	nsdd you're right
B-PYA-071	PYA	56.94	33.56	-23.38	69.53	71.78	2.25	0	0	0	xswl一人血书求这个短剧拍真人版	xswl One person's blood-written plea for this short play to be adapted into a live-action version.	笑死我了一人血书求这个短剧拍真人版	I died laughing; I begged with all my might for this short play to get a live-action adaptation.	lmao starting a one-person petition for a live-action version
B-PYA-072	PYA	93.69	98.70	5.01	84.73	85.82	1.10	0	100	100	szd，这个是真的	szd, this is real.	是真的，这个是真的	It's true, this is true.	it's legit this is the real deal
B-PYA-073	PYA	89.98	83.05	-6.93	65.59	52.05	-13.54	100	100	0	pyq，朋友圈见	pyq, see you on WeChat Moments	朋友圈，朋友圈见	WeChat Moments, see you in WeChat Moments.	see you in Moments
B-PYA-074	PYA	74.54	90.09	15.55	63.08	80.20	17.12	0	0	0	这个耳朵前后的颜色变化xswl	The color change around this ear xswl	这个耳朵前后的颜色变化笑死我了	The color change around this ear had me laughing so hard.	the color change before and after this ear lmao
B-PYA-075	PYA	97.97	97.11	-0.87	85.32	86.90	1.58	100	100	0	dbq，对不起我错了	dbq, sorry I was wrong.	对不起，对不起我错了	Sorry, sorry, I was wrong.	sry sorry I was wrong
B-PYA-076	PYA	86.87	70.11	-16.77	78.31	77.17	-1.14	0	0	0	xswl皇帝的新衣	xswl Emperor's New Clothes	笑死我了皇帝的新衣	I died laughing at the emperor's new clothes.	lmao emperor's new clothes
B-PYA-077	PYA	86.38	90.66	4.28	75.95	84.67	8.71	0	0	0	哈哈哈哈哈xswl	Hahahaha xswl	哈哈哈哈哈笑死我了	Hahahaha, I died laughing.	hahahahaha lmao
B-PYA-078	PYA	63.59	88.93	25.34	41.15	80.09	38.94	0	0	0	真的栓Q了家人们	Really thanks, family.	真的受够了家人们	I'm really fed up, family.	I've really had enough, guys.
B-PYA-079	PYA	85.33	91.08	5.75	82.46	63.10	-19.36	0	0	0	8u🚪什么意思	What does 8u🚪 mean?	吧友们什么意思	"What does ""bar friends"" mean?"	tieba bros what does this mean
B-PYA-080	PYA	81.62	76.76	-4.86	65.10	60.86	-4.24	0	0	0	什么成分？xdm锐评。	What's the ingredient? xdm comments.	什么成分？兄弟们锐评。	What's the composition? Brothers give sharp comments.	what's their deal? bros rate.
B-PYA-081	PYA	66.94	82.65	15.71	53.00	69.97	16.97	0	100	100	氪金也能让各家fs满意	Recharging can also satisfy various fs.	氪金也能让各家粉丝满意	Spending money on in-game purchases can also satisfy fans of different companies.	spending money can also satisfy every camp's fans
B-PYA-082	PYA	76.27	76.30	0.03	54.29	66.31	12.02	0	0	0	咱姐硬生生从良子嘴里抠出3w多粉丝	My sister forcibly took over 30,000 followers from Ryouko.	咱姐硬生生从良子嘴里抠出3万多粉丝	My sister forcibly extracted over 30,000 followers from Ryouko's mouth.	Our sis somehow pulled more than thirty thousand followers out of Liangzi.
B-PYA-083	PYA	77.79	81.25	3.46	67.12	67.27	0.15	0	0	0	她俩要是有cpf这都能当谈过的证据了	If they had CPF, this could serve as evidence that they've been through something together.	她俩要是有CP粉这都能当谈过的证据了	If they had CP fans, this could serve as evidence that they've been together.	if they had shippers this could count as dating proof
B-PYA-084	PYA	86.47	98.98	12.51	78.57	86.70	8.13	0	0	0	塔图姆NB	Tatum NB	塔图姆牛逼	Tatum is awesome.	Tatum is insane.
B-PYA-085	PYA	93.72	89.68	-4.03	73.28	78.29	5.01	0	0	0	想吃肉质Q弹的就买散养老公鸡	If you want tender and juicy meat, buy free-range roosters.	想吃肉质紧实弹牙的就买散养老公鸡	If you want to eat meat that is firm and chewy, buy free-range roosters.	if you want bouncy meat buy free-range rooster
B-PYA-086	PYA	88.93	98.54	9.61	72.46	73.28	0.81	0	100	100	yysy，两边都看完了	yysy, I've looked at both sides.	有一说一，两边都看完了	To be honest, I've watched both sides.	To be honest, I watched both sides
B-MIX-001	MIX	95.22	82.91	-12.31	78.20	71.39	-6.82	100	100	0	这首歌的hook太洗脑了，循环一天	The hook of this song is too catchy, I've been looping it all day.	这首歌的记忆点太洗脑了，循环一天	The catchy part of this song is too stuck in my head; I've been looping it all day.	this song's hook is so catchy, been looping all day
B-MIX-002	MIX	93.32	94.54	1.22	74.95	79.06	4.11	100	0	-100	短视频前3秒就是hook，抓不住人就划走了	The first 3 seconds of a short video is the hook; if it doesn't grab attention, people will swipe away.	短视频前3秒就是吸引人的部分，抓不住人就划走了	The first 3 seconds of a short video are the most attention-grabbing part; if it doesn't catch people's interest, they will swipe away.	the first 3 seconds of a short video is the hook, lose them and they scroll away
B-MIX-003	MIX	99.06	99.18	0.12	79.75	84.35	4.60	100	100	0	新专辑终于drop了，等了好久	The new album has finally dropped; I've been waiting for a long time.	新专辑终于发布了，等了好久	The new album has finally been released; we've been waiting for a long time.	the new album finally dropped, been waiting forever
B-MIX-004	MIX	96.98	98.01	1.03	80.76	83.11	2.35	100	100	0	这个品牌下周drop新款，必须抢	This brand is dropping a new collection next week, you must grab it.	这个品牌下周推出新款，必须抢	This brand is launching a new collection next week; you must grab it.	this brand is dropping new styles next week, gotta grab them
B-MIX-005	MIX	93.78	92.53	-1.25	72.52	78.50	5.97	100	0	-100	这波clutch操作直接翻盘，太牛了	This clutch play turned the game around, amazing!	这波关键时刻的操作直接翻盘，太牛了	This critical move turned the game around directly, amazing!	this clutch play turned the game around, insane
B-MIX-006	MIX	71.85	82.58	10.73	61.89	76.31	14.42	100	0	-100	决赛最后一分钟clutch绝杀	Final minute clutch game-winning shot	决赛最后一分钟关键时刻绝杀	Last-minute game-winning shot in the final seconds of the championship.	clutch buzzer-beater in the final minute of the finals
B-MIX-007	MIX	99.07	99.94	0.87	83.53	85.38	1.86	100	100	0	这游戏画质也就mid水平，玩法也一般	The game's graphics are just mid-level, and the gameplay is also average.	这游戏画质也就一般水平，玩法也一般	The graphics of this game are just average, and the gameplay is also average.	this game's graphics are just mid, gameplay is average too
B-MIX-008	MIX	93.13	78.29	-14.84	61.04	81.39	20.34	100	0	-100	这套穿搭直接slay全场	This outfit slays the whole place.	这套穿搭直接秒杀全场	This outfit instantly steals the show.	this outfit slays the whole room
B-MIX-009	MIX	77.86	90.67	12.80	51.17	79.17	28.00	0	0	0	王虹这波演讲直接slay	Wang Hong's speech this time directly slay.	王虹这波演讲直接秒杀全场	Wang Hong's speech completely dominated the entire audience.	Wang Hong's speech just slayed
B-MIX-010	MIX	97.51	92.62	-4.90	86.29	82.93	-3.36	100	100	0	上班就是当NPC，每天重复同样的台词	Working is like being an NPC, repeating the same lines every day.	上班就是当非玩家角色，每天重复同样的台词	Working is like being a non-player character, repeating the same lines every day.	going to work is being an NPC, repeating the same lines every day
B-MIX-011	MIX	98.55	94.19	-4.36	85.62	80.13	-5.50	100	0	-100	别当NPC了，做自己生活的主角	Don't be an NPC anymore; be the main character of your own life.	别当非玩家角色了，做自己生活的主角	Don't be a non-player character anymore; be the main character of your own life.	stop being an NPC, be the main character of your own life
B-MIX-012	MIX	79.80	91.91	12.10	54.64	78.54	23.90	0	100	100	i人沦为e人玩具，太真实了	I people become E people's toys, it's too realistic.	内向者沦为外向者玩具，太真实了	Introverts becoming toys for extroverts is too realistic.	introverts becoming playthings for extroverts, too real
B-MIX-013	MIX	83.43	92.51	9.08	70.29	78.99	8.70	0	0	0	e人累了一周还要爬起来继续嗨	After a tiring week, e-people have to get up and keep having fun.	外向的人累了一周还要爬起来继续嗨	Outgoing people are so energetic that even after a tiring week, they still get up to keep having fun.	extroverts have been tired all week and still have to get up and keep partying
B-MIX-014	MIX	92.84	90.34	-2.51	69.32	69.66	0.34	100	0	-100	刻在骨子里的秀粉DNA瞬间苏醒	The DNA of a devoted fan, deeply engraved in the bones, suddenly awakens.	刻在骨子里的秀粉基因瞬间苏醒	The genes of a devoted fan, deeply engraved in the bones, suddenly awakened.	the idol fan DNA embedded in my bones instantly awakened
B-MIX-015	MIX	99.93	95.33	-4.60	83.97	84.60	0.63	100	0	-100	POV：你是最后一个知道消息的人	POV: You are the last person to know the news.	视角：你是最后一个知道消息的人	Perspective: You are the last person to know the news.	POV: you're the last person to find out
B-MIX-016	MIX	98.48	96.78	-1.71	73.76	80.81	7.05	100	100	0	当地人真的好chill，十一点上班六点下班	The locals are really chill, working from 11 a.m. to 6 p.m.	当地人真的好悠闲放松，十一点上班六点下班	The locals are really relaxed and laid-back, working from 11 o'clock to 6 o'clock.	the locals are so chill, starting work at 11 and off at 6
B-MIX-017	MIX	100.00	95.22	-4.78	78.14	85.33	7.19	100	0	-100	这个视频太cringe了，看不下去	This video is too cringe, I can't watch it.	这个视频太尴尬了，看不下去	This video is too awkward, I can't watch it.	this video is too cringe, can't even watch
B-MIX-018	MIX	92.51	97.36	4.84	58.30	85.52	27.22	100	100	0	这个行为好sus，不对劲	This behavior is kinda sus, something's off.	这个行为好可疑，不对劲	This behavior is really suspicious and something's not right.	this behavior is so sus, something's off
B-MIX-019	MIX	91.82	92.91	1.10	71.95	84.36	12.41	100	0	-100	别flex了，谁不知道你有钱	Stop flexing, who doesn't know you're rich?	别炫耀了，谁不知道你有钱	Stop showing off; who doesn't know you're rich?	stop flexing, everyone knows you're rich
B-MIX-020	MIX	99.10	99.17	0.07	83.24	82.98	-0.26	100	100	0	这首歌被hype过头了，其实一般	This song is overhyped; it's actually just average.	这首歌被炒作过头了，其实一般	This song has been overhyped; it's actually just average.	this song got way too much hype, it's actually just average
B-MIX-021	MIX	98.61	97.90	-0.71	81.17	81.85	0.68	100	100	0	今天又偶遇crush了，太巧了	I ran into my crush again today, what a coincidence!	今天又偶遇暗恋对象了，太巧了	I ran into my crush again today, what a coincidence.	ran into my crush again today, what a coincidence
B-MIX-022	MIX	82.98	86.61	3.63	67.46	76.48	9.02	100	100	0	我ship的CP终于官宣了	My ship's CP finally officially confirmed their relationship.	我支持的情侣组合终于官宣了	The couple combination I support has finally officially confirmed their relationship.	the ship I've been rooting for finally went official
B-MIX-023	MIX	93.98	97.23	3.24	79.57	83.88	4.31	100	100	0	作为stan我必须说偶像这次回归太棒了	As Stan, I must say the idol's comeback this time is amazing.	作为狂热粉我必须说偶像这次回归太棒了	As a die-hard fan, I must say the idol's comeback this time is amazing.	as a stan I gotta say the idol's comeback is amazing
B-MIX-024	MIX	97.46	98.11	0.65	81.29	80.98	-0.31	100	100	0	期待偶像的comeback，新专辑什么时候发	Looking forward to the idol's comeback, when will the new album be released?	期待偶像的回归，新专辑什么时候发	Looking forward to the idol's return, when will the new album be released?	looking forward to the idol's comeback, when's the new album dropping
B-MIX-025	MIX	92.26	92.68	0.42	72.93	78.58	5.65	100	0	-100	这也太离谱了吧我直接emo	This is too absurd, I'm directly feeling emo.	这也太离谱了吧我直接抑郁	This is too absurd, I'm directly depressed.	this is so outrageous I'm literally emo rn
B-MIX-026	MIX	93.62	86.44	-7.18	80.38	79.84	-0.54	0	0	0	看到317万年终奖我直接emo了	Seeing the 3.17 million yuan year-end bonus, I immediately felt emotional.	看到317万年终奖我直接情绪低落了	Seeing the 3.17 million yuan year-end bonus made me feel really down immediately.	Seeing the 3.17 million year-end bonus, I got all emo
B-MIX-027	MIX	82.82	80.46	-2.37	51.71	61.75	10.04	0	0	0	掉san了，这个太恐怖了	Dropped san, this is too scary.	掉san值了，这个太恐怖了	Dropped 3 points, this is too scary.	lost my sanity this is too scary bruh
B-MIX-028	MIX	89.00	89.66	0.67	75.08	76.88	1.81	100	0	-100	王虹这波citywalk直接从北大走到菲尔兹奖	Wang Hong's city walk directly took her from Peking University to the Fields Medal.	王虹这波城市漫步直接从北大走到菲尔兹奖	Wang Hong's urban stroll directly took her from Peking University to the Fields Medal.	Wang Hong's citywalk took her all the way from Peking University to the Fields Medal
B-MIX-029	MIX	89.57	89.65	0.07	68.10	81.91	13.81	0	0	0	在上海街头随性citywalk	Stroll casually through the streets of Shanghai.	在上海街头随性城市漫步	Stroll casually through the streets of Shanghai.	casual city walk on Shanghai streets
B-MIX-030	MIX	94.13	91.91	-2.22	79.30	77.45	-1.84	100	100	0	中国女排这vibe太强了，3比2逆转太燃	The vibe of the Chinese women's volleyball team is so strong, coming back from 2-1 down to win 3-2 is so exciting.	中国女排这氛围太强了，3比2逆转太燃	The atmosphere of the Chinese women's volleyball team is so intense, coming back from 2-1 down to win 3-2 is really exciting.	China women's volleyball's vibe is so strong, the 3-2 comeback is so inspiring
B-MIX-031	MIX	96.11	91.60	-4.51	74.26	75.12	0.86	100	0	-100	这番属于ACGN圈的经典之作了	This is a classic work in the ACGN community.	这番属于动漫游文圈的经典之作了	This is a classic work in the anime, manga, and game culture circle.	this anime is a classic in the ACGN circle
B-MIX-032	MIX	85.91	96.30	10.39	72.98	79.65	6.67	0	100	100	50亿离婚案这drama程度堪比韩剧	The 500 million divorce case is as dramatic as a Korean drama.	50亿离婚案这戏剧性程度堪比韩剧	The dramatic level of the 5 billion divorce case is comparable to a Korean drama.	The drama level of the 5 billion divorce case rivals a Korean drama
B-MIX-033	MIX	96.55	95.55	-1.00	68.80	80.16	11.36	100	0	-100	今日OOTD分享	Today's OOTD share	今日穿搭分享	Today's Outfit Sharing	today's OOTD drop
B-MIX-034	MIX	82.26	79.94	-2.32	68.41	71.79	3.38	100	100	0	赛里木湖这波操作太low了，景区管理丢人	Sailimu Lake's move is too low-class; the scenic area management is shameful.	赛里木湖这波操作太低级了，景区管理丢人	Sailimu Lake's move was too low-level; the scenic area management is shameful.	Sarim Lake's move this time is too low-class, scenic area management is embarrassing
B-MIX-035	MIX	100.00	99.07	-0.93	84.26	81.44	-2.81	100	0	-100	OMG这也太好看了	OMG, this is so beautiful!	我的天这也太好看了	My goodness, this is too beautiful.	OMG this looks so good
B-MIX-036	MIX	88.75	91.67	2.93	58.86	71.85	12.99	0	0	0	腾讯这波泄密事件直接social death了	Tencent's data leak incident directly led to its social death.	腾讯这波泄密事件直接社会性死亡了	Tencent's data leak incident directly led to its social death.	Tencent's leak incident this time resulted in total social suicide
B-MIX-037	MIX	94.35	93.54	-0.82	84.25	82.66	-1.59	100	0	-100	这游戏全DLC都买了，花了好几百	I bought all the DLCs for this game, spending several hundred dollars.	这游戏全可下载内容都买了，花了好几百	I bought all the downloadable content for this game, spending several hundred dollars.	bought all the DLC spent several hundred
B-MIX-038	MIX	97.24	98.25	1.01	73.11	80.28	7.17	0	0	0	显卡涨价涨成这样，简直是price离谱	The graphics card prices have gone up so much, it's simply absurd.	显卡涨价涨成这样，简直是价格离谱	The graphics card prices have gone up so much; it's simply absurd.	GPU prices going up this much, the price is just outrageous
B-MIX-039	MIX	99.12	81.03	-18.09	80.37	81.53	1.17	100	0	-100	这个GMV变高了	This GMV has increased.	这个商品交易总额变高了	The total transaction amount of this product has increased.	this GMV went up
B-MIX-040	MIX	97.14	95.32	-1.81	78.60	80.39	1.79	100	100	0	过度分享这件事真的太trigger了，边界感很重要	Over-sharing is really triggering; having boundaries is very important.	过度分享这件事真的太触发了，边界感很重要	Over-sharing is really triggering, boundaries are very important.	Oversharing is really triggering. Boundaries matter.
B-MIX-041	MIX	95.54	95.94	0.41	79.89	79.06	-0.82	100	100	0	这个meme太火了	This meme is too hot.	这个梗太火了	This meme is too popular.	this meme is too fire lol
B-MIX-042	MIX	89.06	88.74	-0.33	74.78	74.19	-0.59	100	100	0	陈哲远在密逃里的reaction太搞笑了	Chen Zheyuan's reaction in Mystery Escape is too funny.	陈哲远在密逃里的反应太搞笑了	Chen Zheyuan's reactions in Mystery Escape are too funny.	Chen Zheyuan's reaction in the escape room show is too funny
B-MIX-043	MIX	86.24	77.24	-9.00	68.26	76.12	7.86	100	0	-100	用来换做成AGI的概率	The probability of being used to create AGI	用来换做成通用人工智能的概率	The probability of being used to create general artificial intelligence.	probability of achieving AGI
B-MIX-044	MIX	87.27	88.52	1.25	80.44	82.78	2.34	100	100	0	50亿离婚案这个level太高了，普通人理解不了	The 500 million divorce case is at such a high level that ordinary people can't understand it.	50亿离婚案这个级别太高了，普通人理解不了	The divorce case involving 5 billion yuan is too high-level for ordinary people to understand.	The level of the 5 billion divorce case is too high, ordinary people can't understand
B-MIX-045	MIX	80.69	82.89	2.20	63.54	79.12	15.59	100	0	-100	cosplay得很好，很像	Cosplay very well, very like	角色扮演得很好，很像	The role-play is very good, very realistic.	cosplay done right looks so similar
B-MIX-046	MIX	96.81	96.42	-0.39	83.67	84.24	0.56	100	100	0	这个app一到发售就崩	This app crashed as soon as it was released.	这个应用一到发售就崩	This app crashed as soon as it was released.	this app crashes every launch
B-MIX-047	MIX	96.25	98.84	2.59	74.77	85.42	10.65	0	0	0	这个角色太OP了	This character is too OP.	这个角色太强了	This character is too strong.	this character is way too overpowered
B-MIX-048	MIX	79.00	81.04	2.05	71.63	77.64	6.01	100	100	0	lpl历史上有像清算48同样力度的清算吗？	Has there ever been a clearance in LPL history as strong as the 48 clearance?	LPL历史上有像清算48同样力度的清算吗？	Has there ever been a liquidation in LPL with the same intensity as the 48 liquidation?	has there ever been a reckoning as hard as '48' in LPL history?
B-MIX-049	MIX	85.50	93.46	7.96	83.87	77.37	-6.51	0	0	0	加个buff，变得更强	Add a buff and become stronger.	加个增益，变得更强	Add a boost and become stronger.	add a power-up get stronger ez
B-MIX-050	MIX	100.00	99.12	-0.88	85.25	84.83	-0.42	100	100	0	这个logo设计得好	This logo is designed well.	这个品牌标识设计得好	This brand logo is designed well.	this logo is well designed
B-MIX-051	MIX	83.52	83.52	0.01	58.76	81.72	22.96	100	0	-100	被nerf了，变弱了	Nerfed, weakened.	被削弱了，变弱了	Weakened, became weaker	got nerfed got weaker smh
B-MIX-052	MIX	97.02	97.37	0.35	82.73	83.69	0.96	0	0	0	我刚才去打apex了	I just went to play Apex.	我刚才去打Apex了	I just went to play Apex.	just went to play Apex
B-MIX-053	MIX	100.00	100.00	0.00	84.36	84.14	-0.21	100	100	0	GDP十强省份变了	The top ten provinces in GDP have changed.	国内生产总值十强省份变了	The top ten provinces in terms of GDP have changed.	GDP top 10 provinces changed
B-MIX-054	MIX	91.87	87.12	-4.75	71.07	84.38	13.31	0	0	0	GG了，完了	GG, it's over.	完了，完了	Done, done.	It's game over, we're done for.
B-MIX-055	MIX	87.71	78.33	-9.38	53.49	51.19	-2.29	0	0	0	就是在cp里吃瓜	Just watching the drama in CP.	就是在搭档组合里吃瓜	Just watching the show in the partner duo.	just watching the drama in the ship
B-MIX-056	MIX	85.38	98.22	12.84	66.13	60.78	-5.34	0	100	100	图样森破，你太天真了	The pattern is too fragile, you're too naive.	Too young too simple，你太天真了	Too young, too simple, you're too naive.	too young too simple you're too naive
B-MIX-057	MIX	97.21	96.29	-0.92	82.22	81.06	-1.16	100	0	-100	这个AI太厉害了	This AI is too amazing.	这个人工智能太厉害了	This artificial intelligence is too amazing.	this AI is way too OP fr
B-MIX-058	MIX	72.80	72.95	0.15	43.43	43.36	-0.07	100	100	0	carry全场，带飞	carry the whole game, carry everyone along	带飞全场，带飞	Carry the whole game, carry.	carrying the whole squad what a carry
B-MIX-059	MIX	98.78	96.32	-2.46	84.07	83.64	-0.44	100	0	-100	她学的是泰语又不是IT	She studied Thai, not IT.	她学的是泰语又不是信息技术	She studied Thai, not information technology.	she studies Thai not IT
B-MIX-060	MIX	92.15	92.22	0.07	80.99	76.59	-4.40	100	100	0	VIP通道真快	The VIP channel is really fast.	贵宾通道真快	The VIP channel is really fast.	VIP lane is so fast
B-MIX-061	MIX	92.64	74.61	-18.04	63.59	57.01	-6.59	100	0	-100	solo一下，单挑	Solo, one-on-one.	单挑一下，单挑	One-on-one, one-on-one.	solo it 1v1 me bro
B-MIX-062	MIX	98.69	100.00	1.31	80.68	84.79	4.10	0	0	0	这个PK谁赢了	Who won this PK?	这个对决谁赢了	Who won this showdown?	who won this duel
B-MIX-063	MIX	65.97	64.75	-1.23	54.10	53.34	-0.76	100	100	0	因凡蒂诺和FIFA演都不演了，这是纯把梅西世界杯金球奖给抢劫了	Inflation and FIFA are not even performing anymore; this is purely a robbery of Messi's World Cup Golden Ball.	因凡蒂诺和国际足联演都不演了，这是纯把梅西世界杯金球奖给抢劫了	Inflation and FIFA are not performing anymore; this is purely a robbery of Messi's World Cup Golden Ball.	Infantino and FIFA aren't even hiding it anymore straight up robbed Messi of the World Cup Golden Ball
B-MIX-064	MIX	98.29	98.09	-0.19	80.90	83.81	2.91	100	100	0	做个SPA放松一下	Get a spa to relax.	做个水疗放松一下	Get a spa treatment to relax.	getting a spa to relax
B-MIX-065	MIX	92.60	90.93	-1.68	71.99	56.21	-15.78	100	100	0	这个DJ太嗨了	This DJ is too hype.	这个唱片骑师太嗨了	This DJ is too hype.	this DJ is too lit
B-MIX-066	MIX	89.07	89.95	0.88	75.06	75.37	0.31	0	0	0	Rush E 朗朗PK街头钢琴家	Rush E Lang Lang vs. Street Pianist	Rush E 朗朗对决街头钢琴家	Rush E Lang Lang vs. Street Pianist	Rush E Lang Lang versus street pianist
B-MIX-067	MIX	75.24	76.69	1.46	79.61	77.56	-2.04	0	100	100	这动漫OP太好听了，循环播放	This anime OP is so good, I keep looping it.	这动漫片头曲太好听了，循环播放	This anime's opening theme is so good, I keep looping it.	this anime opening slaps on loop
B-MIX-068	MIX	97.44	96.79	-0.64	83.82	84.34	0.53	100	0	-100	买个iPad记笔记	Buy an iPad to take notes.	买个平板电脑记笔记	Buy a tablet to take notes.	getting an iPad for notes
B-MIX-069	MIX	75.46	75.05	-0.41	64.44	64.68	0.24	0	100	100	抖音的bgm怎么突然变得那么难听了到处都是想问问你敢不敢还有那天我经过一片花园	"How come the BGM on Douyin suddenly became so bad? Everywhere I go, it's all ""Are you brave enough?"" and that day when I passed by a garden..."	抖音的背景音乐怎么突然变得那么难听了到处都是想问问你敢不敢还有那天我经过一片花园	"How come the background music on Douyin suddenly became so bad? Everywhere I go, it's all ""Are you brave enough?"" and that day when I passed by a garden..."	why has Douyin's background music gotten so bad everywhere it's either 'I Want to Ask If You Dare' or 'That Day I Passed a Garden'
B-MIX-070	MIX	98.47	98.97	0.50	83.60	81.39	-2.21	0	0	0	这个PPT做得好	This PPT is well done.	这个演示文稿做得好	This presentation is well done.	this PowerPoint is well made
B-MIX-071	MIX	77.76	76.61	-1.15	44.15	65.80	21.65	100	100	0	法法这期ooc了吧	This episode of Fafa is out of character.	法法这期脱离扮演角色了吧	This episode of Fafa seems to have stepped out of character.	Fafa was so out of character this episode bruh
B-MIX-072	MIX	98.23	98.37	0.13	80.44	80.56	0.12	100	100	0	3.5h通关	3.5 hours to complete the game	3.5小时通关	3.5 hours to complete the game	beat the game in 3.5 hours
B-MIX-073	MIX	96.54	89.71	-6.83	76.79	74.45	-2.34	100	0	-100	这个ins风好看	This Instagram style is nice.	这个网红风好看	This internet celebrity style is attractive.	this Instagram aesthetic looks good
B-MIX-074	MIX	82.26	92.01	9.75	66.97	81.80	14.83	100	0	-100	我的文化水平belike	My cultural level is like	我的文化水平就像这样	My cultural level is like this.	my education level be like lmao
B-MIX-075	MIX	98.87	99.89	1.02	78.99	82.20	3.21	100	100	0	来杯matcha	A cup of matcha please.	来杯抹茶	A cup of matcha	a cup of matcha
B-MIX-076	MIX	98.46	99.28	0.82	80.16	84.18	4.02	0	0	0	店员花一秒钟get到你的意思了	The store clerk got your meaning in a second.	店员花一秒钟理解到你的意思了	The store clerk understood your meaning in a second.	the clerk took one second to get your meaning
B-MIX-077	MIX	98.57	97.26	-1.31	81.55	69.06	-12.49	100	100	0	这个vlog拍得好	This vlog is well-made.	这个视频博客拍得好	This vlog is well-made.	this vlog is well shot
B-MIX-078	MIX	92.76	90.32	-2.45	68.13	74.79	6.67	0	0	0	学习上problem不能发作	Problems in study cannot occur.	学习上问题不能发作	Problems in study cannot be exacerbated.	can't let the issue flare up during studying
B-MIX-079	MIX	95.51	95.93	0.43	77.99	80.23	2.24	100	100	0	好久没有笑的这么开心了，必须收藏起来emo了再看	It's been a long time since I've laughed this happily; I must save this to watch again when I'm feeling down.	好久没有笑的这么开心了，必须收藏起来抑郁了再看	It's been a long time since I've laughed this happily; I must save this to watch when I'm feeling down.	haven't laughed this hard in ages saving it to watch when I'm feeling down fr
B-MIX-080	MIX	75.56	86.98	11.41	77.85	75.05	-2.80	100	100	0	cult导演后悔道剧组没有你	Director Cult regretted that the crew didn't have you.	邪典导演后悔道剧组没有你	The cult director regretted that the crew didn't have you.	cult director regrets not having you on set
B-MIX-081	MIX	57.20	65.08	7.88	63.51	65.95	2.44	0	0	0	从技术舞美上讲是挺牛，但从意识上讲buff快叠满了	Technically, it's pretty impressive, but in terms of awareness, the buffs are almost maxed out.	从技术舞美上讲是挺牛，但从意识上讲增益快叠满了	Technically, it's pretty impressive, but in terms of awareness, the benefits are quickly maxed out.	technically the stage design is pretty sick but ideologically the power-ups are almost fully stacked
B-MIX-082	MIX	84.83	82.60	-2.24	75.13	80.77	5.65	100	100	0	上了初中就开始恶化了，甚至游戏也会拖一会儿再启动，作业拖到ddl就算是期末周也学不进去	It started getting worse when I entered middle school; even games would take a while to launch, and homework would be postponed until the deadline, and even during exam week, I couldn't focus on studying.	上了初中就开始恶化了，甚至游戏也会拖一会儿再启动，作业拖到截止日期就算是期末周也学不进去	It started to get worse after entering junior high school; even games would take a while to launch, and homework was always postponed until the deadline, and even during the final exam week, I couldn't focus on studying.	middle school hit different even games I delay homework till deadline even in finals week can't focus smh
B-MIX-083	MIX	92.84	94.65	1.81	63.32	77.39	14.07	100	100	0	ddl就在眼前了还在摆烂	The deadline is right around the corner, and you're still slacking off.	截止日期就在眼前了还在摆烂	The deadline is right around the corner and you're still slacking off.	deadline is right there and you're still slacking
B-MIX-084	MIX	100.00	93.44	-6.56	82.74	81.17	-1.56	100	0	-100	asmr助眠真的有用吗	Does ASMR really help with sleep?	自发性知觉经络反应助眠真的有用吗	Is the Spontaneous Perception Meridian Response really effective for helping with sleep?	does ASMR for sleep actually work
B-MIX-085	MIX	96.08	95.52	-0.56	74.05	80.06	6.01	100	100	0	超mean老奶一般是英语老师	Super mean old ladies are usually English teachers.	超刻薄老奶一般是英语老师	Super mean old ladies are usually English teachers.	Super mean old ladies are usually English teachers
B-MIX-086	MIX	93.40	94.90	1.50	67.20	79.81	12.61	100	0	-100	绝对音感的正确用法belike	The correct use of absolute pitch is like	绝对音感的正确用法是这样	The correct use of absolute pitch is like this.	The correct usage of absolute pitch be like
B-HOM-096	HOM	92.54	92.73	0.19	66.11	77.48	11.36	100	100	0	孩好像真的很困了，但是一直被麻麻薅过来薅过去配合拍视频	The kid seems really tired, but keeps being pulled back and forth by Mom to pose for the video.	孩好像真的很困了，但是一直被妈妈薅过来薅过去配合拍视频	The kid seems really tired, but keeps being pulled back and forth by mom to cooperate with the video shoot.	the kid really seems sleepy, but keeps getting dragged back and forth by mom to pose for the video
B-HOM-097	HOM	90.40	91.73	1.33	65.82	72.06	6.24	0	0	0	哈哈哈哈哈，不好意思哈哈哈哈哈没崩住	Hahahaha, sorry, hahahaha, couldn't hold it back.	哈哈哈哈哈，不好意思哈哈哈哈哈没绷住	Hahahaha, sorry, hahahaha, couldn't hold it back.	hahaha, sorry hahaha I couldn't hold it together
B-HOM-098	HOM	98.21	82.90	-15.30	81.92	60.44	-21.48	100	0	-100	淦，忘记原版了，有谁能补一下？	Damn, I forgot the original version. Can anyone help me out?	干，忘记原版了，有谁能补一下？	Dry, forgot the original, can anyone help me out?	damn, I forgot the original, can anyone fill it in?
B-HOM-099	HOM	75.90	75.06	-0.83	64.40	68.64	4.24	0	0	0	你们要是给我炮儿玩似了我看什么啊	If you keep playing with the cannon like that, what am I supposed to look at?	你们要是给我炮儿玩死了我看什么啊	If you play with the cannon and kill me, what will I see?	if you guys play my Pao'er to death, what am I supposed to watch?
B-PYA-087	PYA	91.83	91.81	-0.02	75.72	76.28	0.55	0	0	0	快别TM说了，抓紧睡半个钟头，不然去早餐店要迟到了	Stop talking nonsense, hurry up and sleep for half an hour, or you'll be late for the breakfast shop.	快别他妈说了，抓紧睡半个钟头，不然去早餐店要迟到了	Stop talking nonsense, hurry up and sleep for half an hour, or you'll be late for the breakfast shop.	stop freaking talking and grab half an hour of sleep, or you'll be late for the breakfast shop
B-NEO-087	NEO	95.40	96.31	0.91	82.52	83.47	0.95	0	0	0	某种意义上来看他也是个神人	In a certain sense, he is also a god-like person.	某种意义上来看他也是个行为离谱的人	In a certain sense, he is also a person whose behavior is bizarre.	in a certain sense he's also an absolute character
B-NEO-088	NEO	76.72	88.68	11.96	69.41	68.95	-0.46	0	100	100	我都不知道出新图了，作业自己跑我脸上了	I didn't even know there was a new picture; the homework just ran right into my face.	我都不知道出新图了，攻略自己跑我脸上了	I didn't even know there was a new image out, and the guide just ran right into my face.	I didn't even know a new stage was out, and the guide just ran right into my face
B-NEO-089	NEO	91.65	99.64	7.99	79.68	78.53	-1.15	0	0	0	无论从哪个层面来看，都是吊炸了	No matter from which level you look at it, it's amazing.	无论从哪个层面来看，都是厉害极了	It's amazing from any perspective.	no matter how you look at it, it's insanely awesome
B-NEO-090	NEO	82.16	95.37	13.21	72.09	82.41	10.32	0	0	0	应该是的，不然怎么会气到把国粹给说出来了	That's probably true; otherwise, why would he get so angry that he mentioned the national essence?	应该是的，不然怎么会气到把脏话给说出来了	Probably yes, otherwise why would he get so angry and say such vulgar words?	must be, otherwise how would he get so angry that the swear words came out
B-NEO-091	NEO	87.42	90.95	3.54	65.08	74.37	9.28	0	0	0	说个冷知识，来俊臣的父亲名叫来操，是个挺生草的名字	Here's a cold fact: Lai Junchen's father was named Lai Cao, which is quite a weird name.	说个冷知识，来俊臣的父亲名叫来操，是个挺搞笑的名字	Here's a cold fact: Lai Junchen's father was named Lai Cao, which is quite a funny name.	fun fact: Lai Junchen's father was named Lai Cao, which is a pretty hilarious name
B-NEO-092	NEO	83.87	89.27	5.40	65.09	78.48	13.39	100	100	0	他不是好了，而是知道自己要凉了	He's not getting better; he knows he's about to be finished.	他不是好了，而是知道自己要完蛋了	He isn't getting better; he knows he's about to be finished.	he's not better, he just knows he's done for
B-NEO-093	NEO	66.90	76.19	9.28	62.68	60.90	-1.78	0	0	0	置顶评论官方链接是淘宝就知道成分了	The pinned comment official link is Taobao, which knows the ingredients.	置顶评论官方链接是淘宝就知道背景了	The pinned comment official link is Taobao, which knows the background.	the pinned official link is Taobao, that alone tells you what they're really about
B-NEO-094	NEO	91.50	92.14	0.64	76.05	78.22	2.17	0	0	0	逆天。。我现在开车老走错路	Unbelievable... I keep taking the wrong roads while driving now.	离谱。。我现在开车老走错路	Unbelievable... I keep taking the wrong roads while driving now.	wild… I keep taking wrong turns when driving now
B-MIX-087	MIX	73.18	59.00	-14.18	49.95	59.34	9.39	100	0	-100	发现没火的作者belike	"Discover the author of ""No Fire"" is like"	发现没火的作者就是这样	"The author of ""No Fire"" is just like that."	discovering an underrated creator be like
B-MIX-088	MIX	86.75	78.58	-8.17	74.22	73.19	-1.03	0	100	100	第一次尝试做这么长的动画 感觉k帧速度有所提升绝宝二周年快乐!	First attempt at making such a long animation, feel like the k-frame speed has improved! Happy 2nd anniversary, Jue Bao!	第一次尝试做这么长的动画 感觉打关键帧速度有所提升绝宝二周年快乐!	First attempt at making such a long animation, felt like the keyframe timing speed has improved! Happy 2nd anniversary, Absolute Treasure!	first time making such a long animation, my keyframing speed has improved — happy 2nd anniversary Juebao!
B-MIX-089	MIX	85.28	86.81	1.53	75.64	78.91	3.27	100	100	0	或许它真的是福利最好的fps	Maybe it's really the best FPS in terms of welfare.	或许它真的是福利最好的第一人称射击游戏	Maybe it really is the best first-person shooter in terms of welfare.	maybe it really is the FPS with the best freebies
B-MIX-090	MIX	87.06	92.47	5.40	70.97	65.62	-5.35	0	0	0	杨博文四代唯一C位队长	Yang Bowen, the only C-position captain in four generations.	杨博文四代唯一中心位队长	Yang Bowen, the only central midfielder captain in four generations.	Yang Bowen, Gen 4's only center-position captain
B-HOM-100	NEO	73.12	74.50	1.38	67.56	70.46	2.90	100	100	0	明显，队友大概率寄了，和上司有关，但扳机似乎记忆出现问题，咬死队友还活着，变相保护了上司，所以被上司放了	Obviously, the teammate is likely dead, and it's related to the boss, but the trigger seems to have memory issues, insisting the teammate is still alive, indirectly protecting the boss, so the boss let him go.	明显，队友大概率死了，和上司有关，但扳机似乎记忆出现问题，咬死队友还活着，变相保护了上司，所以被上司放了	Obviously, the teammate is likely dead, and it's related to the boss, but the trigger seems to have memory issues, insisting the teammate is still alive, indirectly protecting the boss, so the boss let him go.	clearly the teammate is most likely dead and the boss is involved, but Trigger's memory seems broken — she insists the teammate is alive, which indirectly shielded the boss, so the boss let her go
B-HOM-101	HOM	70.32	74.45	4.14	74.88	77.67	2.79	0	100	100	怪兽：我已经破坏掉了你所有能获取光的办法，看你还怎么变身 迪迦：你钱包的钱还有多少？ 怪兽：全花光了 迪迦：恰！	"Monster: I've destroyed all your ways to get light. See how you can transform now!  
Gigantor: How much money do you have in your wallet?  
Monster: It's all spent.  
Gigantor: Perfect!"	怪兽：我已经破坏掉了你所有能获取光的办法，看你还怎么变身 迪迦：你钱包的钱还有多少？ 怪兽：全花光了 迪迦：吃！	"Monster: I've destroyed all your ways to get light. See how you can transform now!  
Gigantor: How much money do you have in your wallet?  
Monster: It's all spent.  
Gigantor: Eat!"	Monster: I've destroyed every way you could gather light, let's see you transform now. Tiga: How much money is left in your wallet? Monster: All spent. Tiga: Nom!
B-HOM-102	HOM	71.53	66.22	-5.31	68.32	69.57	1.25	100	100	0	人定不了天，一切的一切还是按照历史轨迹走，我记得是三段历史走向，猪脚心累了	Man cannot determine the heavens; everything follows the historical trajectory. I remember there are three historical directions, and the protagonist is tired of it.	人定不了天，一切的一切还是按照历史轨迹走，我记得是三段历史走向，主角心累了	Man cannot determine the heavens; everything follows the historical trajectory. I remember there are three historical directions, and the protagonist is tired of the heart.	man can't defy heaven, everything still follows the track of history — I remember there were three historical branches, and the protagonist is exhausted
B-HOM-103	HOM	83.82	80.25	-3.57	77.77	77.56	-0.21	0	0	0	笑成猪头最好笑是因为！！！我本来就觉得很好笑哈哈哈，看到这个蚌不住了！！！	Laughing until your face looks like a pig's head is the funniest thing because!!! I already thought it was hilarious hahaha, I couldn't help but laugh at this!!!	笑成猪头最好笑是因为！！！我本来就觉得很好笑哈哈哈，看到这个绷不住了！！！	Laughing until you look like a pig's head is the funniest thing because!!! I already thought it was hilarious hahaha, I couldn't hold it in when I saw this!!!	the pig-head laugh is the funniest because!!! I already found it hilarious hahaha, and seeing this I just lost it!!!
B-HOM-104	HOM	83.37	85.09	1.72	74.94	76.81	1.87	100	100	0	真旅行青蛙！  去哪了 会给麻麻带明信片回来  真好	Real travel frog! Where did you go? You'll bring a postcard back for Mom. That's so nice.	真旅行青蛙！  去哪了 会给妈妈带明信片回来  真好	Real travel frog! Where did you go? You'll bring postcards back for mom. It's so nice.	a real Travel Frog! wherever it goes, it brings postcards back for mom — so sweet
B-HOM-105	HOM	87.67	88.98	1.31	68.24	69.94	1.70	100	100	0	兄dei，这么好的猪 你舍得一次性吃完吗（于谦声）	Brother, with such a great pig, would you really eat it all at once? (Yu Qian's voice)	兄弟，这么好的猪 你舍得一次性吃完吗（于谦声）	Brother, with such a great pig, would you really eat it all at once? (Yu Qian's voice)	bro, such a fine pig — could you really bear to eat it all in one go? (in Yu Qian's voice)
B-HOM-106	NEO	49.59	55.76	6.17	68.66	67.53	-1.13	0	100	100	这高达味怎么这么重啊，真的是百合拯救了萝卜？	This flavor is way too strong, really, is it the lily that saved the radish?	这高达味怎么这么重啊，真的是百合拯救了机器人？	This taste is so strong, is it really the lily that saved the robot?	why does this feel so much like Gundam — did yuri really save the mecha genre?
B-HOM-107	HOM	95.76	92.56	-3.20	80.18	70.58	-9.60	100	0	-100	淦，为什么要让我凌晨刷到，睡不着觉了()	Damn, why did you make me see this at midnight? I can't sleep now.	干，为什么要让我凌晨刷到，睡不着觉了()	Why did you make me see this at midnight, I can't sleep now.	damn, why did I have to scroll onto this in the middle of the night, now I can't sleep ()
B-HOM-108	HOM	97.92	96.51	-1.41	84.16	85.39	1.24	100	0	-100	免责声明，此为系统自动播放，与我无瓜	Disclaimer: This is automatically played by the system and has nothing to do with me.	免责声明，此为系统自动播放，与我无关	Disclaimer: This is automatically played by the system and is not related to me.	disclaimer: this was autoplayed by the system, nothing to do with me
B-HOM-109	HOM	82.06	80.18	-1.87	63.91	70.07	6.16	100	100	0	又第一了 带领兄弟萌再冲一次～～～～	Number one again! Let's take the brothers and go for another one～～～～	又第一了 带领兄弟们再冲一次～～～～	Number one again! Let's lead the brothers to charge once more～～～～	number one again — leading the bros for one more charge~~~~
B-HOM-110	HOM	31.08	64.44	33.37	44.95	45.80	0.85	0	0	0	预计会火，火钳刘明	Expected to be popular, Liu Ming the Fire Tongs	预计会火，火前留名	Expected to be popular, get your name in before it takes off.	this is going to blow up, leaving my name here before it does
B-HOM-111	HOM	52.66	75.97	23.31	64.56	55.97	-8.59	0	0	0	扳机歪了，前来还怨	The trigger is bent, yet you come to complain.	扳机歪了，前来还愿	The trigger is bent, come to fulfill the wish.	my pull for Trigger went off-banner — here to repay my vow
B-HOM-112	HOM	94.68	94.81	0.14	77.52	81.61	4.09	0	100	100	梅森：这我可太熟辣！	Mason: I know this too well!	梅森：这我可太熟啦！	Mason: This I know too well!	Mason: now this I know all too well!
B-HOM-114	HOM	94.92	93.27	-1.65	80.34	82.46	2.12	100	0	-100	我不行了我笑得要噶了	I can't take it anymore, I'm laughing so hard I'm about to die.	我不行了我笑得要挂了	I can't take it anymore, I'm going to burst from laughing.	I can't take it, I'm about to die laughing
B-HOM-115	HOM	92.78	92.14	-0.63	67.28	81.90	14.62	0	0	0	活到老学到老,似了也要学习	Live and learn, even when you think you've mastered it, you still need to learn.	活到老学到老,死了也要学习	Live and learn until old age, even after death, one must continue to learn.	live and learn — keep studying even when you're dead
B-HOM-116	HOM	73.46	80.64	7.18	54.26	64.44	10.17	0	0	0	太好辣，是拐杖星人，我们没救了	Too spicy, it's a cane person, we're doomed.	太好啦，是拐杖星人，我们没救了	Great, it's the cane person, we're doomed.	oh great, it's the crutch alien, we're doomed
B-HOM-117	HOM	63.67	77.20	13.53	74.90	69.51	-5.38	0	0	0	老八胃大，无需多盐	Old Eight has a big stomach, so he doesn't need much salt.	老八胃大，无需多言	Old Eight has a big stomach, no need to say much.	Laoba has a big stomach — no more words needed
B-HOM-118	HOM	86.45	98.87	12.42	72.55	83.21	10.66	0	0	0	雾草这幕太美了	The scene of Mist Grass is too beautiful.	卧槽这幕太美了	Wow, this scene is too beautiful.	holy crap this scene is gorgeous
B-HOM-119	NEO	93.58	100.00	6.42	76.18	85.67	9.49	0	100	100	欧内该，我什么都愿意做	Ohne, I'm willing to do anything.	拜托了，我什么都愿意做	Please, I'm willing to do anything.	please, I'll do anything
B-HOM-120	HOM	97.93	97.99	0.06	71.65	75.39	3.74	100	100	0	果然混元是个妹纸	Sure enough, Hunyuan is a girl.	果然混元是个妹子	Sure enough, Hunyuan is a girl.	so Hunyuan really is a girl after all
B-HOM-121	HOM	68.66	90.26	21.60	54.39	77.37	22.98	0	0	0	年轻人不讲武德！耗子尾汁	Young people don't have the virtue of martial ethics! Save your mouse's tail!	年轻人不讲武德！好自为之	Young people don't have any sense of honor! Mind your own business.	young people have no martial virtue! you'd better behave yourselves
B-HOM-122	HOM	68.13	72.63	4.50	63.66	56.23	-7.42	0	0	0	官方踏马自黑，这下别人黑不了了	The official is self-deprecating in a way that leaves others with no room to criticize.	官方他妈自黑，这下别人黑不了了	The official literally blacked themselves, so now others can't blacken them anymore.	the officials are freaking roasting themselves, now nobody else can roast them
B-HOM-123	HOM	85.19	96.84	11.65	62.59	75.37	12.78	0	0	0	这俩老男人的沙雕人生	The Sandy Life of These Two Old Men	这俩老男人的傻屌人生	These two old guys' stupid lives	the goofball life of these two old guys
B-HOM-124	HOM	80.75	93.35	12.60	67.14	78.54	11.40	0	100	100	被天使蚊过的嗓子	Throat bitten by angel mosquito	被天使吻过的嗓子	A throat kissed by an angel	a voice kissed by an angel
B-HOM-125	HOM	93.32	94.55	1.23	55.52	79.98	24.46	100	100	0	上一个视频就是不讲内个	The previous video was not about that.	上一个视频就是不讲那个	The previous video was not about that.	the last video just wouldn't talk about that
B-HOM-127	HOM	73.92	93.94	20.02	58.73	61.29	2.56	0	100	100	可以四了这游戏	Can you play this game?	可以死了这游戏	You can die in this game.	this game can just die already
B-HOM-128	HOM	98.00	97.49	-0.51	62.83	81.79	18.96	100	100	0	全体欣赏阴乐	Everyone enjoys the music.	全体欣赏音乐	Enjoy the music together.	everyone, enjoy the music
B-HOM-129	HOM	60.00	71.52	11.52	51.42	55.79	4.37	0	0	0	锁呐区甲亢哥	Lock Na District Hyperthyroidism Brother	唢呐区甲亢哥	Suan'a District Hyperthyroidism Brother	suona-section Speed
B-HOM-130	HOM	93.04	97.78	4.74	79.98	82.84	2.86	0	0	0	哎你怎么似了	Hey, how come you're like this?	哎你怎么死了	Hey, how did you die?	hey, how come you died
B-HOM-131	HOM	88.57	87.00	-1.57	66.55	81.10	14.55	0	100	100	密码的，很久没笑得这么无语了	Password, I haven't been this speechless with laughter for a long time.	妈的，很久没笑得这么无语了	Damn, I haven't been this speechless laughing for a long time.	damn, it's been ages since I laughed this speechlessly
B-PYA-088	PYA	95.91	95.80	-0.11	81.16	82.19	1.03	0	0	0	不是，我TM哪来的教材，你在逗我呢	No, where on earth did I get the textbook from? Are you joking with me?	不是，我他妈哪来的教材，你在逗我呢	No, where in the world did I get the textbook from? Are you joking with me?	wait, where the hell would I get a textbook, are you kidding me
B-PYA-089	PYA	95.43	98.41	2.99	80.34	82.39	2.05	0	100	100	md，这军方也这么乱，难怪市民们这么乐观，哈哈	MD, the military is also so chaotic, no wonder the citizens are so optimistic, haha.	妈的，这军方也这么乱，难怪市民们这么乐观，哈哈	Damn, the military is so chaotic too, no wonder the citizens are so optimistic, ha ha.	damn, even the military is this chaotic, no wonder the citizens are so optimistic, haha
B-PYA-090	PYA	92.12	92.98	0.86	77.89	78.94	1.05	0	0	0	wc我想要高斯裤子的链接，真的好帅	I want the link to the Gauss pants, they are really cool.	卧槽我想要高斯裤子的链接，真的好帅	Wow, I want the link to the Gauss pants, they are really cool.	whoa I want the link to Gauss's pants, they look so cool
B-PYA-091	PYA	82.70	89.52	6.82	68.35	77.52	9.18	0	0	0	WC，这都能被发现啊	WC, even this can be found?	卧槽，这都能被发现啊	Wow, this could have been discovered!	whoa, even this got noticed
B-PYA-092	PYA	97.25	100.00	2.75	84.25	85.05	0.79	0	0	0	woc太萌了	Woc is too cute.	卧槽太萌了	Wow, that's so cute!	omg so cute
B-PYA-093	PYA	79.61	78.32	-1.29	65.04	78.64	13.60	0	100	100	dbq小啵有点像触电了	dbq Xiao Bo is a bit like getting an electric shock.	对不起小啵有点像触电了	Sorry, Xiao Bo, I felt a bit like I got electrocuted.	sorry but Xiaobo kind of looks electrocuted
B-PYA-094	PYA	89.30	96.90	7.59	80.13	83.40	3.27	0	0	0	无线能源是基于无线水的原理吗？(bushi)	Is wireless energy based on the principle of wireless water? (bushi)	无线能源是基于无线水的原理吗？(不是)	Is wireless energy based on the principle of wireless water? (No)	is wireless energy based on the principle of wireless water? (jk)
B-PYA-095	PYA	92.80	92.83	0.03	80.13	73.11	-7.01	0	0	0	光明，赐予我力量（bushi）	Light, grant me strength (bushi)	光明，赐予我力量（不是）	Light, grant me strength (not)	light, grant me power (jk)
B-PYA-096	PYA	96.13	99.82	3.69	79.33	80.08	0.75	0	100	100	这么说我才发现字幕不是视频自带的hhhh	So I just realized the subtitles aren't part of the video hhhh	这么说我才发现字幕不是视频自带的哈哈哈哈	So I just realized the subtitles aren't part of the video itself hahaha	now that you mention it, I just realized the subtitles aren't part of the video hahaha
B-PYA-097	PYA	89.55	92.91	3.37	74.82	78.13	3.31	0	100	100	完了疑似吉米被吓疯了hh	It seems Jimmy was scared out of his mind hh	完了疑似吉米被吓疯了哈哈	It seems Jimmy was scared out of his mind, haha.	uh oh, Jimmy seems scared out of his mind haha
B-PYA-098	PYA	89.42	89.88	0.45	75.86	76.94	1.08	0	100	100	看清楚材质吧，pdd很多都是聚酯纤维，你问客服没几个敢说是纯棉的	Look carefully at the material. Many on PDD are polyester, and few customer service representatives dare to say they are 100% cotton.	看清楚材质吧，拼多多很多都是聚酯纤维，你问客服没几个敢说是纯棉的	Look carefully at the material. Many on Pinduoduo are polyester fiber. Few customer service representatives dare to say it's 100% cotton.	check the fabric carefully — a lot of stuff on Pinduoduo is polyester, and few customer-service reps dare claim it's pure cotton
B-PYA-099	PYA	55.95	72.71	16.76	58.01	63.14	5.13	0	0	0	27W收藏4W点赞服了不提醒还不知道........	27W collections, 4W likes, I'm speechless... didn't even remind you and you still don't know...	27万收藏4万点赞服了不提醒还不知道........	270,000 collections, 40,000 likes, I'm speechless... Not reminded yet and still don't know...	270k saves and 40k likes, unbelievable — I wouldn't even have known without the reminder……
B-PYA-100	PYA	88.17	92.06	3.89	76.32	79.72	3.40	0	0	0	20w收藏3w点赞	20k collections, 3k likes	20万收藏3万点赞	200,000 collections, 30,000 likes	200k saves, 30k likes
B-PYA-101	PYA	85.97	92.97	7.00	76.49	81.87	5.38	0	0	0	啊？60w围攻45w的城，对方还以骑兵为主？？！	Ah? A 600,000-strong force besieging a city with 450,000 defenders, and the enemy is mainly cavalry??!	啊？60万围攻45万的城，对方还以骑兵为主？？！	Ah? A city with 450,000 people is besieged by 600,000 troops, and the enemy mainly uses cavalry??!	what? 600k besieging a city of 450k, and the enemy is mostly cavalry??!
B-PYA-102	PYA	82.26	78.23	-4.03	67.26	63.55	-3.71	100	0	-100	“义人，就是ta，欺负我。”	"""The righteous one, that is him, bullied me."""	“义人，就是他，欺负我。”	"""The righteous man, he bullied me."""	Righteous one, it was them — they bullied me.
B-PYA-103	PYA	59.81	62.81	3.01	39.04	50.26	11.22	0	0	0	好装好假好ex	Good installation, good fake, good ex.	好装好假好恶心	Well-dressed, well-faked, very nauseating.	so pretentious, so fake, so gross
B-PYA-104	PYA	50.37	79.98	29.61	37.42	54.51	17.09	0	100	100	死yxh滚远点	Die yxh and roll away.	死营销号滚远点	Go away, dead marketing account.	damn clickbait accounts, get lost
B-PYA-106	PYA	81.05	80.86	-0.20	73.51	74.75	1.25	0	0	0	牛啊，我怎么幻听出歌词了(bushi)	Wow, I must be hallucinating and hearing lyrics. (bushi)	牛啊，我怎么幻听出歌词了(不是)	Wow, I must be hallucinating and hearing lyrics (not really).	impressive — why am I hallucinating lyrics out of this (jk)
B-PYA-107	PYA	93.61	93.27	-0.34	71.79	78.25	6.46	0	0	0	心灵感应原版就是致敬火花hhh	The original version of Telepathy is a tribute to Spark hhh	心灵感应原版就是致敬火花哈哈哈	The original version of Telepathy is a tribute to Sparkle haha.	the original Telepathy really is a homage to Spark hahaha
B-PYA-108	PYA	93.42	85.28	-8.15	74.10	60.33	-13.77	0	0	0	woc瞬间高清修补版	WOC Instant HD Repair Edition	卧槽瞬间高清修补版	Wow, instant high-definition repair version	whoa, instantly the HD restored version
B-NEO-096	NEO	84.19	90.66	6.47	82.45	83.45	1.00	0	0	0	泪目，我一直不知道自己想做什么，感觉选择的大都错了，已经索性不想选择了...糟糕啊...	Heart-wrenching, I've never known what I really wanted to do. I feel like most of my choices have been wrong, and now I just don't want to choose anymore... This is terrible...	眼泛泪光，我一直不知道自己想做什么，感觉选择的大都错了，已经索性不想选择了...糟糕啊...	My eyes are filled with tears. I have never known what I want to do. I feel like most of my choices have been wrong, so I just don't want to choose anymore... This is terrible...	tearing up — I've never known what I want to do, feels like most of my choices were wrong, and now I've simply stopped choosing… this is bad…
B-NEO-097	NEO	86.03	86.45	0.42	83.89	84.46	0.57	0	0	0	10后，上一次看是三年前了，但是也泪目了	Ten years later, the last time I watched it was three years ago, but I was still moved to tears.	10后，上一次看是三年前了，但是也落泪了	Ten years later, the last time I watched it was three years ago, but I still cried.	born after 2010 — last watched this three years ago, but it still made me tear up
B-NEO-098	NEO	86.81	85.94	-0.87	75.19	79.87	4.68	0	0	0	虽然整个乐队前期像拼好队一样，但是结局随着独角兽的回归写的还是不错的	Although the entire band seemed well put together at first, the ending, written with the return of the unicorn, was still quite good.	虽然整个乐队前期像拼凑起来的队伍一样，但是结局随着独角兽的回归写的还是不错的	Although the entire band initially seemed like a patchwork team, the ending, with the return of the unicorn, was still written quite well.	even though the band felt like a thrown-together group-buy squad early on, the ending with the unicorn's return was written pretty well
B-NEO-099	NEO	84.40	85.60	1.21	77.49	76.24	-1.24	0	0	0	“苏新皓你好的太突出”这句话的含金量还在上升	"The value of the sentence ""Su Xinhao, you're too outstanding"" is still rising."	“苏新皓你好的太突出”这句话的价值还在提升	"The value of the sentence ""Su Xinhao, you're too outstanding"" is still rising."	"the line ""Su Xinhao, your hello is too striking"" keeps proving truer and truer"
B-NEO-100	NEO	80.75	93.06	12.31	65.69	70.70	5.01	0	0	0	扎格列斯之手的含金量还在上升！	The value of Zagłębie's hand is still rising!	扎格列斯之手的价值还在提升！	The value of the Hand of Zagreus is still rising!	the Hand of Zagreus keeps proving its worth!
B-NEO-101	NEO	65.35	72.80	7.45	47.33	60.63	13.29	0	0	0	红温了，把打野怪爆的装备给炸了，你好歹拿一些吧	The red buff is up, it exploded the gear dropped from the monster, you might as well take some.	气急了，把打野怪爆的装备给炸了，你好歹拿一些吧	Getting angry, he blew up the gear dropped from the wild monster, you should at least take some.	he's fuming — blew up the gear dropped from jungle monsters, at least take some of it, man
B-NEO-102	NEO	78.34	77.79	-0.55	80.04	70.50	-9.54	0	0	0	反派看到了硬控他的回忆……	The antagonist saw his memories being forcibly controlled...	反派看到了完全控制住他的回忆……	The antagonist saw his memories completely under control...	the villain saw the memories that completely transfixed him……
B-NEO-103	NEO	93.31	92.85	-0.45	66.21	75.28	9.07	100	0	-100	我还以为是9.9元拼好饭呢	I thought it was 9.9 yuan for the group meal deal.	我还以为是9.9元拼单买的饭呢	I thought it was a meal bought through a group purchase for 9.9 yuan.	I thought it was a 9.9-yuan group-buy meal deal
B-NEO-104	NEO	83.95	73.39	-10.56	74.21	65.90	-8.32	100	0	-100	向佐药水哥梦幻联动！	Xiang Zuo and Yao Shui Ge's dream collaboration!	向佐药水哥跨界合作！	Xiang Zuo and Yao Shui Ge Collaborate Across Industries!	Xiang Zuo and Yaoshui-ge, a dream crossover!
B-NEO-105	NEO	64.47	78.99	14.52	55.80	45.89	-9.91	0	0	0	电子榨菜配跳跳糖	Electronic Pickles with Pop Rocks	下饭视频配跳跳糖	Videos to eat with popping candy	comfort-viewing video paired with popping candy
B-NEO-106	NEO	91.64	97.15	5.51	62.14	82.92	20.78	0	0	0	这声音绝绝子	This sound is amazing.	这声音好极了	This sound is great.	this voice is simply divine
B-NEO-107	NEO	75.89	73.47	-2.42	64.44	73.61	9.17	0	0	0	假师傅让拜，真师傅反而不让拜，难绷了	Fake masters ask for worship, but real masters don't. It's really hard to handle.	假师傅让拜，真师傅反而不让拜，让人无语了	Fake masters ask for worship, but real masters refuse to be worshipped, which is really confusing.	the fake master lets you bow to him, but the real master won't — I can't even
B-NEO-108	NEO	95.21	96.62	1.41	71.56	81.90	10.34	0	0	0	一想到一睁眼就有倒计时就难绷	It's really stressful to think about having a countdown as soon as I open my eyes.	一想到一睁眼就有倒计时就受不了	I can't stand the thought of having a countdown as soon as I open my eyes.	the thought of waking up to a countdown every day just breaks me
B-MIX-092	MIX	91.78	89.28	-2.50	75.34	69.87	-5.48	100	100	0	完全不给队友上buff的机会	No chance to give buffs to teammates at all.	完全不给队友上增益的机会	No chance to give buffs to teammates at all.	gives teammates zero chance to apply buffs
B-MIX-093	MIX	73.51	32.23	-41.28	65.66	39.76	-25.90	100	100	0	不会侵蚀后全是boss吧	It won't be all bosses after the erosion, will it?	不会侵蚀后全是头目吧	Not eroding, the head is all the boss.	don't tell me everything after the corruption is a boss
B-MIX-094	MIX	96.92	92.03	-4.89	75.61	67.22	-8.39	100	0	-100	顾客：心平气和.jpg	Customer: Calm and composed.jpg	顾客：心平气和的表情包	Customer: Calm and composed emoji.	customer: calm-and-composed.jpg
B-MIX-095	MIX	88.59	96.29	7.71	73.17	79.15	5.98	100	100	0	海皇cpu高速运转中……	Neptune CPU is operating at high speed...	海皇大脑高速运转中……	The Sea King's brain is operating at high speed...	the Sea Emperor's CPU is running at full speed……
B-MIX-096	MIX	74.23	91.28	17.06	67.04	74.62	7.59	100	0	-100	可以无限卡bug，站起来再躺下去，站起来再躺下去。	You can infinitely exploit the bug, stand up and lie down, stand up and lie down.	可以无限卡漏洞，站起来再躺下去，站起来再躺下去。	You can exploit the loophole infinitely, stand up and lie down again and again.	you can exploit the bug endlessly — stand up, lie back down, stand up, lie back down.
B-MIX-097	MIX	55.98	36.82	-19.16	46.98	51.19	4.21	0	0	0	在扳机的视频里刷什么悠真真的很ky好吧	It's really awkward to brush Yuzuru in the trigger's video, right?	在扳机的视频里刷什么悠真真的很不会看气氛好吧	It's really bad at reading the atmosphere to scroll through Yuzuru's videos on the trigger.	spamming Harumasa comments on a Trigger video is honestly so tone-deaf, okay
B-MIX-098	MIX	82.80	76.43	-6.37	60.04	74.92	14.87	100	0	-100	别什么过场都搞qte，破坏连贯	Don't make all the formalities into QTEs, it breaks the continuity.	别什么过场都搞快速反应事件，破坏连贯	Don't turn everything into a quick-response incident, disrupting the coherence.	stop putting QTEs in every cutscene, it ruins the flow
B-MIX-099	MIX	93.70	93.19	-0.50	55.00	62.14	7.14	100	0	-100	不是哥们，怎么pv就删了。	Bro, why did you delete the PV?	不是哥们，怎么宣传片就删了。	Bro, why did they delete the promotional video?	wait bro, why did the PV get deleted.
B-MIX-100	MIX	99.95	99.52	-0.43	83.42	81.92	-1.50	100	100	0	要是做出这样的mod，那就有意思了	It would be interesting if someone made such a mod.	要是做出这样的模组，那就有意思了	It would be interesting if such a mod were made.	if someone made a mod like this, that would be fun
B-MIX-101	MIX	96.40	91.72	-4.69	77.32	66.08	-11.23	100	0	-100	omg！这是谁家的小孩这么有出息啊啊啊啊啊	OMG! Whose kid is this? So accomplished!	我的天！这是谁家的小孩这么有出息啊啊啊啊啊	My goodness! Whose kid is this, so accomplished啊啊啊啊啊	omg! whose kid is this, so talented ahhhh
B-MIX-102	MIX	94.02	94.18	0.17	75.29	74.57	-0.72	100	100	0	很多老外不知道田一鸣叫什么，就叫他super idol	Many foreigners don't know what Tian Yiming is called, so they call him Super Idol.	很多老外不知道田一鸣叫什么，就叫他超级偶像	Many foreigners don't know what Tian Yiming is called, so they call him Super Idol.	many foreigners don't know Tian Yiming's name, so they just call him super idol
B-MIX-103	MIX	70.64	80.58	9.94	62.85	77.67	14.82	0	0	0	知名up主老番茄视频内容不慎跌回五年前的水平	Well-known UP主 Lao Tangtou's video content has unintentionally dropped back to the level of five years ago.	知名视频作者老番茄视频内容不慎跌回五年前的水平	Well-known video creator Lao Tomato's video content has unintentionally dropped back to the level of five years ago.	famous uploader LaoFanQie's video content has accidentally slipped back to its level five years ago
B-MIX-104	MIX	98.34	93.30	-5.04	82.03	62.78	-19.24	100	100	0	我打个csgo心跳都能160	I can get my heart rate up to 160 just playing a round of CS:GO.	我打个反恐精英心跳都能160	I can get my heart rate up to 160 just playing Counter-Strike.	my heart rate hits 160 just playing CS:GO
B-MIX-105	MIX	99.56	99.68	0.12	58.51	88.20	29.69	100	0	-100	回答我，鸟为什么会飞？ Look at my eye, tell me why!	Answer me, why do birds fly? Look into my eyes, tell me why!	回答我，鸟为什么会飞？ 看着我的眼睛，告诉我为什么！	Answer me, why do birds fly? Look into my eyes and tell me why!	answer me, why can birds fly? Look at my eye, tell me why!
B-MIX-106	MIX	97.24	89.47	-7.77	82.51	72.45	-10.06	100	100	0	这里应该说的是welcome to shaolin 吧	"This should be ""Welcome to Shaolin,"" right?"	这里应该说的是欢迎来到少林 吧	"This should be ""Welcome to Shaolin""吧."	what he should have said here is welcome to Shaolin, right
B-MIX-107	MIX	91.23	79.03	-12.19	62.92	63.51	0.60	100	100	0	这BGM给我干天津去了	This BGM sent me to Tianjin.	这背景音乐给我干天津去了	This background music gave me the vibe of Tianjin.	this BGM just teleported me straight to Tianjin
B-MIX-108	MIX	62.19	63.65	1.46	69.61	71.22	1.61	100	100	0	小八和啵哝就像是妈妈带了个teenager出来我服了。	Xiaoba and Pong are like a mom bringing out a teenager; I'm really impressed.	小八和啵哝就像是妈妈带了个青少年出来我服了。	Xiaoba and Pong are like a mom bringing out a teenager; I'm impressed.	Xiaoba and Bonong are just like a mom taking a teenager out, I can't with them.
B-MIX-109	MIX	90.87	86.17	-4.70	77.42	76.48	-0.94	100	100	0	其实我不仅是rapper，我还是DJ，香蜜湖你听见了吗	Actually, I'm not just a rapper, I'm also a DJ. Have you heard, Xiaomei Lake?	其实我不仅是说唱歌手，我还是打碟师，香蜜湖你听见了吗	Actually, I'm not just a rapper, I'm also a DJ, Xiaomei Lake, can you hear me?	actually I'm not just a rapper, I'm also a DJ — Xiangmi Lake, can you hear me
B-MIX-110	MIX	72.16	72.78	0.62	68.59	67.32	-1.27	100	100	0	我家小逻怎么成敌方boss单位了？还有精英干员长颈鹿	How did my little Luo become an enemy boss unit? Also, the elite operator Giraffe?	我家小逻怎么成敌方头目单位了？还有精英干员长颈鹿	How did my little Luo become an enemy boss unit? Also, the elite operator Giraffe?	how did my Xiaoluo become an enemy boss unit? and there's an elite operator giraffe too
B-MIX-111	MIX	83.54	77.89	-5.65	50.19	45.58	-4.61	100	100	0	看得ptsd犯了	Triggered PTSD.	看得创伤后应激障碍犯了	Triggering PTSD	watching this triggered my PTSD
B-MIX-112	MIX	94.57	94.42	-0.15	70.35	66.70	-3.65	100	0	-100	我独自拯救一切Pro max	I save everything alone, Pro Max.	我独自拯救一切加强版	I save everything, enhanced edition.	I Alone Save Everything, Pro Max edition
B-MIX-113	MIX	91.36	83.18	-8.18	57.03	56.58	-0.45	100	100	0	那是债主催债了bro	That's the debt collector calling, bro.	那是债主催债了兄弟	That's the creditor reminding my brother to repay the debt.	that's the creditor coming to collect, bro
B-MIX-114	MIX	66.42	84.30	17.88	66.15	79.33	13.17	0	0	0	姐！邀请宋雨琦上节目！E人很适合！章昊也是！	Sis! Invite Song Yuqi to the show! She's very suitable for E-persons! Zhang Hao is too!	姐！邀请宋雨琦上节目！外向的人很适合！章昊也是！	Sis! Invite Song Yuqi to the show! Outgoing people are perfect for it! Zhang Hao is too!	sis! invite Song Yuqi onto the show! extroverts are perfect for it! Zhang Hao too!
B-MIX-115	MIX	81.98	83.31	1.33	78.77	80.87	2.10	0	100	100	好阳光啊，这一定是相互救赎的少女乐队故事吧www	What a sunny day, this must be the story of a girl band redeeming each other, right? www	好阳光啊，这一定是相互救赎的少女乐队故事吧哈哈哈	What a sunny day! This must be the story of a girl band redeeming each other. Hahaha.	so wholesome — this must be a girls-band story of mutual redemption lol
B-MIX-116	MIX	87.01	87.21	0.20	80.08	80.51	0.43	0	0	0	小时候我没有cp这个概念，一直认为这俩只是朋友	When I was a child, I didn't have the concept of CP. I always thought they were just friends.	小时候我没有情侣配对这个概念，一直认为这俩只是朋友	When I was a child, I didn't have the concept of couples, and I always thought they were just friends.	as a kid I had no concept of shipping — I always thought these two were just friends
B-MIX-117	MIX	89.33	93.17	3.84	81.24	80.32	-0.92	100	0	-100	妹妹在cos商鞅吗	Is your sister cosplaying as Shang Yang?	妹妹在扮演商鞅吗	Is your sister acting as Shang Yang?	is the girl cosplaying Shang Yang
B-MIX-118	MIX	96.33	88.36	-7.97	77.99	78.35	0.36	100	0	-100	哎呀，蚊子得了MVP！	Oh no, the mosquito got MVP!	哎呀，蚊子得了全场最佳！	Oh wow, the mosquito won the best in show!	oops, the mosquito got the MVP!
B-MIX-119	MIX	94.47	95.24	0.77	82.03	82.39	0.36	100	100	0	这都ai配音了，字幕当然也是ai啊	This is all AI voice, of course the subtitles are AI too.	这都人工智能配音了，字幕当然也是人工智能啊	This is all done with AI voice, so the subtitles are also AI-generated, of course.	the voiceover is already AI, so of course the subtitles are AI too
B-MIX-120	MIX	69.54	88.17	18.63	50.51	65.62	15.11	100	100	0	谁还没看我都会伤心的OK？	If anyone hasn't seen me, that's OK?	谁还没看我都会伤心的好吗？	Whoever hasn't watched it will make me sad, okay?	if anyone hasn't watched this yet I'll be sad, OK?
B-MIX-121	MIX	84.15	73.92	-10.23	46.93	44.75	-2.18	100	100	0	少看一天b站都剪不出来	Watch Bilibili for one day less and you still can't edit it.	少看一天哔哩哔哩都剪不出来	Even watching Bilibili for one day is enough to make a video.	skip even one day of Bilibili and you couldn't edit this
B-MIX-122	MIX	97.68	97.74	0.05	83.05	84.32	1.27	100	100	0	只是一个道歉，but这个道歉的代价实在太高	Just an apology, but the cost of this apology is really too high.	只是一个道歉，但是这个道歉的代价实在太高	Just an apology, but the cost of this apology is simply too high.	it's just an apology, but the price of this apology is way too high
B-MIX-123	MIX	93.16	92.36	-0.80	71.18	83.08	11.90	100	0	-100	记者会？不，个人show time	Press conference? No, personal show time.	记者会？不，个人表演时间	Press conference? No, it's my personal performance time.	a press conference? no, it's personal show time
B-MIX-124	MIX	86.03	84.81	-1.22	68.21	76.17	7.96	100	0	-100	这一场演得不好，应该喊cut重来	This performance wasn't good, we should call cut and do it again.	这一场演得不好，应该喊停重来	This performance isn't good, we should stop and start over.	this scene was badly acted, someone should call cut and redo it
B-MIX-125	MIX	97.88	96.90	-0.99	83.76	84.35	0.58	100	100	0	喝水这part我真的笑了	The part about drinking water really made me laugh.	喝水这部分我真的笑了	I really laughed at the part about drinking water.	the water-drinking part genuinely made me laugh
B-MIX-126	MIX	95.46	95.51	0.06	77.45	78.85	1.41	100	100	0	中式恐怖，真的next level	Chinese horror, it's really next level.	中式恐怖，真的更上一层楼	Chinese horror has really taken it to the next level.	Chinese-style horror, truly next level
B-MIX-127	MIX	99.05	97.40	-1.65	83.44	84.07	0.63	100	0	-100	他们都在好奇那个npc是谁扮的	They are all curious about who played that NPC.	他们都在好奇那个非玩家角色是谁扮的	They were all curious about who was playing that non-player character.	they're all wondering who played that NPC
B-MIX-128	MIX	91.20	85.65	-5.55	78.72	72.67	-6.05	0	0	0	os好想看张桂源也来一期	OS: I really want to see Zhang Guiyuan come on an episode too.	内心独白好想看张桂源也来一期	Monologue: I really want to see Zhang Guiyuan have an episode too.	inner monologue: I really want to see Zhang Guiyuan do an episode too
B-MIX-129	MIX	96.56	95.49	-1.07	74.96	72.93	-2.03	100	0	-100	我已经走在了country road 上了	I have already stepped onto the country road.	我已经走在了乡间小路 上了	I have already set off on the country path.	I'm already walking on the country road
B-MIX-130	MIX	83.73	91.30	7.57	56.92	69.66	12.73	0	0	0	从来没有get到他颜值	Never got his looks.	从来没有领略到他颜值	Never experienced his looks.	I've never gotten the appeal of his looks
B-MIX-131	MIX	92.73	93.89	1.16	62.55	66.73	4.18	100	100	0	看哪一只eye啊sir	Look at which eye, sir?	看哪一只眼啊长官	Which eye, sir?	looking at which eye, sir
B-MIX-132	MIX	97.67	97.59	-0.08	38.29	82.71	44.42	100	100	0	天磊：what can I say	Tian Lei: What can I say?	天磊：我能说什么	Tian Lei: What can I say?	Tianlei: what can I say
B-MIX-133	MIX	94.29	96.36	2.07	76.17	81.09	4.93	100	100	0	唉，我去，真的有比利诶。该不会是暗示sp比利吧	Oh wow, there's really a Billy. Could this be a hint at SP Billy?	唉，我去，真的有比利诶。该不会是暗示特殊版比利吧	Oh wow, there's really a Billy. Could this be hinting at a special edition Billy?	whoa, there really is a Billy — could this be hinting at an SP Billy
B-MIX-134	MIX	87.30	87.64	0.34	65.37	74.56	9.19	100	100	0	摊主，我也是你们play中的一环吗	Vendor, am I also part of your play?	摊主，我也是你们角色扮演中的一环吗	Vendor, am I also part of your role-playing?	stall owner, am I also part of your roleplay
B-MIX-135	MIX	92.24	83.84	-8.40	69.10	76.96	7.86	100	100	0	抽me,please抽me	Pull me, please pull me	抽我,请抽我	Pick me, please pick me.	draw me, please draw me
B-MIX-136	MIX	96.63	98.27	1.65	78.35	80.79	2.44	100	100	0	boss已进入二阶段	Boss has entered phase two.	头目已进入二阶段	The boss has entered phase two.	the boss has entered phase two
B-MIX-137	MIX	92.66	84.70	-7.97	74.40	74.95	0.55	100	0	-100	这里是以为他要长期练，mcn没沟通好	This is because he was supposed to train long-term, and the MCN didn't communicate well.	这里是以为他要长期练，传媒公司没沟通好	This is because he was supposed to train long-term, and the media company didn't communicate well.	here they thought he'd be training long-term — the MCN agency didn't communicate properly
B-MIX-138	MIX	62.21	81.64	19.44	75.31	82.64	7.33	0	0	0	加拉赫上线一年了还在c	Galah has been online for a year and is still in C.	加拉赫上线一年了还在当主力	Gallagher has been on the team for a year and is still a starting player.	Gallagher has been out for a year and is still carrying
B-MIX-139	MIX	91.45	85.91	-5.54	72.47	77.61	5.14	100	0	-100	直伤+超击破+dot伤害	Direct Damage + Super Break + DoT Damage	直伤+超击破+持续伤害	Direct Damage + Super Break + Continuous Damage	direct damage + super break + DoT damage
B-HOM-133	PYA	95.29	96.61	1.33	70.20	72.80	2.60	100	100	0	兄dei  成佛吧   修仙太难了	Brother, become a Buddha. Cultivating immortality is too difficult.	兄弟  成佛吧   修仙太难了	Brother, become a Buddha. Cultivating immortality is too difficult.	bro, just become a buddha — cultivating immortality is too hard
B-HOM-134	HOM	75.32	79.54	4.22	63.14	78.85	15.71	0	0	0	我真怕药水一拳给向左打晕过去	I'm really afraid that Yao Shui will knock Xiao Zu out with one punch.	我真怕药水一拳给向佐打晕过去	I'm really scared that the potion will knock Zhang Xiang unconscious with one punch.	I'm really afraid Yaoshui will knock Xiang Zuo out with one punch
B-HOM-135	HOM	78.75	83.92	5.18	70.94	73.48	2.54	0	0	0	甲亢哥：我还能再看亿遍	Hyperthyroidism Brother: I can watch it another billion times.	甲亢哥：我还能再看一亿遍	Hyperthyroidism Brother: I can watch it another 100 million times.	Jiakang Bro: I could watch this a hundred million more times
B-NEO-109	NEO	92.30	93.12	0.83	69.72	71.92	2.20	0	0	0	逆天，吴国给日本朝贡都来了	Unbelievable, Wu State has even sent tributes to Japan.	离谱，吴国给日本朝贡都来了	Unbelievable, Wu State has even sent tributes to Japan.	outrageous — now we've even got the Wu kingdom paying tribute to Japan
B-NEO-110	NEO	73.99	75.26	1.27	65.81	66.26	0.45	0	100	100	泪目了，米哈游你坏事做尽	Heartbroken, miHoYo, you've done nothing but cause harm.	感动落泪了，米哈游你坏事做尽	Moved to tears, miHoYo, you've done nothing but cause trouble.	I teared up — miHoYo, you've done every evil deed there is
B-NEO-111	NEO	68.52	79.03	10.52	62.72	81.32	18.60	100	0	-100	双非大学生，还没进厂。光看这个社会环境已经感觉自己燃尽了	A non-985 and non-211 university student, hasn't even started working yet. Just looking at this social environment already makes me feel burned out.	非重点大学的大学生，还没进厂。光看这个社会环境已经感觉自己精疲力竭了	College students from non-key universities haven't even entered the factory yet. Just looking at this social environment already makes them feel completely exhausted.	a non-elite-university student who hasn't even started working yet — just looking at this social environment I already feel burned out
B-NEO-112	NEO	92.59	78.46	-14.13	74.36	74.90	0.54	0	0	0	看勇哥直播，各种神人	Watch Brother Yong's live stream, full of all kinds of amazing people.	看勇哥直播，各种行为离谱的人	Watch Yongge's live stream, full of people with all sorts of bizarre behaviors.	watching Brother Yong's streams, you see all kinds of absolute characters
B-NEO-113	NEO	63.67	56.29	-7.38	78.05	81.01	2.96	0	0	0	太真实了，想到的那句话发现他可能听不懂于是在后面加点补丁	Too realistic. Thinking of that sentence, I realized he might not understand it, so I added a bit of a patch at the end.	太真实了，想到的那句话发现他可能听不懂于是在后面加点补充说明	It's too realistic. Thinking of that sentence, I realized he might not understand it, so I added a bit more explanation afterwards.	so true — you think of a comeback, realize he might not get it, and then tack some patches onto it
B-NEO-114	NEO	92.75	88.95	-3.80	69.14	81.79	12.65	0	0	0	为什么能匹到这么多神人	Why can you match so many amazing people?	为什么能匹配到这么多行为离谱的人	Why can so many people with bizarre behaviors be matched?	how do I keep getting matched with so many absolute characters
B-NEO-115	NEO	90.36	90.97	0.61	70.74	81.08	10.35	0	0	0	所以男主在嘎掉的威胁下领悟了？	So the male lead realized it under the threat of being killed?	所以男主在死掉的威胁下领悟了？	So the male lead realized it under the threat of death?	so the male lead had his awakening under the threat of getting offed?
B-MIX-140	MIX	90.70	80.15	-10.55	65.38	62.95	-2.43	100	0	-100	这个zzz不会要给他出个动画吧？	Will they make an animation for this zzz?	这个绝区零不会要给他出个动画吧？	Is this Zero no Zone going to make an anime for him?	don't tell me ZZZ is going to make an anime for him?
B-MIX-141	MIX	95.01	95.62	0.61	77.59	80.12	2.53	100	100	0	怎么说呢 很怀疑up主的精神状态	How to put it... I really doubt the uploader's mental state.	怎么说呢 很怀疑视频作者的精神状态	How to put it... I really doubt the mental state of the video creator.	how do I put it — I seriously question this uploader's state of mind
B-MIX-143	MIX	94.58	89.40	-5.18	70.61	72.59	1.98	100	100	0	他和背后的 n pc 格格不入	He stands out in stark contrast to the NPCs behind him.	他和背后的 非玩家角色 格格不入	He stands out from the non-player characters behind him.	he's completely out of place next to the NPC behind him
B-MIX-145	NEO	79.53	81.89	2.36	63.15	72.80	9.65	0	0	0	甲亢哥：我DNA动了	Hyperthyroidism Brother: My DNA is moved.	甲亢哥：我本能被唤醒了	Hyperthyroidism Brother: My instinct has been awakened.	Jiakang Bro: my DNA just moved
B-MIX-146	MIX	91.60	90.79	-0.81	64.21	67.02	2.81	100	0	-100	bro以为自己在演致命ID	"Bro thought he was acting in ""Identity""."	这哥们以为自己在演致命ID	"This guy thinks he's starring in ""Identity."""	bro thinks he's starring in Identity
B-MIX-147	MIX	92.42	99.11	6.70	69.61	71.70	2.09	0	0	0	干嘛突然cos班主任	Why suddenly cosplaying as the homeroom teacher?	干嘛突然扮演班主任	Why are you suddenly acting like the homeroom teacher?	why are you suddenly cosplaying as the homeroom teacher
B-MIX-148	MIX	93.56	78.11	-15.45	69.94	54.43	-15.51	100	0	-100	神作，没见过的mad种类呢	Masterpiece, I've never seen this type of MAD before.	神作，没见过的混剪视频种类呢	Masterpiece, a type of mixed剪 video I've never seen before.	a masterpiece — a kind of MAD I've never seen before
B-PYA-109	PYA	88.87	90.24	1.38	59.83	61.86	2.03	0	100	100	拍了拍博士的石棺盖子hhhhh	Patted the lid of the doctor's stone coffin hhhhh	拍了拍博士的石棺盖子哈哈哈哈哈	Patted the lid of the doctor's stone coffin, hahaha.	gave the Doctor's stone coffin lid a little pat hahaha
B-PYA-110	PYA	84.66	97.49	12.84	52.59	84.49	31.90	0	100	100	万恶的zi ben jia	The root of all evil	万恶的资本家	The evil capitalist	the evil capitalists
B-PYA-111	PYA	83.34	75.79	-7.55	60.18	66.16	5.98	100	0	-100	就说问啥听不到，nnd只带了一个耳机	Just say you can't hear anything, damn it, I only brought one earphone.	就说问啥听不到，奶奶的只带了一个耳机	Just say you can't hear anything, Grandma only brought one earphone.	no wonder he said he couldn't hear anything — damn it, he only brought one earbud
