uid	category	xcomet_noisy	xcomet_clean	xcomet_d	kiwi_noisy	kiwi_clean	kiwi_d	nta_noisy	nta_clean	nta_d	src_noisy	hyp_noisy	src_clean	hyp_clean	ref_en
B-HOM-001	HOM	94.05	95.46	1.41	84.49	84.34	-0.15	0	0	0	这样也行？那我也试试	Is that also okay? Then I'll try it too.	这样子也行？那我也试试	Is this also possible? Then I'll try it too.	this works? then let me try too
B-HOM-002	HOM	99.11	99.12	0.00	81.42	81.71	0.30	0	0	0	你怎么这样说话，人家会误会的	How can you speak like that? People will misunderstand.	你怎么这样子说话，人家会误会的	How can you speak like that? People will misunderstand.	why do you talk like that, people will misunderstand
B-HOM-003	HOM	100.00	100.00	0.00	83.07	83.07	0.00	0	0	0	各位同学注意了，期末考试要来了	Attention all students, the final exam is coming.	各位同学注意了，期末考试要来了	Attention all students, the final exam is coming.	attention classmates, final exams are coming
B-HOM-004	HOM	93.72	93.72	0.00	81.07	81.07	0.00	100	100	0	同学们帮我看看这道题怎么做	Classmates, please help me see how to do this problem.	同学们帮我看看这道题怎么做	Classmates, please help me see how to do this problem.	classmates help me figure out this problem
B-HOM-005	HOM	97.07	97.07	0.00	82.97	82.97	0.00	100	100	0	我真的好喜欢这个博主，太搞笑了	I really like this blogger; they're so funny.	我真的好喜欢这个博主，太搞笑了	I really like this blogger; they're so funny.	I really like this creator, too funny
B-HOM-006	HOM	98.72	98.72	0.00	85.58	85.58	0.00	100	100	0	你是不是喜欢我？直说嘛	Do you like me? Just say it straight.	你是不是喜欢我？直说嘛	Do you like me? Just say it straight.	do you like me? just say it
B-HOM-007	HOM	94.75	94.75	0.00	83.22	83.22	-0.00	100	100	0	今天又是悲剧的一天，出门忘带钥匙	Today is another tragic day; I forgot to bring my keys when I left home.	今天又是悲剧的一天，出门忘带钥匙	Today is another tragic day; I forgot to bring my keys when I left home.	another tragic day, forgot my keys going out
B-HOM-008	HOM	99.97	99.97	0.00	84.90	84.90	0.00	100	100	0	人生就是一个悲剧接着一个悲剧	Life is one tragedy after another.	人生就是一个悲剧接着一个悲剧	Life is one tragedy after another.	life is one tragedy after another
B-HOM-009	HOM	94.76	98.22	3.45	83.60	79.84	-3.76	0	0	0	游戏过于神奇，不确定先从哪里笑起	The game is too amazing; I'm not sure where to start laughing.	游戏过于神经，不确定先从哪里笑起	The game is too absurd; I'm not sure where to start laughing.	this game is so unhinged, not sure where to start laughing
B-HOM-010	HOM	62.91	91.31	28.40	72.80	73.42	0.61	0	100	100	都说我做饭神仙，今天就做神仙给你们吃	Everyone says I'm a cooking god, so today I'll make a god for you to eat.	都说我做饭神经，今天就做神经给你们吃	Everyone says my cooking is crazy, so today I'll make something crazy for you to eat.	y'all say I'm crazy in the kitchen, so today I'm cooking crazy for you
B-HOM-011	HOM	92.01	96.01	4.01	81.51	81.03	-0.48	0	0	0	世界上最神奇的行为	The most amazing behavior in the world	世界上最神经的行为	The most ridiculous behavior in the world	the most unhinged behavior in the world
B-HOM-012	HOM	89.98	84.04	-5.94	54.70	56.49	1.80	0	0	0	被这离谱的主播吓晕了	Fainted from the ridiculous streamer.	被这离谱的主播笑晕了	Laughed so hard at this ridiculous streamer.	I'm dead from this absurd streamer
B-HOM-013	HOM	75.73	86.97	11.24	69.41	70.29	0.88	0	0	0	笑了！带货主播推荐的迷惑水果太离谱了吧	Laughing! The confusing fruits recommended by the live-streaming salesperson are too ridiculous.	笑晕了！带货主播推荐的迷惑水果太离谱了吧	Laughed myself silly! The confusing fruits recommended by the live-streaming host are just too ridiculous.	I’m dying laughing! Those weird fruits promoted by live stream sales hosts are ridiculous.
B-HOM-014	HOM	82.53	82.53	0.00	75.87	75.87	0.00	0	0	0	新来的00后程序员写的代码，看到这段注释真的快把我笑晕了	The code written by the new 00s programmer, I almost died laughing when I saw this comment.	新来的00后程序员写的代码，看到这段注释真的快把我笑晕了	The code written by the new 00s programmer, I almost died laughing when I saw this comment.	the new Gen Z programmer's code, seeing this comment almost killed me laughing
B-HOM-016	NEO	93.39	89.37	-4.01	71.61	69.76	-1.85	100	100	0	考试没复习直接完蛋，明年再来	If you don't review for the exam, it's over, see you next year.	考试没复习直接完了，明年再来	Didn't review for the exam, it's over already, will try again next year	didn't study for the exam, it's over, see you next year
B-HOM-018	HOM	74.53	85.51	10.98	72.65	72.59	-0.06	0	0	0	好烦，这帖子要火	So annoying, this post is going to blow up.	火前留名，这帖子要火	Leave your name before it goes viral, this post is about to blow up.	leaving a name before this blows up, this post is about to go viral
B-HOM-019	HOM	96.75	96.75	0.00	84.80	84.80	0.00	0	0	0	确实好笑，不骗你	It's really funny, I'm not kidding you.	确实好笑，不骗你	It's really funny, I'm not kidding you.	it's genuinely funny, no cap
B-HOM-021	HOM	97.50	97.65	0.15	83.48	83.98	0.50	0	100	100	我草，这无人机表演太震撼了	My god, this drone show is amazing!	我操，这无人机表演太震撼了	Damn, this drone show is amazing!	holy crap, this drone show is insane
B-HOM-023	HOM	83.99	83.13	-0.86	72.22	55.18	-17.04	0	0	0	你想骗呢，哪有这么好的事	You're trying to trick me; there's no such good thing.	你想屁吃呢，哪有这么好的事	Are you out of your mind? There's no such good thing.	you're dreaming, how can something that good happen
B-HOM-024	HOM	97.08	97.08	-0.00	83.82	83.82	0.00	100	100	0	别瞎扯淡了，老师说的都是真的吗	Stop talking nonsense. Are all the things the teacher says true?	别瞎扯淡了，老师说的都是真的吗	Stop talking nonsense. Are all the things the teacher says true?	stop talking BS, is what the teacher said even true
B-HOM-025	HOM	66.80	69.42	2.63	56.89	54.44	-2.45	0	0	0	先报上自己的分数啊搞来菜	Report your own score first, then get the dishes.	先报上自己的分数啊搞拉踩	First, report your own score, you downer.	dropping your score first before throwing shade smh
B-HOM-026	HOM	96.90	96.90	-0.00	77.09	77.09	0.00	100	100	0	绷不住了，腾讯这泄密处理速度也太快了吧	Can't hold it in any longer—Tencent's information leakage response speed is just too fast!	绷不住了，腾讯这泄密处理速度也太快了吧	Can't hold it in any longer—Tencent's information leakage response speed is just too fast!	I can't hold it in anymore, Tencent's speed in handling this leak is just too fast
B-HOM-027	HOM	54.20	69.94	15.74	81.93	72.79	-9.14	0	0	0	我厉害，西班牙第一了	I am great, number one in Spain	奥利给，西班牙第一了	Olé, number one in Spain!	Aigoo Spain took first place let's gooo
B-HOM-028	HOM	71.88	71.88	0.00	73.34	73.34	0.00	0	0	0	这配置真不错，性价比拉满	This configuration is really great, with maximum cost-performance ratio.	这配置真不错，性价比拉满	This configuration is really great, with maximum cost-performance ratio.	This setup slaps, value for money off the charts
B-HOM-029	HOM	64.28	65.80	1.52	59.25	68.33	9.09	0	0	0	赛里木湖这操作真不戳啊，景区打人还能辞退就完事了？	What a great move by Sayram Lake! If a scenic area staff beats someone, can they just get fired and that's it?	赛里木湖这操作真不错啊，景区打人还能辞退就完事了？	What a great move by Sayram Lake! If a scenic area staff beats someone, can they just get fired and that's it?	Sarim Lake's handling is just great, beating people at a scenic spot and just firing them is that it?
B-HOM-030	HOM	94.37	94.89	0.52	78.27	80.21	1.94	100	100	0	绷不住了，这也太好笑了吧	Can't hold it anymore, this is too funny	绷不住了，这也太好笑了吧	I can't hold it anymore, this is too funny	bruh I can't hold it in this is too funny lmao
B-HOM-031	HOM	87.31	87.31	-0.00	74.69	74.69	0.00	0	0	0	我操317万年终奖就这么没了？	My 3.17 million yuan annual bonus is just gone like this?	我操317万年终奖就这么没了？	My 3.17 million yuan annual bonus is just gone like this?	Wtf, 3.17 million year-end bonus just gone like that?
B-HOM-032	HOM	79.12	79.12	0.00	80.00	80.00	0.00	0	0	0	你就好自为之吧，别折腾了	Just do as you please, don't cause any more trouble.	你就好自为之吧，别折腾了	Just do as you please, don't cause any more trouble.	watch yourself bro stop messing around
B-HOM-033	HOM	81.08	81.08	-0.00	58.93	58.93	-0.00	0	0	0	王虹这波属实深藏不露了，拿完奖还这么低调	Wang Hong is really holding back her depth this time, staying so low-key even after winning the award.	王虹这波属实深藏不露了，拿完奖还这么低调	Wang Hong is really holding back her depth this time, staying so low-key even after winning the award.	Wang Hong has truly been hiding her talents, so low-key after winning the award
B-HOM-034	HOM	95.68	95.68	0.00	78.92	78.92	0.00	100	100	0	绷不住了这也太搞笑了	I can't hold it anymore, this is too funny	绷不住了这也太搞笑了	I can't hold it anymore, this is too funny	can't hold it in anymore this is way too funny fr
B-HOM-035	HOM	91.78	91.78	-0.00	78.98	78.98	0.00	100	100	0	看到50亿离婚案的消息我直接难受想哭	I was so upset and wanted to cry when I saw the news about the 5 billion divorce case.	看到50亿离婚案的消息我直接难受想哭	I was so upset and wanted to cry when I saw the news about the 5 billion divorce case.	Seeing the news about the 5 billion divorce case, I'm so sad I could cry
B-HOM-036	HOM	93.41	93.41	0.00	85.65	85.65	0.00	0	0	0	真不错，这个视频做得真好	That's great, this video is really well done.	真不错，这个视频做得真好	That's great, this video is really well done.	not bad this video is actually fire
B-HOM-037	HOM	90.01	94.96	4.94	77.47	74.53	-2.94	0	0	0	这景区管理都别提，7个人打一个司机	Forget about the management of this scenic area, seven people beat up a driver.	这景区管理大可不必，7个人打一个司机	This scenic area management is unnecessary; seven people attacked one driver.	This scenic area management is totally unnecessary, 7 people beating one driver
B-HOM-038	HOM	99.38	99.38	0.00	84.02	84.02	0.00	0	0	0	这个颜色非常好看	This color looks very nice.	这个颜色非常好看	This color looks very nice.	this color looks really good ngl
B-HOM-039	HOM	82.60	84.11	1.51	73.87	69.14	-4.73	0	0	0	腾讯这波操作属于是瞎认亲了	Tencent's move is a case of blindly claiming kinship.	腾讯这波操作属于是杀人诛心了	Tencent's move this time can be described as striking at the heart.	Tencent's move this time is truly adding insult to injury
B-HOM-040	HOM	84.20	94.13	9.93	77.47	65.82	-11.65	0	0	0	有味道了，就是这个感觉	It has a flavor now, this is exactly the feeling.	有那味了，就是这个感觉	There's that vibe, this is exactly the feeling	got that vibe this is the feeling
B-HOM-041	HOM	72.18	88.66	16.48	75.73	77.30	1.57	0	0	0	泄密被辞退永不录用，这员工只能活该了	Leakage of confidential information leads to termination and permanent disqualification; this employee can only be blamed.	泄密被辞退永不录用，这员工只能好自为之了	If an employee leaks confidential information and is dismissed, they will never be rehired; this employee can only take good care of themselves from now on.	Fired for leaking and never to be rehired, this employee better watch out
B-HOM-042	HOM	96.95	96.95	0.00	81.86	81.86	0.00	0	0	0	这部剧的女主造型好看	The female lead's appearance in this drama is attractive.	这部剧的女主造型好看	The female lead's appearance in this drama is attractive.	the female lead's look in this drama is gorgeous
B-HOM-043	HOM	73.54	73.54	0.00	63.14	63.14	0.00	0	0	0	好自为之，好自为之吧	Take care of yourself, take good care of yourself.	好自为之，好自为之吧	Take care of yourself, take good care of yourself.	Learn your lesson and shape up.
B-HOM-044	HOM	82.87	89.56	6.69	82.58	81.87	-0.71	0	0	0	这个操作太瞎扯了	This operation is nonsense.	这个操作太吓人了	This operation is too scary.	this play is straight up terrifying
B-HOM-045	HOM	55.78	67.56	11.78	46.06	51.78	5.73	0	0	0	中国女排这波直接完啦，美国队不服不行	China's women's volleyball team is completely out of this round; the U.S. team can't help but be不服 (unconvinced/respectful).	中国女排这波直接完啦，美国队不服不行	China's women's volleyball team is completely out of this round; the US team has no choice but to be不服.	China's women's volleyball team is done for this time, the US team has to admit defeat
B-HOM-046	HOM	99.73	99.73	0.00	80.18	80.18	0.00	100	100	0	压力好大，快要顶不住了	The pressure is so big, I can't hold on any longer.	压力好大，快要顶不住了	The pressure is so big, I can't hold on any longer.	the pressure is so high can't hold on anymore
B-HOM-047	HOM	85.02	100.00	14.98	86.83	87.95	1.11	0	100	100	我无聊！！！	I'm bored!!!	我五岁！！！	I am five years old!!!	I'm five years old!!!
B-HOM-048	HOM	90.26	90.26	0.00	78.63	78.63	0.00	100	100	0	赛里木湖这事整得非常离谱	What's going on with Lake Sayram is really ridiculous.	赛里木湖这事整得非常离谱	What's going on with Lake Sayram is really ridiculous.	The Sarim Lake incident is really outrageous
B-HOM-049	HOM	87.24	92.25	5.00	85.27	83.86	-1.41	0	0	0	看完这帖子我直接笑了	After reading this post, I laughed immediately.	看完这帖子我直接笑死了	After reading this post, I died laughing.	after reading this post I'm dead lmao
B-HOM-050	HOM	98.45	98.45	0.00	85.88	85.88	0.00	100	100	0	看完这个视频我焦虑了	I felt anxious after watching this video.	看完这个视频我焦虑了	I felt anxious after watching this video.	after watching this vid I'm straight up anxious
B-HOM-051	HOM	94.89	94.89	0.00	82.76	82.76	0.00	100	100	0	看完女排比赛我直接压力山大	After watching the women's volleyball match, I immediately felt immense pressure.	看完女排比赛我直接压力山大	After watching the women's volleyball match, I immediately felt immense pressure.	After watching the women's volleyball match, I'm under enormous pressure
B-HOM-052	HOM	79.43	79.43	0.00	73.87	73.87	0.00	0	0	0	笑死了！一会抛梗一会接梗	Laughing to death! Throwing and catching jokes all the time.	笑死了！一会抛梗一会接梗	Laughing to death! Throwing and catching jokes all the time.	dying of laughter! one sec they set up the joke next sec they're playing along
B-HOM-053	HOM	83.69	82.97	-0.72	70.64	63.51	-7.13	0	0	0	测评娃哈哈高透史莱姆好好吃	Tasting Wahaha High Transparency Slime is really delicious.	测评娃哈哈高透史莱姆好好看	Evaluating Wahaha High Transparency Slime is really nice to watch.	reviewing Wahaha's crystal clear slime it looks so good
B-HOM-054	HOM	75.74	93.69	17.95	60.79	83.59	22.80	0	0	0	我家，这也太厉害了吧	My home, this is way too amazing, right?	我操，这也太厉害了吧	Damn, this is amazing.	wtf this is too insane bruh
B-HOM-055	HOM	72.89	96.33	23.44	70.86	84.60	13.74	0	100	100	笑的想事	Laughing while thinking of something.	笑的想死	Laughing so hard I could die	laughing till I die
B-HOM-056	HOM	69.51	71.49	1.98	70.56	70.67	0.11	0	0	0	这里是孙吧忏悔室，一人忏悔一件你觉得最糊涂的事	This is Sun's confessional, one person confesses one thing they think is the most foolish.	这里是孙吧忏悔室，一人忏悔一件你觉得最畜生的事	This is Sun's confessional. One person confesses one thing they think is the most beastly.	welcome to Sun Bar confessional drop your most savage moment
B-HOM-057	HOM	86.13	99.03	12.90	80.07	82.96	2.89	0	0	0	关于欲欲症表妹喜欢上我的故事	The story about my nymphomaniac cousin falling in love with me	关于抑郁症表妹喜欢上我的故事	The story about my cousin with depression falling in love with me	the story of how my depressed cousin fell for me
B-HOM-058	HOM	90.55	89.88	-0.67	70.59	76.94	6.35	0	100	100	这是我女朋友 羡慕吗笑出们🤣	This is my girlfriend, jealous? 😂	这是我女朋友 羡慕吗小丑们🤣	This is my girlfriend, jealous clowns? 😄	this is my gf. jealous you clowns? 🤣
B-HOM-059	HOM	66.20	62.08	-4.12	59.19	58.17	-1.02	100	0	-100	麻辣烫我只认元娘娘，口味多好呀	For spicy hot pot, I only recognize Yuan Niang Niang; the taste is so good.	麻辣烫我只认元娘娘，口味多好吃	For spicy hot pot, I only recognize Yuanniangniang, the taste is delicious and varied.	I only trust Yuan Niangniang for malatang it's so good
B-HOM-060	HOM	76.02	83.74	7.73	63.96	60.26	-3.70	0	0	0	可爱的小香猪变成了温暖的挡板	The cute little Scented Piglet became a warm barrier.	可爱的小香猪变成了温暖的大便	The cute little Scented Pig became a warm pile of feces.	a cute little guinea pig turned into warm crap
B-HOM-061	HOM	96.88	96.88	0.00	81.51	81.51	0.00	100	100	0	我要笑死了卧槽	I'm dying laughing, damn it.	我要笑死了卧槽	I'm dying laughing, damn it.	I'm gonna die laughing oh shit
B-HOM-062	HOM	94.70	94.70	-0.00	76.94	76.94	0.00	0	0	0	时间长了搞死你	It will eventually kill you over time.	时间长了搞死你	It will eventually kill you over time.	I'll work you to death over time
B-HOM-063	HOM	84.35	84.35	0.00	51.97	51.97	-0.00	0	0	0	笑死了家人们谁懂啊	Laughed to death, family members, who understands this啊	笑死了家人们谁懂啊	Laughed to death, family members, who understands this啊	dying of laughter fam who understands
B-HOM-064	HOM	98.15	98.15	0.00	87.63	87.63	0.00	0	0	0	她居然自杀了	She actually committed suicide.	她居然自杀了	She actually committed suicide.	she actually offed herself
B-HOM-065	HOM	51.98	51.98	0.00	71.22	71.22	0.00	100	100	0	小哥：我真没骗人！！我真给白衣女鬼送过餐！！你不知道哟！我魂都快没了，那餐是一点都没撒！！没办法，这就是哥的实力！	Bro: I'm not lying! I really did deliver a meal to that white-robed female ghost! You don't know, man—I was so scared my soul almost left my body, but not a single grain of that meal did I spill! No choice, this is just my bro's skill!	小哥：我真没骗人！！我真给白衣女鬼送过餐！！你不知道哟！我魂都快没了，那餐是一点都没撒！！没办法，这就是哥的实力！	Bro: I'm not lying! I really did deliver a meal to that white-robed female ghost! You don't know, man—I was so scared my soul almost left my body, but not a single grain of that meal did I spill! No choice, this is just my bro's skill!	Bro: I seriously didn't lie!! I really delivered food to the girl ghost in white!! You don't know! I nearly lost my soul, not a single drop spilled on that delivery! No choice, this is bro's skill!
B-HOM-066	HOM	81.45	81.45	0.00	51.68	51.68	0.00	100	100	0	博主成功把中二拍成傻子了	The blogger successfully portrayed the second son as a fool.	博主成功把中二拍成傻子了	The blogger successfully portrayed the second son as a fool.	The blogger successfully made the edgy act look like a fool
B-HOM-067	HOM	98.44	98.44	0.00	84.60	84.60	0.00	0	0	0	废物才需要爱情，神都是孤独的	Only the weak need love; gods are always lonely.	废物才需要爱情，神都是孤独的	Only the weak need love; gods are always lonely.	Only the weak yearn for love; gods are destined to be alone.
B-HOM-068	HOM	98.81	98.81	0.00	85.17	85.17	0.00	100	100	0	我在学校哭别人理都不理我	I cried at school, but nobody paid any attention to me.	我在学校哭别人理都不理我	I cried at school, but nobody paid any attention to me.	I cried at school and nobody even paid attention to me
B-HOM-069	HOM	81.66	84.30	2.65	72.15	60.64	-11.51	0	0	0	现场偷挖被抓,大蠢呐!	Caught digging up on the spot, what a big fool!	现场偷挖被抓,多损呐!	Caught stealing and digging on the spot, how damaging!	Caught digging secretly on site, so savage!
B-HOM-070	HOM	97.38	97.49	0.11	84.39	72.84	-11.55	0	0	0	这个特效真不错！	This special effect is really great!	这个特效真不尬！	This special effect is really not cheesy!	This special effect is really not cringe!
B-HOM-071	HOM	88.73	94.76	6.03	76.47	67.55	-8.93	100	100	0	要没事,与你无关!	Nothing to worry about, it's none of your business!	要你管,与你无关!	Mind your own business! It's none of your concern!	Mind your own business, it's none of your business!
B-HOM-072	HOM	67.52	97.99	30.47	74.00	83.01	9.00	0	0	0	依靠答辩是什么意思	"What does ""relying on defense"" mean?"	一坨大便是什么意思	What does a pile of feces mean	What does 'a pile of shit' mean?
B-HOM-073	HOM	95.58	97.75	2.17	85.76	81.26	-4.50	0	100	100	哈哈哈哈哈哈哈太棒了呐	Hahahahaha, that's awesome!	哈哈哈哈哈哈哈多损呐	Hahahahaha, that's so mean.	hahahahaha so mean lol
B-HOM-074	HOM	94.74	94.74	0.00	83.42	83.42	0.00	100	100	0	“与你无关”这么好笑吗是挺好笑的	"Is ""It's none of your business"" so funny? It is pretty funny."	“与你无关”这么好笑吗是挺好笑的	"Is ""It's none of your business"" so funny? It is pretty funny."	Is 'none of your business' really that funny? It is pretty funny
B-HOM-075	HOM	61.92	82.41	20.49	70.81	60.29	-10.51	0	100	100	还有己	There is also oneself.	还有gay	Also gay	Also got gay vibes
B-HOM-076	HOM	95.32	95.32	0.00	81.26	81.26	0.00	100	100	0	这显卡价格真是垃圾，还买什么啊	This graphics card's price is really trash, why even buy it?	这显卡价格真是垃圾，还买什么啊	This graphics card's price is really trash, why even buy it?	This GPU price is really trash, why even buy it
B-HOM-077	HOM	84.17	84.17	0.00	63.56	63.56	0.00	100	100	0	我丢！上班路上刷到路边广告牌被“风”掀了个角，原来是京东618的整活！这波操作简直太酷啦！	"Oh no! On my way to work, I saw a roadside billboard flipped by the ""wind,"" and it turned out to be JD.com's 618 promotion! This move is so cool!"	我丢！上班路上刷到路边广告牌被“风”掀了个角，原来是京东618的整活！这波操作简直太酷啦！	"Oh no! On my way to work, I saw a roadside billboard flipped by the ""wind,"" and it turned out to be JD.com's 618 promotion! This move is so cool!"	No way! On my way to work I saw a roadside billboard get lifted by the 'wind', turns out it was JD 618's stunt! This move is just too cool!
B-HOM-078	HOM	81.95	81.95	0.00	71.78	71.78	0.00	100	100	0	“太酷啦”大人三周年	"""Too cool"" Adult 3rd Anniversary"	“太酷啦”大人三周年	"""Too cool"" Adult 3rd Anniversary"	Third anniversary of Lord 'So Cool'
B-HOM-079	HOM	80.78	93.35	12.57	50.35	66.62	16.27	0	0	0	前车：别二？	Front car: Not two?	前车：不是？	Front car: Not really?	The car in front: Wait, what?
B-HOM-080	HOM	75.33	64.20	-11.12	75.67	76.58	0.90	100	100	0	十点睡，身体还以为是午休呢，凌晨又把他们叫醒了	Go to sleep at ten, and your body still thinks it's taking a nap; then they wake you up again in the early hours of the morning.	10点睡，身体还以为是午休呢，凌晨又把他们叫醒了	Go to sleep at 10, the body still thinks it's taking a nap, then they wake them up again in the early morning.	Going to sleep at 10, my body thought it was nap time, then woke me up at dawn
B-HOM-081	HOM	73.56	87.42	13.87	79.79	43.19	-36.60	0	0	0	特雷波Q	Trepo Q	三杀	Triple play	Triple kill
B-HOM-082	HOM	60.02	60.02	0.00	50.82	50.82	-0.00	0	0	0	笑死我了纵横天下至今一直在罚时闯过了零个关卡	Laughing to death, Ever since the beginning of the world, I have been penalized and have passed zero levels.	笑死我了纵横天下至今一直在罚时闯过了零个关卡	Laughing to death, Ever since the beginning of the world, I have been penalized and have passed zero levels.	Dying of laughter, the one who conquers the world has been in timeout, passing zero challenges
B-HOM-083	HOM	84.85	96.49	11.64	68.09	76.59	8.50	0	0	0	怎么达不到小兵了	How can I not reach the soldier anymore?	怎么打不了小兵了	Why can't I attack the minions anymore?	Why can't I target the minions?
B-HOM-084	HOM	70.87	98.35	27.47	78.68	80.64	1.95	0	100	100	！？潮流？！	Trend?	！？雀巢？！	Nestlé?	!? Nestle!?
B-HOM-085	HOM	99.12	99.12	0.00	84.91	84.91	0.00	100	100	0	此人知识面极广	This person has an extremely broad knowledge base.	此人知识面极广	This person has an extremely broad knowledge base.	This person's knowledge is extremely broad
B-HOM-086	HOM	93.38	95.16	1.78	83.28	83.70	0.42	0	0	0	蛇：我操，怎么又是他	Snake: Oh man, how come it's him again.	蛇：我的天，怎么又是他	Snake: My goodness, how come it's him again.	Snake: Oh my god, why is it him again
B-HOM-087	HOM	89.16	79.51	-9.65	77.97	72.85	-5.12	100	100	0	生物钟:不药呀！我才调整好	Biological clock: No medicine needed! I've just adjusted it.	生物钟:不要呀！我才调整好	Biological clock: No way! I just got adjusted.	Biological clock: No! I just got it adjusted
B-HOM-088	HOM	91.45	91.45	0.00	80.12	80.12	0.00	100	100	0	基本功来了，视频就有了。起飞！	Basic skills are here, the video is ready. Take off!	基本功来了，视频就有了。起飞！	Basic skills are here, the video is ready. Take off!	When the basic skills kick in, the video just takes off! Liftoff!
B-HOM-089	HOM	63.21	88.25	25.04	71.55	85.25	13.70	0	0	0	吃不吃油饼	Will you eat an oil cake or not?	是不是有病	Are you sick?	Are you out of your mind?
B-HOM-090	HOM	34.70	99.06	64.36	47.88	83.20	35.32	0	0	0	香蒸煎鱼吃不吃	Would you like to eat pan-fried fish with a fragrant steam?	想进监狱是不是	Do you want to go to prison?	Do you want to end up in prison?
B-HOM-091	HOM	93.38	93.38	-0.00	83.55	83.55	0.00	0	0	0	立马去郊区浇筑一个钢筋混凝土的地下堡垒	Go immediately to the suburbs to construct an underground fortress made of reinforced concrete.	立马去郊区浇筑一个钢筋混凝土的地下堡垒	Go immediately to the suburbs to construct an underground fortress made of reinforced concrete.	Head to the suburbs right away and build an underground bunker with rebar concrete
B-HOM-092	HOM	94.10	94.10	0.00	71.87	71.87	0.00	0	0	0	基本功扎实	Solid fundamentals	基本功扎实	Solid fundamentals	Solid basic skills
B-HOM-093	HOM	94.09	99.90	5.81	64.32	73.65	9.33	0	100	100	办不住了	Can't go on anymore.	绷不住了	Can't hold it in anymore	Can't hold it in anymore
B-HOM-094	HOM	96.46	96.46	0.00	81.86	81.86	0.00	100	100	0	冷知识：袜子不是茶包	Fun fact: Socks are not tea bags.	冷知识：袜子不是茶包	Fun fact: Socks are not tea bags.	Fun fact: socks are not tea bags
B-HOM-095	HOM	71.60	71.60	-0.00	63.06	63.06	-0.00	0	0	0	就说00这一套真的超级好看的，我可以安心的死了	Just say that this 00 series is really super good-looking, I can die at ease	就说00这一套真的超级好看的，我可以安心的死了	Just say that this 00 series is really super good-looking, I can die at ease	This 00 outfit is really super good-looking, I can finally rest in peace
B-NEO-002	NEO	95.37	95.86	0.50	83.11	83.53	0.42	100	100	0	我们不是供人围观的工具人！	We are not tools for people to gawk at!	我们不是供人围观的工具！	We are not tools for people to gawk at!	we're not tools for people to watch!
B-NEO-003	NEO	85.35	75.91	-9.44	80.03	58.69	-21.34	0	0	0	又被被欺骗了，这理财产品全是坑	Deceived again; these financial products are all traps.	又被宰了，这理财产品全是坑	Cut again, these wealth management products are all traps.	I got ripped off again, this wealth management product is full of traps.
B-NEO-004	NEO	97.30	90.44	-6.86	82.70	75.62	-7.08	0	0	0	品牌联名就是欺骗消费者，质量差价格高	Brand collaborations are just a way to deceive consumers with poor quality and high prices.	品牌联名就是坑人，质量差价格高	Collaboration with brands is just a scam, poor quality and high price.	Co-branded products are just a way to rip off customers with poor quality and high prices.
B-NEO-005	NEO	89.35	96.91	7.56	75.07	85.70	10.64	0	0	0	别带偏话题了，事情不是你想的那样	Don't change the subject; things aren't as you think they are.	别煽动舆论了，事情不是你想的那样	Stop inciting public opinion; things are not as you think.	stop stirring things up, it's not what you think
B-NEO-006	NEO	89.80	98.15	8.34	77.72	83.24	5.51	0	0	0	评论区全是在带偏话题的，真相没人关心	The comment section is full of people derailing the topic, no one cares about the truth.	评论区全是在煽动舆论的，真相没人关心	The comment section is full of people inciting public opinion; no one cares about the truth.	comments section full of people stirring drama, nobody cares about the truth
B-NEO-007	NEO	98.08	98.08	0.00	80.34	80.34	0.00	0	0	0	抬杠的人无处不在，说啥都要反驳	People who like to argue are everywhere, always ready to contradict whatever is said.	抬杠的人无处不在，说啥都要反驳	People who like to argue are everywhere, always ready to contradict whatever is said.	contrarians are everywhere, they rebut everything you say
B-NEO-008	NEO	98.45	97.16	-1.29	83.15	82.00	-1.15	100	0	-100	遇到杠精最好的办法就是不理他	The best way to deal with a contrarian is to ignore him.	遇到抬杠的人最好的办法就是不理他	The best way to deal with someone who is being argumentative is to ignore them.	the best way to deal with a contrarian is to ignore them
B-NEO-009	NEO	83.59	83.59	0.00	74.28	74.28	0.00	0	0	0	完了，半夜点外卖忘备注别敲门	"Done, ordered takeout in the middle of the night and forgot to note ""don't knock"""	完了，半夜点外卖忘备注别敲门	"Done, ordered takeout in the middle of the night and forgot to note ""don't knock"""	I'm cooked, ordered delivery at midnight and forgot to leave a note saying don't knock
B-NEO-010	NEO	99.15	97.27	-1.88	83.70	83.16	-0.55	0	0	0	选择你的躲藏点，被抓到就完蛋了	Choose your hiding spot, because if you get caught, you're doomed.	选择你的躲藏点，被抓到就完了	Choose your hiding spot; if you get caught, it's over.	pick your hiding spot, if you get caught you're done for
B-NEO-011	NEO	86.25	94.54	8.29	74.51	81.34	6.83	0	0	0	看到肯德基9.9的那一刻，我的班味瞬间就没了	The moment I saw KFC's 9.9, my work stress instantly disappeared.	看到肯德基9.9的那一刻，我的上班疲惫感瞬间就没了	The moment I saw KFC's 9.9, my fatigue from work instantly disappeared.	the moment I saw KFC 9.9, my work exhaustion instantly vanished
B-NEO-012	NEO	85.06	89.29	4.24	78.93	76.31	-2.62	0	0	0	人一旦染上上班的味道，这辈子就去不掉了	Once a person gets the smell of going to work, it can't be removed for the rest of their life.	人一旦染上上班的气息，这辈子就去不掉了	Once a person gets the smell of going to work, it can't be removed for the rest of their life.	once you catch the work vibe, it never leaves you
B-NEO-013	NEO	69.99	72.14	2.15	54.22	58.58	4.35	0	0	0	十多块的塔斯汀五件套，横扫我一天班味儿	A Tastee five-piece meal for over ten bucks, wiping out my workday fatigue.	十多块的塔斯汀五件套，横扫我一天上班的疲惫感	A Tastee five-piece meal for more than ten yuan, sweeping away my fatigue from a day at work.	a 10-something yuan Tastien 5-piece meal wipes away my whole day of work fatigue
B-NEO-014	NEO	73.24	79.39	6.15	72.89	74.53	1.63	0	0	0	净化上班的状态，用了这头像直接演绎出我的精神状态	Purify the state of going to work; using this avatar directly portrays my mental state.	净化上班的疲惫感，用了这头像直接演绎出我的精神状态	Purify the fatigue of work, using this avatar directly portrays my mental state.	cleansing away the work fatigue — this avatar perfectly captures my mental state
B-NEO-015	NEO	74.99	82.58	7.59	74.84	72.15	-2.68	0	0	0	观望派大获全胜，建议收藏	The wait-and-see faction wins big, recommended for collection	等待降价的人赢得非常彻底，建议收藏	Those who waited for the price drop won thoroughly, recommended to save	the wait-for-a-deal crew won big time, saving this
B-NEO-016	NEO	97.14	84.70	-12.44	79.31	64.75	-14.56	0	0	0	看似输了实际赢了很多	It seems like a loss, but in fact, a lot was gained.	看似输了实际赢得非常彻底	Seems like a loss but actually wins thoroughly.	looks like they lost but actually won big
B-NEO-017	NEO	91.95	86.01	-5.93	69.09	68.96	-0.13	100	0	-100	纯粹的爱情战士轰然倒地	The pure love warrior fell to the ground with a loud thud.	只支持纯爱的人轰然倒地	Those who only support pure love fall to the ground with a loud crash.	the pure love warrior has fallen
B-NEO-018	NEO	87.69	96.90	9.21	70.66	79.23	8.57	0	0	0	谨以此片献给每一位爱情高手	This film is respectfully dedicated to every master of love.	谨以此片献给每一位只支持纯爱的人	This film is respectfully dedicated to every person who supports pure love.	dedicating this film to every pure love warrior out there
B-NEO-019	NEO	94.69	94.69	0.00	86.81	86.81	0.00	100	100	0	兄弟们我移民美国了	Brothers, I have immigrated to the United States.	兄弟们我移民美国了	Brothers, I have immigrated to the United States.	bros I emigrated to the US
B-NEO-020	NEO	94.62	94.53	-0.09	82.40	81.52	-0.88	0	0	0	公司要黄了的5个征兆，当公司开始严抓考勤，你该考虑走了	5 signs that your company is in trouble; when the company starts strictly enforcing attendance, it's time for you to consider leaving.	公司要黄了的5个征兆，当公司开始严抓考勤，你该考虑跑了	5 signs that your company is about to go under; when the company starts strictly enforcing attendance, you should start thinking about leaving.	5 signs your company is going under, when they start cracking down on attendance, you should consider bouncing
B-NEO-021	NEO	94.57	85.67	-8.90	81.85	72.12	-9.73	0	0	0	赛博朋克2077，极致毒舌极致享受	Cyberpunk 2077, ultimate sarcasm, ultimate enjoyment	赛博朋克2077，极致骂人极致享受	Cyberpunk 2077, the ultimate way to insult and the ultimate pleasure.	Cyberpunk 2077, ultimate trash talk ultimate enjoyment
B-NEO-023	NEO	94.69	98.02	3.33	77.97	79.18	1.21	0	0	0	孙红雷演技出色，20万人打出7.5分	Sun Honglei delivers an excellent performance, with 200,000 people giving it a score of 7.5.	孙红雷演技极其震撼，20万人打出7.5分	Sun Honglei's acting is extremely impressive, with 200,000 people giving it a 7.5 rating.	Sun Honglei's acting is absolutely insane, 200k people rated 7.5
B-NEO-024	NEO	93.30	86.95	-6.35	79.27	77.37	-1.89	0	100	100	网络诵经让老外陷入疯狂	Online scripture recitation drives foreigners crazy	虚拟诵经让老外陷入疯狂	Virtual chanting drives foreigners crazy	cyber chanting is driving foreigners crazy
B-NEO-025	NEO	85.04	87.25	2.22	66.45	75.82	9.37	0	0	0	国庆宅家的网络生活	Staying at home for National Day and online life	国庆宅家的虚拟网络生活	Virtual online life at home during National Day holiday	National Day stay-at-home cyber life
B-NEO-026	NEO	74.74	58.37	-16.37	71.42	68.89	-2.53	0	0	0	高考第一批引人注目者出现了，青蛙玩偶花式助阵	The first batch of attention-grabbing candidates for the college entrance exam has emerged, with frog plush toys adding flair to the support.	高考第一批爱出风头的人出现了，青蛙玩偶花式助阵	The first batch of show-offs for the Gaokao appeared, with frog dolls joining in stylishly.	the first batch of attention-seekers at the college entrance exam showed up, frog mascots cheering in style
B-NEO-027	NEO	92.14	91.27	-0.87	63.70	77.65	13.96	0	0	0	电视节目输出中，午饭点准时到	At lunchtime, the TV program output is on schedule.	适合吃饭时看的视频输出中，午饭点准时到	A video suitable to watch during meals is being output, arriving on time at lunchtime.	my mealtime video is on, right on time for lunch
B-NEO-028	NEO	84.86	94.21	9.35	81.53	80.94	-0.60	0	100	100	这个综艺太无趣了，一口气看完	This variety show is so boring, I watched it all in one go.	这个综艺太适合吃饭时看了，一口气看完	This variety show is so perfect to watch while eating, I binged the whole thing in one go.	this variety show is perfect meal content, binged the whole thing
B-NEO-029	NEO	75.53	73.15	-2.37	68.76	69.93	1.17	0	0	0	疯狂写作必备文案，笑死我了	Essential copy for crazy writing, it killed me with laughter	宣泄式文字表达必备文案，笑死我了	Essential copy for venting-style written expression, I died laughing	must-have lines for unhinged-rant posting, I'm dying laughing
B-NEO-030	NEO	100.00	100.00	0.00	85.70	85.70	0.00	100	100	0	社交恐惧症患者的噩梦，大型聚会	The nightmare of people with social anxiety: large gatherings	社交恐惧症患者的噩梦，大型聚会	The nightmare of people with social anxiety: large gatherings	a socially anxious person's worst nightmare, a huge gathering
B-NEO-031	NEO	86.56	91.51	4.94	72.71	82.47	9.76	100	100	0	找不到原剧了，这个当代替吃饭先看	Can't find the original play, watch this as a substitute for now	找不到原剧了，这个当替代品先看	Can't find the original show, watch this as a substitute for now	can't find the original, using this as a substitute for now
B-NEO-032	NEO	90.38	91.57	1.19	80.09	77.92	-2.17	0	0	0	花2000买nike感觉自己好像大冤家	Spent 2000 on Nike, felt like a big fool.	花2000买nike感觉自己好像大冤大头	Spent 2000 on Nike and felt like a total sucker.	spent 2k on nikes feeling like a total sucker
B-NEO-033	NEO	89.28	89.28	0.00	68.59	68.59	0.00	0	0	0	腾讯这波泄密直接崩溃了，317万说没就没	Tencent's data leak directly caused a collapse, 3.17 million just vanished.	腾讯这波泄密直接崩溃了，317万说没就没	Tencent's data leak directly caused a collapse, 3.17 million just vanished.	Tencent's leak move really triggered a breakdown, 3.17 million gone just like that
B-NEO-034	NEO	90.55	90.55	0.00	77.93	77.93	0.00	100	100	0	梅西今年真可怜，这么强的个人发挥啥没有得到	Messi has been really unfortunate this year; his strong individual performance hasn't received any recognition at all.	梅西今年真可怜，这么强的个人发挥啥没有得到	Messi has been really unfortunate this year; his strong individual performance hasn't received any recognition at all.	Messi had a rough year insane individual performance but got nothing
B-NEO-035	NEO	73.52	73.52	-0.00	67.48	67.48	-0.00	0	0	0	看热闹看到自己头上了，腾讯泄密员工就是本人	Looking for a spectacle, I ended up as the one in the spotlight; the Tencent employee who leaked the information is none other than myself.	看热闹看到自己头上了，腾讯泄密员工就是本人	Looking for a spectacle, I ended up as the one in the spotlight; the Tencent employee who leaked the information is none other than myself.	I was following the drama, only to realize I’m the Tencent staff member who leaked the information
B-NEO-036	NEO	75.09	75.09	0.00	74.43	74.43	0.00	0	0	0	别搁这炫耀了，显摆啥呢	Stop showing off, what are you trying to impress us with?	别搁这炫耀了，显摆啥呢	Stop showing off, what are you trying to impress us with?	stop humble bragging already what are you flexing
B-NEO-037	NEO	100.00	100.00	0.00	85.83	85.63	-0.20	0	0	0	显卡市场太竞争激烈了，价格涨得离谱	The graphics card market is too competitive, causing prices to skyrocket.	显卡市场竞争太激烈了，价格涨得离谱	The graphics card market is too competitive, causing prices to skyrocket.	The GPU market is hyper-competitive, prices rising outrageously
B-NEO-038	NEO	72.53	65.35	-7.17	67.57	55.95	-11.63	0	0	0	这帖子水分太大，添加的内容太多	This post has too much water, too many added contents.	这帖子水分太大，刷帖刷的	This post has too much water, it's just being bumped up artificially.	this post is so watered down pure spam
B-NEO-039	NEO	92.16	92.25	0.09	78.32	78.09	-0.23	100	100	0	打工人看完317万年终奖直接放弃努力了	The working person gave up trying after seeing the year-end bonus of 3.17 million.	打工人看完317万年终奖直接放弃了	The working person gave up after seeing the 3.17 million yuan annual bonus.	Workers gave up striving after seeing the 3.17 million year-end bonus.
B-NEO-040	NEO	91.10	91.10	0.00	79.62	79.62	0.00	0	0	0	这剧情给我整崩溃了	This plot has completely thrown me off.	这剧情给我整崩溃了	This plot has completely thrown me off.	this plot totally broke me fr fr
B-NEO-041	NEO	90.26	90.26	0.00	70.87	70.87	-0.00	0	0	0	这员工炫耀式晒年终奖，结果翻车了	This employee showed off their year-end bonus, only to face a backlash.	这员工炫耀式晒年终奖，结果翻车了	This employee showed off their year-end bonus, only to face a backlash.	This employee flaunted their year-end bonus in a humble-brag way, and it backfired
B-NEO-042	NEO	99.47	98.49	-0.98	83.50	83.20	-0.30	0	0	0	这手机信号差劲到离谱	The phone signal is absurdly bad.	这手机信号差到离谱	The phone signal is so bad.	this phone signal is garbage to an absurd degree
B-NEO-043	NEO	99.04	90.67	-8.37	86.35	81.47	-4.88	0	0	0	你这个行为真的很下流	Your behavior is really despicable.	你这个行为真的很扫兴	Your behavior is really spoiling the fun.	your behavior is such a turnoff rn
B-NEO-044	NEO	86.64	87.92	1.29	75.20	75.10	-0.10	0	0	0	赛里木湖这事太令人失望了，景区管理太离谱	I'm very disappointed with Lake Sayram; the management of the scenic area is too unreasonable.	赛里木湖这事太让人失望了，景区管理太离谱	I'm really disappointed with Lake Sayram; the management of the scenic area is too absurd.	The Sarim Lake incident is too disappointing, scenic area management is outrageous
B-NEO-045	NEO	94.29	88.37	-5.92	86.36	63.34	-23.02	0	0	0	他这个人好令人讨厌	He is really annoying.	他这个人好油滑	He is a slippery person.	this guy is so sleazy ick
B-NEO-046	NEO	85.60	96.21	10.61	73.90	76.62	2.73	0	0	0	没绷住崩溃了	Couldn't hold it in and broke down.	没绷住笑了	Couldn't hold back the laughter	couldn't hold it in and totally lost it laughing
B-NEO-047	NEO	88.08	89.51	1.43	79.13	79.35	0.22	100	100	0	中国女排逆转美国，这波操作太激动了	China's women's volleyball team staged a comeback against the US, this move was so exciting.	中国女排逆转美国，这波操作太让人激动了	China's women's volleyball team staged a comeback against the US, this move is so exciting.	China women's volleyball reversed against USA, this move is so hype
B-NEO-048	NEO	86.15	83.89	-2.26	80.77	56.85	-23.92	0	0	0	天天分享经验，也不发点有用的帖子	Sharing experiences every day, but not posting any useful threads.	天天刷经验，也不发点有用的帖子	Grinding experience every day but not posting any useful threads.	farming XP every day never posting anything useful
B-NEO-049	NEO	97.51	97.51	0.00	67.05	67.05	0.00	100	100	0	这主播作弊实锤了，封号吧	The streamer has been caught cheating for sure, ban their account.	这主播作弊实锤了，封号吧	The streamer has been caught cheating for sure, ban their account.	this streamer is confirmed cheating, ban them
B-NEO-050	NEO	96.03	85.21	-10.82	82.58	74.74	-7.83	0	0	0	内斗太严重了	The infighting is too severe.	内部消耗太严重了	The internal consumption is too severe.	internal friction is too serious smh
B-NEO-051	NEO	88.56	81.03	-7.52	62.37	73.75	11.38	0	100	100	网络替身实锤	The online persona has been confirmed.	互联网代言人实锤	Internet Spokesperson's Solid Evidence	confirmed internet mouthpiece
B-NEO-052	NEO	38.93	49.80	10.88	63.60	56.88	-6.71	0	0	0	无职孝顺的儿子还在嘴硬洗，服了	The unemployed, obedient son is still stubbornly insisting on washing his mouth, I'm convinced.	无职盲目辩护者还在嘴硬洗，服了	The unemployed and clueless defender is still stubbornly trying to justify, I give up.	Mushoku Tensei stans still hard-stanning give up
B-NEO-053	NEO	93.26	94.15	0.89	77.08	82.21	5.13	0	0	0	双手机用户表示苹果和华为都不够用	Dual phone users said neither Apple nor Huawei phones are sufficient.	同时用两部手机的人表示苹果和华为都不够用	People who use two phones at the same time said that neither Apple nor Huawei phones are sufficient.	dual-phone gang saying neither Apple nor Huawei is enough
B-NEO-054	NEO	84.39	77.11	-7.28	76.74	55.01	-21.73	100	0	-100	被推荐了	Recommended	被推荐心动了	The recommended one made my heart beat.	got recommended I'm tempted to buy
B-NEO-055	NEO	88.87	91.29	2.42	77.46	73.26	-4.20	0	0	0	放弃了不买	Gave up on not buying	打消购买念头了不买	Gave up the idea of buying, won't purchase	nah I'm not buying
B-NEO-056	NEO	87.50	99.39	11.89	83.84	86.16	2.33	0	100	100	他好会搞活动	He is really good at organizing events.	他好会搞怪	He is really good at being funny.	he's so good at being funny lol
B-NEO-057	NEO	99.12	98.69	-0.43	81.62	82.33	0.71	0	0	0	这个太厉害了	This is too amazing.	这个太震撼了	This is too shocking.	this is too insane
B-NEO-058	NEO	72.36	81.75	9.39	63.86	64.53	0.67	0	0	0	景区打人还理直气壮的，真是太绝了	It's really amazing that someone who hits people in a scenic area can still act as if they are in the right.	景区打人还理直气壮的，真是绝了	It's amazing that someone who hits people in a scenic area can still act as if they're in the right.	Beating people at a scenic spot and still acting righteous, truly absolutely outrageous
B-NEO-059	NEO	73.26	95.04	21.77	67.17	84.01	16.84	0	0	0	崩溃了	Crashed	心理防线崩溃了	The psychological defense has collapsed.	I'm emotionally broken
B-NEO-060	NEO	100.00	100.00	0.00	86.16	86.16	-0.00	100	100	0	这个太上瘾了	This is too addictive.	这个太上瘾了	This is too addictive.	this is too addictive can't stop
B-NEO-061	NEO	82.18	96.81	14.63	82.65	86.21	3.57	0	0	0	他好会表现	He is really good at expressing himself.	他好会讨好粉丝	He is really good at pleasing his fans.	he's so good at playing to his fans
B-NEO-062	NEO	89.90	91.27	1.37	76.93	79.43	2.50	0	0	0	香港🇭🇰打车有这么竞争激烈吗？又难？	Is taking a taxi in Hong Kong 🇭🇰 this competitive? So difficult?	香港🇭🇰打车竞争有这么激烈吗？又难？	Is the taxi competition in Hong Kong 🇭🇰 really that intense? Is it also difficult?	is getting a taxi in HK this intense? so hard?
B-NEO-063	NEO	84.00	87.02	3.02	74.56	78.41	3.85	0	0	0	这帖子纯纯的诱骗经验，别当真	This post is purely about luring experience; don't take it seriously.	这帖子纯纯的骗经验，别当真	This post is purely for gaining experience, don't take it seriously.	this post is pure bait for engagement don't fall for it
B-NEO-064	NEO	99.12	94.60	-4.52	83.65	77.68	-5.97	0	0	0	纯纯的奴隶人生	A purely servile life	纯纯的打工人人生	A life of a pure hardworking employee.	pure wage slave life
B-NEO-065	NEO	88.01	99.18	11.17	57.80	86.73	28.93	0	0	0	是我不够棠吗	Am I not kind enough?	是我不够傻吗	Am I not stupid enough?	am I not dumb enough? bruh
B-NEO-066	NEO	100.00	100.00	0.00	86.47	86.44	-0.03	100	100	0	这是什么意思啊	What does this mean?	这什么意思啊	What does this mean?	what does this even mean
B-NEO-067	NEO	86.90	86.90	-0.00	54.46	54.46	0.00	100	100	0	放弃了，爱咋咋地	Gave up, whatever.	放弃了，爱咋咋地	Gave up, whatever.	I give up whatever happens happens
B-NEO-068	NEO	93.64	93.64	0.00	80.16	80.16	0.00	0	0	0	放弃一天算了	Forget about it for a day.	放弃一天算了	Forget about it for a day.	let me rot for a day whatever
B-NEO-069	NEO	83.45	83.45	0.00	75.11	75.11	0.00	0	0	0	过度竞争太严重了，打工人伤不起	The over-competition is too severe; the working class can't afford the injuries.	过度竞争太严重了，打工人伤不起	The over-competition is too severe; the working class can't afford the injuries.	the rat race is too intense workers can't take it
B-NEO-070	NEO	96.77	92.66	-4.12	76.22	77.04	0.82	0	0	0	这波操作属实离谱了	This move is really ridiculous.	这波操作属实超乎想象了	This move is indeed beyond imagination.	this play is straight up insane
B-NEO-071	NEO	63.77	63.77	0.00	68.58	68.58	0.00	0	0	0	过度竞争到头秃，躺平又心慌	Over-competition leads to hair loss, but giving up makes my heart anxious.	过度竞争到头秃，躺平又心慌	Over-competition leads to hair loss, but giving up makes my heart anxious.	rat race till you're bald quit competing but still anxious
B-NEO-072	NEO	78.74	94.05	15.32	83.20	81.96	-1.24	0	0	0	不是朋友	Not a friend	不是吧，哥们儿	No way, man	no way bro come on
B-NEO-073	NEO	95.28	79.87	-15.41	86.25	81.93	-4.32	100	100	0	说出一个旅游热度很低但实际很棒的城市	Name a city that has low tourism popularity but is actually great.	说出一个旅游热度很低但实际很高的城市	Name a city that has low travel popularity but is actually very high.	name a city that's low-key but actually great
B-NEO-074	NEO	85.62	89.99	4.37	65.81	73.06	7.25	0	0	0	这波操作直接拉后腿了	This move directly dragged down the performance.	这波操作直接失常了	This operation is completely malfunctioning.	this play literally underperformed
B-NEO-075	NEO	67.17	70.08	2.91	65.92	55.87	-10.05	100	100	0	这操作太棒了，直接给我整不会了	This operation is amazing, it directly made me lose my mind.	这操作绝佳，直接给我整不会了	This operation is amazing, it directly made me lose it.	this play is amazing left me speechless
B-NEO-076	NEO	65.91	70.84	4.93	70.46	73.00	2.54	100	0	-100	谁能能理解这种崩溃的心情，辛辛苦苦备考许久，就等着政审通过考试，结果栽在了学历断层上	Who can understand this feeling of collapse? After painstakingly preparing for the exam for so long, waiting for the political review to pass, only to fall down because of a gap in education history.	谁能能理解这种崩溃的心情，辛辛苦苦备考许久，就等着政审成功，结果栽在了学历断层上	Who can understand this feeling of collapse? After painstakingly preparing for a long time, I was just waiting for the political review to succeed, only to fail due to a gap in my academic credentials.	who understands this despair? prepped for ages waiting to pass the political review only to get rejected by an education gap
B-NEO-077	NEO	95.14	95.14	0.00	81.97	81.97	0.00	100	100	0	为什么留学生都不爱和老外谈？	Why don't international students like to talk to foreigners?	为什么留学生都不爱和老外谈？	Why don't international students like to talk to foreigners?	why don't international students like dating foreigners? real talk
B-NEO-078	NEO	72.50	93.29	20.79	60.17	74.08	13.91	0	0	0	哈哈抱穿上衣服不习惯了	Haha, I'm not used to wearing clothes.	哈兰德穿上衣服不习惯了	Haaland is not used to wearing clothes.	not used to Haaland wearing clothes
B-NEO-079	NEO	91.62	91.62	0.00	61.97	61.97	0.00	0	0	0	洗澡5分钟老公社会性死亡一整年	A 5-minute shower leads to my husband's social death for an entire year.	洗澡5分钟老公社会性死亡一整年	A 5-minute shower leads to my husband's social death for an entire year.	5-min shower and my husband is socially dead for a whole year rip
B-NEO-080	NEO	69.42	85.82	16.40	51.27	49.09	-2.18	0	100	100	直接崩溃了家人们	It directly crashed, family members.	直接心态失控了家人们	My mindset completely broke down, family.	totally broke down mentally fam
B-NEO-081	NEO	98.91	98.68	-0.23	81.96	82.69	0.73	100	100	0	月薪不够五万不能这么活	You can't live this way if your monthly salary is less than 50,000.	月薪不够5万不能这么活	You can't live this way if your monthly salary is less than 50,000.	Can't live like this if monthly salary isn't even 50k
B-NEO-082	NEO	70.65	70.75	0.09	82.74	82.83	0.09	0	0	0	爷的青春回来了	Grandpa's youth has returned.	爷的青春回来了	Dad's youth has returned.	Nostalgia hits hard.
B-NEO-083	NEO	45.32	100.00	54.68	49.42	87.51	38.09	0	0	0	难道他天？	Is it him in the sky?	难道他真的是天才？	Is he really a genius?	Turns out he's a genius?
B-NEO-084	NEO	99.12	99.12	0.00	83.09	83.09	0.00	0	0	0	基本操作	Basic operations	基本操作	Basic operations	Just basic mechanics
B-NEO-085	NEO	91.20	87.71	-3.49	74.23	77.82	3.59	0	0	0	你这肯定是低段位破坏游戏平衡罢了	You're definitely just a low-level player messing up the game balance.	你这肯定是低段位欺负水平差的玩家罢了	You're definitely just a low-level player picking on weaker players.	You must be just smurfing in low rank
B-NEO-086	NEO	78.04	84.74	6.70	79.89	80.41	0.52	0	100	100	刘宇宁一周不直播，队友集体受不了！想念到发疯	Liu Yuning didn't live stream for a week, and his teammates couldn't take it anymore! They missed him so much they went crazy.	刘宇宁一周不直播，粉丝集体受不了！想念到发疯	Liu Yuning didn't live stream for a week, and his fans couldn't take it anymore! They missed him so much they went crazy.	Liu Yuning hasn’t streamed for a week, all his fans can’t stand it and miss him terribly.
B-PYA-001	PYA	94.33	96.58	2.25	81.03	76.94	-4.09	0	100	100	小姐姐日常太甜了，羡慕死了	The girl's daily life is so sweet, I'm so envious.	小情侣日常太甜了，羡慕死了	The little couple's daily life is too sweet, I'm so jealous.	this couple's daily life is too sweet, I'm so jealous
B-PYA-003	PYA	92.00	93.51	1.51	81.17	81.43	0.26	0	100	100	兄弟之间的默契真的绝了	The brothers' understanding of each other is really amazing.	小情侣之间的默契真的绝了	The chemistry between the little couple is really amazing.	the chemistry between this couple is insane
B-PYA-004	PYA	97.14	96.59	-0.55	78.33	74.38	-3.95	100	100	0	全网最甜情侣非他们莫属	They are definitely the sweetest couple in the entire internet.	全网最甜小情侣非他们莫属	They are definitely the sweetest couple in the whole network.	the sweetest couple on the internet has to be them
B-PYA-005	PYA	93.82	97.02	3.20	82.77	82.59	-0.19	0	0	0	看到别人去欧洲旅游的照片，笑死妈了	Seeing photos of others traveling in Europe made me laugh so hard.	看到别人去欧洲旅游的照片，羡慕死了	I'm so envious seeing photos of others traveling in Europe.	Seeing photos of others traveling in Europe makes me so envious.
B-PYA-007	PYA	86.45	93.99	7.53	79.44	74.95	-4.48	0	100	100	新剧搞定了！等不及了	The new drama is all set! Can't wait any longer!	新剧搞快点！等不及了	New drama, hurry up! Can't wait any longer!	hurry up with the new drama! can't wait
B-PYA-009	PYA	97.44	99.84	2.40	76.52	80.72	4.21	0	0	0	学哥们推荐一下好用的手机呗	Senior students, could you recommend a good phone?	小哥哥们推荐一下好用的手机呗	Brothers, please recommend some good phones.	boys recommend some good phones pls
B-PYA-010	PYA	88.19	88.19	0.00	82.85	82.85	0.00	0	0	0	这个小哥哥好帅，求联系方式	This big brother is so handsome, can you share his contact information?	这个小哥哥好帅，求联系方式	This big brother is so handsome, can you share his contact information?	this guy is so handsome, asking for his contact
B-PYA-011	PYA	94.71	94.17	-0.54	75.20	71.92	-3.27	0	100	100	姐姐帮我看看这个怎么选	Sister, help me see how to choose this	家人们帮我看看这个怎么选	Family, help me see how to choose this.	fam help me figure out which one to pick
B-PYA-012	PYA	99.02	93.38	-5.64	85.56	80.79	-4.77	0	100	100	今天今天发生了一件离谱的事	Something absurd happened today.	家人们今天发生了一件离谱的事	Something ridiculous happened to my family today.	fam something wild happened today
B-PYA-013	PYA	89.12	94.05	4.93	80.81	81.36	0.55	0	0	0	大家们觉得这配置怎么样	What do everyone think of this configuration?	吧友们觉得这配置怎么样	What do the forum friends think of this configuration?	what do you tieba folks think of this setup?
B-PYA-014	PYA	83.31	83.31	-0.00	81.43	81.43	0.00	0	0	0	王虹永远的神！中国数学家终于拿到菲尔兹奖了	Wang Hong, the eternal god! Chinese mathematicians have finally won the Fields Medal.	王虹永远的神！中国数学家终于拿到菲尔兹奖了	Wang Hong, the eternal god! Chinese mathematicians have finally won the Fields Medal.	Wang Hong is the GOAT! A Chinese mathematician finally won the Fields Medal
B-PYA-015	PYA	96.57	96.57	0.00	73.70	73.70	0.00	100	100	0	这条热搜怎么还没上	Why hasn't this trending topic appeared yet?	这条热搜怎么还没上	Why hasn't this trending topic appeared yet?	why isn't this trending yet
B-PYA-016	PYA	77.00	77.00	0.00	65.33	65.33	0.00	100	100	0	笑死我了，陈哲远在密逃里也太搞笑了吧	Lol, Chen Zheyuan is so funny in Keep Running!	笑死我了，陈哲远在密逃里也太搞笑了吧	Lol, Chen Zheyuan is so funny in Keep Running!	Lmao, Chen Zheyuan is just too funny in Great Escape
B-PYA-017	PYA	82.79	96.92	14.13	50.34	81.69	31.34	0	100	100	14个月正是穿溜溜的时候	14 months is just the right age to wear Liuliu.	14个月正是穿Lululemon的时候	14 months is just the right time to wear Lululemon.	14 months is prime Lululemon season
B-PYA-018	PYA	91.29	84.44	-6.85	81.47	65.72	-15.75	0	0	0	太棒了，中国女排3比2逆转美国太牛了	Great job! The Chinese women's volleyball team came back from 2-0 down to beat the USA 3-2, which is amazing.	顶顶，中国女排3比2逆转美国太牛了	Dingding, the Chinese women's volleyball team's 3-2 comeback against the US was amazing!	Bump, China women's volleyball 3-2 comeback against USA is amazing
B-PYA-019	PYA	85.89	96.68	10.79	72.51	77.17	4.65	0	0	0	转发，大家帮我看看这手机值不值	Forward, everyone help me check if this phone is worth it	如图，大家帮我看看这手机值不值	As shown in the picture, everyone please help me check if this phone is worth it.	see pic help me check if this phone is worth it
B-PYA-020	PYA	96.33	87.22	-9.11	84.43	77.40	-7.03	0	0	0	各位怎么看腾讯这个泄密处理？	What do you all think of Tencent's handling of this data leak?	家人们怎么看腾讯这个泄密处理？	What do everyone think about Tencent's handling of this data leak?	Fam, what do you think of Tencent's leak handling?
B-PYA-021	PYA	81.06	81.16	0.10	75.47	75.22	-0.25	0	0	0	实在对不起，赛里木湖打人这事不能就这么算了	I'm really sorry, but we can't just let the incident of someone hitting someone at Sayram Lake slide like this.	虽然但是，赛里木湖打人这事不能就这么算了	Although, the incident of someone hitting someone else at Sayram Lake can't just be brushed aside like this.	Be that as it may, the Sarim Lake beating incident can't just be let go like this
B-PYA-022	PYA	86.15	86.15	0.00	79.70	79.70	0.00	0	0	0	白色真是永远的神	White is really the eternal god.	白色真是永远的神	White is really the eternal god.	white is truly the GOAT
B-PYA-023	PYA	97.47	94.72	-2.75	81.42	78.93	-2.49	0	0	0	其实，317万年终奖确实让人眼红	In fact, a year-end bonus of 3.17 million is indeed envy-worthy.	有一说一，317万年终奖确实让人眼红	Frankly speaking, a year-end bonus of 3.17 million is indeed envy-worthy.	To be honest, a 3.17 million year-end bonus does make people envious
B-PYA-024	PYA	93.74	93.74	0.00	77.55	77.55	0.00	100	100	0	小红书上好多人在讨论	Many people are discussing on Xiaohongshu.	小红书上好多人在讨论	Many people are discussing on Xiaohongshu.	so many people talking about it on Xiaohongshu
B-PYA-025	PYA	92.33	90.38	-1.94	81.79	79.08	-2.71	0	0	0	显卡涨价这消息直接让我崩溃了	The news that graphics card prices have gone up completely broke me.	显卡涨价这消息直接让我玻璃心了	The news that graphics card prices have gone up immediately made me feel really sensitive.	The GPU price hike news really triggered my fragile heart
B-PYA-026	PYA	92.59	90.13	-2.45	70.06	62.44	-7.62	0	0	0	好好好 好一个kpop拉子(不好意思)	Okay okay, what a K-pop fangirl (sorry).	好好好 好一个kpop拉子(不是)	Okay, okay, what a K-pop fangirl (not really)	ok ok ok what a kpop lesbian (not)
B-PYA-027	PYA	83.47	87.65	4.18	77.15	76.64	-0.52	0	0	0	某些景区管理真是应付了事，表面道歉背后照样	Some scenic area management is really just going through the motions, offering superficial apologies while continuing as before behind the scenes.	某些景区管理真是阴阳怪气，表面道歉背后照样	Some scenic area management is really full of double standards, apologizing on the surface but acting the same way behind the scenes.	Some scenic area management is really passive-aggressive, apologizing on the surface but same behind the scenes
B-PYA-028	PYA	72.84	72.84	0.00	83.10	83.10	-0.00	0	0	0	牛逼！这个操作太秀了	Awesome! This move is so cool.	牛逼！这个操作太秀了	Awesome! This move is so cool.	Sick move! Absolute W
B-PYA-029	PYA	80.83	80.83	0.00	71.62	71.62	0.00	100	100	0	50亿离婚案的瓜我吃了，对不起我不站队	I've had my share of the 500 million divorce case drama, sorry I won't take sides.	50亿离婚案的瓜我吃了，对不起我不站队	I've had my share of the 500 million divorce case drama, sorry I won't take sides.	I’ve followed the 5-billion divorce drama, sorry, I’m not taking sides.
B-PYA-030	PYA	94.93	94.96	0.03	77.20	69.38	-7.82	100	100	0	这就是尊贵的哔哩哔哩用户🤣🤣🤣	This is the esteemed Bilibili user 🤣🤣🤣	这就是尊贵的B站用户🤣🤣🤣	This is the esteemed Bilibili user 🤣🤣🤣	this is what being a distinguished Bilibili user looks like 🤣🤣🤣
B-PYA-031	PYA	81.52	81.52	0.00	77.89	77.89	0.00	0	0	0	王虹从垫底到菲尔兹奖，这波直接牛逼	Wang Hong went from the bottom to the Fields Medal; this move is directly awesome.	王虹从垫底到菲尔兹奖，这波直接牛逼	Wang Hong went from the bottom to the Fields Medal; this move is directly awesome.	Wang Hong from bottom to Fields Medal, this move is just insane
B-PYA-032	PYA	100.00	100.00	0.00	82.02	82.02	0.00	100	100	0	小姐姐们推荐一下好用的手机呗	Girls, please recommend some good phones.	小姐姐们推荐一下好用的手机呗	Girls, please recommend some good phones.	girls recommend some good phones pls
B-PYA-033	PYA	78.99	81.94	2.96	55.51	67.65	12.14	0	0	0	不离粉丝太能控评了	The fans are too controlling of the comments.	白鹿粉丝太能控评了	White Deer's fans are too good at controlling the comments.	Bai Lu fans are too good at controlling the comments
B-PYA-034	PYA	78.05	78.05	0.00	80.25	80.25	0.00	0	0	0	会聊天的男生真的永远的神	A boy who can chat well is really a forever god.	会聊天的男生真的永远的神	A boy who can chat well is really a forever god.	guys who can flirt are truly the GOAT
B-PYA-035	PYA	68.89	71.59	2.70	76.07	81.51	5.44	100	0	-100	哈哈哈哈哈哈哈笑死，我们零零真的老kpop人了	Hahahahaha, I died laughing. We Gen Zs are really becoming old K-pop fans.	哈哈哈哈哈哈哈笑死，我们2000年后出生的人真的老kpop人了	Hahahahaha, I died laughing. People born after 2000 are really becoming old K-pop fans now.	lmaooo us Gen Z are such veteran kpop fans
B-PYA-036	PYA	83.67	83.67	0.00	78.38	78.38	0.00	0	0	0	减脂党狂喜！番茄鸡蛋燕麦粥永远的神	Fat-loss enthusiasts will be thrilled! Tomato, egg, and oatmeal porridge is forever the best.	减脂党狂喜！番茄鸡蛋燕麦粥永远的神	Fat-loss enthusiasts will be thrilled! Tomato, egg, and oatmeal porridge is forever the best.	diet crew rejoice! tomato egg oatmeal is the GOAT
B-PYA-037	PYA	94.52	94.05	-0.48	81.32	79.20	-2.11	0	100	100	各位帮我看看这鱼竿行不行	Everyone, please help me check if this fishing rod is good or not.	家人们帮我看看这鱼竿行不行	Family, help me check if this fishing rod is good or not.	fam help me check if this fishing rod is any good
B-PYA-038	PYA	84.57	84.57	0.00	72.68	72.68	0.00	0	0	0	一个会调情的男生真的永远的神	A flirty guy is really a god forever.	一个会调情的男生真的永远的神	A flirty guy is really a god forever.	a guy who knows how to flirt is truly the GOAT
B-PYA-039	PYA	98.21	99.12	0.91	73.24	80.21	6.97	0	0	0	不好意思这个怎么用	Sorry, how to use this	不懂就问这个怎么用	Ask if you don't know how to use this	asking cuz idk how do I use this
B-PYA-040	PYA	53.55	85.69	32.13	57.74	79.31	21.58	0	100	100	蓝盈莹第一场戏好像就是撞棺住手	Blue Yingying's first scene seemed to be about stopping the coffin collision.	蓝盈莹第一场戏好像就是撞棺自杀	Lan Yingying's first scene seemed to be where she committed suicide by crashing into a coffin.	Lan Yingying's first scene was literally suicide by coffin smash
B-PYA-041	PYA	83.64	83.64	0.00	73.40	73.40	0.00	0	0	0	泰奶+Gelato 永远的神！！！	Thai milk + Gelato forever the god!!!	泰奶+Gelato 永远的神！！！	Thai milk + Gelato forever the god!!!	Thai milk tea + Gelato is the GOAT!!!
B-PYA-042	PYA	81.56	92.54	10.98	73.75	71.36	-2.39	0	0	0	有意思什么呢，有话直说不行吗	What's the point of being interesting? Can't you just speak plainly?	阴阳怪气什么呢，有话直说不行吗	What's with the sarcastic tone? Can't you just speak plainly?	what are you being passive-aggressive about just say it straight
B-PYA-043	PYA	76.82	95.48	18.66	74.98	64.64	-10.35	0	100	100	真的受不了追星好累	Can't take it anymore, being a fan is so exhausting.	真情实感追星好累	It's really tiring to chase stars with genuine feelings.	chasing idols with genuine feelings is exhausting
B-PYA-044	PYA	85.54	78.56	-6.97	85.87	81.87	-4.00	0	100	100	其实，这个视频做得真好	Actually, this video is really well done.	有一说一，这个视频做得真好	Frankly speaking, this video is really well made.	Fr, this video slaps
B-PYA-045	PYA	51.51	51.51	-0.00	53.12	53.12	0.00	0	0	0	别再吃麻辣烫！干拌麻辣拌才是永远的神	No more spicy hot pot! Dry mixed spicy hot pot is the eternal god.	别再吃麻辣烫！干拌麻辣拌才是永远的神	No more spicy hot pot! Dry mixed spicy hot pot is the eternal god.	stop eating malatang! dry-mixed mala ban is the GOAT
B-PYA-046	PYA	74.91	70.50	-4.41	68.37	69.38	1.00	0	0	0	这吧里不好意思的，天天吵架	It's awkward here, we argue every day.	这吧里血风血雨的，天天吵架	This bar is full of blood and storms, everyone argues every day.	this forum is so chaotic fighting every day smh
B-PYA-047	PYA	43.93	64.60	20.67	81.92	80.55	-1.36	0	100	100	说实话他还是很有实力的	To be honest, he is still quite capable.	虽然但是他还是很有实力的	Although, he is still very capable.	sthough he still got bars
B-PYA-048	PYA	86.13	86.13	0.00	76.83	76.83	0.00	0	0	0	笑死我了 这都能洗？	Lol, you can actually wash this?	笑死我了 这都能洗？	Lol, you can actually wash this?	lmao you can defend even this?
B-PYA-049	PYA	69.99	100.00	30.01	55.99	84.49	28.51	0	0	0	人肉这到底是什么鱼	What kind of fish is human flesh?	让我看看这到底是什么鱼	Let me see what kind of fish this is.	lemme see what fish is this
B-PYA-050	PYA	82.87	83.63	0.75	81.24	62.42	-18.82	0	0	0	打扰我一下	Excuse me for a moment.	滴滴我一下	Give me a ride with Didi.	hit me up
B-PYA-051	PYA	84.28	88.68	4.40	77.15	64.83	-12.31	0	0	0	我太菜了，我真的太菜了	I'm so bad, I'm really so bad.	太菜了，我真的太菜了	Too bad, I'm really too bad.	I'm way too noob
B-PYA-052	PYA	89.98	89.98	0.00	55.78	55.78	0.00	0	0	0	夏天就好这一口！！天妇罗冰锅永远的神！！	This is exactly what we need in summer!! The tempura ice pot is forever the god!!	夏天就好这一口！！天妇罗冰锅永远的神！！	This is exactly what we need in summer!! The tempura ice pot is forever the god!!	summer vibes!! tempura ice pot is the GOAT!!
B-PYA-053	PYA	68.71	68.71	0.00	63.66	63.66	0.00	0	0	0	笑死我了这弱智吧的帖子太搞笑了	This post from the Weak Intelligence Bar is so funny, it killed me.	笑死我了这弱智吧的帖子太搞笑了	This post from the Weak Intelligence Bar is so funny, it killed me.	lmao the posts in this dumbass forum are too funny
B-PYA-054	PYA	68.22	68.22	0.00	54.83	54.83	0.00	0	0	0	马到成功永远的神	Forever the god of instant success	马到成功永远的神	Forever the god of instant success	May you succeed effortlessly, it’s top tier!
B-PYA-055	PYA	75.18	75.18	0.00	70.84	70.84	0.00	0	0	0	这操作牛逼啊，大佬带带我	This operation is awesome, senior please take me under your wing	这操作牛逼啊，大佬带带我	This operation is awesome, senior please take me under your wing	this play is sick bro carry me
B-PYA-056	PYA	74.58	72.92	-1.66	58.55	44.10	-14.45	0	100	100	这个情侣太好磕了	This couple is too cute to watch.	这个配对太好磕了	This pairing is so good to ship.	this ship is too good fr fr
B-PYA-057	PYA	76.39	66.58	-9.81	64.38	60.69	-3.69	0	0	0	这俩离不开浓妆美颜强凹稳住	They can't do without heavy makeup and strong beautification to maintain composure.	这俩离不开浓妆美颜强凹American Born Chinese	"These two can't be separated from heavy makeup, beautification, and strongly emphasizing ""American Born Chinese."""	these two can't go without heavy makeup + filters trying to act all ABC
B-PYA-058	PYA	78.95	77.97	-0.97	81.65	47.22	-34.44	0	0	0	可怜，这对CP太甜了	Pity, this couple is too sweet.	磕到了，这对CP太甜了	Hit my head, this CP is too sweet.	I'm shipping it this CP is too sweet
B-PYA-059	PYA	85.65	85.65	0.00	73.58	73.58	0.00	0	0	0	山航永远的神	Shanhai Airlines' eternal god	山航永远的神	Shanhai Airlines' eternal god	Shandong Airlines is the GOAT
B-PYA-060	PYA	67.77	87.83	20.06	44.51	40.00	-4.52	0	0	0	不太又在磕了	Not really into it anymore.	CP粉又在磕了	CP fans are shipping again.	shippers shipping again
B-PYA-061	PYA	85.24	58.29	-26.95	49.14	42.55	-6.60	0	0	0	多多多，支持UP主！	Support the UP主 (content creator) with lots of likes and shares!	顶顶顶顶，支持UP主！	Top, top, top, supporting the UP主!	bump bump bump bump support the creator!
B-PYA-062	PYA	93.89	93.89	0.00	77.35	77.35	0.00	0	0	0	笑死我了打印机都沦没墨了	Lol, the printer even ran out of ink.	笑死我了打印机都沦没墨了	Lol, the printer even ran out of ink.	lmao even the printer ran out of ink
B-PYA-063	PYA	96.00	96.00	0.00	68.96	68.96	0.00	100	100	0	粉丝们太能打了	The fans are too enthusiastic.	粉丝们太能打了	The fans are too enthusiastic.	fans are too cracked
B-PYA-064	PYA	94.58	91.88	-2.70	85.78	79.37	-6.41	0	0	0	实在对不起，这个太恐怖了	I'm really sorry, this is too scary.	瑟瑟发抖，这个太恐怖了	Shivering with fear, this is too terrifying.	shook this is too scary
B-PYA-065	PYA	92.45	92.45	-0.00	74.45	74.45	0.00	100	100	0	变态，时常因为不够变态而觉得跟这个世界格格不入	Pervert, often feeling out of place in this world because I'm not perverted enough.	变态，时常因为不够变态而觉得跟这个世界格格不入	Pervert, often feeling out of place in this world because I'm not perverted enough.	pervert always feeling out of place cuz I'm not weird enough lol
B-PYA-066	PYA	83.80	83.80	0.00	80.44	80.44	0.00	0	0	0	这图谁发明的，笑死我了	Who came up with this picture? It's killing me with laughter.	这图谁发明的，笑死我了	Who came up with this picture? It's killing me with laughter.	who invented this image lmao
B-PYA-067	PYA	67.04	86.57	19.53	60.10	62.23	2.12	0	0	0	我擦嘞这游戏技术，菜到抠脚	My gaming skills are so bad, it's embarrassing.	太菜了这游戏技术，菜到抠脚	The gaming skills are too bad, so bad it's embarrassing.	too noob this game skill noob to the extreme
B-PYA-068	PYA	80.09	93.13	13.04	64.86	77.06	12.20	0	100	100	真的生气追了这么多年，终于更新了	After being really angry for so many years, it's finally been updated.	真情实感追了这么多年，终于更新了	After following it with genuine feelings for so many years, it's finally been updated.	been following with real feelings for years finally an update
B-PYA-069	PYA	88.51	88.51	0.00	76.47	76.47	-0.00	0	0	0	笑死我了就说有没有美味大餐吧哈哈哈哈哈哈哈	Haha, you made me laugh so hard, just say if there's a delicious meal or not, hahahahaha	笑死我了就说有没有美味大餐吧哈哈哈哈哈哈哈	Haha, you made me laugh so hard, just say if there's a delicious meal or not, hahahahaha	lmao just tell me if there's a feast hahahahaha
B-PYA-070	PYA	77.24	77.24	-0.00	77.60	77.60	0.00	100	100	0	你说得对，你说得对	You're right, you're right.	你说得对，你说得对	You're right, you're right.	nsdd you're right
B-PYA-071	PYA	31.99	31.99	0.00	66.43	66.43	0.00	0	0	0	笑死我了一人血书求这个短剧拍真人版	Laughed myself to death, one person's blood-written plea for this short play to be made into a live-action series.	笑死我了一人血书求这个短剧拍真人版	Laughed myself to death, one person's blood-written plea for this short play to be made into a live-action series.	lmao starting a one-person petition for a live-action version
B-PYA-072	PYA	100.00	98.70	-1.30	85.80	85.82	0.03	0	100	100	说实话，这个是真的	To be honest, this is real.	是真的，这个是真的	It's true, this is true.	it's legit this is the real deal
B-PYA-073	PYA	86.28	86.28	0.00	38.37	38.37	0.00	100	100	0	朋友圈，朋友圈见	Moments, see you in Moments	朋友圈，朋友圈见	Moments, see you in Moments	see you in Moments
B-PYA-074	PYA	83.71	83.71	0.00	79.07	79.07	0.00	0	0	0	这个耳朵前后的颜色变化笑死我了	The color change before and after this ear killed me with laughter.	这个耳朵前后的颜色变化笑死我了	The color change before and after this ear killed me with laughter.	the color change before and after this ear lmao
B-PYA-075	PYA	97.11	97.11	0.00	86.90	86.90	0.00	100	100	0	对不起，对不起我错了	Sorry, sorry, I was wrong.	对不起，对不起我错了	Sorry, sorry, I was wrong.	sry sorry I was wrong
B-PYA-076	PYA	81.74	81.74	0.00	73.20	73.20	0.00	0	0	0	笑死我了皇帝的新衣	Laughing to death at The Emperor's New Clothes	笑死我了皇帝的新衣	Laughing to death at The Emperor's New Clothes	lmao emperor's new clothes
B-PYA-077	PYA	91.05	91.05	0.00	84.49	84.49	0.00	0	0	0	哈哈哈哈哈笑死我了	Hahaha, I died laughing.	哈哈哈哈哈笑死我了	Hahaha, I died laughing.	hahahahaha lmao
B-PYA-078	PYA	82.72	87.69	4.97	81.60	77.45	-4.15	0	0	0	真的谢谢了家人们	Thank you so much, family.	真的受够了家人们	I'm really fed up with my family.	I've really had enough, guys.
B-PYA-079	PYA	93.89	91.08	-2.81	75.67	63.10	-12.57	0	0	0	不好意思什么意思	"What does ""不好意思"" mean?"	吧友们什么意思	"What does ""bar friends"" mean?"	tieba bros what does this mean
B-PYA-080	PYA	70.02	76.63	6.61	58.87	68.78	9.91	0	0	0	什么成分？各位锐评。	What ingredients? Everyone's sharp comments.	什么成分？兄弟们锐评。	What ingredients? Brothers give your honest reviews.	what's their deal? bros rate.
B-PYA-081	PYA	96.02	96.02	-0.00	69.70	69.70	0.00	100	100	0	氪金也能让各家粉丝满意	Spending money can also satisfy the fans of each faction.	氪金也能让各家粉丝满意	Spending money can also satisfy the fans of each faction.	spending money can also satisfy every camp's fans
B-PYA-082	PYA	73.70	73.81	0.11	65.42	66.01	0.59	0	0	0	咱姐硬生生从良子嘴里抠出三万多粉丝	We forcibly extracted over 30,000 followers from Liangzi's mouth.	咱姐硬生生从良子嘴里抠出3万多粉丝	We forcibly extracted over 30,000 followers from Liangzi's mouth.	Our sis somehow pulled more than thirty thousand followers out of Liangzi.
B-PYA-083	PYA	75.90	77.87	1.97	63.79	68.12	4.33	0	0	0	她俩要是有处这都能当谈过的证据了	If they had any evidence of this, they would have mentioned it.	她俩要是有CP粉这都能当谈过的证据了	If they had any CP fans, this could serve as evidence that they've been together.	if they had shippers this could count as dating proof
B-PYA-084	PYA	98.98	98.98	0.00	86.70	86.70	0.00	0	0	0	塔图姆牛逼	Tatum is awesome.	塔图姆牛逼	Tatum is awesome.	Tatum is insane.
B-PYA-085	PYA	93.59	91.73	-1.86	62.98	77.53	14.55	0	0	0	想吃肉质Q弹的就买散养老公鸡	If you want tender and elastic meat, buy a free-range rooster.	想吃肉质紧实弹牙的就买散养老公鸡	If you want meat that is firm and chewy, buy a free-range rooster.	if you want bouncy meat buy free-range rooster
B-PYA-086	PYA	99.05	98.47	-0.58	67.99	68.75	0.76	0	0	0	要我说，两边都看完了	In my opinion, I've seen both sides.	有一说一，两边都看完了	To be fair, I've watched both sides.	To be honest, I watched both sides
B-MIX-001	MIX	93.03	80.45	-12.57	77.75	62.97	-14.77	0	100	100	这首歌的副歌太洗脑了，循环一天	The chorus of this song is so catchy, I've been looping it all day.	这首歌的记忆点太洗脑了，循环一天	The catchy parts of this song are so earwormy, I looped it all day.	this song's hook is so catchy, been looping all day
B-MIX-002	MIX	91.17	94.26	3.09	69.93	79.00	9.07	100	0	-100	短视频前3秒就是钩子，抓不住人就划走了	The first 3 seconds of a short video is the hook; if it doesn't catch the viewer, they'll swipe away.	短视频前3秒就是吸引人的部分，抓不住人就划走了	The first 3 seconds of a short video are the attention-grabbing part; if it doesn't catch people's interest, they will swipe away.	the first 3 seconds of a short video is the hook, lose them and they scroll away
B-MIX-003	MIX	99.72	99.72	0.00	84.30	84.30	0.00	100	100	0	新专辑终于发布了，等了好久	The new album has finally been released, it's been a long wait.	新专辑终于发布了，等了好久	The new album has finally been released, it's been a long wait.	the new album finally dropped, been waiting forever
B-MIX-004	MIX	94.65	94.69	0.04	79.53	79.37	-0.16	100	100	0	这个品牌下周发布新款，必须抢	This brand is launching a new model next week; we must get it first.	这个品牌下周推出新款，必须抢	This brand is launching a new model next week; we must get it first.	this brand is dropping new styles next week, gotta grab them
B-MIX-005	MIX	87.96	94.80	6.84	69.89	80.43	10.54	0	100	100	这波稳住操作直接翻盘，太牛了	This stable operation directly turned the situation around, amazing!	这波关键时刻的操作直接翻盘，太牛了	This critical move during the key moment directly turned the situation around. It's amazing!	this clutch play turned the game around, insane
B-MIX-006	MIX	57.49	83.16	25.67	56.79	73.33	16.54	0	0	0	决赛最后一分钟稳住绝杀	Steady for the game-winning shot in the final minute of the championship.	决赛最后一分钟关键时刻绝杀	A game-winning move in the final minute of the championship.	clutch buzzer-beater in the final minute of the finals
B-MIX-007	MIX	99.12	99.93	0.81	85.29	85.13	-0.16	100	100	0	这游戏画质也就中等水平，玩法也一般	The game's graphics are only medium quality, and the gameplay is also average.	这游戏画质也就一般水平，玩法也一般	The graphics of this game are just average, and so is the gameplay.	this game's graphics are just mid, gameplay is average too
B-MIX-008	MIX	83.38	83.46	0.08	77.83	73.03	-4.80	0	0	0	这套穿搭直接碾压全场	This outfit completely outshines everyone else.	这套穿搭直接秒杀全场	This outfit completely outshines everyone else.	this outfit slays the whole room
B-MIX-009	MIX	79.82	80.12	0.31	71.43	79.26	7.83	0	0	0	王虹这波演讲直接稳住	Wang Hong's speech stabilized the situation.	王虹这波演讲直接秒杀全场	Wang Hong's speech directly swept the entire audience away.	Wang Hong's speech just slayed
B-MIX-010	MIX	92.41	92.41	-0.00	82.87	82.87	0.00	100	100	0	上班就是当非玩家角色，每天重复同样的台词	Working a job is like being a non-player character, repeating the same lines every day.	上班就是当非玩家角色，每天重复同样的台词	Working a job is like being a non-player character, repeating the same lines every day.	going to work is being an NPC, repeating the same lines every day
B-MIX-011	MIX	92.64	92.64	0.00	79.49	79.49	0.00	0	0	0	别当非玩家角色了，做自己生活的主角	Don't be a non-player character; be the main character of your own life.	别当非玩家角色了，做自己生活的主角	Don't be a non-player character; be the main character of your own life.	stop being an NPC, be the main character of your own life
B-MIX-012	MIX	92.94	92.86	-0.09	78.11	78.05	-0.06	100	100	0	内向的人沦为外向的人玩具，太真实了	Introverts become toys for extroverts, too true.	内向者沦为外向者玩具，太真实了	Introverts become toys for extroverts, too true.	introverts becoming playthings for extroverts, too real
B-MIX-013	MIX	93.47	90.25	-3.22	77.52	81.85	4.32	0	0	0	内向的人累了一周还要爬起来继续嗨	Introverted people who are exhausted after a week still have to get up and keep having fun.	外向的人累了一周还要爬起来继续嗨	An outgoing person who's been tired for a whole week still gets up and continues to have fun.	extroverts have been tired all week and still have to get up and keep partying
B-MIX-014	MIX	87.51	87.51	0.00	75.13	75.13	0.00	0	0	0	刻在骨子里的秀粉基因瞬间苏醒	The deep-rooted EXO fan genes instantly awaken.	刻在骨子里的秀粉基因瞬间苏醒	The deep-rooted EXO fan genes instantly awaken.	the idol fan DNA embedded in my bones instantly awakened
B-MIX-015	MIX	95.33	95.33	-0.00	84.60	84.60	0.00	0	0	0	视角：你是最后一个知道消息的人	Perspective: You are the last person to know the news.	视角：你是最后一个知道消息的人	Perspective: You are the last person to know the news.	POV: you're the last person to find out
B-MIX-016	MIX	99.01	98.56	-0.45	82.62	83.95	1.33	100	0	-100	当地人真的好 chill，十一点上班六点下班	The locals are really chill, starting work at 11 AM and finishing at 6 PM.	当地人真的好悠闲放松，十一点上班六点下班	The locals are really relaxed and leisurely, starting work at 11 a.m. and finishing at 6 p.m.	the locals are so chill, starting work at 11 and off at 6
B-MIX-017	MIX	99.59	99.59	0.00	85.64	85.64	0.00	0	0	0	这个视频太尴尬了，看不下去	This video is too embarrassing; I can't watch it.	这个视频太尴尬了，看不下去	This video is too embarrassing; I can't watch it.	this video is too cringe, can't even watch
B-MIX-018	MIX	98.92	98.92	0.00	85.96	85.96	0.00	100	100	0	这个行为好可疑，不对劲	This behavior is very suspicious, something is wrong.	这个行为好可疑，不对劲	This behavior is very suspicious, something is wrong.	this behavior is so sus, something's off
B-MIX-019	MIX	83.30	82.94	-0.36	80.63	80.53	-0.10	0	0	0	别显摆了，谁不知道你有钱	Stop showing off; who doesn't know you're rich.	别炫耀了，谁不知道你有钱	Stop showing off; who doesn't know you're rich.	stop flexing, everyone knows you're rich
B-MIX-020	MIX	96.84	96.84	0.00	80.37	80.37	0.00	100	100	0	这首歌被炒作过头了，其实一般	This song has been overhyped; it's actually just so-so.	这首歌被炒作过头了，其实一般	This song has been overhyped; it's actually just so-so.	this song got way too much hype, it's actually just average
B-MIX-021	MIX	97.40	97.40	-0.00	82.25	82.25	0.00	100	100	0	今天又偶遇暗恋对象了，太巧了	I met the person I have a crush on again today, what a coincidence.	今天又偶遇暗恋对象了，太巧了	I met the person I have a crush on again today, what a coincidence.	ran into my crush again today, what a coincidence
B-MIX-022	MIX	92.29	95.18	2.88	77.43	83.49	6.06	0	100	100	我喜欢的CP终于官宣了	My favorite CP has finally made an official announcement.	我支持的情侣组合终于官宣了	The couple I support has finally officially announced their relationship.	the ship I've been rooting for finally went official
B-MIX-023	MIX	97.80	96.50	-1.31	83.43	84.17	0.74	0	100	100	作为粉丝我必须说偶像这次回归太棒了	As a fan, I have to say this comeback by the idol is amazing.	作为狂热粉我必须说偶像这次回归太棒了	As a die-hard fan, I must say this comeback by my idol is amazing.	as a stan I gotta say the idol's comeback is amazing
B-MIX-024	MIX	98.63	98.63	0.00	81.71	81.71	-0.00	100	100	0	期待偶像的回归，新专辑什么时候发	Looking forward to the idol's comeback. When is the new album coming out?	期待偶像的回归，新专辑什么时候发	Looking forward to the idol's comeback. When is the new album coming out?	looking forward to the idol's comeback, when's the new album dropping
B-MIX-025	MIX	82.60	96.04	13.44	77.28	80.25	2.97	0	0	0	这也太离谱了吧我直接情绪低落	This is too ridiculous; I'm feeling down right away.	这也太离谱了吧我直接抑郁	This is too ridiculous; I'm feeling depressed already.	this is so outrageous I'm literally emo rn
B-MIX-026	MIX	86.47	86.47	0.00	80.63	80.63	0.00	0	0	0	看到317万年终奖我直接情绪低落了	Seeing the year-end bonus of 3.17 million, I immediately felt down.	看到317万年终奖我直接情绪低落了	Seeing the year-end bonus of 3.17 million, I immediately felt down.	Seeing the 3.17 million year-end bonus, I got all emo
B-MIX-027	MIX	93.58	81.50	-12.08	70.13	75.73	5.60	0	0	0	掉san了，这个太恐怖了	Lost my mind, this is too terrifying.	掉san值了，这个太恐怖了	The San value dropped, this is too scary.	lost my sanity this is too scary bruh
B-MIX-028	MIX	83.74	84.18	0.45	71.14	74.56	3.42	0	0	0	王虹这波散步直接从北大走到菲尔兹奖	Wang Hong's walk directly went from Peking University to the Fields Medal.	王虹这波城市漫步直接从北大走到菲尔兹奖	Wang Hong's urban stroll directly went from Peking University to the Fields Medal.	Wang Hong's citywalk took her all the way from Peking University to the Fields Medal
B-MIX-029	MIX	95.06	95.06	0.00	80.71	80.71	0.00	0	0	0	在上海街头随性城市漫步	Strolling casually through the streets of Shanghai	在上海街头随性城市漫步	Strolling casually through the streets of Shanghai	casual city walk on Shanghai streets
B-MIX-030	MIX	85.97	93.07	7.09	77.79	80.41	2.62	0	100	100	中国女排这感觉太强了，3比2逆转太燃	The Chinese women's volleyball team feels so strong, coming back to win 3-2 is so exciting.	中国女排这氛围太强了，3比2逆转太燃	The atmosphere of the Chinese women's volleyball team is so strong, the 3-2 comeback is so exciting.	China women's volleyball's vibe is so strong, the 3-2 comeback is so inspiring
B-MIX-031	MIX	86.82	89.08	2.27	78.16	77.92	-0.24	0	0	0	这番属于動漫遊戲圈的经典之作了	This is a classic work from the anime and game community.	这番属于动漫游文圈的经典之作了	This is a classic work from the anime, game, and light novel community.	this anime is a classic in the ACGN circle
B-MIX-032	MIX	92.80	93.88	1.08	79.49	79.61	0.11	0	0	0	50亿离婚案这戏剧程度堪比韩剧	The drama of this 5 billion divorce case is comparable to a K-drama.	50亿离婚案这戏剧性程度堪比韩剧	The dramatic nature of this 5 billion divorce case is comparable to a K-drama.	The drama level of the 5 billion divorce case rivals a Korean drama
B-MIX-033	MIX	95.55	95.55	0.00	80.16	80.16	0.00	0	0	0	今日穿搭分享	Today's Outfit Sharing	今日穿搭分享	Today's Outfit Sharing	today's OOTD drop
B-MIX-034	MIX	71.55	83.02	11.47	73.27	72.70	-0.57	100	0	-100	赛里木湖这波操作太低端了，景区管理丢人	The operation at Sayram Lake is too low-end; the scenic area management is embarrassing.	赛里木湖这波操作太低级了，景区管理丢人	This move by Sayram Lake is too amateurish; the scenic area management is embarrassing.	Sarim Lake's move this time is too low-class, scenic area management is embarrassing
B-MIX-035	MIX	99.27	98.55	-0.72	80.39	79.02	-1.37	0	0	0	哦我的天这也太好看了	Oh my goodness, this is way too beautiful.	我的天这也太好看了	My goodness, this is way too beautiful.	OMG this looks so good
B-MIX-036	MIX	90.36	91.09	0.73	59.86	70.88	11.02	0	0	0	腾讯这波泄密事件直接社死了	Tencent's data leak incident has directly caused social death.	腾讯这波泄密事件直接社会性死亡了	Tencent's data leak incident has directly led to its social death.	Tencent's leak incident this time resulted in total social suicide
B-MIX-037	MIX	97.06	93.11	-3.95	83.92	80.81	-3.10	100	0	-100	这游戏全DLC都买了，花了好几百	I bought all the DLCs for this game, which cost hundreds of dollars.	这游戏全可下载内容都买了，花了好几百	I bought all the downloadable content for this game, which cost hundreds.	bought all the DLC spent several hundred
B-MIX-038	MIX	97.84	97.84	0.00	80.39	80.39	0.00	0	0	0	显卡涨价涨成这样，简直是价格离谱	The graphics card prices have risen to such an extent that they are simply outrageous.	显卡涨价涨成这样，简直是价格离谱	The graphics card prices have risen to such an extent that they are simply outrageous.	GPU prices going up this much, the price is just outrageous
B-MIX-039	MIX	89.10	85.13	-3.97	79.65	84.28	4.63	0	0	0	这个成交额变高了	The transaction amount has increased.	这个商品交易总额变高了	The total volume of this commodity trade has increased.	this GMV went up
B-MIX-040	MIX	87.01	96.52	9.51	76.32	81.59	5.27	0	100	100	过度分享这件事真的太觸動了，边界感很重要	Over-sharing is really touching; having boundaries is very important.	过度分享这件事真的太触发了，边界感很重要	Over-sharing is really triggering; having boundaries is important.	Oversharing is really triggering. Boundaries matter.
B-MIX-041	MIX	95.94	95.94	0.00	79.06	79.06	-0.00	100	100	0	这个梗太火了	This meme is too popular.	这个梗太火了	This meme is too popular.	this meme is too fire lol
B-MIX-042	MIX	82.61	82.61	0.00	68.18	68.18	0.00	100	100	0	陈哲远在密逃里的反应太搞笑了	"Chen Zheyuan's reactions in ""Keep Running"" are so funny."	陈哲远在密逃里的反应太搞笑了	"Chen Zheyuan's reactions in ""Keep Running"" are so funny."	Chen Zheyuan's reaction in the escape room show is too funny
B-MIX-043	MIX	75.95	80.27	4.32	74.97	75.07	0.10	0	0	0	用来换做成人工通用智能的概率	The probability used to switch to artificial general intelligence	用来换做成通用人工智能的概率	The probability used to switch into general artificial intelligence	probability of achieving AGI
B-MIX-044	MIX	95.40	95.40	0.00	80.99	80.99	0.00	100	100	0	50亿离婚案这个级别太高了，普通人理解不了	The level of a 5 billion divorce case is too high for ordinary people to understand.	50亿离婚案这个级别太高了，普通人理解不了	The level of a 5 billion divorce case is too high for ordinary people to understand.	The level of the 5 billion divorce case is too high, ordinary people can't understand
B-MIX-045	MIX	92.97	92.97	0.00	79.42	79.42	0.00	0	0	0	角色扮演得很好，很像	The role was played very well, very lifelike.	角色扮演得很好，很像	The role was played very well, very lifelike.	cosplay done right looks so similar
B-MIX-046	MIX	96.42	96.42	0.00	84.24	84.24	0.00	100	100	0	这个应用一到发售就崩	This app crashed as soon as it was released.	这个应用一到发售就崩	This app crashed as soon as it was released.	this app crashes every launch
B-MIX-047	MIX	99.41	98.84	-0.57	83.11	85.42	2.31	0	0	0	这个角色太厉害了	This character is too powerful.	这个角色太强了	This character is too strong.	this character is way too overpowered
B-MIX-048	MIX	81.66	81.66	0.00	56.69	56.69	0.00	100	100	0	LPL历史上有像清算48同样力度的清算吗？	In LPL's history, has there been a ban as severe as the 48-day one?	LPL历史上有像清算48同样力度的清算吗？	In LPL's history, has there been a ban as severe as the 48-day one?	has there ever been a reckoning as hard as '48' in LPL history?
B-MIX-049	MIX	83.81	87.58	3.77	80.01	77.81	-2.20	0	0	0	加个加成，变得更强	Add a bonus, become stronger	加个增益，变得更强	Add a boost, become stronger	add a power-up get stronger ez
B-MIX-050	MIX	99.12	99.12	0.00	84.21	84.22	0.01	0	100	100	这个标志设计得好	The sign is well designed.	这个品牌标识设计得好	The brand logo is well designed.	this logo is well designed
B-MIX-051	MIX	82.91	82.91	0.00	80.10	80.10	0.00	0	0	0	被削弱了，变弱了	Weakened, become weaker	被削弱了，变弱了	Weakened, become weaker	got nerfed got weaker smh
B-MIX-052	MIX	97.37	97.37	0.00	83.69	83.69	0.00	0	0	0	我刚才去打Apex了	I just went to play Apex.	我刚才去打Apex了	I just went to play Apex.	just went to play Apex
B-MIX-053	MIX	100.00	100.00	0.00	83.43	83.43	0.00	100	100	0	国内生产总值十强省份变了	The top ten provinces in GDP have changed.	国内生产总值十强省份变了	The top ten provinces in GDP have changed.	GDP top 10 provinces changed
B-MIX-054	MIX	96.17	84.28	-11.89	74.95	83.97	9.03	0	0	0	完蛋了，完了	It's all over, it's finished.	完了，完了	Done, done	It's game over, we're done for.
B-MIX-055	MIX	79.59	75.66	-3.93	49.88	47.07	-2.81	0	0	0	就是在CP里吃瓜	It's just watching the drama in the CP.	就是在搭档组合里吃瓜	Just watching and not participating in the partner duo setup.	just watching the drama in the ship
B-MIX-056	MIX	85.67	98.22	12.55	82.30	60.78	-21.51	0	100	100	太天真，你太天真了	Too naive, you're too naive.	Too young too simple，你太天真了	Too young, too simple, you're too naive.	too young too simple you're too naive
B-MIX-057	MIX	96.69	96.69	0.00	86.50	86.50	0.00	0	0	0	这个人工智能太厉害了	This artificial intelligence is amazing.	这个人工智能太厉害了	This artificial intelligence is amazing.	this AI is way too OP fr
B-MIX-058	MIX	57.62	74.49	16.87	52.67	46.37	-6.30	0	100	100	带动全场，带飞	Drive the whole venue, take flight	带飞全场，带飞	Carry the whole team, carry everyone	carrying the whole squad what a carry
B-MIX-059	MIX	96.79	96.54	-0.25	85.07	84.66	-0.41	0	0	0	她学的是泰语又不是计算机	She studies Thai language, not computer science.	她学的是泰语又不是信息技术	She studied Thai language, not information technology.	she studies Thai not IT
B-MIX-060	MIX	99.40	99.40	0.00	79.88	79.88	0.00	100	100	0	贵宾通道真快	The VIP lane is really fast.	贵宾通道真快	The VIP lane is really fast.	VIP lane is so fast
B-MIX-061	MIX	92.35	47.48	-44.86	72.06	47.39	-24.68	0	0	0	单独一下，单挑	Alone, one-on-one	单挑一下，单挑	Pick a fight, pick a fight	solo it 1v1 me bro
B-MIX-062	MIX	100.00	100.00	0.00	84.79	84.79	0.00	0	0	0	这个对决谁赢了	Who won this showdown?	这个对决谁赢了	Who won this showdown?	who won this duel
B-MIX-063	MIX	84.91	84.91	0.00	75.53	75.53	0.00	100	100	0	因凡蒂诺和国际足联演都不演了，这是纯把梅西世界杯金球奖给抢劫了	Infantino and FIFA don't even bother putting on a show anymore; this is a pure robbery of Messi's World Cup Golden Ball.	因凡蒂诺和国际足联演都不演了，这是纯把梅西世界杯金球奖给抢劫了	Infantino and FIFA don't even bother putting on a show anymore; this is a pure robbery of Messi's World Cup Golden Ball.	Infantino and FIFA aren't even hiding it anymore straight up robbed Messi of the World Cup Golden Ball
B-MIX-064	MIX	98.09	98.09	0.00	83.81	83.81	0.00	100	100	0	做个水疗放松一下	Get a spa treatment to relax.	做个水疗放松一下	Get a spa treatment to relax.	getting a spa to relax
B-MIX-065	MIX	91.20	90.93	-0.27	63.42	56.21	-7.21	100	100	0	这个打碟师太嗨了	This DJ is too hype.	这个唱片骑师太嗨了	This DJ is too hype.	this DJ is too lit
B-MIX-066	MIX	86.81	86.81	0.00	71.79	71.79	0.00	0	0	0	Rush E 朗朗对决街头钢琴家	Rush E: Lang Lang Duels the Street Pianist	Rush E 朗朗对决街头钢琴家	Rush E: Lang Lang Duels the Street Pianist	Rush E Lang Lang versus street pianist
B-MIX-067	MIX	80.05	80.05	-0.00	77.56	77.56	0.00	100	100	0	这动漫片头曲太好听了，循环播放	This anime opening song is so good, I'm playing it on loop.	这动漫片头曲太好听了，循环播放	This anime opening song is so good, I'm playing it on loop.	this anime opening slaps on loop
B-MIX-068	MIX	96.79	96.79	0.00	84.34	84.34	-0.00	0	0	0	买个平板电脑记笔记	Buy a tablet to take notes.	买个平板电脑记笔记	Buy a tablet to take notes.	getting an iPad for notes
B-MIX-069	MIX	63.30	63.30	-0.00	57.96	57.96	0.00	100	100	0	抖音的背景音乐怎么突然变得那么难听了到处都是想问问你敢不敢还有那天我经过一片花园	"Why did the background music on Douyin suddenly become so unpleasant everywhere? It's all ""Do you dare, do you dare..."" I want to ask you. That day I passed by a garden."	抖音的背景音乐怎么突然变得那么难听了到处都是想问问你敢不敢还有那天我经过一片花园	"Why did the background music on Douyin suddenly become so unpleasant everywhere? It's all ""Do you dare, do you dare..."" I want to ask you. That day I passed by a garden."	why has Douyin's background music gotten so bad everywhere it's either 'I Want to Ask If You Dare' or 'That Day I Passed a Garden'
B-MIX-070	MIX	98.47	98.97	0.50	83.60	81.39	-2.21	0	0	0	这个PPT做得好	This PPT is well done.	这个演示文稿做得好	This presentation is well done.	this PowerPoint is well made
B-MIX-071	MIX	62.74	80.37	17.64	43.89	72.91	29.01	0	0	0	法法这期人设了吧	FaFa has established her character this time.	法法这期脱离扮演角色了吧	Has FaFa finally stepped out of her role this time?	Fafa was so out of character this episode bruh
B-MIX-072	MIX	86.93	86.93	-0.00	81.75	81.75	0.00	100	100	0	3.5小时通关	Clear in 3.5 hours	3.5小时通关	Clear in 3.5 hours	beat the game in 3.5 hours
B-MIX-073	MIX	85.57	87.33	1.76	78.11	66.05	-12.05	0	0	0	这个风格风好看	This style is beautiful.	这个网红风好看	This looks good in the internet celebrity style.	this Instagram aesthetic looks good
B-MIX-074	MIX	89.54	95.08	5.54	81.99	82.04	0.05	0	0	0	我的文化水平大概是	My level of education is approximately	我的文化水平就像这样	My level of education is like this.	my education level be like lmao
B-MIX-075	MIX	99.89	99.89	0.00	82.20	82.20	0.00	100	100	0	来杯抹茶	A cup of matcha	来杯抹茶	A cup of matcha	a cup of matcha
B-MIX-076	MIX	98.01	99.92	1.91	84.68	85.17	0.49	0	0	0	店员花一秒钟明白到你的意思了	The shop assistant took a second to understand what you meant.	店员花一秒钟理解到你的意思了	The clerk took a second to understand what you meant.	the clerk took one second to get your meaning
B-MIX-077	MIX	95.92	95.92	0.00	79.64	79.64	-0.00	0	0	0	这个视频博客拍得好	This video blog is well shot.	这个视频博客拍得好	This video blog is well shot.	this vlog is well shot
B-MIX-078	MIX	91.11	91.11	0.00	76.21	76.21	0.00	0	0	0	学习上问题不能发作	Problems in study must not arise.	学习上问题不能发作	Problems in study must not arise.	can't let the issue flare up during studying
B-MIX-079	MIX	95.29	94.37	-0.92	81.44	78.61	-2.82	100	100	0	好久没有笑的这么开心了，必须收藏起来情绪低落了再看	I haven't laughed this happily for a long time; I must save this to watch when I'm feeling down.	好久没有笑的这么开心了，必须收藏起来抑郁了再看	I haven't laughed this happily for a long time; I must save it to watch when I'm feeling down.	haven't laughed this hard in ages saving it to watch when I'm feeling down fr
B-MIX-080	MIX	86.38	86.87	0.49	77.87	76.00	-1.87	100	100	0	cult导演后悔道剧组没有你	"The director of ""Cult"" regretted that the production team didn't have you."	邪典导演后悔道剧组没有你	The cult director regretted that the production team didn't have you.	cult director regrets not having you on set
B-MIX-081	MIX	55.71	57.67	1.96	69.36	62.11	-7.25	0	0	0	从技术舞美上讲是挺牛，但从意识上讲增益效果快叠满了	Technically, the stage production is pretty impressive, but in terms of awareness, the buff effect is almost maxed out.	从技术舞美上讲是挺牛，但从意识上讲增益快叠满了	Technically, the stage effects are pretty impressive, but in terms of awareness, the buffs stack up quickly.	technically the stage design is pretty sick but ideologically the power-ups are almost fully stacked
B-MIX-082	MIX	73.10	73.10	0.00	80.65	80.65	0.00	100	100	0	上了初中就开始恶化了，甚至游戏也会拖一会儿再启动，作业拖到截止日期就算是期末周也学不进去	It started to get worse when I entered middle school; even launching games would take some time, and I would procrastinate on homework until the deadline, and even during final exam week, I couldn't get myself to study.	上了初中就开始恶化了，甚至游戏也会拖一会儿再启动，作业拖到截止日期就算是期末周也学不进去	It started to get worse when I entered middle school; even launching games would take some time, and I would procrastinate on homework until the deadline, and even during final exam week, I couldn't get myself to study.	middle school hit different even games I delay homework till deadline even in finals week can't focus smh
B-MIX-083	MIX	93.30	95.25	1.95	75.09	76.03	0.93	100	100	0	大 deadline就在眼前了还在摆烂	The big deadline is right around the corner, yet you're still slacking off.	截止日期就在眼前了还在摆烂	The deadline is right around the corner, and you're still slacking off.	deadline is right there and you're still slacking
B-MIX-084	MIX	92.09	86.06	-6.03	83.66	79.81	-3.85	0	0	0	白噪音助眠真的有用吗	Is white noise really effective for helping sleep?	自发性知觉经络反应助眠真的有用吗	Is the Spontaneous Perception Meridian Response for Sleep Aid really effective?	does ASMR for sleep actually work
B-MIX-085	MIX	85.06	91.22	6.16	78.19	77.32	-0.87	0	0	0	超蛮老奶一般是英语老师	Super tough old ladies are usually English teachers.	超刻薄老奶一般是英语老师	An overly strict old woman is usually an English teacher.	Super mean old ladies are usually English teachers
B-MIX-086	MIX	87.42	89.81	2.39	73.48	77.89	4.41	0	0	0	绝对音感的正确用法应该是	The correct use of perfect pitch should be	绝对音感的正确用法是这样	The correct way to use perfect pitch is like this.	The correct usage of absolute pitch be like
B-HOM-096	HOM	91.05	91.05	0.00	76.97	76.97	0.00	0	0	0	孩好像真的很困了，但是一直被妈妈薅过来薅过去配合拍视频	The kid seems really tired, but has been constantly pulled back and forth by the mother to cooperate with filming the video.	孩好像真的很困了，但是一直被妈妈薅过来薅过去配合拍视频	The kid seems really tired, but has been constantly pulled back and forth by the mother to cooperate with filming the video.	the kid really seems sleepy, but keeps getting dragged back and forth by mom to pose for the video
B-HOM-097	HOM	95.46	96.28	0.82	78.57	75.32	-3.25	0	0	0	哈哈哈哈哈，不好意思哈哈哈哈哈没稳住	Hahahaha, sorry, couldn't hold it back hahahaha	哈哈哈哈哈，不好意思哈哈哈哈哈没绷住	Hahahaha, sorry, I couldn't hold it back, hahahaha.	hahaha, sorry hahaha I couldn't hold it together
B-HOM-098	HOM	88.63	78.34	-10.29	67.47	56.70	-10.77	0	0	0	完，忘记原版了，有谁能补一下？	Done, forgot the original version, can someone else take over?	干，忘记原版了，有谁能补一下？	Dry, forgot the original, can someone else take over?	damn, I forgot the original, can anyone fill it in?
B-HOM-099	HOM	80.12	68.41	-11.72	60.75	63.97	3.22	0	0	0	你们要是给我炮儿玩似的我看什么啊	If you give me a gun to play with, what else am I supposed to look at?	你们要是给我炮儿玩死了我看什么啊	If you give me the gun to play with and I end up killing someone, what am I going to look at?	if you guys play my Pao'er to death, what am I supposed to watch?
B-PYA-087	PYA	90.89	90.89	-0.00	72.97	72.97	0.00	0	0	0	快别他妈说了，抓紧睡半个钟头，不然去早餐店要迟到了	Shut up, get some sleep for half an hour, or else you'll be late for the breakfast shop.	快别他妈说了，抓紧睡半个钟头，不然去早餐店要迟到了	Shut up, get some sleep for half an hour, or else you'll be late for the breakfast shop.	stop freaking talking and grab half an hour of sleep, or you'll be late for the breakfast shop
B-NEO-087	NEO	95.99	95.28	-0.72	82.44	83.47	1.03	0	0	0	某种意义上来看他也是个高手	In a way, he is also an expert.	某种意义上来看他也是个行为离谱的人	In a way, he is also a person who behaves in an outrageous manner.	in a certain sense he's also an absolute character
B-NEO-088	NEO	70.78	88.49	17.71	60.17	69.32	9.15	0	100	100	我都不知道出新图了，吃饭自己跑我脸上了	I didn't even know there was a new picture out, and you ran into my face while eating.	我都不知道出新图了，攻略自己跑我脸上了	I didn't even know there was a new map out, and the guide just slapped me in the face.	I didn't even know a new stage was out, and the guide just ran right into my face
B-NEO-089	NEO	99.98	99.59	-0.39	79.45	79.85	0.40	0	0	0	无论从哪个层面来看，都是非常厉害	It's really impressive from any perspective.	无论从哪个层面来看，都是厉害极了	It's amazing from every perspective.	no matter how you look at it, it's insanely awesome
B-NEO-090	NEO	84.38	95.82	11.44	81.21	80.15	-1.06	0	0	0	应该是的，不然怎么会气到把国家给说出来了	Probably, otherwise how could he be so angry as to mention the country?	应该是的，不然怎么会气到把脏话给说出来了	Probably, otherwise how could he get so angry as to swear.	must be, otherwise how would he get so angry that the swear words came out
B-NEO-091	NEO	78.33	90.95	12.63	74.97	74.37	-0.61	0	0	0	说个冷知识，来俊臣的父亲名叫来操，是个挺生僻的名字	Here's a cold fact: Lai Junchen's father was named Lai Cao, which is quite an obscure name.	说个冷知识，来俊臣的父亲名叫来操，是个挺搞笑的名字	Here's a cold fact: Lai Junchen's father was named Lai Cao, which is quite a funny name.	fun fact: Lai Junchen's father was named Lai Cao, which is a pretty hilarious name
B-NEO-092	NEO	81.29	76.83	-4.46	78.51	69.60	-8.91	100	100	0	他不是好了，而是知道自己要完了	He is not all right, but he knows that he is about to be finished.	他不是好了，而是知道自己要完蛋了	He is not fine; he knows he is about to be finished.	he's not better, he just knows he's done for
B-NEO-093	NEO	73.77	87.43	13.66	68.72	72.01	3.29	0	0	0	置顶评论官方链接是淘宝就知道内容了	The official link for the pinned comment is Taobao, so they know the content.	置顶评论官方链接是淘宝就知道背景了	The official link for the top comment is Taobao, so you know the background.	the pinned official link is Taobao, that alone tells you what they're really about
B-NEO-094	NEO	87.51	94.94	7.43	79.84	80.37	0.53	0	0	0	太夸张。。我现在开车老走错路	Too exaggerated. I often take the wrong route while driving.	离谱。。我现在开车老走错路	Unbelievable... I keep taking wrong turns while driving.	wild… I keep taking wrong turns when driving now
B-MIX-087	MIX	70.56	69.83	-0.72	63.37	52.52	-10.84	0	0	0	发现没火的作者可能	The author who discovered no fire might be	发现没火的作者就是这样	The author who didn't catch fire is just like this.	discovering an underrated creator be like
B-MIX-088	MIX	83.12	86.59	3.47	76.29	74.30	-2.00	100	100	0	第一次尝试做这么长的动画 感觉关键帧速度有所提升绝宝二周年快乐!	First time trying to make such a long animation, I feel like my keyframe speed has improved. Happy 2nd anniversary, Jue Bao!	第一次尝试做这么长的动画 感觉打关键帧速度有所提升绝宝二周年快乐!	First time trying to make such a long animation, I feel my keyframe setting speed has improved. Happy 2nd anniversary, Jue Bao!	first time making such a long animation, my keyframing speed has improved — happy 2nd anniversary Juebao!
B-MIX-089	MIX	84.84	84.84	0.00	73.12	73.12	0.00	100	100	0	或许它真的是福利最好的第一人称射击游戏	Perhaps it's really the first-person shooter with the best welfare.	或许它真的是福利最好的第一人称射击游戏	Perhaps it's really the first-person shooter with the best welfare.	maybe it really is the FPS with the best freebies
B-MIX-090	MIX	92.14	91.39	-0.74	70.11	71.03	0.92	100	100	0	杨博文四代唯一中心位置队长	Yang Bowen, the only captain in the four generations at the central position.	杨博文四代唯一中心位队长	Yang Bowen, the only central position captain for four generations.	Yang Bowen, Gen 4's only center-position captain
B-HOM-100	NEO	68.55	72.19	3.64	68.71	70.12	1.41	100	100	0	明显，队友大概率完了，和上司有关，但扳机似乎记忆出现问题，咬死队友还活着，变相保护了上司，所以被上司放了	Obviously, the teammate was probably dead, which was related to the boss, but the trigger seemed to have memory issues, insisting that the teammate was still alive, indirectly protecting the boss, and thus was let off by the boss.	明显，队友大概率死了，和上司有关，但扳机似乎记忆出现问题，咬死队友还活着，变相保护了上司，所以被上司放了	Obviously, the teammate was likely dead, and it was related to the superior, but the trigger seemed to have memory issues, insisting that the teammate was still alive, indirectly protecting the superior, and thus was let off by the superior.	clearly the teammate is most likely dead and the boss is involved, but Trigger's memory seems broken — she insists the teammate is alive, which indirectly shielded the boss, so the boss let her go
B-HOM-101	HOM	69.60	69.52	-0.08	79.42	79.06	-0.36	0	100	100	怪兽：我已经破坏掉了你所有能获取光的办法，看你还怎么变身 迪迦：你钱包的钱还有多少？ 怪兽：全花光了 迪迦：打！	"Monster: I've destroyed all the ways you could obtain light, see how you can transform now.  
Digora: How much money do you have left in your wallet?  
Monster: It's all spent.  
Digora: Fight!"	怪兽：我已经破坏掉了你所有能获取光的办法，看你还怎么变身 迪迦：你钱包的钱还有多少？ 怪兽：全花光了 迪迦：吃！	"Monster: I've destroyed all the ways you could get light. How are you going to transform now?  
Digamma: How much money do you have left in your wallet?  
Monster: It's all spent.  
Digamma: Eat!"	Monster: I've destroyed every way you could gather light, let's see you transform now. Tiga: How much money is left in your wallet? Monster: All spent. Tiga: Nom!
B-HOM-102	HOM	71.59	71.59	-0.00	75.71	75.71	0.00	100	100	0	人定不了天，一切的一切还是按照历史轨迹走，我记得是三段历史走向，主角心累了	Man cannot determine the heavens; everything still follows its historical course. I remember there are three historical directions, and the protagonist's heart is exhausted.	人定不了天，一切的一切还是按照历史轨迹走，我记得是三段历史走向，主角心累了	Man cannot determine the heavens; everything still follows its historical course. I remember there are three historical directions, and the protagonist's heart is exhausted.	man can't defy heaven, everything still follows the track of history — I remember there were three historical branches, and the protagonist is exhausted
B-HOM-103	HOM	84.01	84.01	-0.00	78.92	78.92	0.00	0	0	0	笑成猪头最好笑是因为！！！我本来就觉得很好笑哈哈哈，看到这个绷不住了！！！	Laughing until my face looks like a pig is the funniest thing because!!! I thought it was already hilarious, hahaha, and I couldn't hold it in anymore when I saw this!!!	笑成猪头最好笑是因为！！！我本来就觉得很好笑哈哈哈，看到这个绷不住了！！！	Laughing until my face looks like a pig is the funniest thing because!!! I thought it was already hilarious, hahaha, and I couldn't hold it in anymore when I saw this!!!	the pig-head laugh is the funniest because!!! I already found it hilarious hahaha, and seeing this I just lost it!!!
B-HOM-104	HOM	81.72	81.72	0.00	74.76	74.76	0.00	100	100	0	真旅行青蛙！  去哪了 会给妈妈带明信片回来  真好	Real traveling frog! Going somewhere and bringing postcards back for Mom is really nice.	真旅行青蛙！  去哪了 会给妈妈带明信片回来  真好	Real traveling frog! Going somewhere and bringing postcards back for Mom is really nice.	a real Travel Frog! wherever it goes, it brings postcards back for mom — so sweet
B-HOM-105	HOM	90.38	90.38	0.00	77.79	77.79	0.00	100	100	0	兄弟，这么好的猪 你舍得一次性吃完吗（于谦声）	Bro, would you be willing to eat such a good pig all at once? (Yu Qian's voice)	兄弟，这么好的猪 你舍得一次性吃完吗（于谦声）	Bro, would you be willing to eat such a good pig all at once? (Yu Qian's voice)	bro, such a fine pig — could you really bear to eat it all in one go? (in Yu Qian's voice)
B-HOM-106	NEO	51.23	61.61	10.38	66.56	54.76	-11.80	0	100	100	这高达味怎么这么重啊，真的是百合拯救了肉？	Why is this Gao Dake so heavy? Is it really the lily that saves the meat?	这高达味怎么这么重啊，真的是百合拯救了机器人？	Why is this Kaohsiung so heavy, is it really the Lily that saved the robot?	why does this feel so much like Gundam — did yuri really save the mecha genre?
B-HOM-107	HOM	93.08	93.08	0.00	66.37	66.37	0.00	0	0	0	干，为什么要让我凌晨刷到，睡不着觉了()	Why did I see this in the middle of the night? I can't sleep now.	干，为什么要让我凌晨刷到，睡不着觉了()	Why did I see this in the middle of the night? I can't sleep now.	damn, why did I have to scroll onto this in the middle of the night, now I can't sleep ()
B-HOM-108	HOM	93.45	93.45	0.00	77.75	77.75	0.00	0	0	0	免责声明，此为系统自动播放，与我无关	Disclaimer: This is an automated system message, and I am not responsible for it.	免责声明，此为系统自动播放，与我无关	Disclaimer: This is an automated system message, and I am not responsible for it.	disclaimer: this was autoplayed by the system, nothing to do with me
B-HOM-109	HOM	88.23	88.23	0.00	72.40	72.40	0.00	0	0	0	又第一了 带领兄弟们再冲一次～～～～	Number one again! Let's go for another round with the team ~~~~	又第一了 带领兄弟们再冲一次～～～～	Number one again! Let's go for another round with the team ~~~~	number one again — leading the bros for one more charge~~~~
B-HOM-110	HOM	52.28	81.85	29.56	42.80	46.63	3.83	0	0	0	预计会火，哈哈令郎	Expected to be a hit, haha, your son	预计会火，火前留名	Expected to become popular, leave your name before it does	this is going to blow up, leaving my name here before it does
B-HOM-111	HOM	72.79	72.79	0.00	57.68	57.68	0.00	0	0	0	扳机歪了，前来还愿	The trigger is bent, coming back to fulfill the wish.	扳机歪了，前来还愿	The trigger is bent, coming back to fulfill the wish.	my pull for Trigger went off-banner — here to repay my vow
B-HOM-112	HOM	99.33	98.40	-0.93	83.22	82.21	-1.01	100	100	0	梅森：这我可太熟悉！	Mason: I'm very familiar with this!	梅森：这我可太熟啦！	Mason: I'm very familiar with this!	Mason: now this I know all too well!
B-HOM-114	HOM	95.27	97.01	1.74	83.61	82.18	-1.42	0	100	100	我不行了我笑得要垮了	I can't take it anymore, I'm about to collapse from laughing.	我不行了我笑得要挂了	I can't take it anymore, I'm going to die from laughing.	I can't take it, I'm about to die laughing
B-HOM-115	HOM	84.70	82.83	-1.87	63.63	72.92	9.30	0	0	0	活到老学到老,是了也要学习	Learn until you're old, even if you're already good, you still need to learn.	活到老学到老,死了也要学习	Live and learn, even after death one should learn.	live and learn — keep studying even when you're dead
B-HOM-116	HOM	79.41	81.27	1.87	68.97	63.52	-5.45	0	0	0	太好了，是拐杖星人，我们没救了	Great, it's the Cane Aliens, we're doomed.	太好啦，是拐杖星人，我们没救了	Great, it's a Cane Alien, we're doomed.	oh great, it's the crutch alien, we're doomed
B-HOM-117	HOM	70.57	70.57	0.00	69.41	69.41	0.00	0	0	0	老八胃大，无需多言	Old Eighth has a big stomach, no need to say more.	老八胃大，无需多言	Old Eighth has a big stomach, no need to say more.	Laoba has a big stomach — no more words needed
B-HOM-118	HOM	96.15	99.15	3.00	78.63	85.14	6.51	0	0	0	我草这幕太美了	This scene is too beautiful.	卧槽这幕太美了	Wow, this scene is so beautiful.	holy crap this scene is gorgeous
B-HOM-119	NEO	87.83	100.00	12.17	60.10	85.67	25.57	0	100	100	欧内个，我什么都愿意做	Oh, I'm so sorry, I'm willing to do anything.	拜托了，我什么都愿意做	Please, I'm willing to do anything.	please, I'll do anything
B-HOM-120	HOM	92.64	92.64	0.00	52.46	52.46	0.00	100	100	0	果然混元是个妹子	"Sure, the translation of the sentence ""果然混元是个妹子"" into English is:

""Turns out Hunyuan is a girl."""	果然混元是个妹子	"Sure, the translation of the sentence ""果然混元是个妹子"" into English is:

""Turns out Hunyuan is a girl."""	so Hunyuan really is a girl after all
B-HOM-121	HOM	76.71	71.16	-5.55	67.28	66.09	-1.19	0	0	0	年轻人不讲武德！好好学习	Young people shouldn't ignore martial virtues! Study hard.	年轻人不讲武德！好自为之	Young people shouldn't lack morality in their conduct! Take good care of yourself.	young people have no martial virtue! you'd better behave yourselves
B-HOM-122	HOM	72.19	72.19	0.00	43.44	43.44	0.00	0	0	0	官方他妈自黑，这下别人黑不了了	The official's mother started the self-roast, so now no one else can roast them.	官方他妈自黑，这下别人黑不了了	The official's mother started the self-roast, so now no one else can roast them.	the officials are freaking roasting themselves, now nobody else can roast them
B-HOM-123	HOM	85.56	97.95	12.39	74.04	77.83	3.79	0	0	0	这俩老男人的傻笑人生	The foolish grinning life of these two old men	这俩老男人的傻屌人生	The stupid lives of these two old men	the goofball life of these two old guys
B-HOM-124	HOM	96.39	96.39	0.00	82.51	82.51	0.00	100	100	0	被天使吻过的嗓子	A voice kissed by an angel	被天使吻过的嗓子	A voice kissed by an angel	a voice kissed by an angel
B-HOM-125	HOM	99.21	99.21	0.00	80.97	80.97	0.00	100	100	0	上一个视频就是不讲那个	The previous video didn't mention that.	上一个视频就是不讲那个	The previous video didn't mention that.	the last video just wouldn't talk about that
B-HOM-127	HOM	95.83	87.48	-8.35	55.71	53.53	-2.18	0	100	100	可以是了这游戏	It can be the end of this game.	可以死了这游戏	I can die from this game.	this game can just die already
B-HOM-128	HOM	82.50	82.50	0.00	81.44	81.44	0.00	100	100	0	全体欣赏音乐	Appreciate the music as a group.	全体欣赏音乐	Appreciate the music as a group.	everyone, enjoy the music
B-HOM-129	HOM	67.80	67.80	0.00	54.01	54.01	0.00	0	0	0	唢呐区甲亢哥	Shawna District Hyperthyroid Brother	唢呐区甲亢哥	Shawna District Hyperthyroid Brother	suona-section Speed
B-HOM-130	HOM	92.63	100.00	7.37	51.45	77.43	25.99	0	100	100	哎你怎么是了	Hey, how come you're done?	哎你怎么死了	Hey, how come you died?	hey, how come you died
B-HOM-131	HOM	79.98	92.55	12.57	78.90	81.68	2.78	0	100	100	莫名其妙，很久没笑得这么无语了	It's hard to explain, I haven't laughed so helplessly in a long time.	妈的，很久没笑得这么无语了	Damn, I haven't laughed so helplessly in a long time.	damn, it's been ages since I laughed this speechlessly
B-PYA-088	PYA	91.28	91.28	-0.00	82.51	82.51	0.00	100	100	0	不是，我他妈哪来的教材，你在逗我呢	No, where the hell would I get teaching materials from? You're teasing me.	不是，我他妈哪来的教材，你在逗我呢	No, where the hell would I get teaching materials from? You're teasing me.	wait, where the hell would I get a textbook, are you kidding me
B-PYA-089	PYA	93.74	99.69	5.95	81.18	82.27	1.09	0	100	100	妈妈，这军方也这么乱，难怪市民们这么乐观，哈哈	Mom, the military is also so chaotic, no wonder the citizens are so optimistic, hahaha	妈的，这军方也这么乱，难怪市民们这么乐观，哈哈	Damn, the military is also so chaotic, no wonder the citizens are so optimistic, hahaha	damn, even the military is this chaotic, no wonder the citizens are so optimistic, haha
B-PYA-090	PYA	89.18	92.27	3.08	66.98	76.23	9.25	0	0	0	我超我想要高斯裤子的链接，真的好帅	I want the link to the Gaussian pants, they are really cool	卧槽我想要高斯裤子的链接，真的好帅	Damn, I want the link to the Gaussian pants, they really look cool	whoa I want the link to Gauss's pants, they look so cool
B-PYA-091	PYA	91.33	88.20	-3.13	81.34	74.51	-6.84	0	0	0	我擦，这都能被发现啊	My goodness, this can be discovered too?	卧槽，这都能被发现啊	Wow, they can even find this?	whoa, even this got noticed
B-PYA-092	PYA	84.59	100.00	15.41	64.77	85.75	20.98	0	0	0	我擦太萌了	I'm too cute.	卧槽太萌了	Wow, so cute!	omg so cute
B-PYA-093	PYA	90.36	90.36	0.00	77.30	77.30	0.00	100	100	0	对不起小啵有点像触电了	Sorry, Xiao Bo feels a bit like he's been electrocuted.	对不起小啵有点像触电了	Sorry, Xiao Bo feels a bit like he's been electrocuted.	sorry but Xiaobo kind of looks electrocuted
B-PYA-094	PYA	96.90	96.90	0.00	83.40	83.40	-0.00	0	0	0	无线能源是基于无线水的原理吗？(不是)	Is wireless energy based on the principle of wireless water? (No)	无线能源是基于无线水的原理吗？(不是)	Is wireless energy based on the principle of wireless water? (No)	is wireless energy based on the principle of wireless water? (jk)
B-PYA-095	PYA	92.72	94.52	1.80	81.78	76.44	-5.33	0	0	0	光明，赐予我力量（不好意思）	Light, grant me strength (Sorry)	光明，赐予我力量（不是）	Light, grant me strength (no)	light, grant me power (jk)
B-PYA-096	PYA	98.79	99.83	1.04	80.65	82.81	2.17	0	100	100	这么说我才发现字幕不是视频自带的哈哈哈	So I just realized the subtitles aren't part of the video, haha.	这么说我才发现字幕不是视频自带的哈哈哈哈	Oh, so I just realized the subtitles aren't part of the video itself, hahaha.	now that you mention it, I just realized the subtitles aren't part of the video hahaha
B-PYA-097	PYA	78.13	78.13	0.00	69.83	69.83	0.00	100	100	0	完了疑似吉米被吓疯了哈哈	It's done, Jimmy is probably scared out of his mind haha	完了疑似吉米被吓疯了哈哈	It's done, Jimmy is probably scared out of his mind haha	uh oh, Jimmy seems scared out of his mind haha
B-PYA-098	PYA	94.80	94.80	0.00	80.07	80.07	0.00	100	100	0	看清楚材质吧，拼多多很多都是聚酯纤维，你问客服没几个敢说是纯棉的	Look at the material clearly. Many products on Pinduoduo are made of polyester. Few customer service representatives dare to say it's 100% cotton when you ask.	看清楚材质吧，拼多多很多都是聚酯纤维，你问客服没几个敢说是纯棉的	Look at the material clearly. Many products on Pinduoduo are made of polyester. Few customer service representatives dare to say it's 100% cotton when you ask.	check the fabric carefully — a lot of stuff on Pinduoduo is polyester, and few customer-service reps dare claim it's pure cotton
B-PYA-099	PYA	85.32	85.32	0.00	62.63	62.63	0.00	0	0	0	27万收藏4万点赞服了不提醒还不知道........	270,000 collections, 40,000 likes, I'm impressed. Didn't even know if not reminded...	27万收藏4万点赞服了不提醒还不知道........	270,000 collections, 40,000 likes, I'm impressed. Didn't even know if not reminded...	270k saves and 40k likes, unbelievable — I wouldn't even have known without the reminder……
B-PYA-100	PYA	86.65	86.65	0.00	77.04	77.04	0.00	0	0	0	20万收藏3万点赞	200,000 collections 30,000 likes	20万收藏3万点赞	200,000 collections 30,000 likes	200k saves, 30k likes
B-PYA-101	PYA	92.78	95.20	2.41	78.00	82.19	4.19	0	0	0	啊？六十万围攻四十五万的城，对方还以骑兵为主？？！	What? A city with 600,000 defenders against 450,000 attackers, and the enemy is mainly cavalry?!	啊？60万围攻45万的城，对方还以骑兵为主？？！	What? A city with 450,000 people being attacked by 600,000? And the enemy is mainly cavalry?!	what? 600k besieging a city of 450k, and the enemy is mostly cavalry??!
B-PYA-102	PYA	76.15	76.15	0.00	62.64	62.64	0.00	0	0	0	“义人，就是他，欺负我。”	"""The righteous one, he bullied me."""	“义人，就是他，欺负我。”	"""The righteous one, he bullied me."""	Righteous one, it was them — they bullied me.
B-PYA-103	PYA	44.93	60.40	15.47	67.51	68.50	0.99	0	100	100	好装好假好夸张	Easy to install, easy to fake, easy to exaggerate.	好装好假好恶心	Easy to install, easy to fake, so disgusting.	so pretentious, so fake, so gross
B-PYA-104	PYA	51.51	81.34	29.83	52.62	38.33	-14.30	0	100	100	死不好意思滚远点	Die, just die and get out of here.	死营销号滚远点	Die marketing account, get lost.	damn clickbait accounts, get lost
B-PYA-106	PYA	81.72	81.46	-0.25	70.58	70.73	0.16	0	0	0	牛啊，我怎么幻听出歌词了(不好意思)	Cows, how come I hallucinated the lyrics (I'm sorry).	牛啊，我怎么幻听出歌词了(不是)	Cows, how come I hallucinated the lyrics (no, I didn't)	impressive — why am I hallucinating lyrics out of this (jk)
B-PYA-107	PYA	86.29	85.51	-0.78	73.63	70.92	-2.70	100	100	0	心灵感应原版就是致敬火花哈哈哈	Telepathy original is a tribute to the spark, hahaha	心灵感应原版就是致敬火花哈哈哈	Telepathy original is a tribute to the spark hahaha	the original Telepathy really is a homage to Spark hahaha
B-PYA-108	PYA	75.20	81.04	5.84	67.27	54.14	-13.12	0	0	0	我擦瞬间高清修补版	I wipe the instant high-definition repair version	卧槽瞬间高清修补版	Wocao Instant HD Repair Version	whoa, instantly the HD restored version
B-NEO-096	NEO	89.19	88.04	-1.15	81.89	80.11	-1.78	0	0	0	流泪，我一直不知道自己想做什么，感觉选择的大都错了，已经索性不想选择了...糟糕啊...	Crying, I've always been unsure of what I want to do, feeling like most of my choices have been wrong, so I've just given up trying to choose... It's terrible...	眼泛泪光，我一直不知道自己想做什么，感觉选择的大都错了，已经索性不想选择了...糟糕啊...	Eyes glistening with tears, I've never known what I really want to do. It feels like most of my choices have been wrong, so I've just given up trying to choose... This is terrible...	tearing up — I've never known what I want to do, feels like most of my choices were wrong, and now I've simply stopped choosing… this is bad…
B-NEO-097	NEO	86.45	86.45	0.00	84.28	84.46	0.17	0	0	0	10后，上一次看是三年前了，但是也流泪了	Ten years later, the last time I watched it was three years ago, but I still cried.	10后，上一次看是三年前了，但是也落泪了	Ten years later, the last time I watched it was three years ago, but I still cried.	born after 2010 — last watched this three years ago, but it still made me tear up
B-NEO-098	NEO	80.84	81.68	0.84	77.21	77.41	0.20	0	0	0	虽然整个乐队前期像组好队一样，但是结局随着独角兽的回归写的还是不错的	Although the whole band seemed like a great team at first, the ending was still well written with the return of the unicorn.	虽然整个乐队前期像拼凑起来的队伍一样，但是结局随着独角兽的回归写的还是不错的	Although the whole band in the early stages seemed like a patchwork team, the ending was still well written with the return of the unicorn.	even though the band felt like a thrown-together group-buy squad early on, the ending with the unicorn's return was written pretty well
B-NEO-099	NEO	87.00	87.01	0.01	76.68	75.93	-0.75	0	0	0	“苏新皓你好的太突出”这句话的价值还在增加	"The value of the statement ""Su Xinhao, you are too outstanding"" is still increasing."	“苏新皓你好的太突出”这句话的价值还在提升	"The value of the statement ""Su Xinhao, you are too outstanding"" is still increasing."	"the line ""Su Xinhao, your hello is too striking"" keeps proving truer and truer"
B-NEO-100	NEO	93.43	93.43	0.00	67.32	67.32	0.00	0	0	0	扎格列斯之手的价值还在提升！	The value of the Zagreus Hand is still rising!	扎格列斯之手的价值还在提升！	The value of the Zagreus Hand is still rising!	the Hand of Zagreus keeps proving its worth!
B-NEO-101	NEO	84.17	58.08	-26.09	65.78	66.06	0.29	0	0	0	发怒了，把打野怪爆的装备给炸了，你好歹拿一些吧	He got angry and blew up the equipment dropped by the monster. You should at least take some of it.	气急了，把打野怪爆的装备给炸了，你好歹拿一些吧	Angry, I blew up the equipment dropped by the monster. You should at least take some.	he's fuming — blew up the gear dropped from jungle monsters, at least take some of it, man
B-NEO-102	NEO	86.04	77.79	-8.25	79.53	70.50	-9.03	0	0	0	反派看到了控制他的回忆……	The antagonist saw the memories controlling him...	反派看到了完全控制住他的回忆……	The antagonist saw his memories completely under control...	the villain saw the memories that completely transfixed him……
B-NEO-103	NEO	94.68	92.14	-2.54	75.69	72.39	-3.30	0	0	0	我还以为是9.9元拼团吃饭呢	I thought it was a group-buying meal for 9.9 yuan.	我还以为是9.9元拼单买的饭呢	I thought it was a meal I bought through a group purchase for 9.9 yuan.	I thought it was a 9.9-yuan group-buy meal deal
B-NEO-104	NEO	72.62	70.96	-1.65	72.46	66.30	-6.16	100	0	-100	向佐药水哥梦幻合作！	Zuo Xiang and Yaoke Shui Ge in a dream collaboration!	向佐药水哥跨界合作！	Zuo Xiang and Yaoke Shui Ge collaborate across industries!	Xiang Zuo and Yaoshui-ge, a dream crossover!
B-NEO-105	NEO	85.35	87.87	2.52	60.58	63.61	3.03	0	0	0	电视节目配跳跳糖	TV show with popping candy	下饭视频配跳跳糖	Dinner-time videos with popping candy	comfort-viewing video paired with popping candy
B-NEO-106	NEO	97.59	97.15	-0.44	83.63	82.92	-0.71	0	0	0	这声音太棒了	This sound is great.	这声音好极了	This sound is great.	this voice is simply divine
B-NEO-107	NEO	87.33	85.49	-1.84	73.91	74.48	0.57	0	0	0	假师傅让拜，真师傅反而不让拜，难以忍受了	False masters ask you to bow, while true masters actually don't let you bow; it's hard to endure.	假师傅让拜，真师傅反而不让拜，让人无语了	Fake masters ask you to bow, but real masters actually don't want you to bow, which is beyond words.	the fake master lets you bow to him, but the real master won't — I can't even
B-NEO-108	NEO	96.29	96.62	0.33	81.80	81.90	0.11	0	0	0	一想到一睁眼就有倒计时就难受	Just thinking about having a countdown as soon as I open my eyes makes me uncomfortable.	一想到一睁眼就有倒计时就受不了	I can't stand the thought of having a countdown as soon as I open my eyes.	the thought of waking up to a countdown every day just breaks me
B-MIX-092	MIX	85.60	82.03	-3.56	74.43	69.73	-4.70	100	100	0	完全不给队友上增益效果的机会	Completely not giving the teammates any chance to apply buffs.	完全不给队友上增益的机会	Completely not giving the teammates any opportunity to apply buffs.	gives teammates zero chance to apply buffs
B-MIX-093	MIX	40.24	26.87	-13.38	54.02	45.39	-8.63	100	0	-100	不会侵蚀后全是老板吧	If it doesn't erode, then it's all the boss's, right?	不会侵蚀后全是头目吧	If it doesn't erode, will all be the leaders?	don't tell me everything after the corruption is a boss
B-MIX-094	MIX	86.74	91.72	4.98	59.44	67.29	7.85	0	0	0	顾客：心平气和图片	Customer: Calm and Composed Image	顾客：心平气和的表情包	Customer: Calm and composed emoji	customer: calm-and-composed.jpg
B-MIX-095	MIX	96.29	96.29	0.00	79.15	79.15	0.00	100	100	0	海皇大脑高速运转中……	The Sea King's brain is operating at high speed...	海皇大脑高速运转中……	The Sea King's brain is operating at high speed...	the Sea Emperor's CPU is running at full speed……
B-MIX-096	MIX	87.02	87.02	0.00	78.39	78.39	0.00	0	0	0	可以无限卡漏洞，站起来再躺下去，站起来再躺下去。	You can exploit the loophole infinitely, standing up and lying down again, standing up and lying down again.	可以无限卡漏洞，站起来再躺下去，站起来再躺下去。	You can exploit the loophole infinitely, standing up and lying down again, standing up and lying down again.	you can exploit the bug endlessly — stand up, lie back down, stand up, lie back down.
B-MIX-097	MIX	43.66	56.00	12.33	50.16	50.13	-0.03	0	100	100	在扳机的视频里刷什么悠真真的很尴尬好吧	It's really awkward to see Yuzuki in the trigger's video, okay.	在扳机的视频里刷什么悠真真的很不会看气氛好吧	What are you watching Usami in the trigger's video? You really can't read the atmosphere, can you?	spamming Harumasa comments on a Trigger video is honestly so tone-deaf, okay
B-MIX-098	MIX	84.03	75.22	-8.81	78.50	76.36	-2.14	100	100	0	别什么过场都搞快速时间事件，破坏连贯	Don't make every cutscene a quick-time event that breaks the flow.	别什么过场都搞快速反应事件，破坏连贯	Don't make every cutscene a quick-time event that breaks the coherence.	stop putting QTEs in every cutscene, it ruins the flow
B-MIX-099	MIX	91.78	93.79	2.01	56.11	63.27	7.16	0	0	0	不是哥们，怎么视频就删了。	Bro, why did you delete the video?	不是哥们，怎么宣传片就删了。	Bro, why was the promotional video deleted?	wait bro, why did the PV get deleted.
B-MIX-100	MIX	98.63	99.28	0.64	85.74	82.79	-2.95	100	100	0	要是做出这样的模型，那就有意思了	If such a model could be created, that would be interesting.	要是做出这样的模组，那就有意思了	If such a mod were made, it would be interesting.	if someone made a mod like this, that would be fun
B-MIX-101	MIX	92.84	94.63	1.80	78.79	71.26	-7.54	100	0	-100	哦我的天！这是谁家的小孩这么有出息啊啊啊啊啊	Oh my goodness! Whose child is this who's done so well!	我的天！这是谁家的小孩这么有出息啊啊啊啊啊	My goodness! Whose child is this, so accomplished!	omg! whose kid is this, so talented ahhhh
B-MIX-102	MIX	94.18	94.18	0.00	74.57	74.57	0.00	100	100	0	很多老外不知道田一鸣叫什么，就叫他超级偶像	Many foreigners don't know what Tian Yiming is called, so they call him Super Idol.	很多老外不知道田一鸣叫什么，就叫他超级偶像	Many foreigners don't know what Tian Yiming is called, so they call him Super Idol.	many foreigners don't know Tian Yiming's name, so they just call him super idol
B-MIX-103	MIX	70.60	78.18	7.58	58.04	75.43	17.39	0	0	0	知名UP主老番茄视频内容不慎跌回五年前的水平	A well-known UP主, Laotanggu, accidentally dropped the quality of his video content back to the level it was five years ago.	知名视频作者老番茄视频内容不慎跌回五年前的水平	The well-known video creator Laotangguo's video content accidentally dropped back to the level of five years ago.	famous uploader LaoFanQie's video content has accidentally slipped back to its level five years ago
B-MIX-104	MIX	98.96	94.91	-4.06	84.65	63.70	-20.95	100	100	0	我打个CS:GO心跳都能160	My heart rate can reach 160 when I play CS:GO.	我打个反恐精英心跳都能160	My heart rate can reach 160 when I play Counter-Strike.	my heart rate hits 160 just playing CS:GO
B-MIX-105	MIX	99.76	99.76	0.00	87.75	87.75	0.00	0	0	0	回答我，鸟为什么会飞？ 看着我的眼睛，告诉我为什么！	Answer me, why can birds fly? Look into my eyes and tell me why!	回答我，鸟为什么会飞？ 看着我的眼睛，告诉我为什么！	Answer me, why can birds fly? Look into my eyes and tell me why!	answer me, why can birds fly? Look at my eye, tell me why!
B-MIX-106	MIX	95.14	95.14	0.00	81.67	81.67	0.00	100	100	0	这里应该说的是欢迎来到少林 吧	"It should be ""Welcome to Shaolin"" here."	这里应该说的是欢迎来到少林 吧	"It should be ""Welcome to Shaolin"" here."	what he should have said here is welcome to Shaolin, right
B-MIX-107	MIX	82.82	82.82	0.00	61.06	61.06	0.00	100	100	0	这背景音乐给我干天津去了	This background music is giving me Tianjin vibes.	这背景音乐给我干天津去了	This background music is giving me Tianjin vibes.	this BGM just teleported me straight to Tianjin
B-MIX-108	MIX	67.13	67.13	-0.00	67.10	67.10	0.00	100	100	0	小八和啵哝就像是妈妈带了个青少年出来我服了。	Xiaoba and Bonong are like a mom taking out a teenager, I'm impressed.	小八和啵哝就像是妈妈带了个青少年出来我服了。	Xiaoba and Bonong are like a mom taking out a teenager, I'm impressed.	Xiaoba and Bonong are just like a mom taking a teenager out, I can't with them.
B-MIX-109	MIX	88.43	84.98	-3.45	80.40	79.56	-0.84	100	100	0	其实我不仅是说唱歌手，我还是调音师，香蜜湖你听见了吗	Actually, I'm not just a rapper, I'm also a sound engineer. Have you heard Xiangmi Lake?	其实我不仅是说唱歌手，我还是打碟师，香蜜湖你听见了吗	Actually, I'm not just a rapper, I'm also a DJ. Have you heard the Xiangmi Lake?	actually I'm not just a rapper, I'm also a DJ — Xiangmi Lake, can you hear me
B-MIX-110	MIX	79.53	67.88	-11.66	69.03	62.55	-6.48	0	0	0	我家小逻怎么成敌方首领单位了？还有精英干员长颈鹿	How did my Xiao Luo become the enemy commander unit? And also the elite operator Giraffe?	我家小逻怎么成敌方头目单位了？还有精英干员长颈鹿	How did my little Lao become the enemy commander unit? And also the elite operator Giraffe?	how did my Xiaoluo become an enemy boss unit? and there's an elite operator giraffe too
B-MIX-111	MIX	81.27	81.27	0.00	54.46	54.46	0.00	100	100	0	看得创伤后应激障碍犯了	PTSD is triggered.	看得创伤后应激障碍犯了	PTSD is triggered.	watching this triggered my PTSD
B-MIX-112	MIX	93.47	93.75	0.27	78.93	77.88	-1.04	100	0	-100	我独自拯救一切Pro Max	I save everything alone Pro Max	我独自拯救一切加强版	I Save Everything Alone Plus Enhanced Edition	I Alone Save Everything, Pro Max edition
B-MIX-113	MIX	91.91	91.91	0.00	70.08	70.08	0.00	100	100	0	那是债主催债了兄弟	That's the creditor coming to collect the debt, brother.	那是债主催债了兄弟	That's the creditor coming to collect the debt, brother.	that's the creditor coming to collect, bro
B-MIX-114	MIX	82.80	82.80	0.00	77.87	77.87	0.00	0	0	0	姐！邀请宋雨琦上节目！外向的人很适合！章昊也是！	Sis! Invite Song Yuqi to the show! Outgoing people are very suitable! Zhang Hao is also!	姐！邀请宋雨琦上节目！外向的人很适合！章昊也是！	Sis! Invite Song Yuqi to the show! Outgoing people are very suitable! Zhang Hao is also!	sis! invite Song Yuqi onto the show! extroverts are perfect for it! Zhang Hao too!
B-MIX-115	MIX	83.88	83.88	0.00	75.50	75.50	0.00	100	100	0	好阳光啊，这一定是相互救赎的少女乐队故事吧哈哈哈	What a sunny day, this must be a story about a girl band redemption, hahaha	好阳光啊，这一定是相互救赎的少女乐队故事吧哈哈哈	What a sunny day, this must be a story about a girl band redemption, hahaha	so wholesome — this must be a girls-band story of mutual redemption lol
B-MIX-116	MIX	91.97	85.06	-6.91	85.31	83.96	-1.36	0	0	0	小时候我没有情侣这个概念，一直认为这俩只是朋友	I didn't have the concept of having a boyfriend or girlfriend when I was young, and I always thought they were just friends.	小时候我没有情侣配对这个概念，一直认为这俩只是朋友	I didn't have the concept of romantic pairing when I was young, and I always thought they were just friends.	as a kid I had no concept of shipping — I always thought these two were just friends
B-MIX-117	MIX	89.08	89.08	0.00	81.73	81.73	0.00	0	0	0	妹妹在扮演商鞅吗	Is your younger sister playing the role of Shang Yang?	妹妹在扮演商鞅吗	Is your younger sister playing the role of Shang Yang?	is the girl cosplaying Shang Yang
B-MIX-118	MIX	93.42	94.98	1.56	79.05	76.48	-2.56	0	100	100	哎呀，蚊子得了最有价值球员！	Wow, the mosquito got the Most Valuable Player award!	哎呀，蚊子得了全场最佳！	Oh, the mosquito was the MVP of the whole thing!	oops, the mosquito got the MVP!
B-MIX-119	MIX	97.05	97.05	0.00	80.96	80.96	0.00	100	100	0	这都人工智能配音了，字幕当然也是人工智能啊	With AI doing the voice-over, the subtitles are naturally AI-generated as well.	这都人工智能配音了，字幕当然也是人工智能啊	With AI doing the voice-over, the subtitles are naturally AI-generated as well.	the voiceover is already AI, so of course the subtitles are AI too
B-MIX-120	MIX	80.47	96.80	16.33	52.01	73.10	21.08	0	100	100	谁还没看我都会伤心的好的？	Who hasn't seen it would make me sad, right?	谁还没看我都会伤心的好吗？	If anyone hasn't seen it, I'll be sad, okay?	if anyone hasn't watched this yet I'll be sad, OK?
B-MIX-121	MIX	77.96	76.25	-1.71	50.27	53.87	3.60	100	100	0	少看一天B站都剪不出来	Watch less Bilibili for a day and you won't be able to edit it out.	少看一天哔哩哔哩都剪不出来	Watch Bilibili one day less and you can't even make a clip.	skip even one day of Bilibili and you couldn't edit this
B-MIX-122	MIX	97.74	97.74	0.00	84.32	84.32	0.00	100	100	0	只是一个道歉，但是这个道歉的代价实在太高	Just an apology, but the cost of this apology is simply too high.	只是一个道歉，但是这个道歉的代价实在太高	Just an apology, but the cost of this apology is simply too high.	it's just an apology, but the price of this apology is way too high
B-MIX-123	MIX	92.76	92.36	-0.40	81.85	83.08	1.23	0	0	0	记者会？不，个人展示时间	Press conference? No, personal presentation time.	记者会？不，个人表演时间	Press conference? No, it's my personal performance time.	a press conference? no, it's personal show time
B-MIX-124	MIX	79.25	89.08	9.84	57.23	79.53	22.30	100	0	-100	这一场演得不好，应该喊重来重来	"This performance was bad, we should shout ""Cut, cut"""	这一场演得不好，应该喊停重来	This performance was bad, we should call a stop and start over.	this scene was badly acted, someone should call cut and redo it
B-MIX-125	MIX	97.25	97.25	0.00	84.09	84.09	0.00	100	100	0	喝水这部分我真的笑了	I really laughed at this part about drinking water.	喝水这部分我真的笑了	I really laughed at this part about drinking water.	the water-drinking part genuinely made me laugh
B-MIX-126	MIX	96.95	97.69	0.74	81.00	82.64	1.65	0	0	0	中式恐怖，真的另一个层次	Chinese-style horror is really on another level.	中式恐怖，真的更上一层楼	Chinese-style horror has truly reached new heights.	Chinese-style horror, truly next level
B-MIX-127	MIX	96.49	96.49	0.00	83.14	83.14	0.00	0	0	0	他们都在好奇那个非玩家角色是谁扮的	They are all wondering who played that non-player character.	他们都在好奇那个非玩家角色是谁扮的	They are all wondering who played that non-player character.	they're all wondering who played that NPC
B-MIX-128	MIX	93.88	90.93	-2.95	76.54	73.75	-2.79	0	100	100	我好想看张桂源也来一期	I really want to see Zhang Guiyuan come on too.	内心独白好想看张桂源也来一期	I really want to see Zhang Guiyuan do an episode of inner monologue too.	inner monologue: I really want to see Zhang Guiyuan do an episode too
B-MIX-129	MIX	95.66	95.92	0.26	77.72	74.36	-3.35	0	0	0	我已经走在了乡村道路 上了	I have already set foot on the rural road.	我已经走在了乡间小路 上了	I have already set foot on the country path.	I'm already walking on the country road
B-MIX-130	MIX	87.30	93.97	6.67	59.93	73.55	13.62	0	0	0	从来没有get到他颜值	Never got his good looks.	从来没有领略到他颜值	Never experienced his good looks.	I've never gotten the appeal of his looks
B-MIX-131	MIX	96.15	95.53	-0.61	80.10	72.50	-7.59	100	100	0	看哪一只眼睛啊先生	Which eye should I look at, sir?	看哪一只眼啊长官	Which eye to look at, sir?	looking at which eye, sir
B-MIX-132	MIX	97.00	97.00	0.00	81.24	81.24	0.00	100	100	0	天磊：我能说什么	Tian Lei: What can I say	天磊：我能说什么	Tian Lei: What can I say	Tianlei: what can I say
B-MIX-133	MIX	71.02	78.60	7.58	64.03	79.38	15.35	0	100	100	唉，我去，真的有比利诶。该不会是暗示稳比利吧	Oh my, there's really a Billy. It's not hinting at Stable Billy, is it?	唉，我去，真的有比利诶。该不会是暗示特殊版比利吧	Oh my, there's really a Billy here. It's not hinting at the special edition Billy, is it?	whoa, there really is a Billy — could this be hinting at an SP Billy
B-MIX-134	MIX	88.52	87.64	-0.88	72.41	74.56	2.14	0	100	100	摊主，我也是你们玩法中的一环吗	Vendor, am I also part of your game?	摊主，我也是你们角色扮演中的一环吗	Vendor, am I also part of your role-playing?	stall owner, am I also part of your roleplay
B-MIX-135	MIX	83.56	83.56	0.00	77.77	77.77	0.00	100	100	0	抽我,请抽我	Pick me, please pick me	抽我,请抽我	Pick me, please pick me	draw me, please draw me
B-MIX-136	MIX	99.71	97.46	-2.25	78.66	81.51	2.85	100	0	-100	老板已进入二阶段	The boss has entered phase two.	头目已进入二阶段	The leader has entered phase two.	the boss has entered phase two
B-MIX-137	MIX	96.64	88.48	-8.16	75.96	75.72	-0.23	100	0	-100	这里是以为他要长期练，MCN没沟通好	It was assumed he would train for a long time, and the MCN didn't communicate properly.	这里是以为他要长期练，传媒公司没沟通好	It was assumed he would train for a long time, and the media company didn't communicate properly.	here they thought he'd be training long-term — the MCN agency didn't communicate properly
B-MIX-138	MIX	64.44	69.19	4.76	79.17	80.78	1.62	0	0	0	加拉赫上线一年了还在住	Galah has been online for a year and is still living there.	加拉赫上线一年了还在当主力	Galah has been online for a year and is still the main player.	Gallagher has been out for a year and is still carrying
B-MIX-139	MIX	79.31	79.31	0.00	78.10	78.10	0.00	0	0	0	直伤+超击破+持续伤害	Direct hit + Critical break + Sustained damage	直伤+超击破+持续伤害	Direct hit + Critical break + Sustained damage	direct damage + super break + DoT damage
B-HOM-133	PYA	85.65	85.65	0.00	63.66	63.66	0.00	100	100	0	兄弟  成佛吧   修仙太难了	Brother, become a Buddha. Cultivation is too difficult.	兄弟  成佛吧   修仙太难了	Brother, become a Buddha. Cultivation is too difficult.	bro, just become a buddha — cultivating immortality is too hard
B-HOM-134	HOM	56.79	66.58	9.80	67.34	76.41	9.07	0	0	0	我真怕药水一拳给吓着打晕过去	I'm really afraid the medicine might scare him so much that he gets knocked out.	我真怕药水一拳给向佐打晕过去	I'm really afraid the potion will knock Wong Cho-leung out with one punch.	I'm really afraid Yaoshui will knock Xiang Zuo out with one punch
B-HOM-135	HOM	76.40	78.87	2.48	65.07	74.48	9.41	0	100	100	甲亢哥：我还能再看一遍	Hyperthyroid Brother: I can watch it again.	甲亢哥：我还能再看一亿遍	Hyperthyroid Brother: I can watch it another hundred million times.	Jiakang Bro: I could watch this a hundred million more times
B-NEO-109	NEO	85.29	92.74	7.45	68.68	70.63	1.96	0	0	0	荒谬，吴国给日本朝贡都来了	Absurd, the state of Wu has even come to pay tribute to Japan.	离谱，吴国给日本朝贡都来了	Unbelievable, the State of Wu has even sent tribute to Japan.	outrageous — now we've even got the Wu kingdom paying tribute to Japan
B-NEO-110	NEO	78.98	77.88	-1.10	63.04	70.70	7.66	0	100	100	流泪了，米哈游你坏事做尽	Crying now, miHoYo, you've done nothing but evil.	感动落泪了，米哈游你坏事做尽	Moved to tears, miHoYo, you've done nothing but evil.	I teared up — miHoYo, you've done every evil deed there is
B-NEO-111	NEO	84.19	87.42	3.24	79.62	78.40	-1.22	0	0	0	非985非211大学生，还没进厂。光看这个社会环境已经感觉自己感到精疲力尽	Not a graduate of a 985 or 211 university, and haven't even entered the factory yet. Just looking at the current social environment already makes me feel completely exhausted.	非重点大学的大学生，还没进厂。光看这个社会环境已经感觉自己精疲力竭了	College students from non-key universities haven't even entered the workforce. Just by observing the social environment, they already feel completely exhausted.	a non-elite-university student who hasn't even started working yet — just looking at this social environment I already feel burned out
B-NEO-112	NEO	91.16	89.96	-1.20	75.23	67.95	-7.28	0	0	0	看勇哥直播，各种厉害的人	Watch Brother Yong's live stream, full of impressive people	看勇哥直播，各种行为离谱的人	Watch Brother Yong's live stream, people with all kinds of outrageous behaviors	watching Brother Yong's streams, you see all kinds of absolute characters
B-NEO-113	NEO	77.85	77.64	-0.20	77.40	75.97	-1.43	0	0	0	太真实了，想到的那句话发现他可能听不懂于是在后面加点补充说明	It's too true; I thought of that sentence but realized he might not understand it, so I added some supplementary explanation afterward.	太真实了，想到的那句话发现他可能听不懂于是在后面加点补充说明	It's too true; I thought of a phrase but realized he might not understand it, so I added some supplementary explanation afterward.	so true — you think of a comeback, realize he might not get it, and then tack some patches onto it
B-NEO-114	NEO	91.39	88.60	-2.79	68.55	81.76	13.22	0	0	0	为什么能配到这么多高手	Why can you match with so many experts?	为什么能匹配到这么多行为离谱的人	Why can so many people with strange behaviors be matched?	how do I keep getting matched with so many absolute characters
B-NEO-115	NEO	90.10	90.97	0.88	68.71	81.08	12.37	0	0	0	所以男主在挂掉的威胁下领悟了？	So the male lead realized it under the threat of being killed off?	所以男主在死掉的威胁下领悟了？	So the male lead realized it under the threat of death?	so the male lead had his awakening under the threat of getting offed?
B-MIX-140	MIX	69.80	74.32	4.51	77.95	58.25	-19.69	0	0	0	这个家伙不会要给他出个动画吧？	Would this guy make an anime out of it?	这个绝区零不会要给他出个动画吧？	Would they make an anime for this Sakuzyo?	don't tell me ZZZ is going to make an anime for him?
B-MIX-141	MIX	95.56	93.88	-1.68	80.40	80.87	0.47	100	0	-100	怎么说呢 很怀疑上传者的精神状态	How to say... I really doubt the uploader's mental state.	怎么说呢 很怀疑视频作者的精神状态	How to say... I really doubt the mental state of the video's author.	how do I put it — I seriously question this uploader's state of mind
B-MIX-143	MIX	98.16	89.40	-8.76	78.21	72.59	-5.62	100	100	0	他和背后的 NPC 格格不入	He doesn't fit in with the NPCs behind him.	他和背后的 非玩家角色 格格不入	He stands out from the non-player characters behind him.	he's completely out of place next to the NPC behind him
B-MIX-145	NEO	65.43	78.91	13.49	71.78	74.01	2.24	0	0	0	甲亢哥：我激动了	Hyperthyroid Brother: I'm excited	甲亢哥：我本能被唤醒了	Hyperthyroid Brother: My primal instincts have been awakened.	Jiakang Bro: my DNA just moved
B-MIX-146	MIX	87.85	83.62	-4.23	61.96	66.49	4.53	100	0	-100	兄弟以为自己在演致命ID	"Brother thinks he's acting in ""Identity Thief."""	这哥们以为自己在演致命ID	"This guy thinks he's in the movie ""Identity Thief."""	bro thinks he's starring in Identity
B-MIX-147	MIX	93.17	93.17	0.00	70.72	70.72	0.00	0	0	0	干嘛突然扮演班主任	Why suddenly play the role of the homeroom teacher?	干嘛突然扮演班主任	Why suddenly play the role of the homeroom teacher?	why are you suddenly cosplaying as the homeroom teacher
B-MIX-148	MIX	86.47	85.86	-0.61	77.75	73.05	-4.70	0	0	0	神作，没见过的魔种类呢	A great work, never seen such a type of demon before.	神作，没见过的混剪视频种类呢	Amazing work, a type of mixed video I've never seen before.	a masterpiece — a kind of MAD I've never seen before
B-PYA-109	PYA	90.91	89.87	-1.04	56.64	67.05	10.41	100	100	0	拍了拍博士的石棺盖子哈哈哈	Patted the doctor's stone coffin lid, hahaha	拍了拍博士的石棺盖子哈哈哈哈哈	Patted the doctor's stone coffin lid and laughed hahaha	gave the Doctor's stone coffin lid a little pat hahaha
B-PYA-110	PYA	99.06	99.06	0.00	84.44	84.44	0.00	100	100	0	万恶的资本家	Evil capitalists	万恶的资本家	Evil capitalists	the evil capitalists
B-PYA-111	PYA	83.22	83.22	0.00	63.51	63.51	0.00	100	100	0	就说问啥听不到，奶奶的只带了一个耳机	Just say why you can't hear, damn it, I only brought one headphone	就说问啥听不到，奶奶的只带了一个耳机	Just say why you can't hear, damn it, I only brought one headphone	no wonder he said he couldn't hear anything — damn it, he only brought one earbud
