uid	category	xcomet_noisy	xcomet_clean	xcomet_d	kiwi_noisy	kiwi_clean	kiwi_d	nta_noisy	nta_clean	nta_d	src_noisy	hyp_noisy	src_clean	hyp_clean	ref_en
B-HOM-001	HOM	93.43	95.32	1.89	64.40	83.72	19.32	0	0	0	酱紫也行？那我也试试	That's okay? Then I'll try it too.	这样子也行？那我也试试	That's okay? Then I'll try too.	this works? then let me try too
B-HOM-002	HOM	97.44	99.45	2.01	64.28	81.82	17.54	0	0	0	你怎么酱紫说话，人家会误会的	How can you talk like that? Others might misunderstand.	你怎么这样子说话，人家会误会的	Why do you speak like that? Others might misunderstand.	why do you talk like that, people will misunderstand
B-HOM-003	HOM	96.96	97.62	0.65	81.72	83.17	1.45	0	0	0	各位童鞋注意了，期末考试要来了	Everyone, pay attention—the final exam is coming.	各位同学注意了，期末考试要来了	Everyone, pay attention, the final exam is coming.	attention classmates, final exams are coming
B-HOM-004	HOM	95.30	78.68	-16.62	81.56	66.32	-15.24	0	0	0	童鞋们帮我看看这道题怎么做	Kids, help me see how to solve this problem.	同学们帮我看看这道题怎么做	Please help me check how to solve this problem,同学们.	classmates help me figure out this problem
B-HOM-005	HOM	95.21	96.44	1.23	72.52	83.11	10.59	100	100	0	我真的好稀饭这个博主，太搞笑了	I really love this blogger; they're so funny.	我真的好喜欢这个博主，太搞笑了	I really like this blogger a lot; they're so funny.	I really like this creator, too funny
B-HOM-006	HOM	93.51	98.72	5.21	62.01	85.58	23.57	100	100	0	你是不是稀饭我？直说嘛	Do you like me? Just say it straight.	你是不是喜欢我？直说嘛	Do you like me? Just say it straight.	do you like me? just say it
B-HOM-007	HOM	92.34	98.36	6.02	71.77	82.81	11.04	0	100	100	今天又是杯具的一天，出门忘带钥匙	Another day of mishaps, forgot my keys when leaving the house.	今天又是悲剧的一天，出门忘带钥匙	Today is another tragic day, I forgot my keys when I went out.	another tragic day, forgot my keys going out
B-HOM-008	HOM	81.90	96.81	14.91	48.74	83.83	35.08	0	100	100	人生就是一个杯具接着一个杯具	Life is one cup disaster after another.	人生就是一个悲剧接着一个悲剧	Life is a tragedy after another tragedy.	life is one tragedy after another
B-HOM-009	HOM	84.62	91.17	6.55	61.99	79.37	17.38	0	0	0	游戏过于神金，不确定先从哪里笑起	The game is too godlike; unsure where to start laughing.	游戏过于神经，不确定先从哪里笑起	The game is too nerve-wracking; unsure where to start laughing.	this game is so unhinged, not sure where to start laughing
B-HOM-010	HOM	75.07	93.35	18.28	74.11	70.64	-3.47	0	100	100	都说我做饭神金，今天就做神金给你们吃	Everyone says I'm a god at cooking, so today I'll make godly dishes for you to eat.	都说我做饭神经，今天就做神经给你们吃	They all say I'm crazy when it comes to cooking, so today I'll cook something really crazy for you.	y'all say I'm crazy in the kitchen, so today I'm cooking crazy for you
B-HOM-011	HOM	85.51	91.75	6.24	63.30	82.61	19.31	0	0	0	世界上最神金的行为	The most divine act in the world	世界上最神经的行为	The most neurotic behavior in the world	the most unhinged behavior in the world
B-HOM-012	HOM	68.99	77.64	8.65	51.39	70.33	18.94	0	0	0	被这离谱的主播笑拥了	Was laughed at by this absurd streamer.	被这离谱的主播笑晕了	I was so stunned by this ridiculous streamer's laughter that I fainted.	I'm dead from this absurd streamer
B-HOM-013	HOM	76.33	92.65	16.32	65.23	74.41	9.18	0	0	0	笑拥了！带货主播推荐的迷惑水果太离谱了吧	Laughing! The confusing fruits recommended by the live-streaming host are absolutely ridiculous.	笑晕了！带货主播推荐的迷惑水果太离谱了吧	I'm laughing so hard! The confusing fruits recommended by the live-streaming sales host are absolutely ridiculous!	I’m dying laughing! Those weird fruits promoted by live stream sales hosts are ridiculous.
B-HOM-014	HOM	84.11	87.59	3.48	74.75	78.55	3.80	0	0	0	新来的00后程序员写的代码，看到这段注释真的快把我笑拥了	The code written by the new 00s-born programmer made me almost laugh out of my socks when I saw this comment.	新来的00后程序员写的代码，看到这段注释真的快把我笑晕了	The code written by the new 00s-born programmer made me almost faint from laughing when I saw this comment.	the new Gen Z programmer's code, seeing this comment almost killed me laughing
B-HOM-016	NEO	79.80	78.00	-1.80	73.28	72.87	-0.41	0	0	0	考试没复习直接寄，明年再来	Take the exam without reviewing and just submit it; come back next year.	考试没复习直接完了，明年再来	I didn't review for the exam and just finished it; I'll take it again next year.	didn't study for the exam, it's over, see you next year
B-HOM-018	HOM	71.84	84.67	12.83	49.97	58.48	8.51	0	0	0	火钳流明，这帖子要火	Fire钳流明, this post is going to go viral.	火前留名，这帖子要火	Leave a name before the post goes viral.	leaving a name before this blows up, this post is about to go viral
B-HOM-019	HOM	62.86	86.79	23.93	49.72	81.38	31.66	0	0	0	雀食好笑，不骗你	It's funny how they nibble at the crumbs, don't worry.	确实好笑，不骗你	It's really funny, don't worry.	it's genuinely funny, no cap
B-HOM-021	HOM	88.52	97.65	9.12	72.03	84.71	12.68	0	100	100	沃草，这无人机表演太震撼了	Woca, this drone show was absolutely amazing!	我操，这无人机表演太震撼了	Damn, that drone show was amazing!	holy crap, this drone show is insane
B-HOM-023	HOM	72.34	89.70	17.36	70.06	56.48	-13.57	0	0	0	你想peach呢，哪有这么好的事	You want peaches? There's no such good thing.	你想屁吃呢，哪有这么好的事	You're talking nonsense, there's no such good thing.	you're dreaming, how can something that good happen
B-HOM-024	HOM	95.08	97.07	1.99	77.40	83.37	5.98	100	100	0	别虾扯蛋了，老师说的都是真的吗	Don't talk nonsense, are all the things the teacher said true?	别瞎扯淡了，老师说的都是真的吗	Stop talking nonsense, are all the things the teacher said true?	stop talking BS, is what the teacher said even true
B-HOM-025	HOM	70.60	70.40	-0.20	62.90	54.76	-8.15	0	0	0	先报上自己的分数啊搞辣菜	First, report your score, then we can have some spicy dishes.	先报上自己的分数啊搞拉踩	First, report your own score and don't bring others down.	dropping your score first before throwing shade smh
B-HOM-026	HOM	71.87	95.45	23.58	62.94	76.46	13.51	0	0	0	蚌埠住了，腾讯这泄密处理速度也太快了吧	Bengbu is a good place to live, but Tencent's handling speed of the leak is too fast.	绷不住了，腾讯这泄密处理速度也太快了吧	I can't take it anymore, Tencent's leak handling speed is too fast.	I can't hold it in anymore, Tencent's speed in handling this leak is just too fast
B-HOM-027	HOM	67.59	80.39	12.80	59.83	79.31	19.47	0	0	0	嗷利给，西班牙第一了	Oriol, Spain first!	奥利给，西班牙第一了	Oli, Spain is first.	Aigoo Spain took first place let's gooo
B-HOM-028	HOM	66.40	80.92	14.52	54.95	78.36	23.41	0	0	0	这配置针不戳，性价比拉满	This configuration is spot on, and the cost-effectiveness is at its peak.	这配置真不错，性价比拉满	This configuration is really great, offering excellent value for money.	This setup slaps, value for money off the charts
B-HOM-029	HOM	63.53	54.14	-9.39	53.41	57.69	4.28	0	0	0	赛里木湖这操作针不戳啊，景区打人还能辞退就完事了？	The operation at Sea Lake is spot on, how can the scenic area just let off the person who assaulted someone and fire them?	赛里木湖这操作真不错啊，景区打人还能辞退就完事了？	That operation at Sea Lake is really good. Can the scenic area just fire someone and get away with it after beating them up?	Sarim Lake's handling is just great, beating people at a scenic spot and just firing them is that it?
B-HOM-030	HOM	35.57	93.63	58.06	62.27	79.16	16.88	0	0	0	蚌埠住了，这也太好笑了吧	Bengbu is a great place to live, isn't it hilarious?	绷不住了，这也太好笑了吧	I can't take it anymore; this is too funny.	bruh I can't hold it in this is too funny lmao
B-HOM-031	HOM	87.66	89.56	1.90	67.17	78.83	11.66	0	0	0	卧槽317万年终奖就这么没了？	What a 3.17 million yuan annual bonus just vanished?	我操317万年终奖就这么没了？	Did my 3.17 million yuan annual bonus just disappear?	Wtf, 3.17 million year-end bonus just gone like that?
B-HOM-032	HOM	72.01	94.70	22.69	74.88	79.59	4.71	0	100	100	你就耗子尾汁吧，别折腾了	Just drink the rat's tail soup, stop messing around.	你就好自为之吧，别折腾了	Take care of yourself and stop causing trouble.	watch yourself bro stop messing around
B-HOM-033	HOM	72.03	85.18	13.15	55.45	68.95	13.50	0	0	0	王虹这波属实深藏blue了，拿完奖还这么低调	Wang Hong's move is truly deep blue, winning an award yet remaining so low-key.	王虹这波属实深藏不露了，拿完奖还这么低调	Wang Hong's move this time is truly hidden and subtle; she's so modest even after winning the award.	Wang Hong has truly been hiding her talents, so low-key after winning the award
B-HOM-034	HOM	65.32	95.46	30.13	63.48	77.03	13.55	0	0	0	蚌埠住了这也太搞笑了	It's really funny that he stayed in Bengbu.	绷不住了这也太搞笑了	I can't take it anymore; this is too funny.	can't hold it in anymore this is way too funny fr
B-HOM-035	HOM	64.47	91.54	27.07	55.74	83.61	27.87	100	0	-100	看到50亿离婚案的消息我直接蓝瘦香菇	When I saw the news about 5 billion divorce cases, I was so sad I couldn't help but feel blue and want to eat a mushroom.	看到50亿离婚案的消息我直接难受想哭	The news about 5 billion divorce cases made me feel so upset I wanted to cry right away.	Seeing the news about the 5 billion divorce case, I'm so sad I could cry
B-HOM-036	HOM	70.42	91.85	21.42	73.60	84.12	10.52	0	0	0	针不戳，这个视频做得真好	The needle doesn't pierce, this video is really well made.	真不错，这个视频做得真好	That's really great, the video is done very well.	not bad this video is actually fire
B-HOM-037	HOM	79.67	71.37	-8.29	55.61	68.68	13.08	0	0	0	这景区管理duck不必，7个人打一个司机	This scenic area management is unnecessary, seven people for one driver.	这景区管理大可不必，7个人打一个司机	This scenic area management is unnecessary; seven people can handle one driver.	This scenic area management is totally unnecessary, 7 people beating one driver
B-HOM-038	HOM	98.98	99.38	0.40	57.40	84.02	26.62	100	0	-100	这个颜色灰常好看	This color is really nice.	这个颜色非常好看	This color looks very nice.	this color looks really good ngl
B-HOM-039	HOM	78.12	86.24	8.12	49.32	62.39	13.07	0	0	0	腾讯这波操作属于是虾仁猪心了	This move by Tencent is really out of touch.	腾讯这波操作属于是杀人诛心了	This move by Tencent is really heartless.	Tencent's move this time is truly adding insult to injury
B-HOM-040	HOM	81.70	79.94	-1.76	59.37	49.36	-10.02	0	0	0	有内味了，就是这个感觉	It has that inner taste, exactly this feeling.	有那味了，就是这个感觉	There it is, that's the feeling.	got that vibe this is the feeling
B-HOM-041	HOM	68.00	71.86	3.86	64.32	72.88	8.56	0	0	0	泄密被辞退永不录用，这员工只能耗子喂汁了	Leakage leads to dismissal and permanent rejection; this employee is only good for feeding rats.	泄密被辞退永不录用，这员工只能好自为之了	Leakage leads to dismissal and permanent rejection; this employee can only take care of themselves from now on.	Fired for leaking and never to be rehired, this employee better watch out
B-HOM-042	HOM	95.96	96.54	0.58	74.47	81.26	6.79	0	0	0	这部剧的女主造型好康	The female lead's outfit is very stylish.	这部剧的女主造型好看	The female lead's outfit in this drama looks good.	the female lead's look in this drama is gorgeous
B-HOM-043	HOM	75.80	58.62	-17.18	60.45	40.48	-19.97	0	0	0	耗子尾汁，好自为之吧	Mouse tail soup, take care of yourself.	好自为之，好自为之吧	Take care, take care.	Learn your lesson and shape up.
B-HOM-044	HOM	69.22	89.56	20.35	50.39	81.87	31.47	0	0	0	这个操作太虾仁了	This operation is too shrimp-like.	这个操作太吓人了	This operation is too scary.	this play is straight up terrifying
B-HOM-045	HOM	80.67	88.18	7.52	59.06	62.58	3.51	0	100	100	中国女排这波直接丸辣，美国队不服不行	China's women's volleyball team's direct slap really left the American team with no choice but to admit defeat.	中国女排这波直接完啦，美国队不服不行	The Chinese women's volleyball team just finished directly, and the American team has no choice but to admit defeat.	China's women's volleyball team is done for this time, the US team has to admit defeat
B-HOM-046	HOM	79.42	95.30	15.88	68.02	70.38	2.36	0	100	100	鸭力好大，快要顶不住了	The duck's power is too strong, I'm about to give up.	压力好大，快要顶不住了	The pressure is too much, I'm about to break.	the pressure is so high can't hold on anymore
B-HOM-047	HOM	82.21	100.00	17.79	41.57	87.95	46.38	0	100	100	窝五碎！！！	Oh my god!	我五岁！！！	I am five years old!!!	I'm five years old!!!
B-HOM-048	HOM	83.40	74.78	-8.63	73.04	69.54	-3.51	0	100	100	赛里木湖这事整得灰常离谱	The incident at Sea Lake is extremely absurd.	赛里木湖这事整得非常离谱	The incident at Sea Lake is handled in a very absurd way.	The Sarim Lake incident is really outrageous
B-HOM-049	HOM	91.77	92.57	0.79	83.20	84.67	1.47	0	0	0	看完这帖子我直接笑嘻了	I laughed so hard after reading this post.	看完这帖子我直接笑死了	I laughed so hard after reading this post.	after reading this post I'm dead lmao
B-HOM-050	HOM	85.38	99.06	13.67	63.76	85.90	22.14	0	100	100	看完这个视频我蕉绿了	After watching this video, I turned green.	看完这个视频我焦虑了	After watching this video, I felt anxious.	after watching this vid I'm straight up anxious
B-HOM-051	HOM	85.24	95.49	10.25	42.42	81.27	38.86	0	0	0	看完女排比赛我直接鸭梨山大	After watching the women's volleyball match, I was completely stressed out.	看完女排比赛我直接压力山大	After watching the women's volleyball match, I was immediately under a lot of pressure.	After watching the women's volleyball match, I'm under enormous pressure
B-HOM-052	HOM	44.74	43.74	-1.00	60.45	72.45	11.99	0	0	0	笑鼠了！一会抛梗一会接梗	Laughing at the rat! Sometimes throwing a punchline, sometimes catching one.	笑死了！一会抛梗一会接梗	Laughing my head off! Sometimes throwing a punchline, sometimes catching one.	dying of laughter! one sec they set up the joke next sec they're playing along
B-HOM-053	HOM	79.53	84.22	4.69	58.64	69.27	10.63	0	0	0	测评娃哈哈高透史莱姆好好康	Evaluate Wahaha High Transparency Slime for Health and Wellness	测评娃哈哈高透史莱姆好好看	Evaluating Wahaha High Transparency Slime Looks Great	reviewing Wahaha's crystal clear slime it looks so good
B-HOM-054	HOM	90.77	92.65	1.88	59.02	78.91	19.89	0	0	0	窝巢，这也太厉害了吧	Nest, that's way too impressive!	我操，这也太厉害了吧	Damn, that's way too impressive.	wtf this is too insane bruh
B-HOM-055	HOM	78.89	94.54	15.65	74.12	80.60	6.48	0	0	0	笑的想鼠	Laughing like a mouse	笑的想死	Laughing until you can't breathe	laughing till I die
B-HOM-056	HOM	56.68	82.12	25.45	65.21	73.74	8.54	0	0	0	这里是孙吧忏悔室，一人忏悔一件你觉得最厨神的事	This is Sun's confession room. Each person confesses one thing they think is the most chef-like thing.	这里是孙吧忏悔室，一人忏悔一件你觉得最畜生的事	This is Sun's confession room. Each person confesses one thing they think is the most despicable act.	welcome to Sun Bar confessional drop your most savage moment
B-HOM-057	HOM	82.26	100.00	17.74	73.16	83.97	10.81	0	100	100	关于玉玉症表妹喜欢上我的故事	The story about Yuyu syndrome and my cousin who fell in love with me.	关于抑郁症表妹喜欢上我的故事	The story of my depressed cousin falling in love with me	the story of how my depressed cousin fell for me
B-HOM-058	HOM	91.18	92.54	1.36	73.89	81.41	7.52	0	100	100	这是我女朋友 羡慕吗笑抽们🤣	This is my girlfriend. Jealous? 😂🤣	这是我女朋友 羡慕吗小丑们🤣	This is my girlfriend. Jealous, little clowns? 😂	this is my gf. jealous you clowns? 🤣
B-HOM-059	HOM	60.97	63.45	2.48	57.39	64.26	6.87	100	0	-100	麻辣烫我只认元娘娘，口味多好7	I only recognize Yuan娘娘 for her spicy hot pot, with so many good flavors.	麻辣烫我只认元娘娘，口味多好吃	I only recognize Yuan娘娘 for her spicy hot pot, with many flavors and delicious taste.	I only trust Yuan Niangniang for malatang it's so good
B-HOM-060	HOM	73.35	79.02	5.67	65.80	53.83	-11.97	0	0	0	可爱的小香猪变成了温暖的答辩	The cute little pot-bellied pig became a warm defense.	可爱的小香猪变成了温暖的大便	The cute little pot-bellied pig turned into warm feces.	a cute little guinea pig turned into warm crap
B-HOM-061	HOM	88.31	96.64	8.34	79.10	83.57	4.47	0	0	0	我要笑亖了卧槽	I'm about to laugh my ass off, damn it.	我要笑死了卧槽	I'm dying of laughter, damn it.	I'm gonna die laughing oh shit
B-HOM-062	HOM	68.70	94.66	25.96	64.09	77.48	13.39	0	0	0	时间长了搞亖你	If you do it for too long, you'll end up messing things up.	时间长了搞死你	It'll kill you in the long run.	I'll work you to death over time
B-HOM-063	HOM	78.56	81.51	2.95	56.01	55.84	-0.18	0	0	0	笑亖了家人们谁懂啊	It's so funny, everyone, who understands this?	笑死了家人们谁懂啊	Everyone's laughing, who could understand this?	dying of laughter fam who understands
B-HOM-064	HOM	81.50	98.24	16.75	62.58	87.12	24.54	0	0	0	她居然紫砂了	She managed to make purple clay.	她居然自杀了	She committed suicide.	she actually offed herself
B-HOM-065	HOM	47.13	48.43	1.31	69.87	72.26	2.39	100	100	0	小哥：我真妹骗人！！我真给白衣女鬼送过餐！！你不知道哟！我魂都快没了，那餐是一点都没撒！！没办法，这就是哥的实力！	Bro: I really didn't lie!! I really delivered food to the white-clothed ghost!! You don't know, you know! My soul is almost gone, but that meal didn't spill a single drop!! There's no way, this is my brother's strength!	小哥：我真没骗人！！我真给白衣女鬼送过餐！！你不知道哟！我魂都快没了，那餐是一点都没撒！！没办法，这就是哥的实力！	Bro: I really didn't lie!! I really delivered food to the white-clothed female ghost!! You don't know, you know! My soul is almost gone, but that meal didn't spill a single drop!! There's no way, this is my brother's strength!	Bro: I seriously didn't lie!! I really delivered food to the girl ghost in white!! You don't know! I nearly lost my soul, not a single drop spilled on that delivery! No choice, this is bro's skill!
B-HOM-066	HOM	61.57	84.08	22.51	43.24	55.09	11.85	0	100	100	博主成功把中二拍成沙子了	The blogger successfully shot the middle school student as sand.	博主成功把中二拍成傻子了	The blogger successfully portrayed the second-year student as a fool.	The blogger successfully made the edgy act look like a fool
B-HOM-067	HOM	81.97	76.71	-5.25	65.78	77.94	12.15	0	0	0	肺雾才需要爱情，神都是孤独的	The lungs need love, and all gods are lonely.	废物才需要爱情，神都是孤独的	Trash needs love, and gods are all lonely.	Only the weak yearn for love; gods are destined to be alone.
B-HOM-068	HOM	97.34	98.74	1.40	72.35	84.57	12.22	0	100	100	我在学校哭别人鸟都不鸟我	I cried at school, but nobody even looked at me.	我在学校哭别人理都不理我	I cried at school, but nobody even paid attention to me.	I cried at school and nobody even paid attention to me
B-HOM-069	HOM	79.80	81.39	1.58	43.40	54.21	10.81	0	0	0	现场偷挖被抓,夺笋呐!	Caught stealing on-site, what a shame!	现场偷挖被抓,多损呐!	Caught stealing on-site, what a loss!	Caught digging secretly on site, so savage!
B-HOM-070	HOM	76.73	81.37	4.64	57.91	73.08	15.17	0	100	100	这个特效针不戛！	This special effect needle doesn't work!	这个特效真不尬！	This effect is really not awkward!	This special effect is really not cringe!
B-HOM-071	HOM	65.06	81.70	16.64	33.95	58.53	24.58	100	100	0	要泥寡,雨女无瓜!	You're not involved, and the rain goddess has nothing to do with it!	要你管,与你无关!	None of your business, it's none of your concern!	Mind your own business, it's none of your business!
B-HOM-072	HOM	80.17	99.91	19.74	50.70	83.52	32.82	0	0	0	依托答辩是什么意思	"What does ""依托答辩"" mean?"	一坨大便是什么意思	"What does ""a pile of feces"" mean?"	What does 'a pile of shit' mean?
B-HOM-073	HOM	94.41	94.68	0.27	40.84	79.59	38.75	0	0	0	哈哈哈哈哈哈哈夺笋呐	Hahaha, that's so funny!	哈哈哈哈哈哈哈多损呐	Hahaha, how clumsy!	hahahahaha so mean lol
B-HOM-074	HOM	81.65	93.12	11.47	62.75	82.90	20.14	100	100	0	“雨女无瓜”这么好笑吗是挺好笑的	"Is ""Rain Girl has nothing to do with it"" that funny? It's pretty funny."	“与你无关”这么好笑吗是挺好笑的	"Is ""It has nothing to do with you"" really that funny? It's quite funny."	Is 'none of your business' really that funny? It is pretty funny
B-HOM-075	HOM	46.43	82.41	35.98	45.84	60.29	14.45	0	100	100	还有给	Also for	还有gay	Also gay	Also got gay vibes
B-HOM-076	HOM	93.35	97.27	3.92	76.51	80.31	3.80	0	0	0	这显卡价格真是辣鸡，还买什么啊	This graphics card is really terrible in price; why buy it at all?	这显卡价格真是垃圾，还买什么啊	This graphics card is really overpriced; why buy it at all?	This GPU price is really trash, why even buy it
B-HOM-077	HOM	62.80	64.97	2.17	59.47	64.12	4.65	0	100	100	我丢！上班路上刷到路边广告牌被“风”掀了个角，原来是京东618的整活！这波操作简直泰裤辣！	Oh no! I was walking to work and saw a roadside billboard being blown by the wind, lifting one corner. It turned out to be JD.com's 618 promotional antics! This move is absolutely amazing!	我丢！上班路上刷到路边广告牌被“风”掀了个角，原来是京东618的整活！这波操作简直太酷啦！	Oh no! I was walking to work and saw a roadside advertisement sign being blown by the wind, lifting one corner. It turned out to be JD.com's 618 promotional antics! This move is just too cool!	No way! On my way to work I saw a roadside billboard get lifted by the 'wind', turns out it was JD 618's stunt! This move is just too cool!
B-HOM-078	HOM	71.85	80.43	8.58	61.91	66.59	4.68	0	100	100	“泰酷辣”大人三周年	"""Tai Kule La"" Adults' Third Anniversary"	“太酷啦”大人三周年	"""Too cool"" for the adult's third anniversary"	Third anniversary of Lord 'So Cool'
B-HOM-079	HOM	78.06	90.14	12.08	50.05	69.48	19.43	0	0	0	前车：不二？	Front car: Not two?	前车：不是？	Front car: Not?	The car in front: Wait, what?
B-HOM-080	HOM	61.61	82.75	21.14	67.65	76.56	8.91	100	100	0	10店睡，身体还以为是午休呢，凌晨又把他们叫醒了	Sleeping in 10 stores, the body still thinks it's a noon break, and they are awakened again at midnight.	10点睡，身体还以为是午休呢，凌晨又把他们叫醒了	Going to bed at 10 p.m., the body still thinks it's a nap, and then they are woken up in the early morning.	Going to sleep at 10, my body thought it was nap time, then woke me up at dawn
B-HOM-081	HOM	53.81	98.76	44.95	43.02	66.04	23.02	0	100	100	tree 波Q	tree wave Q	三杀	Triple kill	Triple kill
B-HOM-082	HOM	49.09	53.65	4.56	47.04	49.70	2.67	0	0	0	笑死我了粽横天虾至今一直在罚时闯过了零个关卡	I'm dying laughing; the shrimp has been penalized all the way through zero levels.	笑死我了纵横天下至今一直在罚时闯过了零个关卡	I'm laughing so hard that I've been penalized all the way through, and I've passed zero levels.	Dying of laughter, the one who conquers the world has been in timeout, passing zero challenges
B-HOM-083	HOM	80.22	84.85	4.63	48.20	62.94	14.74	0	0	0	怎么达不溜小兵了	How come the little soldiers are so few?	怎么打不了小兵了	Can't attack the small soldiers anymore.	Why can't I target the minions?
B-HOM-084	HOM	52.09	96.59	44.50	72.47	78.02	5.55	0	100	100	！？雀潮？！	What a flock of sparrows!	！？雀巢？！	!？Nestlé？！	!? Nestle!?
B-HOM-085	HOM	100.00	100.00	0.00	81.48	84.49	3.01	0	100	100	此人知识面级广	This person has a broad range of knowledge.	此人知识面极广	This person has an extremely broad range of knowledge.	This person's knowledge is extremely broad
B-HOM-086	HOM	93.45	92.78	-0.67	78.22	83.17	4.95	0	0	0	蛇：卧槽，怎么又是他	Snake: Hell, it's him again.	蛇：我的天，怎么又是他	Snake: My goodness, it's him again.	Snake: Oh my god, why is it him again
B-HOM-087	HOM	69.79	94.46	24.67	65.50	78.71	13.22	0	100	100	生物钟:补药呀！我才调整好	Biological clock: Herbal medicine! I just adjusted my schedule.	生物钟:不要呀！我才调整好	Biological clock: No way! I just adjusted it.	Biological clock: No! I just got it adjusted
B-HOM-088	HOM	65.73	91.35	25.62	62.86	70.99	8.13	0	100	100	鸡本功来了，视频就有了。起飞！	Chicken Ben Gong has arrived, the video is ready. Take off!	基本功来了，视频就有了。起飞！	Basic skills come first, and the video will follow. Take off!	When the basic skills kick in, the video just takes off! Liftoff!
B-HOM-089	HOM	46.68	88.25	41.57	72.43	85.25	12.82	0	0	0	食不食油饼	Does not eat oil pancakes	是不是有病	Are you sick?	Are you out of your mind?
B-HOM-090	HOM	46.79	99.06	52.27	57.75	83.20	25.45	0	0	0	香精煎鱼食不食	Fragrant fried fish, eat or not?	想进监狱是不是	Do you want to go to prison?	Do you want to end up in prison?
B-HOM-091	HOM	86.74	91.45	4.71	79.62	75.93	-3.70	0	0	0	立马去郊区浇筑一个刚进混凝土的地下堡垒	Head to the suburbs immediately to pour concrete into a newly built underground fortress.	立马去郊区浇筑一个钢筋混凝土的地下堡垒	Head to the suburbs immediately to pour a reinforced concrete underground fortress.	Head to the suburbs right away and build an underground bunker with rebar concrete
B-HOM-092	HOM	83.49	99.12	15.63	50.60	68.38	17.77	0	0	0	鸡本功扎实	Chicken's foundation is solid.	基本功扎实	Solid foundation	Solid basic skills
B-HOM-093	HOM	91.90	98.75	6.85	72.05	73.65	1.60	100	100	0	蚌不住了	The clam can't hold on anymore.	绷不住了	Can't hold it anymore.	Can't hold it in anymore
B-HOM-094	HOM	85.32	85.52	0.21	67.10	76.51	9.41	0	0	0	冷芝士：袜子不是茶包	Cold cheese: Socks are not tea bags.	冷知识：袜子不是茶包	Cold knowledge: Socks are not tea bags.	Fun fact: socks are not tea bags
B-HOM-095	HOM	79.70	86.83	7.13	68.77	70.59	1.83	0	100	100	就说00这一套真的超级好看的，我可以安心的似了	Just saying, this set of 00 is really super cute, I can finally relax.	就说00这一套真的超级好看的，我可以安心的死了	Just saying, this 00 set is really super cute, I can die in peace.	This 00 outfit is really super good-looking, I can finally rest in peace
B-NEO-002	NEO	93.93	95.66	1.73	78.80	82.86	4.06	0	0	0	我们不是供人围观的工具人！	We are not mere spectators for people to watch!	我们不是供人围观的工具！	We are not mere objects for people to gawk at!	we're not tools for people to watch!
B-NEO-003	NEO	73.88	72.79	-1.09	49.16	62.82	13.66	0	0	0	又被割韭菜了，这理财产品全是坑	I've been cut again like a韭菜, this wealth management product is full of traps.	又被宰了，这理财产品全是坑	Once again, it's been slaughtered; this wealth management product is full of traps.	I got ripped off again, this wealth management product is full of traps.
B-NEO-004	NEO	69.78	93.39	23.62	70.29	77.24	6.95	0	0	0	品牌联名就是割韭菜，质量差价格高	Brand collaborations are just cutting off the grass, with poor quality and high prices.	品牌联名就是坑人，质量差价格高	Brand collaborations are a scam; poor quality at high prices.	Co-branded products are just a way to rip off customers with poor quality and high prices.
B-NEO-005	NEO	81.22	94.71	13.49	74.88	84.59	9.71	0	100	100	别带节奏了，事情不是你想的那样	Don't start leading the rhythm; things aren't as you think they are.	别煽动舆论了，事情不是你想的那样	Don't stir up public opinion; things aren't as you think they are.	stop stirring things up, it's not what you think
B-NEO-006	NEO	89.19	98.30	9.12	82.86	83.08	0.23	0	0	0	评论区全是在带节奏的，真相没人关心	The comment section is all about creating hype, and no one cares about the truth.	评论区全是在煽动舆论的，真相没人关心	The comment section is full of people inciting public opinion, and no one cares about the truth.	comments section full of people stirring drama, nobody cares about the truth
B-NEO-007	NEO	95.02	94.64	-0.38	78.17	76.27	-1.91	0	0	0	杠精无处不在，说啥都要反驳	Arrogant people are everywhere, always ready to argue and refute anything.	抬杠的人无处不在，说啥都要反驳	People who argue for the sake of arguing are everywhere, always ready to challenge anything said.	contrarians are everywhere, they rebut everything you say
B-NEO-008	NEO	81.25	97.16	15.90	52.61	82.00	29.38	0	0	0	遇到杠精最好的办法就是不理他	The best way to deal with a杠精 is to ignore him.	遇到抬杠的人最好的办法就是不理他	The best way to deal with someone who is being argumentative is to ignore them.	the best way to deal with a contrarian is to ignore them
B-NEO-009	NEO	64.80	86.28	21.49	61.18	75.14	13.97	0	0	0	芭比Q了，半夜点外卖忘备注别敲门	Barbie Q'd, forgot to note on the takeaway order not to knock on the door at midnight.	完了，半夜点外卖忘备注别敲门	Oh no, I forgot to add a note when ordering takeout at midnight, so don't knock on the door.	I'm cooked, ordered delivery at midnight and forgot to leave a note saying don't knock
B-NEO-010	NEO	84.62	97.27	12.64	49.94	83.16	33.21	0	0	0	选择你的躲藏点，被抓到就芭比Q了	Choose your hiding spot; get caught and you're barbecued.	选择你的躲藏点，被抓到就完了	Choose your hiding spot; if you get caught, it's over.	pick your hiding spot, if you get caught you're done for
B-NEO-011	NEO	90.00	92.32	2.32	76.85	82.41	5.56	0	0	0	看到肯德基9.9的那一刻，我的班味瞬间就没了	The moment I saw KFC's 9.9 deal, my work-related fatigue instantly vanished.	看到肯德基9.9的那一刻，我的上班疲惫感瞬间就没了	The moment I saw KFC's 9.9 deal, my work-related fatigue instantly disappeared.	the moment I saw KFC 9.9, my work exhaustion instantly vanished
B-NEO-012	NEO	86.42	92.03	5.61	70.15	79.65	9.50	0	0	0	人一旦染上班味，这辈子就去不掉了	Once a person is infected with the virus of bad habits, it's impossible to get rid of it for the rest of their life.	人一旦染上上班的气息，这辈子就去不掉了	Once a person is infected with the smell of going to work, it's impossible to get rid of it for the rest of their life.	once you catch the work vibe, it never leaves you
B-NEO-013	NEO	76.29	77.59	1.30	65.19	76.00	10.81	0	0	0	十多块的塔斯汀五件套，横扫我一天班味	The $15 Tastin' Five-Pack swept away my workday fatigue.	十多块的塔斯汀五件套，横扫我一天上班的疲惫感	The Tastin Five-Piece for less than ten dollars sweeps away my fatigue from a day's work.	a 10-something yuan Tastien 5-piece meal wipes away my whole day of work fatigue
B-NEO-014	NEO	78.02	81.45	3.42	62.96	72.89	9.92	0	0	0	净化班味，用了这头像直接演绎出我的精神状态	Purify the work fatigue, using this profile picture directly portrays my mental state.	净化上班的疲惫感，用了这头像直接演绎出我的精神状态	Eliminate the fatigue of work, this profile picture directly portrays my mental state.	cleansing away the work fatigue — this avatar perfectly captures my mental state
B-NEO-015	NEO	67.42	68.13	0.71	46.39	68.83	22.44	100	0	-100	等等党赢麻了，建议收藏	"The ""etc. party"" has won big, suggest saving this."	等待降价的人赢得非常彻底，建议收藏	Those waiting for a price drop win thoroughly, it's recommended to collect.	the wait-for-a-deal crew won big time, saving this
B-NEO-016	NEO	93.38	90.22	-3.16	58.96	69.71	10.75	0	0	0	看似输了实际赢麻了	It seems like a loss but actually a complete win.	看似输了实际赢得非常彻底	Seems to have lost but actually won thoroughly.	looks like they lost but actually won big
B-NEO-017	NEO	91.84	82.50	-9.34	64.58	69.18	4.59	100	0	-100	纯爱战神轰然倒地	The pure love war god collapsed suddenly.	只支持纯爱的人轰然倒地	Only those who support pure love collapsed suddenly.	the pure love warrior has fallen
B-NEO-018	NEO	98.47	93.83	-4.64	66.38	79.22	12.85	100	0	-100	谨以此片献给每一位纯爱战神	This film is dedicated to every pure love warrior.	谨以此片献给每一位只支持纯爱的人	This film is dedicated to every person who only supports pure love.	dedicating this film to every pure love warrior out there
B-NEO-019	NEO	82.82	94.69	11.87	60.22	86.81	26.59	0	100	100	兄弟们我润美国了	Brothers, I've been to the U.S.	兄弟们我移民美国了	Brothers, I have immigrated to the United States.	bros I emigrated to the US
B-NEO-020	NEO	85.68	86.78	1.10	75.96	82.09	6.13	0	0	0	公司要黄了的5个征兆，当公司开始严抓考勤，你该考虑润了	Five Signs That a Company Is in Trouble, When a Company Starts Strictly Enforcing Attendance Rules, You Should Consider Leaving	公司要黄了的5个征兆，当公司开始严抓考勤，你该考虑跑了	Five Signs That a Company Is in Trouble, When the Company Starts Strictly Enforcing Attendance Rules, You Should Consider Leaving	5 signs your company is going under, when they start cracking down on attendance, you should consider bouncing
B-NEO-021	NEO	77.88	87.15	9.27	49.63	68.81	19.19	0	0	0	赛博朋克2077，极致嘴臭极致享受	Cyberpunk 2077, the more pungent the better, the more enjoyable it is.	赛博朋克2077，极致骂人极致享受	Cyberpunk 2077, the ultimate curse and ultimate pleasure	Cyberpunk 2077, ultimate trash talk ultimate enjoyment
B-NEO-023	NEO	95.96	98.02	2.06	79.01	79.18	0.17	0	0	0	孙红雷演技炸裂，20万人打出7.5分	Sun Honglei's acting is outstanding, with 200,000 people giving it a 7.5 rating.	孙红雷演技极其震撼，20万人打出7.5分	Sun Honglei's acting is extremely impressive, with 200,000 people giving it a 7.5 rating.	Sun Honglei's acting is absolutely insane, 200k people rated 7.5
B-NEO-024	NEO	86.24	88.37	2.13	71.74	75.61	3.87	100	100	0	赛博诵经让老外陷入疯狂	Cyber sutra recitation drives foreigners crazy	虚拟诵经让老外陷入疯狂	Virtual chanting drives foreigners crazy.	cyber chanting is driving foreigners crazy
B-NEO-025	NEO	83.16	87.08	3.91	74.76	75.84	1.07	100	0	-100	国庆宅家的赛博生活	Cyber Life at Home During National Day Holiday	国庆宅家的虚拟网络生活	Virtual online life while staying at home during the National Day holiday	National Day stay-at-home cyber life
B-NEO-026	NEO	48.36	56.80	8.44	62.01	61.11	-0.90	0	0	0	高考第一批显眼包出现了，青蛙玩偶花式助阵	The standout candidates in the first batch of the Gaokao have appeared, with frog plush toys making a stylish appearance.	高考第一批爱出风头的人出现了，青蛙玩偶花式助阵	Top-tier candidates who like to show off have appeared, with frog plush toys making a stylish appearance.	the first batch of attention-seekers at the college entrance exam showed up, frog mascots cheering in style
B-NEO-027	NEO	60.28	92.59	32.31	55.92	63.15	7.23	0	0	0	电子榨菜输出中，午饭点准时到	In the realm of electronic side dishes, lunchtime arrives on schedule.	适合吃饭时看的视频输出中，午饭点准时到	Video content suitable for watching during meals is available at lunchtime.	my mealtime video is on, right on time for lunch
B-NEO-028	NEO	81.25	93.64	12.39	61.18	82.75	21.56	0	0	0	这个综艺太下饭了，一口气看完	This variety show is so good to eat with; I watched it all in one go.	这个综艺太适合吃饭时看了，一口气看完	This variety show is perfect to watch while having dinner; I finished watching it in one go.	this variety show is perfect meal content, binged the whole thing
B-NEO-029	NEO	68.91	69.61	0.70	68.48	59.71	-8.77	0	0	0	发疯文学必备文案，笑死我了	Mad Literature Essential Text, I died of laughter.	宣泄式文字表达必备文案，笑死我了	Cathartic text expression essentials, laughing myself to death.	must-have lines for unhinged-rant posting, I'm dying laughing
B-NEO-030	NEO	92.46	96.08	3.62	78.76	81.80	3.04	100	100	0	社恐人的噩梦，大型聚会	Social anxiety person's nightmare, large gathering	社交恐惧症患者的噩梦，大型聚会	Nightmare for social phobia patients, large gatherings	a socially anxious person's worst nightmare, a huge gathering
B-NEO-031	NEO	70.49	90.84	20.34	71.83	80.10	8.27	0	100	100	找不到原剧了，这个当代餐先看	Can't find the original drama, let's watch this contemporary meal first.	找不到原剧了，这个当替代品先看	Can't find the original drama, let's watch this one as a substitute first.	can't find the original, using this as a substitute for now
B-NEO-032	NEO	87.83	91.65	3.81	79.46	82.62	3.16	0	0	0	花2000买nike感觉自己好像大冤种	Spending 2000 yuan on Nike makes me feel like I'm a big victim.	花2000买nike感觉自己好像大冤大头	Spending 2000 yuan on Nike makes me feel like a big fool.	spent 2k on nikes feeling like a total sucker
B-NEO-033	NEO	72.51	67.06	-5.45	64.59	54.32	-10.27	0	0	0	腾讯这波泄密直接破防了，317万说没就没	This leak from Tencent has completely broken the defense, 3.17 million said to be gone just vanished.	腾讯这波泄密直接崩溃了，317万说没就没	This leak from Tencent has completely ruined everything; 3.17 million people said they didn't have it, and now they don't.	Tencent's leak move really triggered a breakdown, 3.17 million gone just like that
B-NEO-034	NEO	69.85	90.18	20.33	72.61	76.97	4.37	0	100	100	梅老板今年真可怜，这么强的个人发挥啥没有得到	Mr. Mei is really unfortunate this year; he had such a strong individual performance but didn't get anything.	梅西今年真可怜，这么强的个人发挥啥没有得到	Messi is really unfortunate this year; he has such strong individual performances but hasn't received anything.	Messi had a rough year insane individual performance but got nothing
B-NEO-035	NEO	46.52	61.49	14.97	52.63	56.52	3.89	0	0	0	吃瓜吃到自己头上了，腾讯泄密员工就是本人	Eating watermelons got you on your head, the Tencent leak employee is the person himself.	看热闹看到自己头上了，腾讯泄密员工就是本人	Watched the commotion so much that it's on my own head, the Tencent leak employee is myself.	I was following the drama, only to realize I’m the Tencent staff member who leaked the information
B-NEO-036	NEO	83.12	89.71	6.59	52.56	77.85	25.29	0	0	0	别搁这凡尔赛了，显摆啥呢	Stop being so showy, what are you bragging about?	别搁这炫耀了，显摆啥呢	Stop showing off, what are you bragging about?	stop humble bragging already what are you flexing
B-NEO-037	NEO	94.05	99.54	5.49	84.74	85.82	1.08	0	0	0	显卡市场太内卷了，价格涨得离谱	The graphics card market is too cutthroat, with prices rising absurdly.	显卡市场竞争太激烈了，价格涨得离谱	The competition in the graphics card market is too fierce, and the prices have gone way too high.	The GPU market is hyper-competitive, prices rising outrageously
B-NEO-038	NEO	70.02	69.86	-0.16	62.09	57.09	-5.00	0	0	0	这帖子水分太大，灌水灌的	This post is full of water, it's just flooding the forum.	这帖子水分太大，刷帖刷的	This post is full of water, and it's just a bot posting.	this post is so watered down pure spam
B-NEO-039	NEO	90.21	89.87	-0.34	63.28	73.39	10.11	100	100	0	打工人看完317万年终奖直接躺平了	Office workers who saw a year-end bonus of 3.17 million yuan directly gave up.	打工人看完317万年终奖直接放弃了	Office workers gave up after watching the 3.17 million-year-end bonus.	Workers gave up striving after seeing the 3.17 million year-end bonus.
B-NEO-040	NEO	83.95	93.46	9.50	63.45	77.64	14.19	100	100	0	这剧情给我整破防了	This plot broke me down.	这剧情给我整崩溃了	This plot broke me down.	this plot totally broke me fr fr
B-NEO-041	NEO	83.90	92.72	8.82	80.97	81.33	0.36	0	0	0	这员工凡尔赛式晒年终奖，结果翻车了	This employee boasted about their year-end bonus in a very Versailles-style manner, but it backfired.	这员工炫耀式晒年终奖，结果翻车了	This employee showed off their annual bonus, but it backfired.	This employee flaunted their year-end bonus in a humble-brag way, and it backfired
B-NEO-042	NEO	96.18	99.53	3.35	62.82	83.49	20.67	0	0	0	这手机信号拉胯到离谱	This phone signal is so bad it's ridiculous.	这手机信号差到离谱	This phone signal is terrible.	this phone signal is garbage to an absurd degree
B-NEO-043	NEO	94.63	82.88	-11.75	69.14	79.97	10.83	0	0	0	你这个行为真的很下头	Your behavior is really cringey.	你这个行为真的很扫兴	Your behavior is really spoiling the mood.	your behavior is such a turnoff rn
B-NEO-044	NEO	73.28	74.49	1.21	72.70	75.41	2.71	0	100	100	赛里木湖这事太下头了，景区管理太离谱	The incident at Sea Lake is really disgusting, and the park management is completely unreasonable.	赛里木湖这事太让人失望了，景区管理太离谱	The incident at Sea Lake is really disappointing; the park management is completely unreasonable.	The Sarim Lake incident is too disappointing, scenic area management is outrageous
B-NEO-045	NEO	75.05	92.18	17.13	73.17	64.66	-8.51	0	0	0	他这个人好油腻	He's really oily.	他这个人好油滑	He is very slick.	this guy is so sleazy ick
B-NEO-046	NEO	84.22	89.83	5.61	60.71	77.37	16.66	0	0	0	没绷住破绷了	Couldn't hold it in, broke down.	没绷住笑了	Couldn't hold back and laughed	couldn't hold it in and totally lost it laughing
B-NEO-047	NEO	89.24	89.50	0.26	80.87	81.28	0.41	0	100	100	中国女排逆转美国，这波操作太上头了	The Chinese women's volleyball team reversed the situation against the United States, and this move was absolutely amazing.	中国女排逆转美国，这波操作太让人激动了	The Chinese women's volleyball team overturned the United States, and this move was really exciting.	China women's volleyball reversed against USA, this move is so hype
B-NEO-048	NEO	82.22	84.42	2.20	62.68	75.16	12.49	0	0	0	天天水经验，也不发点有用的帖子	Daily water experience, also not posting any useful posts.	天天刷经验，也不发点有用的帖子	Level up every day, but don't post any useful content.	farming XP every day never posting anything useful
B-NEO-049	NEO	97.01	94.93	-2.09	67.62	77.23	9.60	100	0	-100	这主播开挂实锤了，封号吧	This streamer is definitely cheating; let's ban them.	这主播作弊实锤了，封号吧	This streamer cheated, there's solid evidence, please ban them.	this streamer is confirmed cheating, ban them
B-NEO-050	NEO	84.72	85.61	0.89	63.89	75.64	11.75	100	100	0	内耗太严重了	Internal consumption is too severe.	内部消耗太严重了	Internal consumption is too severe.	internal friction is too serious smh
B-NEO-051	NEO	94.49	93.35	-1.15	50.05	72.91	22.86	0	100	100	互联网嘴替实锤	Internet mouthpiece confirmed	互联网代言人实锤	Internet spokesperson confirmed	confirmed internet mouthpiece
B-NEO-052	NEO	49.37	54.91	5.54	46.75	60.42	13.67	0	0	0	无职孝子还在嘴硬洗，服了	The unemployed filial son is still stubbornly denying it, I give up.	无职盲目辩护者还在嘴硬洗，服了	The unemployed blind defender is still stubbornly washing their hands, I give up.	Mushoku Tensei stans still hard-stanning give up
B-NEO-053	NEO	80.88	95.88	15.00	61.57	77.29	15.72	0	0	0	双持党表示苹果和华为都不够用	Dual-hold Party stated that neither Apple nor Huawei is sufficient.	同时用两部手机的人表示苹果和华为都不够用	People who use two smartphones at the same time say that both Apple and Huawei are insufficient.	dual-phone gang saying neither Apple nor Huawei is enough
B-NEO-054	NEO	66.56	65.86	-0.70	35.79	29.18	-6.61	100	0	-100	被种草了	Got recommended	被推荐心动了	Is心动了.	got recommended I'm tempted to buy
B-NEO-055	NEO	77.72	85.92	8.20	44.82	66.88	22.06	0	0	0	拔草了不买	Pulling weeds without buying	打消购买念头了不买	Dissuaded from buying, so not buying.	nah I'm not buying
B-NEO-056	NEO	83.06	95.92	12.86	59.82	84.16	24.34	0	0	0	他好会整活	He's really good at coming up with creative ideas.	他好会搞怪	He's really good at being mischievous.	he's so good at being funny lol
B-NEO-057	NEO	88.23	98.69	10.47	72.11	82.33	10.22	0	0	0	这个太炸了	This is too spicy.	这个太震撼了	This is too shocking.	this is too insane
B-NEO-058	NEO	62.56	77.70	15.14	48.13	62.91	14.78	0	0	0	景区打人还理直气壮的，真是绝绝子	Tourists hitting people and still feeling justified, that's amazing.	景区打人还理直气壮的，真是绝了	It's amazing how the tourist site staff can hit people and still act justified.	Beating people at a scenic spot and still acting righteous, truly absolutely outrageous
B-NEO-059	NEO	79.01	93.64	14.63	45.59	83.59	38.00	100	0	-100	破防了	Broken.	心理防线崩溃了	Psychological defenses have collapsed.	I'm emotionally broken
B-NEO-060	NEO	90.70	100.00	9.30	59.61	86.16	26.55	0	100	100	这个太上头了	This is too intense.	这个太上瘾了	This is too addictive.	this is too addictive can't stop
B-NEO-061	NEO	86.03	96.92	10.88	78.90	86.51	7.62	0	0	0	他好会营业	He's really good at sales.	他好会讨好粉丝	He's really good at pleasing his fans.	he's so good at playing to his fans
B-NEO-062	NEO	91.87	93.14	1.27	55.77	79.91	24.13	0	0	0	香港🇭🇰打车有这么卷吗？又难？	Is taking a taxi in Hong Kong this competitive? Is it that hard?	香港🇭🇰打车竞争有这么激烈吗？又难？	Is the taxi competition in Hong Kong so fierce? Is it so difficult?	is getting a taxi in HK this intense? so hard?
B-NEO-063	NEO	88.98	90.35	1.37	83.19	75.90	-7.29	0	0	0	这帖子纯纯的钓鱼经验，别当真	This post is purely fishing experience; don't take it seriously.	这帖子纯纯的骗经验，别当真	This post is purely a scam for experience points; don't take it seriously.	this post is pure bait for engagement don't fall for it
B-NEO-064	NEO	75.07	96.22	21.15	59.57	79.48	19.92	0	0	0	纯纯的牛马人生	Purely a hardworking ox and horse life.	纯纯的打工人人生	Purely a working-class life	pure wage slave life
B-NEO-065	NEO	82.04	99.18	17.13	79.64	86.73	7.09	0	0	0	是我不够糖吗	Is there not enough sugar for me?	是我不够傻吗	Am I not stupid enough?	am I not dumb enough? bruh
B-NEO-066	NEO	100.00	100.00	0.00	85.42	86.44	1.02	100	100	0	这何意味啊	What does this mean?	这什么意思啊	What does this mean?	what does this even mean
B-NEO-067	NEO	83.43	87.06	3.63	39.52	49.54	10.02	100	100	0	摆烂了，爱咋咋地	Give up, let them do as they please.	放弃了，爱咋咋地	Give up, let them do as they please.	I give up whatever happens happens
B-NEO-068	NEO	85.26	87.55	2.28	51.68	70.56	18.89	0	0	0	摆烂一天算了	Give up for the day.	放弃一天算了	Give up for a day.	let me rot for a day whatever
B-NEO-069	NEO	74.37	70.94	-3.44	62.15	82.87	20.72	0	0	0	内卷太严重了，打工人伤不起	The internal competition is too severe, and the working people can't afford to be hurt.	过度竞争太严重了，打工人伤不起	The competition is too fierce, and overworked employees can't afford to be hurt.	the rat race is too intense workers can't take it
B-NEO-070	NEO	96.20	92.81	-3.39	66.07	75.86	9.79	0	0	0	这波操作属实逆天了	This move is absolutely crazy.	这波操作属实超乎想象了	This move is truly beyond imagination.	this play is straight up insane
B-NEO-071	NEO	64.24	70.90	6.66	58.01	67.44	9.43	0	0	0	内卷到头秃，躺平又心慌	Overworked to the point of baldness, lying low still leaves me anxious.	过度竞争到头秃，躺平又心慌	Over-competition leads to baldness, and lying low still leaves one anxious.	rat race till you're bald quit competing but still anxious
B-NEO-072	NEO	89.42	85.54	-3.88	61.32	81.60	20.27	0	0	0	不是哥们儿	Not dude.	不是吧，哥们儿	Not really, man.	no way bro come on
B-NEO-073	NEO	89.75	92.01	2.27	84.54	83.73	-0.81	100	100	0	说出一个旅游热度很低但实际很夯的城市	Name a city that is not popular for tourism but is actually very trendy.	说出一个旅游热度很低但实际很高的城市	Name a city that is not popular for tourism but has a high actual value.	name a city that's low-key but actually great
B-NEO-074	NEO	81.27	88.97	7.69	43.79	69.97	26.19	0	0	0	这波操作直接拉胯了	This move directly ruined it.	这波操作直接失常了	This move completely messed up.	this play literally underperformed
B-NEO-075	NEO	74.42	76.32	1.90	61.61	63.15	1.53	100	100	0	这操作绝绝子，直接给我整不会了	This operation is amazing, it directly left me speechless.	这操作绝佳，直接给我整不会了	This operation is amazing; it left me completely confused.	this play is amazing left me speechless
B-NEO-076	NEO	75.65	71.73	-3.92	67.55	70.27	2.72	0	0	0	谁能能理解这种崩溃的心情，辛辛苦苦备考许久，就等着政审上岸，结果栽在了学历断层上	Who can understand this feeling of collapse? After years of hard study, waiting anxiously for the political review to succeed, only to be defeated by the issue of academic credentials.	谁能能理解这种崩溃的心情，辛辛苦苦备考许久，就等着政审成功，结果栽在了学历断层上	Who can understand this feeling of collapse? After years of hard study, waiting for the political review to succeed, only to be defeated by the issue of academic credentials.	who understands this despair? prepped for ages waiting to pass the political review only to get rejected by an education gap
B-NEO-077	NEO	79.74	94.31	14.56	78.24	81.81	3.57	0	100	100	为什么留子都不爱和老外谈？	Why do children always avoid talking to foreigners?	为什么留学生都不爱和老外谈？	Why don't international students like talking to foreigners?	why don't international students like dating foreigners? real talk
B-NEO-078	NEO	81.59	90.40	8.81	67.11	76.80	9.69	0	0	0	哈包穿上衣服不习惯了	Haha is not used to wearing clothes.	哈兰德穿上衣服不习惯了	Harland is not used to wearing clothes.	not used to Haaland wearing clothes
B-NEO-079	NEO	80.65	90.49	9.85	56.15	65.25	9.10	100	0	-100	洗澡5分钟老公社死一整年	Taking a 5-minute shower made my husband socially die for an entire year.	洗澡5分钟老公社会性死亡一整年	Taking a 5-minute shower caused my husband to experience social death for a whole year.	5-min shower and my husband is socially dead for a whole year rip
B-NEO-080	NEO	82.29	82.36	0.07	64.69	49.82	-14.87	0	0	0	直接破防了家人们	Directly broke the family's defenses.	直接心态失控了家人们	Everyone, the mindset went out of control directly.	totally broke down mentally fam
B-NEO-081	NEO	95.38	95.75	0.37	75.13	75.65	0.51	100	100	0	月薪不够5w不能这么活	A salary less than 50,000 yuan won't allow such a lifestyle.	月薪不够5万不能这么活	A salary less than 50,000 yuan won't allow such a lifestyle.	Can't live like this if monthly salary isn't even 50k
B-NEO-082	NEO	91.71	66.82	-24.89	46.75	82.72	35.97	0	0	0	爷青回	Nostalgia for the past	爷的青春回来了	Dad's youth is back.	Nostalgia hits hard.
B-NEO-083	NEO	33.23	100.00	66.77	40.22	87.51	47.29	0	0	0	难他天？	Why is the sky difficult?	难道他真的是天才？	Is he really a genius?	Turns out he's a genius?
B-NEO-084	NEO	97.00	99.12	2.12	50.93	83.09	32.17	0	0	0	基操	Basic operations	基本操作	Basic operations	Just basic mechanics
B-NEO-085	NEO	85.01	85.84	0.83	54.37	72.16	17.80	0	0	0	你这肯定是低段位炸鱼罢了	You're probably just fishing around at a low level.	你这肯定是低段位欺负水平差的玩家罢了	You're probably just bullying players with lower skill levels.	You must be just smurfing in low rank
B-NEO-086	NEO	78.78	89.57	10.79	79.83	80.32	0.50	0	100	100	刘宇宁一周不直播，棚友集体受不了！想念到发疯	Liu Yuning went a week without live streaming, and his studio friends couldn't take it anymore! They missed him so much they were going crazy!	刘宇宁一周不直播，粉丝集体受不了！想念到发疯	Liu Yuning's fans can't take a week without live streaming; they miss him so much they're going crazy!	Liu Yuning hasn’t streamed for a week, all his fans can’t stand it and miss him terribly.
B-PYA-001	PYA	82.99	95.37	12.37	62.51	80.38	17.87	0	100	100	xql日常太甜了，羡慕死了	XQL is way too sweet in daily life, I'm really envious.	小情侣日常太甜了，羡慕死了	The little couple's daily life is so sweet, I'm really envious.	this couple's daily life is too sweet, I'm so jealous
B-PYA-003	PYA	77.94	83.72	5.77	59.46	64.68	5.22	0	100	100	xql之间的默契真的绝了	The默契 between XQL is really amazing.	小情侣之间的默契真的绝了	The默契 between the couple is really amazing.	the chemistry between this couple is insane
B-PYA-004	PYA	83.91	96.25	12.34	61.53	72.33	10.80	0	100	100	全网最甜xql非他们莫属	The sweetest xql on the entire network is none other than them.	全网最甜小情侣非他们莫属	The sweetest couple in the entire network is none other than them.	the sweetest couple on the internet has to be them
B-PYA-005	PYA	90.59	91.81	1.22	76.57	74.65	-1.92	0	0	0	看到别人去欧洲旅游的照片，xmsl	Seeing photos of others traveling to Europe, xmsl	看到别人去欧洲旅游的照片，羡慕死了	Jealous to see others' photos of traveling to Europe.	Seeing photos of others traveling in Europe makes me so envious.
B-PYA-007	PYA	88.17	94.33	6.16	79.66	75.74	-3.92	0	100	100	新剧gkd！等不及了	New drama GKD! Can't wait!	新剧搞快点！等不及了	New drama, hurry up! Can't wait anymore!	hurry up with the new drama! can't wait
B-PYA-009	PYA	97.27	100.00	2.73	67.60	79.98	12.38	0	100	100	xgg们推荐一下好用的手机呗	Please recommend some good mobile phones.	小哥哥们推荐一下好用的手机呗	Hey guys, recommend some good phones!	boys recommend some good phones pls
B-PYA-010	PYA	87.66	95.98	8.32	75.06	84.42	9.37	0	0	0	这个xgg好帅，求联系方式	This xgg is really handsome, please provide contact information.	这个小哥哥好帅，求联系方式	This young man is really handsome, please provide contact information.	this guy is so handsome, asking for his contact
B-PYA-011	PYA	94.27	96.29	2.01	62.40	76.52	14.11	0	100	100	jrm帮我看看这个怎么选	Help me figure out how to choose this.	家人们帮我看看这个怎么选	Family, please help me figure out how to choose this.	fam help me figure out which one to pick
B-PYA-012	PYA	92.95	84.36	-8.59	78.33	80.81	2.49	0	100	100	jrm今天发生了一件离谱的事	Something absurd happened today, JRM.	家人们今天发生了一件离谱的事	My family had a ridiculous thing happen today.	fam something wild happened today
B-PYA-013	PYA	90.66	93.90	3.24	74.50	82.02	7.51	0	0	0	8u们觉得这配置怎么样	What do you think of this configuration?	吧友们觉得这配置怎么样	What do the forum friends think about this configuration?	what do you tieba folks think of this setup?
B-PYA-014	PYA	78.39	87.74	9.36	77.16	81.44	4.28	0	0	0	王虹yyds！中国数学家终于拿到菲尔兹奖了	Wang Hong yyds! Chinese mathematicians have finally won the Fields Medal!	王虹永远的神！中国数学家终于拿到菲尔兹奖了	Wang Hong, the eternal god! Chinese mathematicians have finally won the Fields Medal!	Wang Hong is the GOAT! A Chinese mathematician finally won the Fields Medal
B-PYA-015	PYA	84.92	95.03	10.11	73.51	77.00	3.49	0	100	100	这条rs怎么还没上	Why hasn't this RS been uploaded yet?	这条热搜怎么还没上	Why hasn't this trending topic gone viral yet?	why isn't this trending yet
B-PYA-016	PYA	73.11	80.43	7.32	67.10	77.12	10.02	0	0	0	xswl，陈哲远在密逃里也太搞笑了吧	XSWL, Chen Zhe Yuan is so funny in the secret escape!	笑死我了，陈哲远在密逃里也太搞笑了吧	"I'm dying of laughter, Chen Zhe Yuan is so funny in ""Mystery Escape""!"	Lmao, Chen Zheyuan is just too funny in Great Escape
B-PYA-017	PYA	87.85	98.27	10.41	77.86	82.04	4.18	0	100	100	14个月正是穿lulu的时候	14 months is exactly the time to wear a lulu.	14个月正是穿Lululemon的时候	14 months is the perfect time to wear Lululemon.	14 months is prime Lululemon season
B-PYA-018	PYA	83.90	90.54	6.64	80.45	74.78	-5.66	0	0	0	dd，中国女排3比2逆转美国太牛了	DD, China's women's volleyball team's 3-2 comeback against the US is amazing!	顶顶，中国女排3比2逆转美国太牛了	Wow, China's women's volleyball team really did an amazing job by coming back from 2-3 to win against the US!	Bump, China women's volleyball 3-2 comeback against USA is amazing
B-PYA-019	PYA	88.50	96.68	8.18	78.43	77.17	-1.26	0	0	0	rt，大家帮我看看这手机值不值	RT, everyone, please help me check if this phone is worth it.	如图，大家帮我看看这手机值不值	As shown in the picture, everyone please help me check if this phone is worth it.	see pic help me check if this phone is worth it
B-PYA-020	PYA	86.04	90.62	4.58	81.15	82.68	1.52	0	100	100	jrs怎么看腾讯这个泄密处理？	How does JRS view Tencent's handling of the leak?	家人们怎么看腾讯这个泄密处理？	What do the family members think about Tencent's leak handling?	Fam, what do you think of Tencent's leak handling?
B-PYA-021	PYA	81.07	71.13	-9.95	59.12	68.92	9.80	0	0	0	srds，赛里木湖打人这事不能就这么算了	This incident of someone assaulting a tourist at Sea Lake cannot be left unresolved like that.	虽然但是，赛里木湖打人这事不能就这么算了	Although that, the incident of someone hitting a person at Sea Lake cannot be left unresolved like this.	Be that as it may, the Sarim Lake beating incident can't just be let go like this
B-PYA-022	PYA	86.84	93.07	6.24	55.74	72.69	16.95	0	0	0	白色真是yyds	White is truly the best.	白色真是永远的神	White is forever the god.	white is truly the GOAT
B-PYA-023	PYA	79.01	97.38	18.37	74.29	79.18	4.88	0	100	100	u1s1，317万年终奖确实让人眼红	U1S1, a 3.17 million yuan annual bonus really makes people envious.	有一说一，317万年终奖确实让人眼红	To be honest, a year-end bonus of 3.17 million really makes people envious.	To be honest, a 3.17 million year-end bonus does make people envious
B-PYA-024	PYA	96.32	93.74	-2.58	74.69	77.55	2.86	100	100	0	XHS上好多人在讨论	A lot of people are discussing it on Xiaohongshu.	小红书上好多人在讨论	Many people are discussing on Xiaohongshu.	so many people talking about it on Xiaohongshu
B-PYA-025	PYA	88.76	92.73	3.97	68.34	72.69	4.35	0	0	0	显卡涨价这消息直接让我blx了	The news of the graphics card price hike directly made me blx.	显卡涨价这消息直接让我玻璃心了	The news of the graphics card price hike directly broke my heart.	The GPU price hike news really triggered my fragile heart
B-PYA-026	PYA	83.30	89.86	6.57	70.96	54.68	-16.28	0	0	0	好好好 好一个kpop拉子(bushi)	Oh my goodness, what a K-pop girl (bushi)	好好好 好一个kpop拉子(不是)	Oh oh oh, what a K-pop girl (not really)	ok ok ok what a kpop lesbian (not)
B-PYA-027	PYA	77.74	87.52	9.78	65.74	76.45	10.72	0	0	0	某些景区管理真是yygq，表面道歉背后照样	Some scenic area management is really yygq, apologizing on the surface but acting the same behind the scenes.	某些景区管理真是阴阳怪气，表面道歉背后照样	Some scenic area management is really hypocritical, apologizing on the surface but acting the same behind the scenes.	Some scenic area management is really passive-aggressive, apologizing on the surface but same behind the scenes
B-PYA-028	PYA	66.85	80.32	13.46	71.57	83.58	12.01	0	0	0	nb！这个操作太秀了	nb! This operation is really cool!	牛逼！这个操作太秀了	Awesome! That move was really cool!	Sick move! Absolute W
B-PYA-029	PYA	80.67	70.99	-9.68	66.99	65.62	-1.37	0	100	100	50亿离婚案的瓜我吃了，dbq我不站队	I've had my share of the 5 billion divorce cases, dbq, I won't take sides.	50亿离婚案的瓜我吃了，对不起我不站队	I've already eaten my share of the 5 billion divorce cases, sorry I can't take sides.	I’ve followed the 5-billion divorce drama, sorry, I’m not taking sides.
B-PYA-030	PYA	94.44	94.67	0.22	68.20	69.74	1.54	100	100	0	这就是尊贵的b站用户🤣🤣🤣	This is the esteemed Bilibili user 😂😂😂	这就是尊贵的B站用户🤣🤣🤣	This is the esteemed Bilibili user 😂😂😂	this is what being a distinguished Bilibili user looks like 🤣🤣🤣
B-PYA-031	PYA	87.85	88.54	0.69	62.50	75.63	13.13	0	0	0	王虹从垫底到菲尔兹奖，这波直接nb	Wang Hong from the bottom to the Fields Medal, this move is really impressive.	王虹从垫底到菲尔兹奖，这波直接牛逼	Wang Hong from the bottom of the class to the Fields Medal, this move is absolutely impressive.	Wang Hong from bottom to Fields Medal, this move is just insane
B-PYA-032	PYA	96.38	99.08	2.69	68.02	78.49	10.47	0	0	0	xjj们推荐一下好用的手机呗	Please recommend some good mobile phones.	小姐姐们推荐一下好用的手机呗	Hey, guys, recommend some good phones!	girls recommend some good phones pls
B-PYA-033	PYA	90.05	82.40	-7.65	74.33	67.97	-6.36	0	0	0	bl粉丝太能控评了	BL fans are too good at controlling comments.	白鹿粉丝太能控评了	White Deer's fans are too good at controlling comments.	Bai Lu fans are too good at controlling the comments
B-PYA-034	PYA	87.79	78.96	-8.83	73.57	78.63	5.07	0	0	0	会聊天的男生真的yyds	A boy who can chat is really the best.	会聊天的男生真的永远的神	A boy who can chat is really a god forever.	guys who can flirt are truly the GOAT
B-PYA-035	PYA	73.34	83.31	9.97	79.74	82.38	2.63	0	0	0	哈哈哈哈哈哈哈笑死，我们00真的老kpop人了	Hahahahahaha, I'm dying laughing. We 00s are really old K-pop fans.	哈哈哈哈哈哈哈笑死，我们2000年后出生的人真的老kpop人了	Hahahahahaha, I'm dying of laughter. People born after 2000 are really old K-pop fans.	lmaooo us Gen Z are such veteran kpop fans
B-PYA-036	PYA	83.22	74.08	-9.14	66.43	68.60	2.17	0	0	0	减脂党狂喜！番茄鸡蛋燕麦粥yyds	Fat-loss enthusiasts rejoice! Tomato and egg oatmeal porridge is the best!	减脂党狂喜！番茄鸡蛋燕麦粥永远的神	Fat-loss enthusiasts rejoice! Tomato and egg oatmeal porridge is the ultimate god!	diet crew rejoice! tomato egg oatmeal is the GOAT
B-PYA-037	PYA	95.13	94.74	-0.39	64.98	67.66	2.68	0	0	0	jrs帮我看看这鱼竿行不行	Can you check if this fishing rod is good?	家人们帮我看看这鱼竿行不行	Please help me check if this fishing rod is good.	fam help me check if this fishing rod is any good
B-PYA-038	PYA	86.68	83.82	-2.86	61.36	73.53	12.17	0	0	0	一个会调情的男生真的YYDS	A flirtatious guy is really the best.	一个会调情的男生真的永远的神	A flirtatious guy is really a god forever.	a guy who knows how to flirt is truly the GOAT
B-PYA-039	PYA	92.78	99.81	7.04	74.50	79.05	4.54	0	0	0	bdjw这个怎么用	How do I use bdjw?	不懂就问这个怎么用	Don't be afraid to ask how to use this.	asking cuz idk how do I use this
B-PYA-040	PYA	56.83	86.45	29.62	66.65	76.25	9.61	0	0	0	蓝盈莹第一场戏好像就是撞棺紫砂	Blue Yingying's first scene seems to be the one where she collides with a purple sand coffin.	蓝盈莹第一场戏好像就是撞棺自杀	Lan Yingying's first scene seems to be self-murder by crashing into a coffin.	Lan Yingying's first scene was literally suicide by coffin smash
B-PYA-041	PYA	83.63	65.35	-18.27	77.34	73.36	-3.98	0	0	0	泰奶+Gelato yyds！！！	Thai Milk + Gelato yyds!!!	泰奶+Gelato 永远的神！！！	Tainai + Gelato, the eternal god!!!	Thai milk tea + Gelato is the GOAT!!!
B-PYA-042	PYA	81.56	95.60	14.04	66.26	66.63	0.37	0	0	0	yygq什么呢，有话直说不行吗	What's yygq? Can't you just say it straight?	阴阳怪气什么呢，有话直说不行吗	Why are you being sarcastic? Can't you just say it straightforwardly?	what are you being passive-aggressive about just say it straight
B-PYA-043	PYA	87.74	94.25	6.52	61.02	67.16	6.14	0	100	100	zqsg追星好累	Stalking stars is really tiring.	真情实感追星好累	It's really tiring to idolize someone with genuine feelings.	chasing idols with genuine feelings is exhausting
B-PYA-044	PYA	75.03	77.98	2.95	82.71	81.51	-1.21	0	0	0	u1s1，这个视频做得真好	u1s1, this video is really well made.	有一说一，这个视频做得真好	To be honest, this video is really well made.	Fr, this video slaps
B-PYA-045	PYA	57.26	54.39	-2.87	63.26	68.20	4.94	0	0	0	别再吃麻辣烫！干拌麻辣拌才是yyds	Don't eat spicy hot pot anymore! Dry-fried spicy noodles are the best!	别再吃麻辣烫！干拌麻辣拌才是永远的神	Don't eat hot pot anymore! Dry-fried spicy noodles are the eternal god!	stop eating malatang! dry-mixed mala ban is the GOAT
B-PYA-046	PYA	85.06	94.35	9.29	52.27	75.84	23.57	0	0	0	这吧里xfxy的，天天吵架	This place is full of xfyx, fighting every day.	这吧里血风血雨的，天天吵架	This place is full of bloodshed and turmoil, with arguments every day.	this forum is so chaotic fighting every day smh
B-PYA-047	PYA	55.66	76.45	20.80	64.49	76.90	12.41	0	100	100	srds他还是很有实力的	He is still very capable.	虽然但是他还是很有实力的	Although he is still very strong.	sthough he still got bars
B-PYA-048	PYA	84.82	84.86	0.04	54.97	76.41	21.43	0	0	0	xswl 这都能洗？	Is that even washable?	笑死我了 这都能洗？	That's hilarious, can this even be washed?	lmao you can defend even this?
B-PYA-049	PYA	96.20	100.00	3.80	71.90	84.49	12.59	0	0	0	rwkk这到底是什么鱼	What kind of fish is this?	让我看看这到底是什么鱼	Let me see what kind of fish this is.	lemme see what fish is this
B-PYA-050	PYA	69.11	91.83	22.72	51.07	58.72	7.65	0	0	0	dd我一下	Let me think about it.	滴滴我一下	Tap me once.	hit me up
B-PYA-051	PYA	91.66	93.86	2.20	73.11	49.98	-23.14	0	0	0	tcl，我真的太菜了	I'm really bad at TCL.	太菜了，我真的太菜了	That's too bad, I'm really not good enough.	I'm way too noob
B-PYA-052	PYA	75.58	63.77	-11.82	57.14	48.79	-8.35	0	0	0	夏天就好这一口！！天妇罗冰锅yyds！！	Summer is all about this one dish!! Tofu ice pot is the best!!	夏天就好这一口！！天妇罗冰锅永远的神！！	Summer loves this taste!! Tofu ice pot is the eternal god!!	summer vibes!! tempura ice pot is the GOAT!!
B-PYA-053	PYA	78.93	87.43	8.51	51.97	67.26	15.28	0	0	0	xswl这弱智吧的帖子太搞笑了	This post is so stupidly funny.	笑死我了这弱智吧的帖子太搞笑了	That post is so stupid, it's hilarious.	lmao the posts in this dumbass forum are too funny
B-PYA-054	PYA	77.32	74.11	-3.21	53.78	48.18	-5.61	0	0	0	马到成功yyds	Achieve success immediately, yyds.	马到成功永远的神	God of eternal success, may you be victorious at once.	May you succeed effortlessly, it’s top tier!
B-PYA-055	PYA	74.51	77.13	2.63	44.97	72.50	27.53	0	0	0	这操作nb啊，大佬带带我	This operation is so cool, big brother, please guide me.	这操作牛逼啊，大佬带带我	This operation is awesome, big brother, please guide me.	this play is sick bro carry me
B-PYA-056	PYA	75.53	75.12	-0.41	38.76	64.34	25.59	100	0	-100	这个cp太好磕了	This CP is too adorable to ship.	这个配对太好磕了	This pairing is too adorable to resist.	this ship is too good fr fr
B-PYA-057	PYA	78.02	71.31	-6.71	60.99	57.20	-3.79	100	0	-100	这俩离不开浓妆美颜强凹ABC	These two can't do without heavy makeup, beauty enhancement, and strong contouring of ABC.	这俩离不开浓妆美颜强凹American Born Chinese	These two can't do without heavy makeup, beauty filters, and strong self-promotion typical of American Born Chinese.	these two can't go without heavy makeup + filters trying to act all ABC
B-PYA-058	PYA	79.23	68.20	-11.04	79.96	53.02	-26.93	0	0	0	kdl，这对CP太甜了	KDL, this couple is so sweet.	磕到了，这对CP太甜了	Bumped into each other, this couple is so sweet.	I'm shipping it this CP is too sweet
B-PYA-059	PYA	83.70	63.66	-20.04	64.03	67.41	3.38	0	0	0	山航yyds	Shanhang YYDS	山航永远的神	Shanhang's eternal god	Shandong Airlines is the GOAT
B-PYA-060	PYA	79.00	67.81	-11.19	49.87	37.09	-12.78	0	0	0	cpf又在磕了	CPF was just hit again.	CP粉又在磕了	CP粉又在磕了	shippers shipping again
B-PYA-061	PYA	72.65	67.41	-5.24	41.26	43.92	2.66	0	0	0	dddd，支持UP主！	Support the UP主!	顶顶顶顶，支持UP主！	Top top top top, support the UP主!	bump bump bump bump support the creator!
B-PYA-062	PYA	85.62	83.49	-2.13	76.82	81.56	4.75	0	0	0	xswl打印机都沦没墨了	All the XSWL printers are out of ink.	笑死我了打印机都沦没墨了	I laughed so hard that the printer ran out of ink.	lmao even the printer ran out of ink
B-PYA-063	PYA	39.71	88.73	49.02	30.51	68.56	38.05	0	100	100	fs们太能打了	"The ""fs"" here might be a typo or abbreviation, but if we take it as ""F's"" (as in ""F"" as a slang term for a person or group), the sentence could be translated as: ""The F's are too strong."" However, if ""fs"" is meant to be a specific term or abbreviation, more context would be needed for an accurate translation. If it's a typo and you meant ""FS"" as in ""Fighting Spirit"" or another term, please clarify. Otherwise, a direct translation would be: ""The F's are too strong."""	粉丝们太能打了	The fans are too strong.	fans are too cracked
B-PYA-064	PYA	93.63	92.41	-1.22	85.01	75.96	-9.05	0	0	0	ssfd，这个太恐怖了	ssfd, this is too scary.	瑟瑟发抖，这个太恐怖了	Shivering, this is too scary.	shook this is too scary
B-PYA-065	PYA	64.16	89.69	25.53	58.12	74.31	16.18	0	100	100	bt，时常因为不够bt而觉得跟这个世界格格不入	BT, often feels out of place in this world because it's not BT enough.	变态，时常因为不够变态而觉得跟这个世界格格不入	Pervert, often feeling out of place in this world because they are not perverted enough.	pervert always feeling out of place cuz I'm not weird enough lol
B-PYA-066	PYA	92.52	97.55	5.03	80.34	80.05	-0.29	0	0	0	这图谁发明的，xswl	Who invented this picture, xswl	这图谁发明的，笑死我了	Who invented this picture, it's so funny!	who invented this image lmao
B-PYA-067	PYA	67.96	62.98	-4.98	52.76	65.27	12.51	0	0	0	tcl这游戏技术，菜到抠脚	This game's technology is so bad it's embarrassing.	太菜了这游戏技术，菜到抠脚	This game's tech is too bad, so bad it's making me want to scratch my feet.	too noob this game skill noob to the extreme
B-PYA-068	PYA	84.74	89.11	4.37	72.90	62.33	-10.57	0	100	100	zqsg追了这么多年，终于更新了	After following ZQSG for so many years, it's finally updated.	真情实感追了这么多年，终于更新了	After chasing true feelings for so many years, it's finally updated.	been following with real feelings for years finally an update
B-PYA-069	PYA	67.01	86.52	19.51	77.57	75.04	-2.53	0	0	0	Xswl就说有没有美味大餐吧哈哈哈哈哈哈哈	"Xswl said, ""Well, let's have a delicious meal then! Hahaha!"""	笑死我了就说有没有美味大餐吧哈哈哈哈哈哈哈	I'm dying of laughter, just say if there's a delicious meal or not, hahaha hahaha hahaha.	lmao just tell me if there's a feast hahahahaha
B-PYA-070	PYA	97.31	77.24	-20.07	85.78	77.60	-8.18	100	100	0	nsdd，你说得对	You're right, nsdd.	你说得对，你说得对	You're right, you're right.	nsdd you're right
B-PYA-071	PYA	58.97	42.49	-16.49	69.37	76.88	7.51	0	0	0	xswl一人血书求这个短剧拍真人版	xswl one person's blood-written plea for this short play to be adapted into a live-action version	笑死我了一人血书求这个短剧拍真人版	I laughed myself silly; someone wrote a blood oath to get this short play made into a live-action version.	lmao starting a one-person petition for a live-action version
B-PYA-072	PYA	95.21	100.00	4.79	80.32	86.02	5.70	0	100	100	szd，这个是真的	SZD, this is real.	是真的，这个是真的	Yes, this is true.	it's legit this is the real deal
B-PYA-073	PYA	91.22	84.13	-7.09	49.59	54.38	4.79	100	100	0	pyq，朋友圈见	See you on WeChat Moments.	朋友圈，朋友圈见	WeChat Moments, see you on WeChat Moments.	see you in Moments
B-PYA-074	PYA	75.25	91.55	16.30	62.12	82.03	19.91	0	0	0	这个耳朵前后的颜色变化xswl	Color change before and after the ear, xswl	这个耳朵前后的颜色变化笑死我了	The color change before and after this ear is so funny, I almost died laughing.	the color change before and after this ear lmao
B-PYA-075	PYA	95.37	79.91	-15.46	83.39	86.71	3.31	100	100	0	dbq，对不起我错了	DBQ, I'm sorry I was wrong.	对不起，对不起我错了	I'm sorry, I'm sorry, I was wrong.	sry sorry I was wrong
B-PYA-076	PYA	95.93	79.24	-16.70	65.62	66.83	1.21	0	0	0	xswl皇帝的新衣	The Emperor's New Clothes	笑死我了皇帝的新衣	I'm dead laughing, The Emperor's New Clothes.	lmao emperor's new clothes
B-PYA-077	PYA	85.61	95.31	9.70	73.34	84.92	11.58	0	0	0	哈哈哈哈哈xswl	Hahaha xswl	哈哈哈哈哈笑死我了	Hahaha, I'm dying of laughter.	hahahahaha lmao
B-PYA-078	PYA	63.01	87.69	24.67	36.47	77.45	40.98	0	0	0	真的栓Q了家人们	Thanks a lot, everyone!	真的受够了家人们	I'm really fed up with my family.	I've really had enough, guys.
B-PYA-079	PYA	85.33	81.14	-4.19	82.46	47.45	-35.00	0	0	0	8u🚪什么意思	What does 8u🚪 mean?	吧友们什么意思	"What does ""bāyǒu"" mean?"	tieba bros what does this mean
B-PYA-080	PYA	68.04	73.76	5.71	66.59	61.67	-4.92	0	0	0	什么成分？xdm锐评。	What ingredients? xdm's sharp comments.	什么成分？兄弟们锐评。	What ingredients? Brothers' sharp comments.	what's their deal? bros rate.
B-PYA-081	PYA	66.46	93.45	26.99	41.71	70.32	28.60	0	100	100	氪金也能让各家fs满意	Kredits can also satisfy each fs.	氪金也能让各家粉丝满意	In-game currency can also satisfy fans of each faction.	spending money can also satisfy every camp's fans
B-PYA-082	PYA	72.68	74.32	1.64	63.10	66.29	3.19	0	0	0	咱姐硬生生从良子嘴里抠出3w多粉丝	She forcibly dug out over 30,000 followers from Liangzi's mouth.	咱姐硬生生从良子嘴里抠出3万多粉丝	She forcibly extracted over 30,000 followers from Liangzi's mouth.	Our sis somehow pulled more than thirty thousand followers out of Liangzi.
B-PYA-083	PYA	79.32	72.38	-6.94	72.73	72.77	0.04	0	0	0	她俩要是有cpf这都能当谈过的证据了	If they had a CPF, this could have been evidence of their conversation.	她俩要是有CP粉这都能当谈过的证据了	If they had CP fans, this could be evidence of them having talked about it.	if they had shippers this could count as dating proof
B-PYA-084	PYA	86.47	98.98	12.51	78.57	86.70	8.13	0	0	0	塔图姆NB	Tatum NB	塔图姆牛逼	Tatum is awesome.	Tatum is insane.
B-PYA-085	PYA	78.44	78.53	0.09	74.93	68.01	-6.93	0	0	0	想吃肉质Q弹的就买散养老公鸡	If you want to eat meat that's chewy and springy, buy loose old roosters.	想吃肉质紧实弹牙的就买散养老公鸡	Buy a loose old rooster if you want meat that's firm and chewy.	if you want bouncy meat buy free-range rooster
B-PYA-086	PYA	84.83	87.58	2.74	73.05	64.80	-8.25	0	100	100	yysy，两边都看完了	yysy, both sides have been read through.	有一说一，两边都看完了	To be honest, both sides have been read.	To be honest, I watched both sides
B-MIX-001	MIX	95.22	73.38	-21.84	78.20	69.72	-8.48	100	0	-100	这首歌的hook太洗脑了，循环一天	The hook of this song is too catchy, I've been looping it all day.	这首歌的记忆点太洗脑了，循环一天	The catchiness of this song is too brainwashing, looping all day.	this song's hook is so catchy, been looping all day
B-MIX-002	MIX	93.93	91.66	-2.27	73.89	78.29	4.40	100	0	-100	短视频前3秒就是hook，抓不住人就划走了	The first three seconds of a short video are the hook; if you can't grab attention, people will swipe away.	短视频前3秒就是吸引人的部分，抓不住人就划走了	The first three seconds of a short video are the part that needs to grab attention; if it doesn't hold people's interest, they will swipe away.	the first 3 seconds of a short video is the hook, lose them and they scroll away
B-MIX-003	MIX	98.61	99.65	1.04	76.78	84.54	7.76	100	100	0	新专辑终于drop了，等了好久	The new album has finally dropped after a long wait.	新专辑终于发布了，等了好久	The new album has finally been released after a long wait.	the new album finally dropped, been waiting forever
B-MIX-004	MIX	95.73	89.09	-6.64	80.98	73.93	-7.05	100	100	0	这个品牌下周drop新款，必须抢	This brand will drop a new model next week; you must grab it.	这个品牌下周推出新款，必须抢	This brand will launch a new model next week, must grab.	this brand is dropping new styles next week, gotta grab them
B-MIX-005	MIX	91.08	93.06	1.98	73.85	79.36	5.51	100	0	-100	这波clutch操作直接翻盘，太牛了	This clutch move turned the game around directly, that's amazing!	这波关键时刻的操作直接翻盘，太牛了	This crucial move turned the game around directly; that's amazing!	this clutch play turned the game around, insane
B-MIX-006	MIX	76.21	83.80	7.59	62.06	77.92	15.86	100	0	-100	决赛最后一分钟clutch绝杀	Clutch game-winning shot in the final minute of the final.	决赛最后一分钟关键时刻绝杀	Game-winning shot in the final minute of the championship.	clutch buzzer-beater in the final minute of the finals
B-MIX-007	MIX	99.11	100.00	0.89	83.54	85.13	1.59	100	100	0	这游戏画质也就mid水平，玩法也一般	The game's graphics are only mid-level, and the gameplay is average.	这游戏画质也就一般水平，玩法也一般	The game's graphics are just average, and the gameplay is also average.	this game's graphics are just mid, gameplay is average too
B-MIX-008	MIX	94.23	80.63	-13.59	66.53	76.11	9.57	100	0	-100	这套穿搭直接slay全场	This outfit slays the entire room.	这套穿搭直接秒杀全场	This outfit instantly outshines the entire crowd.	this outfit slays the whole room
B-MIX-009	MIX	82.92	84.64	1.72	50.14	79.70	29.56	100	0	-100	王虹这波演讲直接slay	Wang Hong's speech directly slayed.	王虹这波演讲直接秒杀全场	Wang Hong's speech directly stunned the entire audience.	Wang Hong's speech just slayed
B-MIX-010	MIX	99.57	96.64	-2.93	86.15	83.11	-3.04	100	100	0	上班就是当NPC，每天重复同样的台词	Going to work is like being an NPC, repeating the same lines every day.	上班就是当非玩家角色，每天重复同样的台词	Going to work is like being a non-player character, repeating the same lines every day.	going to work is being an NPC, repeating the same lines every day
B-MIX-011	MIX	97.36	92.60	-4.75	84.93	79.93	-5.00	100	0	-100	别当NPC了，做自己生活的主角	Don't be an NPC; be the protagonist of your own life.	别当非玩家角色了，做自己生活的主角	Don't be a non-player character; be the protagonist of your own life.	stop being an NPC, be the main character of your own life
B-MIX-012	MIX	65.97	94.24	28.27	75.00	78.54	3.54	0	100	100	i人沦为e人玩具，太真实了	An i-person becomes a toy for an e-person, it's too real.	内向者沦为外向者玩具，太真实了	Introverts become the toys of extroverts, it's too real.	introverts becoming playthings for extroverts, too real
B-MIX-013	MIX	80.10	89.22	9.12	68.97	78.51	9.54	0	0	0	e人累了一周还要爬起来继续嗨	An e-person who's been exhausted for a week still gets up to keep having fun.	外向的人累了一周还要爬起来继续嗨	Outgoing people still get up to keep having fun even after a week of exhaustion.	extroverts have been tired all week and still have to get up and keep partying
B-MIX-014	MIX	75.24	73.92	-1.32	56.07	58.78	2.70	100	0	-100	刻在骨子里的秀粉DNA瞬间苏醒	The fan DNA of showing off is instantly awakened deep in the bones.	刻在骨子里的秀粉基因瞬间苏醒	The fan gene of a beauty enthusiast is instantly awakened deep in the bones.	the idol fan DNA embedded in my bones instantly awakened
B-MIX-015	MIX	100.00	94.90	-5.10	83.49	83.99	0.50	100	0	-100	POV：你是最后一个知道消息的人	POV: You're the last one to know the news.	视角：你是最后一个知道消息的人	Perspective: You are the last one to know the news.	POV: you're the last person to find out
B-MIX-016	MIX	99.18	98.73	-0.45	74.32	84.21	9.89	100	100	0	当地人真的好chill，十一点上班六点下班	The locals are really chill, working from 11 am to 6 pm.	当地人真的好悠闲放松，十一点上班六点下班	The locals are really laid-back and relaxed, working from 11 am to 6 pm.	the locals are so chill, starting work at 11 and off at 6
B-MIX-017	MIX	100.00	93.25	-6.75	78.66	85.09	6.44	100	0	-100	这个视频太cringe了，看不下去	This video is too cringe; I can't even watch it.	这个视频太尴尬了，看不下去	This video is too awkward to watch.	this video is too cringe, can't even watch
B-MIX-018	MIX	94.12	97.18	3.06	78.74	84.75	6.01	100	100	0	这个行为好sus，不对劲	This behavior is really suspicious; something's not right.	这个行为好可疑，不对劲	This behavior is suspicious and something's not right.	this behavior is so sus, something's off
B-MIX-019	MIX	91.82	92.91	1.10	71.95	84.36	12.41	100	0	-100	别flex了，谁不知道你有钱	Stop flexing, who doesn't know you're rich?	别炫耀了，谁不知道你有钱	Stop showing off; who doesn't know you're rich?	stop flexing, everyone knows you're rich
B-MIX-020	MIX	99.39	98.90	-0.49	83.95	83.06	-0.89	100	100	0	这首歌被hype过头了，其实一般	This song has been hyped too much; it's actually just average.	这首歌被炒作过头了，其实一般	This song has been over-hyped; it's actually just average.	this song got way too much hype, it's actually just average
B-MIX-021	MIX	98.61	93.96	-4.65	81.17	78.79	-2.38	100	100	0	今天又偶遇crush了，太巧了	I ran into my crush again today, what a coincidence!	今天又偶遇暗恋对象了，太巧了	I ran into my secret crush again today—it's really coincidental.	ran into my crush again today, what a coincidence
B-MIX-022	MIX	74.82	95.18	20.35	64.71	83.49	18.78	100	100	0	我ship的CP终于官宣了	My CP has finally officially announced their relationship.	我支持的情侣组合终于官宣了	The couple I support has finally officially announced their relationship.	the ship I've been rooting for finally went official
B-MIX-023	MIX	95.01	97.90	2.90	80.25	84.62	4.38	100	100	0	作为stan我必须说偶像这次回归太棒了	As Stan, I must say the idol's comeback is amazing.	作为狂热粉我必须说偶像这次回归太棒了	As a die-hard fan, I must say the idol's comeback is amazing.	as a stan I gotta say the idol's comeback is amazing
B-MIX-024	MIX	96.74	96.78	0.04	80.97	80.59	-0.38	100	100	0	期待偶像的comeback，新专辑什么时候发	Looking forward to the idol's comeback, when is the new album coming out?	期待偶像的回归，新专辑什么时候发	Looking forward to the idol's return, when is the new album coming out?	looking forward to the idol's comeback, when's the new album dropping
B-MIX-025	MIX	93.66	83.05	-10.61	75.93	70.85	-5.09	100	0	-100	这也太离谱了吧我直接emo	That's too absurd, I'm directly emo.	这也太离谱了吧我直接抑郁	That's too absurd, I'm going to be depressed directly.	this is so outrageous I'm literally emo rn
B-MIX-026	MIX	92.12	75.86	-16.25	79.26	76.06	-3.21	0	0	0	看到317万年终奖我直接emo了	Seeing my 3.17 million yuan annual bonus, I got really emo.	看到317万年终奖我直接情绪低落了	Seeing my 3.17 million yuan annual bonus, I felt immediately down.	Seeing the 3.17 million year-end bonus, I got all emo
B-MIX-027	MIX	94.34	83.16	-11.18	62.84	73.40	10.56	0	0	0	掉san了，这个太恐怖了	Oh no, this is too scary.	掉san值了，这个太恐怖了	Lost some SAN value, this is too scary.	lost my sanity this is too scary bruh
B-MIX-028	MIX	87.32	87.79	0.46	71.85	74.07	2.22	100	100	0	王虹这波citywalk直接从北大走到菲尔兹奖	Wang Hong's citywalk directly went from Peking University to the Fields Medal.	王虹这波城市漫步直接从北大走到菲尔兹奖	Wang Hong's city walk directly went from Peking University to the Fields Medal.	Wang Hong's citywalk took her all the way from Peking University to the Fields Medal
B-MIX-029	MIX	88.82	95.58	6.77	59.65	80.32	20.66	100	100	0	在上海街头随性citywalk	Spontaneously citywalk on the streets of Shanghai	在上海街头随性城市漫步	Casual city walk on the streets of Shanghai	casual city walk on Shanghai streets
B-MIX-030	MIX	93.07	93.61	0.54	79.00	79.72	0.72	100	100	0	中国女排这vibe太强了，3比2逆转太燃	The vibe of the Chinese women's volleyball team is too strong, the 3-2 comeback is absolutely thrilling!	中国女排这氛围太强了，3比2逆转太燃	The atmosphere of the Chinese women's volleyball team is so strong, the 3-2 comeback is absolutely thrilling!	China women's volleyball's vibe is so strong, the 3-2 comeback is so inspiring
B-MIX-031	MIX	94.64	86.28	-8.36	76.00	74.95	-1.05	100	0	-100	这番属于ACGN圈的经典之作了	This is a classic work belonging to the ACGN circle.	这番属于动漫游文圈的经典之作了	This is a classic work belonging to the anime, manga, game, and light novel circle.	this anime is a classic in the ACGN circle
B-MIX-032	MIX	80.34	86.24	5.90	70.36	81.07	10.71	100	0	-100	50亿离婚案这drama程度堪比韩剧	This divorce case with 500 million involves a drama level comparable to a K-drama.	50亿离婚案这戏剧性程度堪比韩剧	This divorce case involving 500 million yuan is as dramatic as a Korean drama.	The drama level of the 5 billion divorce case rivals a Korean drama
B-MIX-033	MIX	96.74	95.88	-0.86	65.90	77.20	11.30	100	0	-100	今日OOTD分享	OOTD Share Today	今日穿搭分享	Today's outfit sharing	today's OOTD drop
B-MIX-034	MIX	69.97	66.54	-3.43	64.15	70.89	6.73	100	100	0	赛里木湖这波操作太low了，景区管理丢人	The operation at Sea Lake is really low, and the scenic area management is embarrassing.	赛里木湖这波操作太低级了，景区管理丢人	The operation at Sea Lake is too low-level; it's a disgrace to the scenic area management.	Sarim Lake's move this time is too low-class, scenic area management is embarrassing
B-MIX-035	MIX	100.00	99.64	-0.36	83.88	81.94	-1.93	100	0	-100	OMG这也太好看了	OMG This is so beautiful!	我的天这也太好看了	My goodness, this is absolutely stunning!	OMG this looks so good
B-MIX-036	MIX	92.23	92.46	0.22	54.12	63.40	9.28	0	0	0	腾讯这波泄密事件直接social death了	This leak incident from Tencent has caused a social death.	腾讯这波泄密事件直接社会性死亡了	This leak incident from Tencent has caused a social death.	Tencent's leak incident this time resulted in total social suicide
B-MIX-037	MIX	96.00	95.25	-0.75	83.04	82.07	-0.98	100	0	-100	这游戏全DLC都买了，花了好几百	I bought all the DLCs for this game, which cost hundreds of yuan.	这游戏全可下载内容都买了，花了好几百	I bought all the downloadable content for this game, which cost hundreds of dollars.	bought all the DLC spent several hundred
B-MIX-038	MIX	97.68	98.08	0.40	73.47	79.81	6.33	0	0	0	显卡涨价涨成这样，简直是price离谱	The graphics card prices have gone up so much that it's absolutely ridiculous.	显卡涨价涨成这样，简直是价格离谱	The graphics card prices have gone up so much that it's simply absurd.	GPU prices going up this much, the price is just outrageous
B-MIX-039	MIX	100.00	77.84	-22.16	78.08	83.34	5.25	100	0	-100	这个GMV变高了	The GMV has increased.	这个商品交易总额变高了	The total value of this commodity transaction has increased.	this GMV went up
B-MIX-040	MIX	95.21	97.70	2.49	79.78	82.01	2.24	100	100	0	过度分享这件事真的太trigger了，边界感很重要	Over-sharing is really too triggering; setting boundaries is important.	过度分享这件事真的太触发了，边界感很重要	Over-sharing is really triggering, and it's important to have boundaries.	Oversharing is really triggering. Boundaries matter.
B-MIX-041	MIX	94.73	96.75	2.02	84.70	83.82	-0.87	100	100	0	这个meme太火了	This meme is going viral.	这个梗太火了	This meme is going viral.	this meme is too fire lol
B-MIX-042	MIX	90.07	90.42	0.36	73.65	73.08	-0.58	100	100	0	陈哲远在密逃里的reaction太搞笑了	"Chen Zhe Yuan's reaction in ""Secret Escape"" is too funny."	陈哲远在密逃里的反应太搞笑了	"Chen Zhe Yuan's reaction in ""Secret Escape"" was too funny."	Chen Zheyuan's reaction in the escape room show is too funny
B-MIX-043	MIX	95.84	86.61	-9.23	71.37	77.82	6.44	100	0	-100	用来换做成AGI的概率	The probability of being converted into AGI	用来换做成通用人工智能的概率	The probability of being converted into general artificial intelligence	probability of achieving AGI
B-MIX-044	MIX	98.31	95.10	-3.21	84.01	79.41	-4.59	100	100	0	50亿离婚案这个level太高了，普通人理解不了	The level of 5 billion divorce cases is too high for ordinary people to understand.	50亿离婚案这个级别太高了，普通人理解不了	This level of 5 billion divorce case is too high for ordinary people to understand.	The level of the 5 billion divorce case is too high, ordinary people can't understand
B-MIX-045	MIX	93.91	95.11	1.20	63.01	80.75	17.74	100	0	-100	cosplay得很好，很像	cosplay is very good, looks very much like.	角色扮演得很好，很像	The role was played very well, like a real one.	cosplay done right looks so similar
B-MIX-046	MIX	97.27	96.79	-0.48	82.91	83.50	0.59	100	100	0	这个app一到发售就崩	This app crashes as soon as it is released.	这个应用一到发售就崩	This app crashes as soon as it is released.	this app crashes every launch
B-MIX-047	MIX	96.25	98.84	2.59	74.77	85.42	10.65	0	0	0	这个角色太OP了	This character is too OP.	这个角色太强了	This character is too strong.	this character is way too overpowered
B-MIX-048	MIX	79.25	78.43	-0.82	70.55	68.86	-1.69	100	100	0	lpl历史上有像清算48同样力度的清算吗？	Has there ever been a clearance in LPL with the same intensity as the 48 clearance?	LPL历史上有像清算48同样力度的清算吗？	Has there been a clearance as strong as the 48-hour clearance in LPL history?	has there ever been a reckoning as hard as '48' in LPL history?
B-MIX-049	MIX	89.83	84.42	-5.42	84.14	72.59	-11.55	0	0	0	加个buff，变得更强	Add a buff to become stronger.	加个增益，变得更强	Add a gain, become stronger.	add a power-up get stronger ez
B-MIX-050	MIX	100.00	99.12	-0.88	85.25	84.83	-0.42	100	100	0	这个logo设计得好	This logo is designed well.	这个品牌标识设计得好	This brand logo is designed well.	this logo is well designed
B-MIX-051	MIX	83.52	61.34	-22.18	58.76	71.81	13.05	100	0	-100	被nerf了，变弱了	Nerfed, weakened.	被削弱了，变弱了	Weakened, weakened.	got nerfed got weaker smh
B-MIX-052	MIX	97.02	97.37	0.35	82.73	83.69	0.96	0	0	0	我刚才去打apex了	I just went to play Apex.	我刚才去打Apex了	I just went to play Apex.	just went to play Apex
B-MIX-053	MIX	100.00	99.96	-0.04	84.29	84.01	-0.28	100	100	0	GDP十强省份变了	The top ten GDP provinces have changed.	国内生产总值十强省份变了	The top ten provinces by GDP have changed.	GDP top 10 provinces changed
B-MIX-054	MIX	91.87	85.84	-6.03	71.07	81.18	10.10	0	0	0	GG了，完了	GG, it's over.	完了，完了	Over, over.	It's game over, we're done for.
B-MIX-055	MIX	74.90	78.03	3.13	40.77	49.92	9.15	0	0	0	就是在cp里吃瓜	That's just watching the drama in a CP (couple pairing).	就是在搭档组合里吃瓜	That's just watching from the sidelines in a partner duo.	just watching the drama in the ship
B-MIX-056	MIX	82.83	97.93	15.10	66.40	65.75	-0.65	0	100	100	图样森破，你太天真了	The pattern is broken, you're too naive.	Too young too simple，你太天真了	Too young, too simple; you're too naive.	too young too simple you're too naive
B-MIX-057	MIX	99.28	98.87	-0.41	85.34	83.37	-1.97	100	0	-100	这个AI太厉害了	This AI is too powerful.	这个人工智能太厉害了	This artificial intelligence is too powerful.	this AI is way too OP fr
B-MIX-058	MIX	75.64	40.73	-34.91	41.47	44.71	3.24	100	0	-100	carry全场，带飞	carry the whole game, lead the team to victory	带飞全场，带飞	Take the lead throughout the game, take the lead	carrying the whole squad what a carry
B-MIX-059	MIX	99.40	96.32	-3.08	82.65	83.64	0.99	100	0	-100	她学的是泰语又不是IT	She is studying Thai, not IT.	她学的是泰语又不是信息技术	She studied Thai, not information technology.	she studies Thai not IT
B-MIX-060	MIX	99.40	99.16	-0.24	81.02	77.06	-3.96	100	100	0	VIP通道真快	VIP lane is really fast.	贵宾通道真快	VIP lane is really fast.	VIP lane is so fast
B-MIX-061	MIX	83.73	77.11	-6.62	59.65	53.35	-6.30	100	0	-100	solo一下，单挑	Solo a bit, one-on-one battle	单挑一下，单挑	Fight one-on-one, challenge one-on-one.	solo it 1v1 me bro
B-MIX-062	MIX	98.69	99.09	0.39	80.68	84.29	3.60	0	0	0	这个PK谁赢了	Who won this PK?	这个对决谁赢了	Who won the showdown?	who won this duel
B-MIX-063	MIX	81.68	81.87	0.18	76.64	75.98	-0.65	100	100	0	因凡蒂诺和FIFA演都不演了，这是纯把梅西世界杯金球奖给抢劫了	Infantino and FIFA no longer pretend, this is pure robbery of Messi's World Cup Ballon d'Or.	因凡蒂诺和国际足联演都不演了，这是纯把梅西世界杯金球奖给抢劫了	Infantino and FIFA no longer pretend, this is pure robbery of Messi's World Cup Ballon d'Or.	Infantino and FIFA aren't even hiding it anymore straight up robbed Messi of the World Cup Golden Ball
B-MIX-064	MIX	97.85	98.09	0.25	83.29	83.81	0.52	100	100	0	做个SPA放松一下	Get a spa treatment to relax.	做个水疗放松一下	Get a spa treatment to relax.	getting a spa to relax
B-MIX-065	MIX	88.88	88.45	-0.44	76.54	55.14	-21.40	100	100	0	这个DJ太嗨了	This DJ is too energetic.	这个唱片骑师太嗨了	This DJ is too hyped.	this DJ is too lit
B-MIX-066	MIX	83.09	77.33	-5.76	64.13	64.88	0.74	0	0	0	Rush E 朗朗PK街头钢琴家	Rush E vs. Street Piano Player	Rush E 朗朗对决街头钢琴家	Rush E: A Clash of Pianists on the Street	Rush E Lang Lang versus street pianist
B-MIX-067	MIX	83.74	66.35	-17.39	78.60	71.06	-7.53	0	100	100	这动漫OP太好听了，循环播放	This anime's OP is too good to listen to; I'm playing it on loop.	这动漫片头曲太好听了，循环播放	This anime's opening theme is too good, I'm looping it.	this anime opening slaps on loop
B-MIX-068	MIX	97.44	96.79	-0.64	83.82	84.34	0.53	100	0	-100	买个iPad记笔记	Buy an iPad to take notes.	买个平板电脑记笔记	Buy a tablet to take notes.	getting an iPad for notes
B-MIX-069	MIX	66.76	84.89	18.14	64.92	62.97	-1.95	0	100	100	抖音的bgm怎么突然变得那么难听了到处都是想问问你敢不敢还有那天我经过一片花园	"Why has Douyin's BGM suddenly become so annoying, with lines like ""Do you dare to ask me"" and ""That day when I passed by a garden"" everywhere?"	抖音的背景音乐怎么突然变得那么难听了到处都是想问问你敢不敢还有那天我经过一片花园	"The background music on Douyin suddenly became so annoying, everywhere is ""Want to ask you if you dare"" and ""That day when I passed by a garden."""	why has Douyin's background music gotten so bad everywhere it's either 'I Want to Ask If You Dare' or 'That Day I Passed a Garden'
B-MIX-070	MIX	98.58	98.97	0.39	81.69	81.39	-0.30	0	0	0	这个PPT做得好	This PPT is well-made.	这个演示文稿做得好	This presentation is well done.	this PowerPoint is well made
B-MIX-071	MIX	77.73	74.07	-3.66	40.39	66.30	25.91	100	0	-100	法法这期ooc了吧	This episode of Fa Fa is out of character.	法法这期脱离扮演角色了吧	This time, Fafa has stepped out of the role of playing.	Fafa was so out of character this episode bruh
B-MIX-072	MIX	88.93	90.87	1.94	75.96	72.56	-3.40	100	0	-100	3.5h通关	3.5 hours clearance	3.5小时通关	3.5-hour clearance	beat the game in 3.5 hours
B-MIX-073	MIX	95.14	83.63	-11.51	66.79	52.69	-14.09	100	0	-100	这个ins风好看	This looks good in an Instagram style.	这个网红风好看	This look is trendy and stylish.	this Instagram aesthetic looks good
B-MIX-074	MIX	86.72	92.01	5.28	73.29	81.80	8.51	0	0	0	我的文化水平belike	My cultural level is like this.	我的文化水平就像这样	My cultural level is like this.	my education level be like lmao
B-MIX-075	MIX	91.22	96.34	5.12	75.08	83.41	8.32	100	100	0	来杯matcha	Have a matcha.	来杯抹茶	Have a cup of matcha.	a cup of matcha
B-MIX-076	MIX	97.90	99.61	1.71	79.67	84.01	4.34	0	0	0	店员花一秒钟get到你的意思了	The staff understood your meaning in a second.	店员花一秒钟理解到你的意思了	The clerk understood your meaning in a second.	the clerk took one second to get your meaning
B-MIX-077	MIX	99.94	93.87	-6.07	83.89	76.14	-7.75	100	0	-100	这个vlog拍得好	This vlog is well shot.	这个视频博客拍得好	This video blog is well-made.	this vlog is well shot
B-MIX-078	MIX	86.63	86.47	-0.16	63.04	76.14	13.10	0	0	0	学习上problem不能发作	Learning problems cannot occur.	学习上问题不能发作	Academic problems cannot occur.	can't let the issue flare up during studying
B-MIX-079	MIX	94.52	94.01	-0.51	72.58	80.34	7.76	100	0	-100	好久没有笑的这么开心了，必须收藏起来emo了再看	I haven't laughed this happily in a long time; I must save this for when I'm feeling down later.	好久没有笑的这么开心了，必须收藏起来抑郁了再看	It's been a long time since I've laughed so happily; I must save this to look at again when I'm feeling depressed.	haven't laughed this hard in ages saving it to watch when I'm feeling down fr
B-MIX-080	MIX	88.15	86.98	-1.18	77.20	75.05	-2.16	100	100	0	cult导演后悔道剧组没有你	The cult director regretted that the crew didn't have you.	邪典导演后悔道剧组没有你	The cult director regretted that the crew didn't have you.	cult director regrets not having you on set
B-MIX-081	MIX	57.58	63.89	6.32	59.44	59.55	0.11	0	0	0	从技术舞美上讲是挺牛，但从意识上讲buff快叠满了	Technically, it's pretty impressive, but in terms of awareness, the buffs are almost fully stacked.	从技术舞美上讲是挺牛，但从意识上讲增益快叠满了	Technically, it's quite impressive, but in terms of awareness, the gains are fast and the stack is full.	technically the stage design is pretty sick but ideologically the power-ups are almost fully stacked
B-MIX-082	MIX	84.23	76.88	-7.36	74.20	79.81	5.61	100	100	0	上了初中就开始恶化了，甚至游戏也会拖一会儿再启动，作业拖到ddl就算是期末周也学不进去	It started to get worse in junior high, even games would take a while to start, and I would procrastinate on homework until the deadline, making it impossible to study even during exam week.	上了初中就开始恶化了，甚至游戏也会拖一会儿再启动，作业拖到截止日期就算是期末周也学不进去	It started to get worse in junior high, even games would take a while to start, and I couldn't study at all even during exam week, even if I postponed my homework until the deadline.	middle school hit different even games I delay homework till deadline even in finals week can't focus smh
B-MIX-083	MIX	90.32	95.04	4.72	66.75	76.79	10.04	0	100	100	ddl就在眼前了还在摆烂	DDL is right around the corner, yet you're still slacking off.	截止日期就在眼前了还在摆烂	The deadline is right around the corner, yet you're still slacking off.	deadline is right there and you're still slacking
B-MIX-084	MIX	99.99	93.79	-6.20	83.20	80.63	-2.56	100	0	-100	asmr助眠真的有用吗	Is ASMR effective for sleep?	自发性知觉经络反应助眠真的有用吗	Is the spontaneous perception meridian response for sleep really effective?	does ASMR for sleep actually work
B-MIX-085	MIX	88.87	91.85	2.98	55.37	77.12	21.75	0	100	100	超mean老奶一般是英语老师	Super strict old lady teachers are usually English teachers.	超刻薄老奶一般是英语老师	A super harsh old lady is usually an English teacher.	Super mean old ladies are usually English teachers
B-MIX-086	MIX	89.16	95.46	6.30	60.79	79.26	18.47	0	0	0	绝对音感的正确用法belike	Correct usage of absolute pitch	绝对音感的正确用法是这样	The correct way to use absolute pitch is like this.	The correct usage of absolute pitch be like
B-HOM-096	HOM	92.51	93.64	1.13	66.03	76.55	10.52	100	100	0	孩好像真的很困了，但是一直被麻麻薅过来薅过去配合拍视频	The kid seems really sleepy, but keeps being pulled back and forth by mom to cooperate with the video shoot.	孩好像真的很困了，但是一直被妈妈薅过来薅过去配合拍视频	The kid seems really sleepy, but keeps being pulled back and forth by the mom to cooperate with the video shoot.	the kid really seems sleepy, but keeps getting dragged back and forth by mom to pose for the video
B-HOM-097	HOM	90.98	93.71	2.73	64.84	73.06	8.22	0	0	0	哈哈哈哈哈，不好意思哈哈哈哈哈没崩住	Hahaha, sorry hahaha couldn't hold back.	哈哈哈哈哈，不好意思哈哈哈哈哈没绷住	Hahaha, sorry hahaha, I couldn't hold it anymore.	hahaha, sorry hahaha I couldn't hold it together
B-HOM-098	HOM	84.95	78.01	-6.94	76.20	61.63	-14.57	0	0	0	淦，忘记原版了，有谁能补一下？	Oh, I forgot the original version, can anyone补一下?	干，忘记原版了，有谁能补一下？	Dry, forgot the original, who can supplement it?	damn, I forgot the original, can anyone fill it in?
B-HOM-099	HOM	81.50	64.23	-17.28	58.21	62.25	4.04	0	0	0	你们要是给我炮儿玩似了我看什么啊	What am I supposed to look at if you just play with me like a toy?	你们要是给我炮儿玩死了我看什么啊	What would I look at if you kill me with the cannon?	if you guys play my Pao'er to death, what am I supposed to watch?
B-PYA-087	PYA	90.22	92.78	2.55	78.04	79.65	1.61	0	0	0	快别TM说了，抓紧睡半个钟头，不然去早餐店要迟到了	Don't talk anymore, just sleep for half an hour, or you'll be late for breakfast.	快别他妈说了，抓紧睡半个钟头，不然去早餐店要迟到了	Stop talking nonsense, hurry up and sleep for half an hour, or you'll be late for breakfast.	stop freaking talking and grab half an hour of sleep, or you'll be late for the breakfast shop
B-NEO-087	NEO	95.40	96.06	0.66	82.52	84.14	1.62	0	0	0	某种意义上来看他也是个神人	In a certain sense, he is also a god-like person.	某种意义上来看他也是个行为离谱的人	In a certain sense, he is also a person with bizarre behavior.	in a certain sense he's also an absolute character
B-NEO-088	NEO	76.48	85.94	9.46	62.92	57.77	-5.15	0	100	100	我都不知道出新图了，作业自己跑我脸上了	I didn't even know new pictures were released; my homework ran onto my face.	我都不知道出新图了，攻略自己跑我脸上了	I didn't even know there were new images released; the guide is now on my face.	I didn't even know a new stage was out, and the guide just ran right into my face
B-NEO-089	NEO	92.41	99.64	7.23	77.03	78.53	1.50	0	0	0	无论从哪个层面来看，都是吊炸了	It's absolutely amazing from any perspective.	无论从哪个层面来看，都是厉害极了	It's amazing from any perspective.	no matter how you look at it, it's insanely awesome
B-NEO-090	NEO	76.08	95.49	19.40	69.07	80.98	11.91	0	0	0	应该是的，不然怎么会气到把国粹给说出来了	That's right, otherwise how could he get so angry as to say something so disrespectful about the national treasure.	应该是的，不然怎么会气到把脏话给说出来了	That's right, otherwise how could he get so angry as to say such rude words.	must be, otherwise how would he get so angry that the swear words came out
B-NEO-091	NEO	70.75	82.11	11.36	63.52	73.20	9.67	0	0	0	说个冷知识，来俊臣的父亲名叫来操，是个挺生草的名字	Here's a cold piece of knowledge: Li Juanchen's father was named Li Cao, which is a pretty weird name.	说个冷知识，来俊臣的父亲名叫来操，是个挺搞笑的名字	Here's a cold piece of knowledge: Li Juanchen's father was named Li Cao, which is a pretty funny name.	fun fact: Lai Junchen's father was named Lai Cao, which is a pretty hilarious name
B-NEO-092	NEO	76.16	73.82	-2.34	68.49	82.12	13.63	0	0	0	他不是好了，而是知道自己要凉了	He isn't getting better; he knows he's going to be in trouble.	他不是好了，而是知道自己要完蛋了	He isn't getting better; instead, he knows he's going to be in trouble.	he's not better, he just knows he's done for
B-NEO-093	NEO	71.60	83.69	12.08	68.52	71.89	3.37	0	0	0	置顶评论官方链接是淘宝就知道成分了	The official link for the top comment is Taobao, so you'll know the ingredients.	置顶评论官方链接是淘宝就知道背景了	The top comment's official link is Taobao, so you know the background.	the pinned official link is Taobao, that alone tells you what they're really about
B-NEO-094	NEO	80.59	95.33	14.74	63.08	79.40	16.33	0	0	0	逆天。。我现在开车老走错路	Against heaven... I keep taking the wrong roads when driving now.	离谱。。我现在开车老走错路	Crazy. I keep taking the wrong turns while driving now.	wild… I keep taking wrong turns when driving now
B-MIX-087	MIX	53.74	64.93	11.19	46.00	51.56	5.57	100	0	-100	发现没火的作者belike	The author who is not on fire, belike.	发现没火的作者就是这样	The author who has no fire is like this.	discovering an underrated creator be like
B-MIX-088	MIX	80.27	90.43	10.16	73.28	72.17	-1.11	0	100	100	第一次尝试做这么长的动画 感觉k帧速度有所提升绝宝二周年快乐!	First attempt at making such a long animation, the k-frame speed seems to have improved, happy second anniversary of Jiebao!	第一次尝试做这么长的动画 感觉打关键帧速度有所提升绝宝二周年快乐!	First attempt at making such a long animation, feeling that the keyframe speed has improved a lot! Happy 2nd anniversary, Juebao!	first time making such a long animation, my keyframing speed has improved — happy 2nd anniversary Juebao!
B-MIX-089	MIX	91.86	92.00	0.14	72.91	77.49	4.57	100	100	0	或许它真的是福利最好的fps	Perhaps it's truly the best fps in terms of benefits.	或许它真的是福利最好的第一人称射击游戏	Perhaps it is truly the first-person shooter with the best benefits.	maybe it really is the FPS with the best freebies
B-MIX-090	MIX	87.83	93.12	5.29	70.90	71.51	0.60	0	100	100	杨博文四代唯一C位队长	Yang Bowen, the only C-position captain of the fourth generation.	杨博文四代唯一中心位队长	Yang Bowen, the only central position captain in four generations.	Yang Bowen, Gen 4's only center-position captain
B-HOM-100	NEO	71.80	73.31	1.51	68.52	71.01	2.49	100	100	0	明显，队友大概率寄了，和上司有关，但扳机似乎记忆出现问题，咬死队友还活着，变相保护了上司，所以被上司放了	Obviously, the teammate is likely dead, and it's related to the superior. However, the trigger seems to have memory issues, insisting that the teammate is still alive, thereby indirectly protecting the superior, so the superior let him go.	明显，队友大概率死了，和上司有关，但扳机似乎记忆出现问题，咬死队友还活着，变相保护了上司，所以被上司放了	Obviously, the teammate is likely dead, and it's related to the superior. However, the trigger seems to have memory issues, insisting that the teammate is still alive, thereby indirectly protecting the superior, so the superior let him go.	clearly the teammate is most likely dead and the boss is involved, but Trigger's memory seems broken — she insists the teammate is alive, which indirectly shielded the boss, so the boss let her go
B-HOM-101	HOM	74.69	70.33	-4.36	77.23	78.20	0.97	0	100	100	怪兽：我已经破坏掉了你所有能获取光的办法，看你还怎么变身 迪迦：你钱包的钱还有多少？ 怪兽：全花光了 迪迦：恰！	"Monster: I've destroyed all the ways you can obtain light, so how are you going to transform now? 
Dekarajin: How much money do you have left in your wallet? 
Monster: I've spent it all. 
Dekarajin: Perfect!"	怪兽：我已经破坏掉了你所有能获取光的办法，看你还怎么变身 迪迦：你钱包的钱还有多少？ 怪兽：全花光了 迪迦：吃！	Monster: I've destroyed all the ways you can obtain light, see how you can transform now, Digua. Digua: How much money do you have left in your wallet? Monster: I've spent it all. Digua: Eat it!	Monster: I've destroyed every way you could gather light, let's see you transform now. Tiga: How much money is left in your wallet? Monster: All spent. Tiga: Nom!
B-HOM-102	HOM	57.09	85.97	28.89	68.79	78.17	9.38	0	100	100	人定不了天，一切的一切还是按照历史轨迹走，我记得是三段历史走向，猪脚心累了	Man cannot change the heavens; everything still follows the historical course. I remember it's three stages of historical development, and the pig's heel is tired.	人定不了天，一切的一切还是按照历史轨迹走，我记得是三段历史走向，主角心累了	People can't change the heavens; everything still follows the historical course. I remember it's three stages of historical development, and the protagonist is tired of it all.	man can't defy heaven, everything still follows the track of history — I remember there were three historical branches, and the protagonist is exhausted
B-HOM-103	HOM	73.48	67.63	-5.85	69.16	68.40	-0.76	0	100	100	笑成猪头最好笑是因为！！！我本来就觉得很好笑哈哈哈，看到这个蚌不住了！！！	Laughing so hard I feel like a pig! It's the funniest thing ever!!! I thought it was already so funny, haha, but seeing this made me laugh uncontrollably!!!	笑成猪头最好笑是因为！！！我本来就觉得很好笑哈哈哈，看到这个绷不住了！！！	Laughing so hard I feel like a pig! It's the funniest thing ever!!! I already thought it was hilarious, haha, but seeing this made me lose it!!!	the pig-head laugh is the funniest because!!! I already found it hilarious hahaha, and seeing this I just lost it!!!
B-HOM-104	HOM	81.32	84.45	3.12	77.58	77.89	0.31	0	100	100	真旅行青蛙！  去哪了 会给麻麻带明信片回来  真好	Real traveling frog! Where did you go? You'll bring a postcard back for Mama. That's great.	真旅行青蛙！  去哪了 会给妈妈带明信片回来  真好	Real traveling frog! Where did you go? You'll bring a postcard back for Mom. That's great.	a real Travel Frog! wherever it goes, it brings postcards back for mom — so sweet
B-HOM-105	HOM	84.32	90.65	6.33	74.46	74.89	0.43	100	100	0	兄dei，这么好的猪 你舍得一次性吃完吗（于谦声）	Brother Dei, such a good pig, are you willing to eat it all at once? (Yu Qian's voice)	兄弟，这么好的猪 你舍得一次性吃完吗（于谦声）	Brother, such a good pig, are you willing to eat it all at once? (Yu Qian's voice)	bro, such a fine pig — could you really bear to eat it all in one go? (in Yu Qian's voice)
B-HOM-106	NEO	50.61	62.57	11.96	66.71	57.89	-8.82	0	100	100	这高达味怎么这么重啊，真的是百合拯救了萝卜？	How heavy this Gao Da Wei is! Could it really be that the lily saved the radish?	这高达味怎么这么重啊，真的是百合拯救了机器人？	How heavy this Gundam is! Could it really be that the lily saved the robot?	why does this feel so much like Gundam — did yuri really save the mecha genre?
B-HOM-107	HOM	96.30	83.68	-12.62	81.75	64.44	-17.30	0	0	0	淦，为什么要让我凌晨刷到，睡不着觉了()	Darn, why did you make me scroll through this at midnight? I can't sleep anymore.()	干，为什么要让我凌晨刷到，睡不着觉了()	Dry, why did you let me see this at midnight? I can't sleep anymore.	damn, why did I have to scroll onto this in the middle of the night, now I can't sleep ()
B-HOM-108	HOM	94.50	92.91	-1.59	82.77	83.52	0.75	100	0	-100	免责声明，此为系统自动播放，与我无瓜	Disclaimer: This is system auto-play, and it has nothing to do with me.	免责声明，此为系统自动播放，与我无关	Disclaimer: This is system auto-play, unrelated to me.	disclaimer: this was autoplayed by the system, nothing to do with me
B-HOM-109	HOM	85.45	85.49	0.04	63.36	69.12	5.77	100	100	0	又第一了 带领兄弟萌再冲一次～～～～	First place again, leading the brothers to charge once more～～～～	又第一了 带领兄弟们再冲一次～～～～	First place again, leading the brothers to charge once more～～～～	number one again — leading the bros for one more charge~~~~
B-HOM-110	HOM	45.26	63.81	18.54	46.50	52.76	6.26	0	100	100	预计会火，火钳刘明	Is expected to be a hit, Liu Ming with the fire tongs	预计会火，火前留名	Expected to go viral, make a name before it goes viral.	this is going to blow up, leaving my name here before it does
B-HOM-111	HOM	34.72	77.85	43.13	70.99	60.94	-10.05	0	0	0	扳机歪了，前来还怨	The trigger is crooked, yet he comes to complain.	扳机歪了，前来还愿	The trigger is crooked, come to fulfill the vow.	my pull for Trigger went off-banner — here to repay my vow
B-HOM-112	HOM	97.16	94.87	-2.29	73.88	82.13	8.25	0	0	0	梅森：这我可太熟辣！	Mason: I'm really familiar with that!	梅森：这我可太熟啦！	Mason: I know that too well!	Mason: now this I know all too well!
B-HOM-114	HOM	95.14	97.51	2.38	80.05	81.79	1.73	100	100	0	我不行了我笑得要噶了	I can't take it anymore, I'm laughing so hard I'm going to die.	我不行了我笑得要挂了	I can't take it anymore, I'm laughing so hard I'm going to die.	I can't take it, I'm about to die laughing
B-HOM-115	HOM	88.14	86.60	-1.53	67.21	69.55	2.34	0	0	0	活到老学到老,似了也要学习	Live to learn, and keep learning even when you think you've already learned everything.	活到老学到老,死了也要学习	Live to learn, learn to live; even after death, one must continue to learn.	live and learn — keep studying even when you're dead
B-HOM-116	HOM	68.40	79.63	11.23	54.53	64.29	9.75	0	0	0	太好辣，是拐杖星人，我们没救了	Too spicy, we're all stick-figure people, we're doomed.	太好啦，是拐杖星人，我们没救了	Great, we're all walking stick people, we're doomed.	oh great, it's the crutch alien, we're doomed
B-HOM-117	HOM	63.79	72.49	8.71	74.35	71.96	-2.40	0	0	0	老八胃大，无需多盐	Old Eight has a big stomach and doesn't need much salt.	老八胃大，无需多言	Old Eight has a big stomach, no need to say more.	Laoba has a big stomach — no more words needed
B-HOM-118	HOM	86.52	99.93	13.41	79.69	85.56	5.87	0	0	0	雾草这幕太美了	This scene of the fog grass is too beautiful.	卧槽这幕太美了	Oh my god, this scene is so beautiful!	holy crap this scene is gorgeous
B-HOM-119	NEO	88.24	100.00	11.76	82.46	85.67	3.20	0	100	100	欧内该，我什么都愿意做	Oneya, I'm willing to do anything.	拜托了，我什么都愿意做	Please, I'm willing to do anything.	please, I'll do anything
B-HOM-120	HOM	88.43	88.45	0.02	41.81	43.28	1.47	100	100	0	果然混元是个妹纸	Indeed, Hunei is a girl.	果然混元是个妹子	Indeed, Hunei is a girl.	so Hunyuan really is a girl after all
B-HOM-121	HOM	68.53	85.15	16.62	72.87	68.45	-4.42	0	0	0	年轻人不讲武德！耗子尾汁	Young people don't have morals! Rat's tail juice.	年轻人不讲武德！好自为之	Young people don't have a sense of morality! Take care.	young people have no martial virtue! you'd better behave yourselves
B-HOM-122	HOM	68.36	80.52	12.15	45.69	67.70	22.01	0	0	0	官方踏马自黑，这下别人黑不了了	Official self-attack, now others can't attack anymore.	官方他妈自黑，这下别人黑不了了	The officials are self-mocking, so now no one else can mock them.	the officials are freaking roasting themselves, now nobody else can roast them
B-HOM-123	HOM	91.30	97.95	6.65	71.79	77.83	6.04	0	0	0	这俩老男人的沙雕人生	The Absurd Lives of These Two Old Men	这俩老男人的傻屌人生	The stupid lives of these two old men	the goofball life of these two old guys
B-HOM-124	HOM	60.65	96.39	35.73	66.62	82.51	15.89	0	100	100	被天使蚊过的嗓子	A sore throat caused by angel mosquitoes	被天使吻过的嗓子	A voice kissed by an angel	a voice kissed by an angel
B-HOM-125	HOM	98.13	98.65	0.52	63.16	80.52	17.36	100	100	0	上一个视频就是不讲内个	The previous video didn't talk about that.	上一个视频就是不讲那个	The previous video didn't talk about that.	the last video just wouldn't talk about that
B-HOM-127	HOM	70.92	93.94	23.02	47.84	61.29	13.44	0	100	100	可以四了这游戏	The game can be played by four.	可以死了这游戏	You can die in this game.	this game can just die already
B-HOM-128	HOM	82.83	82.97	0.14	59.76	74.75	14.98	100	100	0	全体欣赏阴乐	Appreciate the entire Yin music	全体欣赏音乐	Appreciate the music as a whole.	everyone, enjoy the music
B-HOM-129	HOM	38.80	35.59	-3.20	37.11	45.50	8.39	0	0	0	锁呐区甲亢哥	Thyroid Broke the Lock Saxophone Area	唢呐区甲亢哥	Soprano saxophone area hyperthyroidism brother	suona-section Speed
B-HOM-130	HOM	95.41	98.67	3.26	82.70	83.97	1.27	0	0	0	哎你怎么似了	Hey, what's wrong with you?	哎你怎么死了	Oh, how did you die?	hey, how come you died
B-HOM-131	HOM	81.62	96.48	14.86	60.32	72.99	12.67	0	100	100	密码的，很久没笑得这么无语了	Password-related, I haven't been this speechless for a long time.	妈的，很久没笑得这么无语了	Damn, I haven't laughed like that in a long time.	damn, it's been ages since I laughed this speechlessly
B-PYA-088	PYA	93.76	93.89	0.13	81.05	79.18	-1.86	0	0	0	不是，我TM哪来的教材，你在逗我呢	No, I don't have any textbooks, you're kidding me.	不是，我他妈哪来的教材，你在逗我呢	No, I don't have any textbooks, you're kidding me.	wait, where the hell would I get a textbook, are you kidding me
B-PYA-089	PYA	91.66	97.99	6.33	81.00	83.19	2.20	0	0	0	md，这军方也这么乱，难怪市民们这么乐观，哈哈	MD, the military is also in such chaos, so it's no wonder the citizens are so optimistic. Haha.	妈的，这军方也这么乱，难怪市民们这么乐观，哈哈	Oh my god, the military is just as chaotic too. That's why the citizens are so optimistic. Haha.	damn, even the military is this chaotic, no wonder the citizens are so optimistic, haha
B-PYA-090	PYA	90.80	92.24	1.44	75.92	76.70	0.78	0	0	0	wc我想要高斯裤子的链接，真的好帅	I want the link for the Gaussian pants; they are really cool.	卧槽我想要高斯裤子的链接，真的好帅	Oh my god, I want the link for the Gaussian pants, they're really cool.	whoa I want the link to Gauss's pants, they look so cool
B-PYA-091	PYA	87.34	92.58	5.25	48.65	77.51	28.87	0	0	0	WC，这都能被发现啊	That's all discoverable.	卧槽，这都能被发现啊	Oh my, that could even be discovered!	whoa, even this got noticed
B-PYA-092	PYA	97.25	99.88	2.63	84.25	84.93	0.68	0	0	0	woc太萌了	Woc is too cute.	卧槽太萌了	Oh my, that's so cute!	omg so cute
B-PYA-093	PYA	74.36	86.68	12.32	66.03	78.09	12.06	0	100	100	dbq小啵有点像触电了	dbq Xiao Bo seems to have been shocked.	对不起小啵有点像触电了	Sorry, Xiao Bo, it's a bit like getting an electric shock.	sorry but Xiaobo kind of looks electrocuted
B-PYA-094	PYA	89.30	96.90	7.59	80.13	83.40	3.27	0	0	0	无线能源是基于无线水的原理吗？(bushi)	Is wireless energy based on the principle of wireless water? (bushi)	无线能源是基于无线水的原理吗？(不是)	Is wireless energy based on the principle of wireless water? (No)	is wireless energy based on the principle of wireless water? (jk)
B-PYA-095	PYA	92.80	92.83	0.03	80.13	73.11	-7.01	0	0	0	光明，赐予我力量（bushi）	Light, grant me strength (bushi)	光明，赐予我力量（不是）	Light, grant me strength (not)	light, grant me power (jk)
B-PYA-096	PYA	95.78	99.80	4.02	80.01	80.88	0.87	0	0	0	这么说我才发现字幕不是视频自带的hhhh	So I just realized the subtitles aren't part of the video itself hhhhh	这么说我才发现字幕不是视频自带的哈哈哈哈	So I just realized the subtitles aren't part of the video itself, haha!	now that you mention it, I just realized the subtitles aren't part of the video hahaha
B-PYA-097	PYA	90.76	90.45	-0.31	75.79	78.60	2.81	0	100	100	完了疑似吉米被吓疯了hh	It seems Jimmy was scared out of his mind.	完了疑似吉米被吓疯了哈哈	Looks like Jimmy got scared out of his mind, haha.	uh oh, Jimmy seems scared out of his mind haha
B-PYA-098	PYA	89.53	93.06	3.53	74.93	79.09	4.16	0	100	100	看清楚材质吧，pdd很多都是聚酯纤维，你问客服没几个敢说是纯棉的	Look at the material carefully, since many on PDD are polyester, and few customer service representatives dare to admit they are 100% cotton.	看清楚材质吧，拼多多很多都是聚酯纤维，你问客服没几个敢说是纯棉的	Look at the material carefully; many on Pinduoduo are polyester, and few customer service representatives dare to say they are 100% cotton.	check the fabric carefully — a lot of stuff on Pinduoduo is polyester, and few customer-service reps dare claim it's pure cotton
B-PYA-099	PYA	72.17	73.36	1.18	64.07	68.42	4.35	0	0	0	27W收藏4W点赞服了不提醒还不知道........	27W favorites, 40,000 likes, amazing, no notification, didn't even know...	27万收藏4万点赞服了不提醒还不知道........	270,000 favorites, 40,000 likes, amazing, no notification, didn't even know...	270k saves and 40k likes, unbelievable — I wouldn't even have known without the reminder……
B-PYA-100	PYA	93.58	95.44	1.86	65.43	80.06	14.62	0	0	0	20w收藏3w点赞	200,000 favorites, 30,000 likes	20万收藏3万点赞	200,000 favorites, 30,000 likes	200k saves, 30k likes
B-PYA-101	PYA	66.09	83.34	17.25	74.28	75.80	1.52	0	0	0	啊？60w围攻45w的城，对方还以骑兵为主？？！	Ah? Attacking a city with 60,000 troops against 45,000 defenders, and the enemy is mainly cavalry??!	啊？60万围攻45万的城，对方还以骑兵为主？？！	Ah? Attacking a city with 600,000 troops against 450,000 defenders, and the enemy is mainly cavalry??!	what? 600k besieging a city of 450k, and the enemy is mostly cavalry??!
B-PYA-102	PYA	81.15	74.54	-6.61	65.83	63.30	-2.53	100	0	-100	“义人，就是ta，欺负我。”	The righteous one, that is he, bullied me.	“义人，就是他，欺负我。”	"""The righteous one, he, oppresses me."""	Righteous one, it was them — they bullied me.
B-PYA-103	PYA	64.28	34.75	-29.53	48.31	27.01	-21.30	0	0	0	好装好假好ex	Good makeup, good fake, good ex.	好装好假好恶心	Fake it till you make it.	so pretentious, so fake, so gross
B-PYA-104	PYA	55.65	78.45	22.81	38.66	44.93	6.27	0	100	100	死yxh滚远点	Die far away.	死营销号滚远点	Die marketing account, go far away.	damn clickbait accounts, get lost
B-PYA-106	PYA	65.54	66.22	0.68	65.97	74.30	8.33	0	0	0	牛啊，我怎么幻听出歌词了(bushi)	Cow, how did I hear the lyrics in my head? (bushi)	牛啊，我怎么幻听出歌词了(不是)	Oh, cow, how did I hear the lyrics in my head? (Not really)	impressive — why am I hallucinating lyrics out of this (jk)
B-PYA-107	PYA	91.49	94.54	3.05	69.08	74.51	5.43	0	0	0	心灵感应原版就是致敬火花hhh	The original version of telepathy is a tribute to Spark hhh	心灵感应原版就是致敬火花哈哈哈	The original version of telepathy is a tribute to Spark, haha!	the original Telepathy really is a homage to Spark hahaha
B-PYA-108	PYA	93.85	85.28	-8.58	56.42	60.33	3.91	0	0	0	woc瞬间高清修补版	Instant HD Repair Version	卧槽瞬间高清修补版	Wow, instant high-definition repair version	whoa, instantly the HD restored version
B-NEO-096	NEO	91.12	86.29	-4.83	82.30	81.65	-0.65	0	0	0	泪目，我一直不知道自己想做什么，感觉选择的大都错了，已经索性不想选择了...糟糕啊...	Tears in my eyes, I've never known what I want to do. It feels like most of my choices were wrong, and now I just don't want to choose anymore... Oh no...	眼泛泪光，我一直不知道自己想做什么，感觉选择的大都错了，已经索性不想选择了...糟糕啊...	My eyes are glistening with tears; I've never known what I want to do, feeling that most of my choices were wrong, and now I've given up on choosing altogether... Oh no...	tearing up — I've never known what I want to do, feels like most of my choices were wrong, and now I've simply stopped choosing… this is bad…
B-NEO-097	NEO	81.89	83.37	1.47	81.57	82.29	0.72	0	0	0	10后，上一次看是三年前了，但是也泪目了	Ten years later, the last time I saw it was three years ago, but I also got teary-eyed.	10后，上一次看是三年前了，但是也落泪了	Ten years later, the last time I saw it was three years ago, but I also cried.	born after 2010 — last watched this three years ago, but it still made me tear up
B-NEO-098	NEO	72.97	83.88	10.91	74.65	77.00	2.35	0	0	0	虽然整个乐队前期像拼好队一样，但是结局随着独角兽的回归写的还是不错的	Although the whole band was like a well-coordinated team at first, the ending, written with the return of the unicorn, was still quite good.	虽然整个乐队前期像拼凑起来的队伍一样，但是结局随着独角兽的回归写的还是不错的	Although the band seemed like a haphazard group in the early stages, the ending, with the return of the unicorn, was still well-written.	even though the band felt like a thrown-together group-buy squad early on, the ending with the unicorn's return was written pretty well
B-NEO-099	NEO	71.69	76.55	4.86	76.15	76.03	-0.12	0	0	0	“苏新皓你好的太突出”这句话的含金量还在上升	"The value of the sentence ""Su Xin Hao, your good performance is too outstanding"" is still rising."	“苏新皓你好的太突出”这句话的价值还在提升	"The value of the sentence ""Su Xin Hao, your good performance is too outstanding"" is still increasing."	"the line ""Su Xinhao, your hello is too striking"" keeps proving truer and truer"
B-NEO-100	NEO	81.27	92.34	11.06	73.69	73.00	-0.69	0	0	0	扎格列斯之手的含金量还在上升！	The gold content of Zagreus's hand is still rising!	扎格列斯之手的价值还在提升！	The value of Zagreus's hand is still rising!	the Hand of Zagreus keeps proving its worth!
B-NEO-101	NEO	56.24	71.57	15.32	55.23	71.12	15.89	0	0	0	红温了，把打野怪爆的装备给炸了，你好歹拿一些吧	The red one got angry, blew up the equipment dropped by the jungle monsters, you at least take some of it.	气急了，把打野怪爆的装备给炸了，你好歹拿一些吧	You're so angry that you blew up the equipment you looted from the jungle monsters; at least take some of it.	he's fuming — blew up the gear dropped from jungle monsters, at least take some of it, man
B-NEO-102	NEO	79.56	80.99	1.43	73.48	73.78	0.30	0	0	0	反派看到了硬控他的回忆……	The villain saw his memories of being controlled...	反派看到了完全控制住他的回忆……	The villain saw his memories completely controlled...	the villain saw the memories that completely transfixed him……
B-NEO-103	NEO	95.91	86.46	-9.45	71.38	68.92	-2.46	100	0	-100	我还以为是9.9元拼好饭呢	I thought it was a 9.9 yuan group meal deal.	我还以为是9.9元拼单买的饭呢	I thought I bought the meal by group buying for 9.9 yuan.	I thought it was a 9.9-yuan group-buy meal deal
B-NEO-104	NEO	55.28	36.12	-19.17	48.37	51.17	2.80	0	0	0	向佐药水哥梦幻联动！	Collaboration with the herbal medicine water brother in a dream!	向佐药水哥跨界合作！	Collaborate with the herbal medicine water guy across industries!	Xiang Zuo and Yaoshui-ge, a dream crossover!
B-NEO-105	NEO	71.03	72.34	1.30	47.69	41.41	-6.29	0	0	0	电子榨菜配跳跳糖	Electronic vegetable with popping candy	下饭视频配跳跳糖	Video to eat with popcorn and candy corn	comfort-viewing video paired with popping candy
B-NEO-106	NEO	93.12	98.06	4.94	64.61	83.81	19.19	0	0	0	这声音绝绝子	This sound is amazing!	这声音好极了	This sound is great!	this voice is simply divine
B-NEO-107	NEO	62.81	86.14	23.33	61.30	71.41	10.11	0	0	0	假师傅让拜，真师傅反而不让拜，难绷了	Fake masters let you worship them, but real masters don't allow worship, it's really hard to hold back.	假师傅让拜，真师傅反而不让拜，让人无语了	Fake masters let you worship them, but real masters don't allow worship, which is really frustrating.	the fake master lets you bow to him, but the real master won't — I can't even
B-NEO-108	NEO	80.70	99.22	18.52	66.89	82.22	15.33	0	0	0	一想到一睁眼就有倒计时就难绷	The moment I think about the countdown starting as soon as I open my eyes, I can't hold back.	一想到一睁眼就有倒计时就受不了	The thought of waking up to a countdown is unbearable.	the thought of waking up to a countdown every day just breaks me
B-MIX-092	MIX	92.57	88.38	-4.19	68.63	63.98	-4.66	100	100	0	完全不给队友上buff的机会	Never gives teammates a chance to buff.	完全不给队友上增益的机会	No opportunity to give teammates buffs.	gives teammates zero chance to apply buffs
B-MIX-093	MIX	62.30	49.65	-12.65	38.20	40.65	2.45	100	100	0	不会侵蚀后全是boss吧	Won't it all end with the boss?	不会侵蚀后全是头目吧	Won't it all end up being bosses eventually?	don't tell me everything after the corruption is a boss
B-MIX-094	MIX	96.92	91.80	-5.13	75.61	66.31	-9.30	100	0	-100	顾客：心平气和.jpg	Customer: Calm and composed.jpg	顾客：心平气和的表情包	Customer: Calm and composed emoticon	customer: calm-and-composed.jpg
B-MIX-095	MIX	91.33	96.11	4.77	78.28	78.83	0.55	100	100	0	海皇cpu高速运转中……	Marine Emperor CPU is operating at high speed...	海皇大脑高速运转中……	The Sea King's brain is working at high speed...	the Sea Emperor's CPU is running at full speed……
B-MIX-096	MIX	90.75	70.67	-20.08	62.22	63.57	1.35	100	100	0	可以无限卡bug，站起来再躺下去，站起来再躺下去。	You can infinitely exploit the bug by standing up and lying down repeatedly.	可以无限卡漏洞，站起来再躺下去，站起来再躺下去。	Can exploit the infinite loop bug, stand up and lie down again, stand up and lie down again.	you can exploit the bug endlessly — stand up, lie back down, stand up, lie back down.
B-MIX-097	MIX	57.98	59.94	1.96	51.28	60.01	8.73	0	0	0	在扳机的视频里刷什么悠真真的很ky好吧	What's so kawaii about brushing through the trigger video? Well, okay.	在扳机的视频里刷什么悠真真的很不会看气氛好吧	What's going on in the trigger video? She really doesn't know how to read the atmosphere, does she?	spamming Harumasa comments on a Trigger video is honestly so tone-deaf, okay
B-MIX-098	MIX	80.49	85.47	4.98	51.95	76.60	24.64	100	0	-100	别什么过场都搞qte，破坏连贯	Don't overdo QTEs and break the flow.	别什么过场都搞快速反应事件，破坏连贯	Don't turn everything into a quick reaction incident, disrupting the continuity.	stop putting QTEs in every cutscene, it ruins the flow
B-MIX-099	MIX	89.99	86.51	-3.48	64.54	58.23	-6.30	100	0	-100	不是哥们，怎么pv就删了。	Not bro, how come the PV got deleted?	不是哥们，怎么宣传片就删了。	Not bro, why did they cut the promotional video?	wait bro, why did the PV get deleted.
B-MIX-100	MIX	96.71	96.39	-0.32	78.97	77.93	-1.04	100	100	0	要是做出这样的mod，那就有意思了	That would be interesting if you made such a mod.	要是做出这样的模组，那就有意思了	That would be interesting if you made such a mod.	if someone made a mod like this, that would be fun
B-MIX-101	MIX	90.04	89.27	-0.77	79.95	76.27	-3.67	100	0	-100	omg！这是谁家的小孩这么有出息啊啊啊啊啊	OMG! Whose child is so accomplished? Ah ah ah ah ah!	我的天！这是谁家的小孩这么有出息啊啊啊啊啊	My goodness! Whose child is so accomplished! Ah ah ah ah ah!	omg! whose kid is this, so talented ahhhh
B-MIX-102	MIX	94.66	94.92	0.26	75.30	74.97	-0.33	100	100	0	很多老外不知道田一鸣叫什么，就叫他super idol	Many foreigners don't know what Tian Yiming is called, so they just call him Super Idol.	很多老外不知道田一鸣叫什么，就叫他超级偶像	Many foreigners don't know what Tian Yiming is called, so they just call him Super Idol.	many foreigners don't know Tian Yiming's name, so they just call him super idol
B-MIX-103	MIX	77.59	78.15	0.56	59.97	75.97	16.00	0	0	0	知名up主老番茄视频内容不慎跌回五年前的水平	Well-known UP主 Laotomato's video content accidentally regressed to the level of five years ago.	知名视频作者老番茄视频内容不慎跌回五年前的水平	Well-known video creator Laotomato's video content accidentally regressed to the level of five years ago.	famous uploader LaoFanQie's video content has accidentally slipped back to its level five years ago
B-MIX-104	MIX	96.10	93.71	-2.39	76.78	61.16	-15.62	100	100	0	我打个csgo心跳都能160	My CS:GO heartbeat can reach 160.	我打个反恐精英心跳都能160	My heart rate can reach 160 just from playing Counter-Strike.	my heart rate hits 160 just playing CS:GO
B-MIX-105	MIX	99.56	99.68	0.12	58.51	88.20	29.69	100	0	-100	回答我，鸟为什么会飞？ Look at my eye, tell me why!	Answer me, why do birds fly? Look into my eyes, tell me why!	回答我，鸟为什么会飞？ 看着我的眼睛，告诉我为什么！	Answer me, why do birds fly? Look into my eyes and tell me why!	answer me, why can birds fly? Look at my eye, tell me why!
B-MIX-106	MIX	92.69	86.23	-6.45	82.48	69.91	-12.56	100	0	-100	这里应该说的是welcome to shaolin 吧	"This should be saying ""Welcome to Shaolin,"" right?"	这里应该说的是欢迎来到少林 吧	This should be welcoming you to Shaolin.	what he should have said here is welcome to Shaolin, right
B-MIX-107	MIX	86.28	85.29	-0.99	61.81	64.63	2.82	100	100	0	这BGM给我干天津去了	This BGM is taking me to Tianjin.	这背景音乐给我干天津去了	This background music takes me to Tianjin.	this BGM just teleported me straight to Tianjin
B-MIX-108	MIX	63.27	70.76	7.49	67.67	71.21	3.55	100	100	0	小八和啵哝就像是妈妈带了个teenager出来我服了。	Xiaoba and Bomen are like Mom bringing out a teenager; I'm really impressed.	小八和啵哝就像是妈妈带了个青少年出来我服了。	Xiaoba and Bonong are like Mom bringing out a teenager; I'm really impressed.	Xiaoba and Bonong are just like a mom taking a teenager out, I can't with them.
B-MIX-109	MIX	92.45	90.89	-1.56	83.41	80.91	-2.50	100	100	0	其实我不仅是rapper，我还是DJ，香蜜湖你听见了吗	In fact, I'm not just a rapper; I'm also a DJ. Have you heard of Xiangmi Lake?	其实我不仅是说唱歌手，我还是打碟师，香蜜湖你听见了吗	In fact, I'm not just a rapper; I'm also a DJ. Have you heard of Xiangmi Lake?	actually I'm not just a rapper, I'm also a DJ — Xiangmi Lake, can you hear me
B-MIX-110	MIX	64.81	70.00	5.19	59.70	58.75	-0.95	100	0	-100	我家小逻怎么成敌方boss单位了？还有精英干员长颈鹿	How did my little Log become an enemy boss unit? There's also the elite operator, the giraffe.	我家小逻怎么成敌方头目单位了？还有精英干员长颈鹿	How did my little Log become an enemy leader unit? There's also the elite operator, the giraffe.	how did my Xiaoluo become an enemy boss unit? and there's an elite operator giraffe too
B-MIX-111	MIX	95.31	65.46	-29.85	71.15	55.94	-15.21	100	0	-100	看得ptsd犯了	Looks like PTSD has been triggered.	看得创伤后应激障碍犯了	The person with post-traumatic stress disorder has a breakdown.	watching this triggered my PTSD
B-MIX-112	MIX	94.72	93.93	-0.79	75.80	60.03	-15.77	100	0	-100	我独自拯救一切Pro max	I alone save everything Pro Max	我独自拯救一切加强版	I alone save everything in the enhanced version	I Alone Save Everything, Pro Max edition
B-MIX-113	MIX	94.65	93.52	-1.13	69.58	72.43	2.85	100	100	0	那是债主催债了bro	That's the creditor demanding payment, bro.	那是债主催债了兄弟	That's the creditor demanding payment, brother.	that's the creditor coming to collect, bro
B-MIX-114	MIX	76.80	83.77	6.97	77.18	76.90	-0.28	0	0	0	姐！邀请宋雨琦上节目！E人很适合！章昊也是！	Hey! Invite Song Yiqi to the show! She's a perfect fit! Zhang Hao is also great!	姐！邀请宋雨琦上节目！外向的人很适合！章昊也是！	Hey! Invite Song Yiqi to the show! She's very outgoing and would be a great fit! Zhang Hao as well!	sis! invite Song Yuqi onto the show! extroverts are perfect for it! Zhang Hao too!
B-MIX-115	MIX	73.73	82.52	8.80	78.35	75.72	-2.63	0	100	100	好阳光啊，这一定是相互救赎的少女乐队故事吧www	What beautiful sunshine! This must be the story of a girl band that saves each other. www	好阳光啊，这一定是相互救赎的少女乐队故事吧哈哈哈	What great sunlight! This must be the story of a girl band that saves each other. Hahaha!	so wholesome — this must be a girls-band story of mutual redemption lol
B-MIX-116	MIX	84.43	84.25	-0.18	77.84	82.84	5.00	0	0	0	小时候我没有cp这个概念，一直认为这俩只是朋友	When I was a child, I didn't have the concept of a CP, and I always thought they were just friends.	小时候我没有情侣配对这个概念，一直认为这俩只是朋友	I didn't have the concept of couple matching when I was a child; I always thought they were just friends.	as a kid I had no concept of shipping — I always thought these two were just friends
B-MIX-117	MIX	92.29	94.53	2.24	81.30	80.88	-0.42	100	0	-100	妹妹在cos商鞅吗	Is the younger sister cosplaying as Shang Yang?	妹妹在扮演商鞅吗	Is the sister playing the role of Shang Yang?	is the girl cosplaying Shang Yang
B-MIX-118	MIX	98.47	94.15	-4.32	80.07	80.04	-0.03	100	100	0	哎呀，蚊子得了MVP！	Oh no, the mosquito got the MVP!	哎呀，蚊子得了全场最佳！	Oh my, the mosquito got the MVP of the game!	oops, the mosquito got the MVP!
B-MIX-119	MIX	93.12	93.65	0.52	82.46	82.36	-0.10	100	100	0	这都ai配音了，字幕当然也是ai啊	All of this has AI dubbing, so the subtitles are obviously AI too.	这都人工智能配音了，字幕当然也是人工智能啊	All of this is AI voiceover, so the subtitles are obviously also AI.	the voiceover is already AI, so of course the subtitles are AI too
B-MIX-120	MIX	79.69	20.19	-59.50	81.80	38.22	-43.58	0	100	100	谁还没看我都会伤心的OK？	Who hasn't seen me will be sad, right?	谁还没看我都会伤心的好吗？	"Okay, let's tackle this translation. The sentence is: ""谁还没看我都会伤心的好吗？"" 

First, I need to understand the structure. The phrase starts with ""谁还没看我"" which translates to ""Who hasn't watched me"" or ""Who hasn't seen me."" Then ""都会伤心"" means ""will be sad"" or ""will feel heartbroken."" The last part is ""好吗？"" which is a polite way to ask ""okay?"" or ""is that right?""

Putting it together, the sentence is a bit of a rhetorical question, expressing that if someone hasn't watched the speaker, they'll be sad. The tone seems a bit dramatic or emotional. 

Now, translating it into English. The direct translation might be ""Who hasn't watched me will be sad, okay?"" But that feels a bit awkward. Maybe rephrasing for naturalness. 

""Who hasn't watched me will be sad, right?"" or ""If you haven't watched me, you'll be sad, okay?"" 

But the original uses ""谁还没看我"" which is more like ""Who hasn't watched me,"" so maybe ""Who hasn't watched me will be sad, okay?"" 

Alternatively, considering the context, maybe the speaker is referring to a video or content they posted, and they're saying that if someone hasn't watched it, they'll feel sad. So perhaps ""If you haven't watched me, you'll be sad, okay?"" 

But the original uses ""谁"" (who) which is more general. So maybe ""Who hasn't watched me will be sad, okay?"" 

Wait, the structure is a bit different. The original is a bit of a command or a statement. Maybe ""Please, whoever hasn't watched me will be sad."" 

But the ""好吗？"" at the end is a bit like ""is that okay?"" or ""right?"" So maybe ""Who hasn't watched me will be sad, okay?"" 

Alternatively, ""If you haven't watched me, you'll be sad, okay?"" 

Hmm. The key is to capture the emotional tone. The speaker is expressing that not watching them will cause sadness. So maybe ""If you haven't watched me, you'll be sad, okay?"" 

But the original uses ""谁"" which is more like ""whoever,"" so ""Whoever hasn't watched me will be sad, okay?"" 

But in English, ""Whoever hasn't watched me will be sad, okay?"" sounds a bit"	if anyone hasn't watched this yet I'll be sad, OK?
B-MIX-121	MIX	89.52	90.82	1.30	46.78	50.30	3.52	100	100	0	少看一天b站都剪不出来	You can't edit a day's worth of Bilibili content in one day.	少看一天哔哩哔哩都剪不出来	You can't edit a day's worth of Bilibili content in one day.	skip even one day of Bilibili and you couldn't edit this
B-MIX-122	MIX	99.06	99.04	-0.01	83.90	84.12	0.22	100	100	0	只是一个道歉，but这个道歉的代价实在太高	Just an apology, but the cost of this apology is too high.	只是一个道歉，但是这个道歉的代价实在太高	Just an apology, but the cost of this apology is too high.	it's just an apology, but the price of this apology is way too high
B-MIX-123	MIX	93.16	90.27	-2.90	71.18	81.49	10.31	100	0	-100	记者会？不，个人show time	Press conference? No, personal show time.	记者会？不，个人表演时间	Press conference? No, personal performance time.	a press conference? no, it's personal show time
B-MIX-124	MIX	92.52	82.11	-10.41	68.89	72.00	3.11	100	0	-100	这一场演得不好，应该喊cut重来	This scene was performed poorly; they should call cut and redo it.	这一场演得不好，应该喊停重来	This performance was bad, and they should stop and restart.	this scene was badly acted, someone should call cut and redo it
B-MIX-125	MIX	96.46	96.90	0.44	82.81	84.35	1.54	100	100	0	喝水这part我真的笑了	I really laughed at the part about drinking water.	喝水这部分我真的笑了	I really laughed at the part about drinking water.	the water-drinking part genuinely made me laugh
B-MIX-126	MIX	95.74	95.56	-0.18	76.85	75.00	-1.85	100	100	0	中式恐怖，真的next level	Chinese horror, really next level	中式恐怖，真的更上一层楼	Chinese horror, really takes it to the next level.	Chinese-style horror, truly next level
B-MIX-127	MIX	98.44	95.73	-2.71	82.97	83.12	0.14	100	0	-100	他们都在好奇那个npc是谁扮的	They are all curious who played that NPC.	他们都在好奇那个非玩家角色是谁扮的	They are all curious about who is playing that non-player character.	they're all wondering who played that NPC
B-MIX-128	MIX	78.78	94.43	15.65	76.62	67.48	-9.14	0	0	0	os好想看张桂源也来一期	OS wants to see Zhang Guiyuan also come in an episode.	内心独白好想看张桂源也来一期	I really want to see Zhang Guiyuan in an episode too.	inner monologue: I really want to see Zhang Guiyuan do an episode too
B-MIX-129	MIX	90.63	89.77	-0.86	73.42	69.74	-3.68	100	0	-100	我已经走在了country road 上了	I have already been walking on the country road.	我已经走在了乡间小路 上了	I have already been walking on the country path.	I'm already walking on the country road
B-MIX-130	MIX	83.73	93.89	10.16	56.92	77.06	20.13	0	0	0	从来没有get到他颜值	Never got his looks.	从来没有领略到他颜值	Never appreciated his looks.	I've never gotten the appeal of his looks
B-MIX-131	MIX	93.86	87.50	-6.36	57.50	65.39	7.90	100	100	0	看哪一只eye啊sir	Which eye, sir?	看哪一只眼啊长官	Look at which eye, officer.	looking at which eye, sir
B-MIX-132	MIX	96.98	97.59	0.62	40.97	82.71	41.74	100	100	0	天磊：what can I say	Tian Lei: What can I say	天磊：我能说什么	Tian Lei: What can I say?	Tianlei: what can I say
B-MIX-133	MIX	75.91	76.21	0.30	71.34	75.92	4.57	100	100	0	唉，我去，真的有比利诶。该不会是暗示sp比利吧	Ah, I went, there really is a Billy. Could it be implying SP Billy?	唉，我去，真的有比利诶。该不会是暗示特殊版比利吧	Ah, I went, there's really a Billy. Could it be implying a special edition Billy?	whoa, there really is a Billy — could this be hinting at an SP Billy
B-MIX-134	MIX	87.30	87.64	0.34	65.37	74.56	9.19	100	100	0	摊主，我也是你们play中的一环吗	Vendor, am I also part of your play?	摊主，我也是你们角色扮演中的一环吗	Vendor, am I also part of your role-playing?	stall owner, am I also part of your roleplay
B-MIX-135	MIX	72.11	83.56	11.44	55.20	77.77	22.58	100	100	0	抽me,please抽me	Please hit me, please hit me	抽我,请抽我	Pick me, please pick me	draw me, please draw me
B-MIX-136	MIX	99.16	95.65	-3.51	71.17	81.65	10.48	100	0	-100	boss已进入二阶段	The boss has entered the second phase.	头目已进入二阶段	The leader has entered the second stage.	the boss has entered phase two
B-MIX-137	MIX	85.48	75.92	-9.56	73.19	73.15	-0.05	100	0	-100	这里是以为他要长期练，mcn没沟通好	Here is because he thought he would be training long-term, and the MCN didn't communicate well.	这里是以为他要长期练，传媒公司没沟通好	Here is because he was thought to be training long-term, and the media company didn't communicate well.	here they thought he'd be training long-term — the MCN agency didn't communicate properly
B-MIX-138	MIX	57.79	61.70	3.91	74.86	80.68	5.82	0	0	0	加拉赫上线一年了还在c	Galaich has been online for a year and is still in C.	加拉赫上线一年了还在当主力	Galahad has been on the team for a year and is still a key player.	Gallagher has been out for a year and is still carrying
B-MIX-139	MIX	89.34	78.91	-10.43	67.75	75.71	7.96	100	0	-100	直伤+超击破+dot伤害	Straight damage + Critical hit + DOT damage	直伤+超击破+持续伤害	Straight Damage + Critical Break + Continuous Damage	direct damage + super break + DoT damage
B-HOM-133	PYA	93.28	93.02	-0.27	66.15	67.28	1.12	100	100	0	兄dei  成佛吧   修仙太难了	Brother, attain Buddhahood! Cultivating immortality is too difficult.	兄弟  成佛吧   修仙太难了	Brother, attain Buddhahood! Cultivating immortality is too difficult.	bro, just become a buddha — cultivating immortality is too hard
B-HOM-134	HOM	57.84	82.33	24.50	58.33	77.36	19.03	0	100	100	我真怕药水一拳给向左打晕过去	I'm really afraid the potion will knock him out with a left hook punch.	我真怕药水一拳给向佐打晕过去	I'm really scared that the potion will knock Xiang Zuo out with one punch.	I'm really afraid Yaoshui will knock Xiang Zuo out with one punch
B-HOM-135	HOM	79.58	78.61	-0.96	71.52	72.41	0.88	0	100	100	甲亢哥：我还能再看亿遍	Hyperthyroidism Brother: I can watch it a billion more times.	甲亢哥：我还能再看一亿遍	Hyperthyroidism Brother: I can watch this one billion more times.	Jiakang Bro: I could watch this a hundred million more times
B-NEO-109	NEO	73.44	88.73	15.29	60.84	68.14	7.30	0	0	0	逆天，吴国给日本朝贡都来了	Reverse the heavens, the Wu state even sent tributes to Japan.	离谱，吴国给日本朝贡都来了	Absurd, the Wu state even sent tribute to Japan.	outrageous — now we've even got the Wu kingdom paying tribute to Japan
B-NEO-110	NEO	91.23	83.08	-8.15	73.65	68.24	-5.41	0	100	100	泪目了，米哈游你坏事做尽	I'm crying, MiHoYo, you've done all sorts of bad things.	感动落泪了，米哈游你坏事做尽	Moved to tears, MiHoYo, you've done all sorts of bad things.	I teared up — miHoYo, you've done every evil deed there is
B-NEO-111	NEO	75.33	86.86	11.53	70.91	82.29	11.38	100	0	-100	双非大学生，还没进厂。光看这个社会环境已经感觉自己燃尽了	A non-985/211 university graduate who hasn't even started working in a factory yet. Just looking at this social environment already makes me feel like I've burned out.	非重点大学的大学生，还没进厂。光看这个社会环境已经感觉自己精疲力竭了	Students from non-key universities haven't even entered the factory yet. Just looking at this social environment already makes me feel exhausted.	a non-elite-university student who hasn't even started working yet — just looking at this social environment I already feel burned out
B-NEO-112	NEO	79.53	79.12	-0.41	75.26	74.39	-0.86	0	0	0	看勇哥直播，各种神人	Watch Yongge's live stream, there are all kinds of amazing people.	看勇哥直播，各种行为离谱的人	Watching Yongge's live stream, there are all kinds of people with bizarre behavior.	watching Brother Yong's streams, you see all kinds of absolute characters
B-NEO-113	NEO	50.77	45.75	-5.02	73.06	77.78	4.71	100	0	-100	太真实了，想到的那句话发现他可能听不懂于是在后面加点补丁	It was too realistic; the phrase that came to mind realized he might not understand, so I added some patches at the back.	太真实了，想到的那句话发现他可能听不懂于是在后面加点补充说明	It was too realistic; the phrase that came to mind realized he might not understand, so I added some supplementary explanations afterwards.	so true — you think of a comeback, realize he might not get it, and then tack some patches onto it
B-NEO-114	NEO	87.52	88.95	1.43	61.03	81.79	20.75	0	0	0	为什么能匹到这么多神人	Why can so many amazing people be matched?	为什么能匹配到这么多行为离谱的人	Why can so many people with bizarre behaviors be matched?	how do I keep getting matched with so many absolute characters
B-NEO-115	NEO	90.36	90.97	0.61	70.74	81.08	10.35	0	0	0	所以男主在嘎掉的威胁下领悟了？	So the male lead realized it under the threat of being killed?	所以男主在死掉的威胁下领悟了？	So the male lead realized it under the threat of death?	so the male lead had his awakening under the threat of getting offed?
B-MIX-140	MIX	88.67	84.63	-4.03	67.41	63.27	-4.14	100	0	-100	这个zzz不会要给他出个动画吧？	Will they make an animated series out of this zzz?	这个绝区零不会要给他出个动画吧？	Will they make an anime for this Absolute Zero?	don't tell me ZZZ is going to make an anime for him?
B-MIX-141	MIX	96.78	96.26	-0.52	77.72	80.60	2.88	100	100	0	怎么说呢 很怀疑up主的精神状态	I don't know how to put it, but I'm really suspicious about the uploader's mental state.	怎么说呢 很怀疑视频作者的精神状态	I don't know how to put it, but I'm really doubtful about the mental state of the video creator.	how do I put it — I seriously question this uploader's state of mind
B-MIX-143	MIX	90.20	95.29	5.09	69.58	77.72	8.14	0	100	100	他和背后的 n pc 格格不入	He doesn't fit in with the n PCs behind him.	他和背后的 非玩家角色 格格不入	He doesn't fit in with the non-player characters behind him.	he's completely out of place next to the NPC behind him
B-MIX-145	NEO	86.87	79.53	-7.34	75.34	73.21	-2.13	0	0	0	甲亢哥：我DNA动了	Hyperthyroidism Brother: My DNA has changed	甲亢哥：我本能被唤醒了	Hyperthyroidism Brother: My instincts have been awakened	Jiakang Bro: my DNA just moved
B-MIX-146	MIX	87.00	81.05	-5.95	47.38	45.62	-1.75	100	0	-100	bro以为自己在演致命ID	Bro thinks he's acting in Memento.	这哥们以为自己在演致命ID	This guy thinks he's acting in Memento.	bro thinks he's starring in Identity
B-MIX-147	MIX	92.46	93.18	0.72	77.24	78.18	0.94	100	100	0	干嘛突然cos班主任	Why did you suddenly cosplay as the class teacher?	干嘛突然扮演班主任	Why suddenly act like the head teacher?	why are you suddenly cosplaying as the homeroom teacher
B-MIX-148	MIX	75.63	67.08	-8.55	59.27	60.70	1.43	100	0	-100	神作，没见过的mad种类呢	God's creation, a mad type never seen before.	神作，没见过的混剪视频种类呢	A type of mixed video that hasn't been seen before, created by God.	a masterpiece — a kind of MAD I've never seen before
B-PYA-109	PYA	81.75	84.65	2.90	58.36	61.96	3.60	0	0	0	拍了拍博士的石棺盖子hhhhh	Tapped the stone lid of the doctor's coffin hhhhh	拍了拍博士的石棺盖子哈哈哈哈哈	Tapped the stone lid of the doctor's coffin, ha ha ha ha ha	gave the Doctor's stone coffin lid a little pat hahaha
B-PYA-110	PYA	86.44	97.27	10.83	35.44	83.75	48.31	100	100	0	万恶的zi ben jia	Capitalist exploiters	万恶的资本家	Wicked capitalist	the evil capitalists
B-PYA-111	PYA	62.62	65.08	2.46	65.05	66.24	1.19	0	0	0	就说问啥听不到，nnd只带了一个耳机	It's like asking what you can't hear, nnd only brought one earphone.	就说问啥听不到，奶奶的只带了一个耳机	It's like asking what you can't hear, Grandma only brought one earphone.	no wonder he said he couldn't hear anything — damn it, he only brought one earbud
