uid	category	xcomet_noisy	xcomet_clean	xcomet_d	kiwi_noisy	kiwi_clean	kiwi_d	nta_noisy	nta_clean	nta_d	src_noisy	hyp_noisy	src_clean	hyp_clean	ref_en
B-HOM-001	HOM	88.73	95.32	6.59	63.78	83.72	19.94	0	0	0	酱紫也行？那我也试试	That's okay too? Then I'll try it too.	这样子也行？那我也试试	That's okay? Then I'll try too.	this works? then let me try too
B-HOM-002	HOM	93.80	99.45	5.64	60.03	81.82	21.79	0	0	0	你怎么酱紫说话，人家会误会的	How can you talk like that, people will get confused.	你怎么这样子说话，人家会误会的	Why do you speak like that? Others might misunderstand.	why do you talk like that, people will misunderstand
B-HOM-003	HOM	98.84	97.62	-1.22	82.06	83.17	1.11	100	0	-100	各位童鞋注意了，期末考试要来了	All classmates, pay attention, the final exam is coming	各位同学注意了，期末考试要来了	Everyone, pay attention, the final exam is coming.	attention classmates, final exams are coming
B-HOM-004	HOM	96.73	78.68	-18.05	82.85	66.32	-16.53	0	0	0	童鞋们帮我看看这道题怎么做	Kids, help me figure out how to solve this problem	同学们帮我看看这道题怎么做	Please help me check how to solve this problem,同学们.	classmates help me figure out this problem
B-HOM-005	HOM	96.82	96.44	-0.38	74.10	83.11	9.01	100	100	0	我真的好稀饭这个博主，太搞笑了	I really like this blogger, he's too funny	我真的好喜欢这个博主，太搞笑了	I really like this blogger a lot; they're so funny.	I really like this creator, too funny
B-HOM-006	HOM	77.23	98.72	21.49	69.00	85.58	16.58	0	100	100	你是不是稀饭我？直说嘛	Are you into me? Just say it straight.	你是不是喜欢我？直说嘛	Do you like me? Just say it straight.	do you like me? just say it
B-HOM-007	HOM	94.10	98.36	4.26	73.44	82.81	9.36	0	100	100	今天又是杯具的一天，出门忘带钥匙	Today was another day of mishaps, forgetting to bring the keys when leaving the house	今天又是悲剧的一天，出门忘带钥匙	Today is another tragic day, I forgot my keys when I went out.	another tragic day, forgot my keys going out
B-HOM-008	HOM	81.90	96.81	14.91	48.74	83.83	35.08	0	100	100	人生就是一个杯具接着一个杯具	Life is one cup disaster after another.	人生就是一个悲剧接着一个悲剧	Life is a tragedy after another tragedy.	life is one tragedy after another
B-HOM-009	HOM	92.13	91.17	-0.96	71.64	79.37	7.73	0	0	0	游戏过于神金，不确定先从哪里笑起	The game is too amazing, unsure where to start laughing.	游戏过于神经，不确定先从哪里笑起	The game is too nerve-wracking; unsure where to start laughing.	this game is so unhinged, not sure where to start laughing
B-HOM-010	HOM	74.14	93.35	19.21	73.22	70.64	-2.58	0	100	100	都说我做饭神金，今天就做神金给你们吃	They all say I'm a cooking god, so today I'll make god food for you to eat.	都说我做饭神经，今天就做神经给你们吃	They all say I'm crazy when it comes to cooking, so today I'll cook something really crazy for you.	y'all say I'm crazy in the kitchen, so today I'm cooking crazy for you
B-HOM-011	HOM	87.39	91.75	4.36	62.13	82.61	20.48	0	0	0	世界上最神金的行为	The most divine and awesome behavior in the world	世界上最神经的行为	The most neurotic behavior in the world	the most unhinged behavior in the world
B-HOM-012	HOM	70.47	77.64	7.17	52.46	70.33	17.87	0	0	0	被这离谱的主播笑拥了	Was laughed at by this absurd streamer	被这离谱的主播笑晕了	I was so stunned by this ridiculous streamer's laughter that I fainted.	I'm dead from this absurd streamer
B-HOM-013	HOM	63.35	92.65	29.30	50.91	74.41	23.50	0	0	0	笑拥了！带货主播推荐的迷惑水果太离谱了吧	"Laughed at the ""拥了""! The confusing fruits recommended by live-streaming influencers are absolutely ridiculous."	笑晕了！带货主播推荐的迷惑水果太离谱了吧	I'm laughing so hard! The confusing fruits recommended by the live-streaming sales host are absolutely ridiculous!	I’m dying laughing! Those weird fruits promoted by live stream sales hosts are ridiculous.
B-HOM-014	HOM	85.76	87.59	1.83	71.80	78.55	6.75	0	0	0	新来的00后程序员写的代码，看到这段注释真的快把我笑拥了	The code written by a new 00s generation programmer, seeing this comment really almost made me laugh myself into a fit	新来的00后程序员写的代码，看到这段注释真的快把我笑晕了	The code written by the new 00s-born programmer made me almost faint from laughing when I saw this comment.	the new Gen Z programmer's code, seeing this comment almost killed me laughing
B-HOM-016	NEO	76.44	78.00	1.56	57.74	72.87	15.13	0	0	0	考试没复习直接寄，明年再来	Failed the exam without reviewing, just give up, come back next year	考试没复习直接完了，明年再来	I didn't review for the exam and just finished it; I'll take it again next year.	didn't study for the exam, it's over, see you next year
B-HOM-018	HOM	73.70	84.67	10.97	48.63	58.48	9.85	0	0	0	火钳流明，这帖子要火	Fire钳流明, this post is going to go viral	火前留名，这帖子要火	Leave a name before the post goes viral.	leaving a name before this blows up, this post is about to go viral
B-HOM-019	HOM	61.17	86.79	25.63	50.29	81.38	31.09	0	0	0	雀食好笑，不骗你	It's funny to eat birds, don't deceive you	确实好笑，不骗你	It's really funny, don't worry.	it's genuinely funny, no cap
B-HOM-021	HOM	97.43	97.65	0.22	82.00	84.71	2.71	0	100	100	沃草，这无人机表演太震撼了	Wow, this drone show was really impressive	我操，这无人机表演太震撼了	Damn, that drone show was amazing!	holy crap, this drone show is insane
B-HOM-023	HOM	81.69	89.70	8.01	52.07	56.48	4.41	0	0	0	你想peach呢，哪有这么好的事	You want to peach, but there's no such good thing.	你想屁吃呢，哪有这么好的事	You're talking nonsense, there's no such good thing.	you're dreaming, how can something that good happen
B-HOM-024	HOM	94.97	97.07	2.09	77.14	83.37	6.23	100	100	0	别虾扯蛋了，老师说的都是真的吗	Don't talk nonsense anymore, are all the teacher's words true?	别瞎扯淡了，老师说的都是真的吗	Stop talking nonsense, are all the things the teacher said true?	stop talking BS, is what the teacher said even true
B-HOM-025	HOM	62.14	70.40	8.26	53.76	54.76	0.99	0	0	0	先报上自己的分数啊搞辣菜	First report your own score, guys, it's spicy food.	先报上自己的分数啊搞拉踩	First, report your own score and don't bring others down.	dropping your score first before throwing shade smh
B-HOM-026	HOM	79.87	95.45	15.58	62.22	76.46	14.24	0	0	0	蚌埠住了，腾讯这泄密处理速度也太快了吧	Bengbu is down, Tencent's leak handling speed is too fast	绷不住了，腾讯这泄密处理速度也太快了吧	I can't take it anymore, Tencent's leak handling speed is too fast.	I can't hold it in anymore, Tencent's speed in handling this leak is just too fast
B-HOM-027	HOM	64.03	80.39	16.37	49.99	79.31	29.31	0	0	0	嗷利给，西班牙第一了	Aoli ge, Spain first	奥利给，西班牙第一了	Oli, Spain is first.	Aigoo Spain took first place let's gooo
B-HOM-028	HOM	61.69	80.92	19.23	55.96	78.36	22.40	0	0	0	这配置针不戳，性价比拉满	This configuration is spot on, and the cost-effectiveness is maxed out.	这配置真不错，性价比拉满	This configuration is really great, offering excellent value for money.	This setup slaps, value for money off the charts
B-HOM-029	HOM	63.98	54.14	-9.84	53.64	57.69	4.05	0	0	0	赛里木湖这操作针不戳啊，景区打人还能辞退就完事了？	The operation at Lake Seimulü is spot on, how can the park staff be fired after hitting a tourist?	赛里木湖这操作真不错啊，景区打人还能辞退就完事了？	That operation at Sea Lake is really good. Can the scenic area just fire someone and get away with it after beating them up?	Sarim Lake's handling is just great, beating people at a scenic spot and just firing them is that it?
B-HOM-030	HOM	77.36	93.63	16.26	55.77	79.16	23.39	0	0	0	蚌埠住了，这也太好笑了吧	Bengbu held it, this is too funny	绷不住了，这也太好笑了吧	I can't take it anymore; this is too funny.	bruh I can't hold it in this is too funny lmao
B-HOM-031	HOM	87.66	89.56	1.90	67.17	78.83	11.66	0	0	0	卧槽317万年终奖就这么没了？	What a 3.17 million yuan annual bonus just vanished?	我操317万年终奖就这么没了？	Did my 3.17 million yuan annual bonus just disappear?	Wtf, 3.17 million year-end bonus just gone like that?
B-HOM-032	HOM	78.08	94.70	16.62	48.29	79.59	31.29	0	100	100	你就耗子尾汁吧，别折腾了	Just go with it, stop messing around	你就好自为之吧，别折腾了	Take care of yourself and stop causing trouble.	watch yourself bro stop messing around
B-HOM-033	HOM	81.90	85.18	3.28	63.27	68.95	5.67	0	0	0	王虹这波属实深藏blue了，拿完奖还这么低调	Wang Hong's move this time is truly deeply hidden, winning an award yet remaining so low-key	王虹这波属实深藏不露了，拿完奖还这么低调	Wang Hong's move this time is truly hidden and subtle; she's so modest even after winning the award.	Wang Hong has truly been hiding her talents, so low-key after winning the award
B-HOM-034	HOM	77.85	95.46	17.61	53.61	77.03	23.41	0	0	0	蚌埠住了这也太搞笑了	Bengbu held it, this is too funny	绷不住了这也太搞笑了	I can't take it anymore; this is too funny.	can't hold it in anymore this is way too funny fr
B-HOM-035	HOM	75.25	91.54	16.29	53.90	83.61	29.71	100	0	-100	看到50亿离婚案的消息我直接蓝瘦香菇	Seeing the news about a 50 billion yuan divorce case made me feel blue and want to cry	看到50亿离婚案的消息我直接难受想哭	The news about 5 billion divorce cases made me feel so upset I wanted to cry right away.	Seeing the news about the 5 billion divorce case, I'm so sad I could cry
B-HOM-036	HOM	71.32	91.85	20.53	61.87	84.12	22.25	0	0	0	针不戳，这个视频做得真好	The video is really well made, the needle doesn't stick	真不错，这个视频做得真好	That's really great, the video is done very well.	not bad this video is actually fire
B-HOM-037	HOM	76.37	71.37	-5.00	54.12	68.68	14.57	0	0	0	这景区管理duck不必，7个人打一个司机	This scenic area management is unnecessary, seven people for one driver	这景区管理大可不必，7个人打一个司机	This scenic area management is unnecessary; seven people can handle one driver.	This scenic area management is totally unnecessary, 7 people beating one driver
B-HOM-038	HOM	99.16	99.38	0.22	57.07	84.02	26.95	0	0	0	这个颜色灰常好看	This color is very nice	这个颜色非常好看	This color looks very nice.	this color looks really good ngl
B-HOM-039	HOM	68.00	86.24	18.23	47.71	62.39	14.68	0	0	0	腾讯这波操作属于是虾仁猪心了	Tencent's move is like shrimp meat and pork heart — it's really heartwarming	腾讯这波操作属于是杀人诛心了	This move by Tencent is really heartless.	Tencent's move this time is truly adding insult to injury
B-HOM-040	HOM	84.75	79.94	-4.81	50.01	49.36	-0.65	0	0	0	有内味了，就是这个感觉	There's the taste, that's exactly how it feels	有那味了，就是这个感觉	There it is, that's the feeling.	got that vibe this is the feeling
B-HOM-041	HOM	76.19	71.86	-4.33	68.09	72.88	4.79	0	0	0	泄密被辞退永不录用，这员工只能耗子喂汁了	The employee was fired and never rehired, so they can only feed the rats juice.	泄密被辞退永不录用，这员工只能好自为之了	Leakage leads to dismissal and permanent rejection; this employee can only take care of themselves from now on.	Fired for leaking and never to be rehired, this employee better watch out
B-HOM-042	HOM	96.77	96.54	-0.23	73.25	81.26	8.01	0	0	0	这部剧的女主造型好康	The female lead's look is really good.	这部剧的女主造型好看	The female lead's outfit in this drama looks good.	the female lead's look in this drama is gorgeous
B-HOM-043	HOM	72.65	58.62	-14.03	61.71	40.48	-21.23	0	0	0	耗子尾汁，好自为之吧	Rat tail juice, take care of yourself.	好自为之，好自为之吧	Take care, take care.	Learn your lesson and shape up.
B-HOM-044	HOM	81.38	89.56	8.19	49.23	81.87	32.64	0	0	0	这个操作太虾仁了	This operation is too impressive	这个操作太吓人了	This operation is too scary.	this play is straight up terrifying
B-HOM-045	HOM	83.68	88.18	4.50	56.52	62.58	6.06	0	100	100	中国女排这波直接丸辣，美国队不服不行	China's women's volleyball team just made the U.S. team have no choice but to admit defeat	中国女排这波直接完啦，美国队不服不行	The Chinese women's volleyball team just finished directly, and the American team has no choice but to admit defeat.	China's women's volleyball team is done for this time, the US team has to admit defeat
B-HOM-046	HOM	68.59	95.30	26.71	64.95	70.38	5.43	0	100	100	鸭力好大，快要顶不住了	The strength of the duck is huge, I'm about to be overwhelmed.	压力好大，快要顶不住了	The pressure is too much, I'm about to break.	the pressure is so high can't hold on anymore
B-HOM-047	HOM	48.68	100.00	51.32	58.02	87.95	29.93	0	100	100	窝五碎！！！	I'm so frustrated!!!	我五岁！！！	I am five years old!!!	I'm five years old!!!
B-HOM-048	HOM	77.67	74.78	-2.90	77.03	69.54	-7.49	0	100	100	赛里木湖这事整得灰常离谱	The incident at Lake Seimul is extremely unreasonable.	赛里木湖这事整得非常离谱	The incident at Sea Lake is handled in a very absurd way.	The Sarim Lake incident is really outrageous
B-HOM-049	HOM	92.38	92.57	0.19	83.41	84.67	1.26	0	0	0	看完这帖子我直接笑嘻了	I laughed uncontrollably after reading this post	看完这帖子我直接笑死了	I laughed so hard after reading this post.	after reading this post I'm dead lmao
B-HOM-050	HOM	78.00	99.06	21.05	67.90	85.90	18.00	0	100	100	看完这个视频我蕉绿了	I'm so green with envy after watching this video.	看完这个视频我焦虑了	After watching this video, I felt anxious.	after watching this vid I'm straight up anxious
B-HOM-051	HOM	82.31	95.49	13.17	38.87	81.27	42.41	0	0	0	看完女排比赛我直接鸭梨山大	After watching the women's volleyball match, I was overwhelmed with pressure	看完女排比赛我直接压力山大	After watching the women's volleyball match, I was immediately under a lot of pressure.	After watching the women's volleyball match, I'm under enormous pressure
B-HOM-052	HOM	51.22	43.74	-7.48	63.29	72.45	9.16	0	0	0	笑鼠了！一会抛梗一会接梗	Laughing at the mouse! Sometimes throwing a punchline, sometimes catching one	笑死了！一会抛梗一会接梗	Laughing my head off! Sometimes throwing a punchline, sometimes catching one.	dying of laughter! one sec they set up the joke next sec they're playing along
B-HOM-053	HOM	75.39	84.22	8.83	63.84	69.27	5.43	0	0	0	测评娃哈哈高透史莱姆好好康	Evaluate the quality of Wahaha's high transparency slime, which is very healthy	测评娃哈哈高透史莱姆好好看	Evaluating Wahaha High Transparency Slime Looks Great	reviewing Wahaha's crystal clear slime it looks so good
B-HOM-054	HOM	82.21	92.65	10.44	50.80	78.91	28.11	0	0	0	窝巢，这也太厉害了吧	This is so amazing,窝巢	我操，这也太厉害了吧	Damn, that's way too impressive.	wtf this is too insane bruh
B-HOM-055	HOM	92.16	94.54	2.37	61.36	80.60	19.23	0	0	0	笑的想鼠	Laughing to the point of wanting to cry	笑的想死	Laughing until you can't breathe	laughing till I die
B-HOM-056	HOM	81.19	82.12	0.94	69.22	73.74	4.52	0	0	0	这里是孙吧忏悔室，一人忏悔一件你觉得最厨神的事	This is Sun Bar's confession room, where each person confesses one thing they think is the most amazing.	这里是孙吧忏悔室，一人忏悔一件你觉得最畜生的事	This is Sun's confession room. Each person confesses one thing they think is the most despicable act.	welcome to Sun Bar confessional drop your most savage moment
B-HOM-057	HOM	81.57	100.00	18.43	64.72	83.97	19.25	0	100	100	关于玉玉症表妹喜欢上我的故事	About the story of my sister who developed a crush on me	关于抑郁症表妹喜欢上我的故事	The story of my depressed cousin falling in love with me	the story of how my depressed cousin fell for me
B-HOM-058	HOM	78.15	92.54	14.39	73.46	81.41	7.95	0	100	100	这是我女朋友 羡慕吗笑抽们🤣	This is my girlfriend, are you jealous? Laughing until you cry 😂	这是我女朋友 羡慕吗小丑们🤣	This is my girlfriend. Jealous, little clowns? 😂	this is my gf. jealous you clowns? 🤣
B-HOM-059	HOM	56.89	63.45	6.56	48.95	64.26	15.31	100	0	-100	麻辣烫我只认元娘娘，口味多好7	I only recognize Yuan Wang娘娘 for her spicy, numbing, and hot flavors; the variety is so good.	麻辣烫我只认元娘娘，口味多好吃	I only recognize Yuan娘娘 for her spicy hot pot, with many flavors and delicious taste.	I only trust Yuan Niangniang for malatang it's so good
B-HOM-060	HOM	79.47	79.02	-0.45	64.00	53.83	-10.17	0	0	0	可爱的小香猪变成了温暖的答辩	A cute little piglet became a warm defense	可爱的小香猪变成了温暖的大便	The cute little pot-bellied pig turned into warm feces.	a cute little guinea pig turned into warm crap
B-HOM-061	HOM	91.98	96.64	4.66	79.23	83.57	4.33	100	0	-100	我要笑亖了卧槽	I'm laughing so hard I almost died, damn it	我要笑死了卧槽	I'm dying of laughter, damn it.	I'm gonna die laughing oh shit
B-HOM-062	HOM	70.31	94.66	24.35	46.07	77.48	31.41	0	0	0	时间长了搞亖你	Time passes and you get what you deserve	时间长了搞死你	It'll kill you in the long run.	I'll work you to death over time
B-HOM-063	HOM	74.92	81.51	6.59	59.31	55.84	-3.48	0	0	0	笑亖了家人们谁懂啊	Laughed to death, family members, who understands this?	笑死了家人们谁懂啊	Everyone's laughing, who could understand this?	dying of laughter fam who understands
B-HOM-064	HOM	35.13	98.24	63.12	48.97	87.12	38.15	0	0	0	她居然紫砂了	She was surprised that he used a purple clay pot.	她居然自杀了	She committed suicide.	she actually offed herself
B-HOM-065	HOM	48.02	48.43	0.42	71.76	72.26	0.49	100	100	0	小哥：我真妹骗人！！我真给白衣女鬼送过餐！！你不知道哟！我魂都快没了，那餐是一点都没撒！！没办法，这就是哥的实力！	Little brother: I really didn't lie! I really delivered food to the white-clothed ghost girl! You don't know! My soul is almost gone, but the food didn't spill a drop! There's no way, this is my brother's strength!	小哥：我真没骗人！！我真给白衣女鬼送过餐！！你不知道哟！我魂都快没了，那餐是一点都没撒！！没办法，这就是哥的实力！	Bro: I really didn't lie!! I really delivered food to the white-clothed female ghost!! You don't know, you know! My soul is almost gone, but that meal didn't spill a single drop!! There's no way, this is my brother's strength!	Bro: I seriously didn't lie!! I really delivered food to the girl ghost in white!! You don't know! I nearly lost my soul, not a single drop spilled on that delivery! No choice, this is bro's skill!
B-HOM-066	HOM	57.79	84.08	26.28	47.47	55.09	7.62	0	100	100	博主成功把中二拍成沙子了	"The blogger successfully turned the ""chibi"" into sand."	博主成功把中二拍成傻子了	The blogger successfully portrayed the second-year student as a fool.	The blogger successfully made the edgy act look like a fool
B-HOM-067	HOM	76.69	76.71	0.02	51.31	77.94	26.63	0	0	0	肺雾才需要爱情，神都是孤独的	Lovers need love, gods are all lonely	废物才需要爱情，神都是孤独的	Trash needs love, and gods are all lonely.	Only the weak yearn for love; gods are destined to be alone.
B-HOM-068	HOM	77.98	98.74	20.76	79.45	84.57	5.12	0	100	100	我在学校哭别人鸟都不鸟我	I cried at school, but even birds didn't pay me any attention	我在学校哭别人理都不理我	I cried at school, but nobody even paid attention to me.	I cried at school and nobody even paid attention to me
B-HOM-069	HOM	53.76	81.39	27.62	39.23	54.21	14.98	0	0	0	现场偷挖被抓,夺笋呐!	The scene was caught stealing, how bold!	现场偷挖被抓,多损呐!	Caught stealing on-site, what a loss!	Caught digging secretly on site, so savage!
B-HOM-070	HOM	76.73	81.37	4.64	57.91	73.08	15.17	0	100	100	这个特效针不戛！	This special effect needle doesn't work!	这个特效真不尬！	This effect is really not awkward!	This special effect is really not cringe!
B-HOM-071	HOM	30.88	81.70	50.82	34.10	58.53	24.43	0	100	100	要泥寡,雨女无瓜!	You need me, rain girl has no clue!	要你管,与你无关!	None of your business, it's none of your concern!	Mind your own business, it's none of your business!
B-HOM-072	HOM	76.68	99.91	23.23	49.65	83.52	33.87	0	0	0	依托答辩是什么意思	"What does ""依托答辩"" mean"	一坨大便是什么意思	"What does ""a pile of feces"" mean?"	What does 'a pile of shit' mean?
B-HOM-073	HOM	80.58	94.68	14.10	40.07	79.59	39.52	0	0	0	哈哈哈哈哈哈哈夺笋呐	Haha haha haha, how original!	哈哈哈哈哈哈哈多损呐	Hahaha, how clumsy!	hahahahaha so mean lol
B-HOM-074	HOM	69.56	93.12	23.56	54.03	82.90	28.86	0	100	100	“雨女无瓜”这么好笑吗是挺好笑的	"""Rain girl has no relation"" is this so funny? It's quite funny."	“与你无关”这么好笑吗是挺好笑的	"Is ""It has nothing to do with you"" really that funny? It's quite funny."	Is 'none of your business' really that funny? It is pretty funny
B-HOM-075	HOM	65.08	82.41	17.32	46.23	60.29	14.07	0	100	100	还有给	There is also for	还有gay	Also gay	Also got gay vibes
B-HOM-076	HOM	92.96	97.27	4.31	72.66	80.31	7.66	0	0	0	这显卡价格真是辣鸡，还买什么啊	This graphics card is really terrible, what's the point of buying it?	这显卡价格真是垃圾，还买什么啊	This graphics card is really overpriced; why buy it at all?	This GPU price is really trash, why even buy it
B-HOM-077	HOM	55.26	64.97	9.71	58.83	64.12	5.28	0	100	100	我丢！上班路上刷到路边广告牌被“风”掀了个角，原来是京东618的整活！这波操作简直泰裤辣！	I dropped it! While commuting to work, I saw an advertisement sign on the roadside being blown by the wind, and it turned out to be JD.com's 618 event! This move is absolutely amazing!	我丢！上班路上刷到路边广告牌被“风”掀了个角，原来是京东618的整活！这波操作简直太酷啦！	Oh no! I was walking to work and saw a roadside advertisement sign being blown by the wind, lifting one corner. It turned out to be JD.com's 618 promotional antics! This move is just too cool!	No way! On my way to work I saw a roadside billboard get lifted by the 'wind', turns out it was JD 618's stunt! This move is just too cool!
B-HOM-078	HOM	70.07	80.43	10.36	63.21	66.59	3.38	0	100	100	“泰酷辣”大人三周年	"""Tai Kule La"" Adult Three-Year Anniversary"	“太酷啦”大人三周年	"""Too cool"" for the adult's third anniversary"	Third anniversary of Lord 'So Cool'
B-HOM-079	HOM	88.36	90.14	1.78	50.59	69.48	18.89	0	0	0	前车：不二？	The car in front: Not two?	前车：不是？	Front car: Not?	The car in front: Wait, what?
B-HOM-080	HOM	50.26	82.75	32.49	59.26	76.56	17.30	0	100	100	10店睡，身体还以为是午休呢，凌晨又把他们叫醒了	The ten store sleeps, the body still thinks it's a noon break, and at midnight they are called back to wake up	10点睡，身体还以为是午休呢，凌晨又把他们叫醒了	Going to bed at 10 p.m., the body still thinks it's a nap, and then they are woken up in the early morning.	Going to sleep at 10, my body thought it was nap time, then woke me up at dawn
B-HOM-081	HOM	53.81	98.76	44.95	43.02	66.04	23.02	0	100	100	tree 波Q	tree wave Q	三杀	Triple kill	Triple kill
B-HOM-082	HOM	59.23	53.65	-5.58	49.57	49.70	0.14	0	0	0	笑死我了粽横天虾至今一直在罚时闯过了零个关卡	I'm laughing so hard that I'm dizzy; the shrimp has been penalized all along and has passed zero levels.	笑死我了纵横天下至今一直在罚时闯过了零个关卡	I'm laughing so hard that I've been penalized all the way through, and I've passed zero levels.	Dying of laughter, the one who conquers the world has been in timeout, passing zero challenges
B-HOM-083	HOM	76.51	84.85	8.34	59.08	62.94	3.86	0	0	0	怎么达不溜小兵了	How did the little soldier disappear so suddenly?	怎么打不了小兵了	Can't attack the small soldiers anymore.	Why can't I target the minions?
B-HOM-084	HOM	45.26	96.59	51.33	63.97	78.02	14.05	0	100	100	！？雀潮？！	What a wave of sparrows!	！？雀巢？！	!？Nestlé？！	!? Nestle!?
B-HOM-085	HOM	100.00	100.00	0.00	81.48	84.49	3.01	0	100	100	此人知识面级广	This person has a broad range of knowledge.	此人知识面极广	This person has an extremely broad range of knowledge.	This person's knowledge is extremely broad
B-HOM-086	HOM	96.25	92.78	-3.48	83.20	83.17	-0.04	100	0	-100	蛇：卧槽，怎么又是他	Snake: Oh my god, it's him again.	蛇：我的天，怎么又是他	Snake: My goodness, it's him again.	Snake: Oh my god, why is it him again
B-HOM-087	HOM	80.91	94.46	13.55	70.34	78.71	8.37	0	100	100	生物钟:补药呀！我才调整好	Biological clock: Need medicine! I just adjusted it.	生物钟:不要呀！我才调整好	Biological clock: No way! I just adjusted it.	Biological clock: No! I just got it adjusted
B-HOM-088	HOM	4.96	91.35	86.39	32.30	70.99	38.69	0	100	100	鸡本功来了，视频就有了。起飞！	"The original text contains noise that needs to be resolved to its intended meaning. Based on the provided hints and the context, ""鸡本功"" is a homophone or near-homophone respelling of ""基"" (basic or foundation). Therefore, the translation would be:

The foundation is here, the video is ready. Take off!"	基本功来了，视频就有了。起飞！	Basic skills come first, and the video will follow. Take off!	When the basic skills kick in, the video just takes off! Liftoff!
B-HOM-089	HOM	51.62	88.25	36.63	59.32	85.25	25.94	0	0	0	食不食油饼	Can't eat oil pancakes	是不是有病	Are you sick?	Are you out of your mind?
B-HOM-090	HOM	31.52	99.06	67.54	58.87	83.20	24.33	0	0	0	香精煎鱼食不食	The fish cooked with fragrance is not eaten.	想进监狱是不是	Do you want to go to prison?	Do you want to end up in prison?
B-HOM-091	HOM	82.30	91.45	9.15	79.41	75.93	-3.48	0	0	0	立马去郊区浇筑一个刚进混凝土的地下堡垒	Go immediately to the suburbs to pour concrete into a newly built underground fortress	立马去郊区浇筑一个钢筋混凝土的地下堡垒	Head to the suburbs immediately to pour a reinforced concrete underground fortress.	Head to the suburbs right away and build an underground bunker with rebar concrete
B-HOM-092	HOM	81.94	99.12	17.18	52.42	68.38	15.95	0	0	0	鸡本功扎实	Chicken fundamentals are solid	基本功扎实	Solid foundation	Solid basic skills
B-HOM-093	HOM	95.68	98.75	3.06	55.68	73.65	17.98	100	100	0	蚌不住了	Can't hold it anymore	绷不住了	Can't hold it anymore.	Can't hold it in anymore
B-HOM-094	HOM	84.44	85.52	1.09	68.46	76.51	8.05	0	0	0	冷芝士：袜子不是茶包	Cold cheese: Socks are not tea bags	冷知识：袜子不是茶包	Cold knowledge: Socks are not tea bags.	Fun fact: socks are not tea bags
B-HOM-095	HOM	85.78	86.83	1.05	67.12	70.59	3.47	0	100	100	就说00这一套真的超级好看的，我可以安心的似了	I really think this set is super beautiful, I can finally relax and be at ease.	就说00这一套真的超级好看的，我可以安心的死了	Just saying, this 00 set is really super cute, I can die in peace.	This 00 outfit is really super good-looking, I can finally rest in peace
B-NEO-002	NEO	95.37	95.66	0.30	83.11	82.86	-0.25	100	0	-100	我们不是供人围观的工具人！	We are not tools for people to gawk at!	我们不是供人围观的工具！	We are not mere objects for people to gawk at!	we're not tools for people to watch!
B-NEO-003	NEO	98.16	72.79	-25.38	79.15	62.82	-16.33	0	0	0	又被割韭菜了，这理财产品全是坑	I got scammed again, this investment product is full of traps	又被宰了，这理财产品全是坑	Once again, it's been slaughtered; this wealth management product is full of traps.	I got ripped off again, this wealth management product is full of traps.
B-NEO-004	NEO	68.79	93.39	24.60	69.50	77.24	7.74	0	0	0	品牌联名就是割韭菜，质量差价格高	Brand collaborations are just cutting the grass, with poor quality and high prices	品牌联名就是坑人，质量差价格高	Brand collaborations are a scam; poor quality at high prices.	Co-branded products are just a way to rip off customers with poor quality and high prices.
B-NEO-005	NEO	84.52	94.71	10.20	79.50	84.59	5.09	0	100	100	别带节奏了，事情不是你想的那样	Don't set the tone anymore, things aren't as you think they are	别煽动舆论了，事情不是你想的那样	Don't stir up public opinion; things aren't as you think they are.	stop stirring things up, it's not what you think
B-NEO-006	NEO	89.19	98.30	9.12	82.86	83.08	0.23	0	0	0	评论区全是在带节奏的，真相没人关心	The comment section is all about creating hype, and no one cares about the truth.	评论区全是在煽动舆论的，真相没人关心	The comment section is full of people inciting public opinion, and no one cares about the truth.	comments section full of people stirring drama, nobody cares about the truth
B-NEO-007	NEO	85.34	94.64	9.30	67.55	76.27	8.71	0	0	0	杠精无处不在，说啥都要反驳	Know-it-alls are everywhere, always ready to argue.	抬杠的人无处不在，说啥都要反驳	People who argue for the sake of arguing are everywhere, always ready to challenge anything said.	contrarians are everywhere, they rebut everything you say
B-NEO-008	NEO	85.88	97.16	11.28	49.03	82.00	32.96	0	0	0	遇到杠精最好的办法就是不理他	The best way to deal with a杠精 is to ignore them	遇到抬杠的人最好的办法就是不理他	The best way to deal with someone who is being argumentative is to ignore them.	the best way to deal with a contrarian is to ignore them
B-NEO-009	NEO	70.06	86.28	16.23	66.52	75.14	8.62	0	0	0	芭比Q了，半夜点外卖忘备注别敲门	Barbie Q'd, ordered takeout at midnight but forgot to note not to knock on the door	完了，半夜点外卖忘备注别敲门	Oh no, I forgot to add a note when ordering takeout at midnight, so don't knock on the door.	I'm cooked, ordered delivery at midnight and forgot to leave a note saying don't knock
B-NEO-010	NEO	82.73	97.27	14.54	50.96	83.16	32.20	0	0	0	选择你的躲藏点，被抓到就芭比Q了	Choose your hiding spot, or you'll be barbecued like Barbie.	选择你的躲藏点，被抓到就完了	Choose your hiding spot; if you get caught, it's over.	pick your hiding spot, if you get caught you're done for
B-NEO-011	NEO	92.25	92.32	0.07	74.09	82.41	8.32	0	0	0	看到肯德基9.9的那一刻，我的班味瞬间就没了	At the moment I saw KFC's 9.9 deal, my work fatigue instantly disappeared	看到肯德基9.9的那一刻，我的上班疲惫感瞬间就没了	The moment I saw KFC's 9.9 deal, my work-related fatigue instantly disappeared.	the moment I saw KFC 9.9, my work exhaustion instantly vanished
B-NEO-012	NEO	87.77	92.03	4.26	67.73	79.65	11.92	0	0	0	人一旦染上班味，这辈子就去不掉了	"People once infected with the ""classroom taste"" can never get rid of it for the rest of their lives."	人一旦染上上班的气息，这辈子就去不掉了	Once a person is infected with the smell of going to work, it's impossible to get rid of it for the rest of their life.	once you catch the work vibe, it never leaves you
B-NEO-013	NEO	88.70	77.59	-11.10	67.62	76.00	8.38	0	0	0	十多块的塔斯汀五件套，横扫我一天班味	A $10 Tastin five-piece set swept away my workday fatigue	十多块的塔斯汀五件套，横扫我一天上班的疲惫感	The Tastin Five-Piece for less than ten dollars sweeps away my fatigue from a day's work.	a 10-something yuan Tastien 5-piece meal wipes away my whole day of work fatigue
B-NEO-014	NEO	79.66	81.45	1.79	66.36	72.89	6.53	0	0	0	净化班味，用了这头像直接演绎出我的精神状态	Cleanse the work fatigue, using this profile picture directly expresses my mental state	净化上班的疲惫感，用了这头像直接演绎出我的精神状态	Eliminate the fatigue of work, this profile picture directly portrays my mental state.	cleansing away the work fatigue — this avatar perfectly captures my mental state
B-NEO-015	NEO	55.03	68.13	13.11	55.73	68.83	13.10	0	0	0	等等党赢麻了，建议收藏	Wait until the party wins, and then collect the suggestions.	等待降价的人赢得非常彻底，建议收藏	Those waiting for a price drop win thoroughly, it's recommended to collect.	the wait-for-a-deal crew won big time, saving this
B-NEO-016	NEO	75.64	90.22	14.58	47.75	69.71	21.96	0	0	0	看似输了实际赢麻了	It seems to have lost but actually won completely	看似输了实际赢得非常彻底	Seems to have lost but actually won thoroughly.	looks like they lost but actually won big
B-NEO-017	NEO	85.02	82.50	-2.52	64.39	69.18	4.79	100	0	-100	纯爱战神轰然倒地	A pure love war god collapses suddenly	只支持纯爱的人轰然倒地	Only those who support pure love collapsed suddenly.	the pure love warrior has fallen
B-NEO-018	NEO	91.55	93.83	2.28	58.83	79.22	20.39	100	0	-100	谨以此片献给每一位纯爱战神	Respectfully dedicating this to every pure love warrior	谨以此片献给每一位只支持纯爱的人	This film is dedicated to every person who only supports pure love.	dedicating this film to every pure love warrior out there
B-NEO-019	NEO	87.33	94.69	7.36	73.89	86.81	12.92	0	100	100	兄弟们我润美国了	Brothers, I'm leaving for the US	兄弟们我移民美国了	Brothers, I have immigrated to the United States.	bros I emigrated to the US
B-NEO-020	NEO	92.53	86.78	-5.75	77.23	82.09	4.86	0	0	0	公司要黄了的5个征兆，当公司开始严抓考勤，你该考虑润了	Five signs that a company is about to fail, when the company starts strictly enforcing attendance, you should consider leaving	公司要黄了的5个征兆，当公司开始严抓考勤，你该考虑跑了	Five Signs That a Company Is in Trouble, When the Company Starts Strictly Enforcing Attendance Rules, You Should Consider Leaving	5 signs your company is going under, when they start cracking down on attendance, you should consider bouncing
B-NEO-021	NEO	93.17	87.15	-6.02	79.50	68.81	-10.69	100	0	-100	赛博朋克2077，极致嘴臭极致享受	Cyberpunk 2077, ultimate trash talk and ultimate enjoyment	赛博朋克2077，极致骂人极致享受	Cyberpunk 2077, the ultimate curse and ultimate pleasure	Cyberpunk 2077, ultimate trash talk ultimate enjoyment
B-NEO-023	NEO	96.66	98.02	1.37	78.27	79.18	0.91	0	0	0	孙红雷演技炸裂，20万人打出7.5分	Sun Honglei's acting is outstanding, with 200,000 people giving it a 7.5 rating	孙红雷演技极其震撼，20万人打出7.5分	Sun Honglei's acting is extremely impressive, with 200,000 people giving it a 7.5 rating.	Sun Honglei's acting is absolutely insane, 200k people rated 7.5
B-NEO-024	NEO	87.72	88.37	0.64	65.74	75.61	9.88	100	100	0	赛博诵经让老外陷入疯狂	Cyber chanting drives foreigners into frenzy	虚拟诵经让老外陷入疯狂	Virtual chanting drives foreigners crazy.	cyber chanting is driving foreigners crazy
B-NEO-025	NEO	85.46	87.08	1.61	73.46	75.84	2.38	100	0	-100	国庆宅家的赛博生活	A cyber life spent at home during the National Day holiday	国庆宅家的虚拟网络生活	Virtual online life while staying at home during the National Day holiday	National Day stay-at-home cyber life
B-NEO-026	NEO	48.52	56.80	8.28	51.81	61.11	9.30	0	0	0	高考第一批显眼包出现了，青蛙玩偶花式助阵	"Top-tier college entrance exam candidates have appeared, with eye-catching ""eye package"" figures making a flashy appearance, accompanied by frog plush toys"	高考第一批爱出风头的人出现了，青蛙玩偶花式助阵	Top-tier candidates who like to show off have appeared, with frog plush toys making a stylish appearance.	the first batch of attention-seekers at the college entrance exam showed up, frog mascots cheering in style
B-NEO-027	NEO	80.24	92.59	12.35	63.67	63.15	-0.52	0	0	0	电子榨菜输出中，午饭点准时到	The electronic vegetable soup output is on time for lunch.	适合吃饭时看的视频输出中，午饭点准时到	Video content suitable for watching during meals is available at lunchtime.	my mealtime video is on, right on time for lunch
B-NEO-028	NEO	81.31	93.64	12.33	61.96	82.75	20.79	0	0	0	这个综艺太下饭了，一口气看完	This variety show is so good to eat with, I watched it all in one go.	这个综艺太适合吃饭时看了，一口气看完	This variety show is perfect to watch while having dinner; I finished watching it in one go.	this variety show is perfect meal content, binged the whole thing
B-NEO-029	NEO	84.31	69.61	-14.70	76.49	59.71	-16.78	100	0	-100	发疯文学必备文案，笑死我了	Essential text for crazy literature, it made me die laughing	宣泄式文字表达必备文案，笑死我了	Cathartic text expression essentials, laughing myself to death.	must-have lines for unhinged-rant posting, I'm dying laughing
B-NEO-030	NEO	96.37	96.08	-0.29	79.66	81.80	2.14	100	100	0	社恐人的噩梦，大型聚会	The nightmare of a socially anxious person, large gathering	社交恐惧症患者的噩梦，大型聚会	Nightmare for social phobia patients, large gatherings	a socially anxious person's worst nightmare, a huge gathering
B-NEO-031	NEO	89.06	90.84	1.78	72.99	80.10	7.11	0	100	100	找不到原剧了，这个当代餐先看	Can't find the original drama, let's watch this contemporary version first	找不到原剧了，这个当替代品先看	Can't find the original drama, let's watch this one as a substitute first.	can't find the original, using this as a substitute for now
B-NEO-032	NEO	88.89	91.65	2.76	78.77	82.62	3.85	0	0	0	花2000买nike感觉自己好像大冤种	Spent 2000 yuan on Nike and felt like a big victim	花2000买nike感觉自己好像大冤大头	Spending 2000 yuan on Nike makes me feel like a big fool.	spent 2k on nikes feeling like a total sucker
B-NEO-033	NEO	74.54	67.06	-7.48	60.98	54.32	-6.66	0	0	0	腾讯这波泄密直接破防了，317万说没就没	Tencent's leak has completely broken the defense, 3.17 million said to be gone are gone.	腾讯这波泄密直接崩溃了，317万说没就没	This leak from Tencent has completely ruined everything; 3.17 million people said they didn't have it, and now they don't.	Tencent's leak move really triggered a breakdown, 3.17 million gone just like that
B-NEO-034	NEO	79.21	90.18	10.97	73.12	76.97	3.85	0	100	100	梅老板今年真可怜，这么强的个人发挥啥没有得到	Mr. Mei had a really tough year this year, with such strong individual performance but getting nothing in return.	梅西今年真可怜，这么强的个人发挥啥没有得到	Messi is really unfortunate this year; he has such strong individual performances but hasn't received anything.	Messi had a rough year insane individual performance but got nothing
B-NEO-035	NEO	59.87	61.49	1.62	69.31	56.52	-12.79	0	0	0	吃瓜吃到自己头上了，腾讯泄密员工就是本人	I was eating watermelon and it hit me on the head, the Tencent leak employee is me	看热闹看到自己头上了，腾讯泄密员工就是本人	Watched the commotion so much that it's on my own head, the Tencent leak employee is myself.	I was following the drama, only to realize I’m the Tencent staff member who leaked the information
B-NEO-036	NEO	73.13	89.71	16.58	44.46	77.85	33.39	0	0	0	别搁这凡尔赛了，显摆啥呢	Don't act so superior here, showing off what?	别搁这炫耀了，显摆啥呢	Stop showing off, what are you bragging about?	stop humble bragging already what are you flexing
B-NEO-037	NEO	97.32	99.54	2.23	82.24	85.82	3.58	0	0	0	显卡市场太内卷了，价格涨得离谱	The graphics card market is too competitive, with prices rising absurdly high	显卡市场竞争太激烈了，价格涨得离谱	The competition in the graphics card market is too fierce, and the prices have gone way too high.	The GPU market is hyper-competitive, prices rising outrageously
B-NEO-038	NEO	71.87	69.86	-2.01	68.99	57.09	-11.90	0	0	0	这帖子水分太大，灌水灌的	This post has too much water, it's just filling up with water	这帖子水分太大，刷帖刷的	This post is full of water, and it's just a bot posting.	this post is so watered down pure spam
B-NEO-039	NEO	91.97	89.87	-2.10	71.13	73.39	2.27	100	100	0	打工人看完317万年终奖直接躺平了	Office workers saw their 3.17 million yuan annual bonus and immediately gave up.	打工人看完317万年终奖直接放弃了	Office workers gave up after watching the 3.17 million-year-end bonus.	Workers gave up striving after seeing the 3.17 million year-end bonus.
B-NEO-040	NEO	77.72	93.46	15.74	64.78	77.64	12.86	100	100	0	这剧情给我整破防了	This plot broke me out of my shell	这剧情给我整崩溃了	This plot broke me down.	this plot totally broke me fr fr
B-NEO-041	NEO	76.36	92.72	16.36	72.69	81.33	8.64	0	0	0	这员工凡尔赛式晒年终奖，结果翻车了	This employee showcased their year-end bonus in a faux-Versailles style, but ended up messing up.	这员工炫耀式晒年终奖，结果翻车了	This employee showed off their annual bonus, but it backfired.	This employee flaunted their year-end bonus in a humble-brag way, and it backfired
B-NEO-042	NEO	96.18	99.53	3.35	62.82	83.49	20.67	0	0	0	这手机信号拉胯到离谱	This phone signal is so bad it's ridiculous.	这手机信号差到离谱	This phone signal is terrible.	this phone signal is garbage to an absurd degree
B-NEO-043	NEO	88.08	82.88	-5.20	50.92	79.97	29.04	0	0	0	你这个行为真的很下头	You really have a really bad vibe	你这个行为真的很扫兴	Your behavior is really spoiling the mood.	your behavior is such a turnoff rn
B-NEO-044	NEO	59.50	74.49	14.99	61.00	75.41	14.41	0	100	100	赛里木湖这事太下头了，景区管理太离谱	"Lake Seimul is too ""downer,"" and the scenic area management is too absurd."	赛里木湖这事太让人失望了，景区管理太离谱	The incident at Sea Lake is really disappointing; the park management is completely unreasonable.	The Sarim Lake incident is too disappointing, scenic area management is outrageous
B-NEO-045	NEO	76.24	92.18	15.94	72.48	64.66	-7.82	0	0	0	他这个人好油腻	He is really oily.	他这个人好油滑	He is very slick.	this guy is so sleazy ick
B-NEO-046	NEO	85.09	89.83	4.74	53.89	77.37	23.48	0	0	0	没绷住破绷了	Couldn't hold it anymore, broke the hold	没绷住笑了	Couldn't hold back and laughed	couldn't hold it in and totally lost it laughing
B-NEO-047	NEO	83.13	89.50	6.37	72.70	81.28	8.58	0	100	100	中国女排逆转美国，这波操作太上头了	China's women's volleyball team reversed the match against the United States, and this move was really too much to handle	中国女排逆转美国，这波操作太让人激动了	The Chinese women's volleyball team overturned the United States, and this move was really exciting.	China women's volleyball reversed against USA, this move is so hype
B-NEO-048	NEO	84.77	84.42	-0.34	72.24	75.16	2.92	0	0	0	天天水经验，也不发点有用的帖子	Always sharing water experience, but not posting anything useful	天天刷经验，也不发点有用的帖子	Level up every day, but don't post any useful content.	farming XP every day never posting anything useful
B-NEO-049	NEO	97.54	94.93	-2.62	64.75	77.23	12.48	100	0	-100	这主播开挂实锤了，封号吧	This streamer is definitely cheating, get them banned	这主播作弊实锤了，封号吧	This streamer cheated, there's solid evidence, please ban them.	this streamer is confirmed cheating, ban them
B-NEO-050	NEO	84.72	85.61	0.89	63.89	75.64	11.75	100	100	0	内耗太严重了	Internal consumption is too severe.	内部消耗太严重了	Internal consumption is too severe.	internal friction is too serious smh
B-NEO-051	NEO	94.49	93.35	-1.15	50.05	72.91	22.86	0	100	100	互联网嘴替实锤	Internet mouthpiece confirmed	互联网代言人实锤	Internet spokesperson confirmed	confirmed internet mouthpiece
B-NEO-052	NEO	26.12	54.91	28.79	37.39	60.42	23.03	0	0	0	无职孝子还在嘴硬洗，服了	No one who is a lazy son is still stubbornly denying it, I give up.	无职盲目辩护者还在嘴硬洗，服了	The unemployed blind defender is still stubbornly washing their hands, I give up.	Mushoku Tensei stans still hard-stanning give up
B-NEO-053	NEO	82.25	95.88	13.63	62.02	77.29	15.27	0	0	0	双持党表示苹果和华为都不够用	The double-hold party says that both Apple and Huawei are not enough	同时用两部手机的人表示苹果和华为都不够用	People who use two smartphones at the same time say that both Apple and Huawei are insufficient.	dual-phone gang saying neither Apple nor Huawei is enough
B-NEO-054	NEO	79.56	65.86	-13.71	33.35	29.18	-4.17	0	0	0	被种草了	Got convinced to try it	被推荐心动了	Is心动了.	got recommended I'm tempted to buy
B-NEO-055	NEO	82.75	85.92	3.18	52.80	66.88	14.08	0	0	0	拔草了不买	Pulling out the weeds, no purchase	打消购买念头了不买	Dissuaded from buying, so not buying.	nah I'm not buying
B-NEO-056	NEO	87.66	95.92	8.26	56.10	84.16	28.06	0	0	0	他好会整活	He's really good at coming up with creative ideas	他好会搞怪	He's really good at being mischievous.	he's so good at being funny lol
B-NEO-057	NEO	90.56	98.69	8.14	78.19	82.33	4.14	0	0	0	这个太炸了	This is too amazing	这个太震撼了	This is too shocking.	this is too insane
B-NEO-058	NEO	58.24	77.70	19.46	47.09	62.91	15.83	0	0	0	景区打人还理直气壮的，真是绝绝子	Tourists hitting people and acting justified, that's really amazing.	景区打人还理直气壮的，真是绝了	It's amazing how the tourist site staff can hit people and still act justified.	Beating people at a scenic spot and still acting righteous, truly absolutely outrageous
B-NEO-059	NEO	79.01	93.64	14.63	76.61	83.59	6.97	0	0	0	破防了	Broken defenses.	心理防线崩溃了	Psychological defenses have collapsed.	I'm emotionally broken
B-NEO-060	NEO	90.70	100.00	9.30	59.61	86.16	26.55	0	100	100	这个太上头了	This is too intense.	这个太上瘾了	This is too addictive.	this is too addictive can't stop
B-NEO-061	NEO	85.93	96.92	10.99	63.41	86.51	23.10	0	0	0	他好会营业	He's really good at promoting himself	他好会讨好粉丝	He's really good at pleasing his fans.	he's so good at playing to his fans
B-NEO-062	NEO	86.72	93.14	6.42	54.47	79.91	25.44	0	0	0	香港🇭🇰打车有这么卷吗？又难？	Is taking a taxi in Hong Kong this competitive? Is it really that hard?	香港🇭🇰打车竞争有这么激烈吗？又难？	Is the taxi competition in Hong Kong so fierce? Is it so difficult?	is getting a taxi in HK this intense? so hard?
B-NEO-063	NEO	90.45	90.35	-0.10	82.77	75.90	-6.87	0	0	0	这帖子纯纯的钓鱼经验，别当真	This post is purely fishing experience, don't take it seriously	这帖子纯纯的骗经验，别当真	This post is purely a scam for experience points; don't take it seriously.	this post is pure bait for engagement don't fall for it
B-NEO-064	NEO	87.21	96.22	9.00	62.02	79.48	17.46	0	0	0	纯纯的牛马人生	A pure life of being a workhorse	纯纯的打工人人生	Purely a working-class life	pure wage slave life
B-NEO-065	NEO	65.17	99.18	34.01	77.88	86.73	8.85	0	0	0	是我不够糖吗	Is my sugar level too low?	是我不够傻吗	Am I not stupid enough?	am I not dumb enough? bruh
B-NEO-066	NEO	100.00	100.00	0.00	85.42	86.44	1.02	100	100	0	这何意味啊	What does this mean?	这什么意思啊	What does this mean?	what does this even mean
B-NEO-067	NEO	82.20	87.06	4.85	45.21	49.54	4.34	100	100	0	摆烂了，爱咋咋地	Gave up, do as you like	放弃了，爱咋咋地	Give up, let them do as they please.	I give up whatever happens happens
B-NEO-068	NEO	85.26	87.55	2.28	51.68	70.56	18.89	0	0	0	摆烂一天算了	Give up for the day.	放弃一天算了	Give up for a day.	let me rot for a day whatever
B-NEO-069	NEO	79.92	70.94	-8.98	59.65	82.87	23.22	0	0	0	内卷太严重了，打工人伤不起	The internal competition is too severe, and the workers can't afford to be hurt	过度竞争太严重了，打工人伤不起	The competition is too fierce, and overworked employees can't afford to be hurt.	the rat race is too intense workers can't take it
B-NEO-070	NEO	85.14	92.81	7.67	68.23	75.86	7.63	0	0	0	这波操作属实逆天了	This move is truly amazing.	这波操作属实超乎想象了	This move is truly beyond imagination.	this play is straight up insane
B-NEO-071	NEO	61.76	70.90	9.14	50.90	67.44	16.54	0	0	0	内卷到头秃，躺平又心慌	Burnout from overworking until bald, and lying low still leaves anxiety	过度竞争到头秃，躺平又心慌	Over-competition leads to baldness, and lying low still leaves one anxious.	rat race till you're bald quit competing but still anxious
B-NEO-072	NEO	74.93	85.54	10.61	80.82	81.60	0.77	0	0	0	不是哥们儿	Not a buddy	不是吧，哥们儿	Not really, man.	no way bro come on
B-NEO-073	NEO	79.67	92.01	12.35	83.00	83.73	0.73	100	100	0	说出一个旅游热度很低但实际很夯的城市	Say a city that has low tourism popularity but is actually very trending	说出一个旅游热度很低但实际很高的城市	Name a city that is not popular for tourism but has a high actual value.	name a city that's low-key but actually great
B-NEO-074	NEO	85.73	88.97	3.24	44.75	69.97	25.22	0	0	0	这波操作直接拉胯了	This move completely messed up	这波操作直接失常了	This move completely messed up.	this play literally underperformed
B-NEO-075	NEO	68.17	76.32	8.15	58.17	63.15	4.98	100	100	0	这操作绝绝子，直接给我整不会了	This move is amazing, it directly left me confused.	这操作绝佳，直接给我整不会了	This operation is amazing; it left me completely confused.	this play is amazing left me speechless
B-NEO-076	NEO	66.98	71.73	4.75	70.12	70.27	0.15	100	0	-100	谁能能理解这种崩溃的心情，辛辛苦苦备考许久，就等着政审上岸，结果栽在了学历断层上	Who can understand this feeling of breakdown, having studied hard for a long time, only to be waiting for the political review to pass, but ended up failing due to a gap in educational background	谁能能理解这种崩溃的心情，辛辛苦苦备考许久，就等着政审成功，结果栽在了学历断层上	Who can understand this feeling of collapse? After years of hard study, waiting for the political review to succeed, only to be defeated by the issue of academic credentials.	who understands this despair? prepped for ages waiting to pass the political review only to get rejected by an education gap
B-NEO-077	NEO	70.01	94.31	24.29	67.68	81.81	14.13	0	100	100	为什么留子都不爱和老外谈？	Why do left-behind children not like to talk with foreigners?	为什么留学生都不爱和老外谈？	Why don't international students like talking to foreigners?	why don't international students like dating foreigners? real talk
B-NEO-078	NEO	73.63	90.40	16.76	54.84	76.80	21.96	0	0	0	哈包穿上衣服不习惯了	Feeling out of place in clothes that are not his usual style	哈兰德穿上衣服不习惯了	Harland is not used to wearing clothes.	not used to Haaland wearing clothes
B-NEO-079	NEO	86.11	90.49	4.39	56.36	65.25	8.89	100	0	-100	洗澡5分钟老公社死一整年	Taking a 5-minute shower made my husband socially die for an entire year	洗澡5分钟老公社会性死亡一整年	Taking a 5-minute shower caused my husband to experience social death for a whole year.	5-min shower and my husband is socially dead for a whole year rip
B-NEO-080	NEO	82.71	82.36	-0.36	41.08	49.82	8.74	100	0	-100	直接破防了家人们	Directly broke down, folks	直接心态失控了家人们	Everyone, the mindset went out of control directly.	totally broke down mentally fam
B-NEO-081	NEO	79.53	95.75	16.22	68.70	75.65	6.94	100	100	0	月薪不够5w不能这么活	My salary is not enough for 50,000 yuan to live like this	月薪不够5万不能这么活	A salary less than 50,000 yuan won't allow such a lifestyle.	Can't live like this if monthly salary isn't even 50k
B-NEO-082	NEO	73.52	66.82	-6.70	40.44	82.72	42.28	0	0	0	爷青回	Return to the past	爷的青春回来了	Dad's youth is back.	Nostalgia hits hard.
B-NEO-083	NEO	55.08	100.00	44.92	45.74	87.51	41.77	0	0	0	难他天？	It's hard for him today?	难道他真的是天才？	Is he really a genius?	Turns out he's a genius?
B-NEO-084	NEO	90.00	99.12	9.12	48.21	83.09	34.88	0	0	0	基操	basic operation	基本操作	Basic operations	Just basic mechanics
B-NEO-085	NEO	84.01	85.84	1.83	51.39	72.16	20.77	0	0	0	你这肯定是低段位炸鱼罢了	You're definitely just a low-level fisher.	你这肯定是低段位欺负水平差的玩家罢了	You're probably just bullying players with lower skill levels.	You must be just smurfing in low rank
B-NEO-086	NEO	81.57	89.57	8.00	58.06	80.32	22.27	0	100	100	刘宇宁一周不直播，棚友集体受不了！想念到发疯	Liu Yuning didn't stream for a week, and the棚友 couldn't take it anymore! Missing him to the point of madness	刘宇宁一周不直播，粉丝集体受不了！想念到发疯	Liu Yuning's fans can't take a week without live streaming; they miss him so much they're going crazy!	Liu Yuning hasn’t streamed for a week, all his fans can’t stand it and miss him terribly.
B-PYA-001	PYA	84.55	95.37	10.82	78.24	80.38	2.14	0	100	100	xql日常太甜了，羡慕死了	xql's daily life is too sweet, I'm envious to death	小情侣日常太甜了，羡慕死了	The little couple's daily life is so sweet, I'm really envious.	this couple's daily life is too sweet, I'm so jealous
B-PYA-003	PYA	78.04	83.72	5.68	56.37	64.68	8.31	0	100	100	xql之间的默契真的绝了	The默契 between xql is really amazing	小情侣之间的默契真的绝了	The默契 between the couple is really amazing.	the chemistry between this couple is insane
B-PYA-004	PYA	95.97	96.25	0.28	59.33	72.33	13.00	100	100	0	全网最甜xql非他们莫属	The sweetest couple online is definitely them	全网最甜小情侣非他们莫属	The sweetest couple in the entire network is none other than them.	the sweetest couple on the internet has to be them
B-PYA-005	PYA	88.33	91.81	3.48	71.31	74.65	3.34	0	0	0	看到别人去欧洲旅游的照片，xmsl	Seeing others' photos from traveling in Europe, xmsl	看到别人去欧洲旅游的照片，羡慕死了	Jealous to see others' photos of traveling to Europe.	Seeing photos of others traveling in Europe makes me so envious.
B-PYA-007	PYA	81.26	94.33	13.06	77.51	75.74	-1.77	0	100	100	新剧gkd！等不及了	New drama gkd! Can't wait anymore	新剧搞快点！等不及了	New drama, hurry up! Can't wait anymore!	hurry up with the new drama! can't wait
B-PYA-009	PYA	87.42	100.00	12.58	66.75	79.98	13.23	0	100	100	xgg们推荐一下好用的手机呗	xgg recommend some good phones	小哥哥们推荐一下好用的手机呗	Hey guys, recommend some good phones!	boys recommend some good phones pls
B-PYA-010	PYA	95.90	95.98	0.08	76.03	84.42	8.40	100	0	-100	这个xgg好帅，求联系方式	This guy is really handsome, please share your contact information	这个小哥哥好帅，求联系方式	This young man is really handsome, please provide contact information.	this guy is so handsome, asking for his contact
B-PYA-011	PYA	81.40	96.29	14.89	76.28	76.52	0.24	0	100	100	jrm帮我看看这个怎么选	jrm help me check how to choose this	家人们帮我看看这个怎么选	Family, please help me figure out how to choose this.	fam help me figure out which one to pick
B-PYA-012	PYA	87.17	84.36	-2.81	80.61	80.81	0.20	0	100	100	jrm今天发生了一件离谱的事	jrm had a ridiculous thing happen today	家人们今天发生了一件离谱的事	My family had a ridiculous thing happen today.	fam something wild happened today
B-PYA-013	PYA	93.80	93.90	0.10	76.80	82.02	5.21	0	0	0	8u们觉得这配置怎么样	How do you guys think about this setup?	吧友们觉得这配置怎么样	What do the forum friends think about this configuration?	what do you tieba folks think of this setup?
B-PYA-014	PYA	81.14	87.74	6.61	73.45	81.44	8.00	0	0	0	王虹yyds！中国数学家终于拿到菲尔兹奖了	Wang Hong is yyds! A Chinese mathematician has finally won the Fields Prize.	王虹永远的神！中国数学家终于拿到菲尔兹奖了	Wang Hong, the eternal god! Chinese mathematicians have finally won the Fields Medal!	Wang Hong is the GOAT! A Chinese mathematician finally won the Fields Medal
B-PYA-015	PYA	88.59	95.03	6.44	65.90	77.00	11.10	0	100	100	这条rs怎么还没上	How come the rs hasn't been posted yet?	这条热搜怎么还没上	Why hasn't this trending topic gone viral yet?	why isn't this trending yet
B-PYA-016	PYA	75.39	80.43	5.04	65.58	77.12	11.54	0	0	0	xswl，陈哲远在密逃里也太搞笑了吧	xswl, Chen Zheyuan is too funny in the secret escape show	笑死我了，陈哲远在密逃里也太搞笑了吧	"I'm dying of laughter, Chen Zhe Yuan is so funny in ""Mystery Escape""!"	Lmao, Chen Zheyuan is just too funny in Great Escape
B-PYA-017	PYA	88.08	98.27	10.18	75.05	82.04	7.00	0	100	100	14个月正是穿lulu的时候	It's the right time to wear lulu after 14 months	14个月正是穿Lululemon的时候	14 months is the perfect time to wear Lululemon.	14 months is prime Lululemon season
B-PYA-018	PYA	83.68	90.54	6.87	81.31	74.78	-6.53	0	0	0	dd，中国女排3比2逆转美国太牛了	dd, Chinese women's volleyball team overturned the US 3-2, that's amazing	顶顶，中国女排3比2逆转美国太牛了	Wow, China's women's volleyball team really did an amazing job by coming back from 2-3 to win against the US!	Bump, China women's volleyball 3-2 comeback against USA is amazing
B-PYA-019	PYA	89.57	96.68	7.10	78.08	77.17	-0.91	0	0	0	rt，大家帮我看看这手机值不值	RT, everyone help me check if this phone is worth it	如图，大家帮我看看这手机值不值	As shown in the picture, everyone please help me check if this phone is worth it.	see pic help me check if this phone is worth it
B-PYA-020	PYA	85.57	90.62	5.05	79.74	82.68	2.94	0	100	100	jrs怎么看腾讯这个泄密处理？	How do jrs think Tencent handled the leak?	家人们怎么看腾讯这个泄密处理？	What do the family members think about Tencent's leak handling?	Fam, what do you think of Tencent's leak handling?
B-PYA-021	PYA	71.51	71.13	-0.38	62.43	68.92	6.49	0	0	0	srds，赛里木湖打人这事不能就这么算了	That incident of someone beating up a person at Lake Seilimu cannot just be left at that.	虽然但是，赛里木湖打人这事不能就这么算了	Although that, the incident of someone hitting a person at Sea Lake cannot be left unresolved like this.	Be that as it may, the Sarim Lake beating incident can't just be let go like this
B-PYA-022	PYA	86.84	93.07	6.24	55.74	72.69	16.95	0	0	0	白色真是yyds	White is truly the best.	白色真是永远的神	White is forever the god.	white is truly the GOAT
B-PYA-023	PYA	86.05	97.38	11.33	77.24	79.18	1.94	0	100	100	u1s1，317万年终奖确实让人眼红	u1s1, the 3.17 million yuan annual bonus really makes people envious	有一说一，317万年终奖确实让人眼红	To be honest, a year-end bonus of 3.17 million really makes people envious.	To be honest, a 3.17 million year-end bonus does make people envious
B-PYA-024	PYA	92.59	93.74	1.16	77.00	77.55	0.55	0	100	100	XHS上好多人在讨论	On XHS, a lot of people are discussing	小红书上好多人在讨论	Many people are discussing on Xiaohongshu.	so many people talking about it on Xiaohongshu
B-PYA-025	PYA	81.36	92.73	11.37	68.04	72.69	4.65	0	0	0	显卡涨价这消息直接让我blx了	The news of the graphics card price increase directly made me blx.	显卡涨价这消息直接让我玻璃心了	The news of the graphics card price hike directly broke my heart.	The GPU price hike news really triggered my fragile heart
B-PYA-026	PYA	65.79	89.86	24.07	59.61	54.68	-4.92	0	0	0	好好好 好一个kpop拉子(bushi)	Good good good, what a kpop guy (bushi)	好好好 好一个kpop拉子(不是)	Oh oh oh, what a K-pop girl (not really)	ok ok ok what a kpop lesbian (not)
B-PYA-027	PYA	79.02	87.52	8.50	66.31	76.45	10.15	0	0	0	某些景区管理真是yygq，表面道歉背后照样	Some scenic area management is really yygq, apologizing on the surface but continuing as usual behind the scenes	某些景区管理真是阴阳怪气，表面道歉背后照样	Some scenic area management is really hypocritical, apologizing on the surface but acting the same behind the scenes.	Some scenic area management is really passive-aggressive, apologizing on the surface but same behind the scenes
B-PYA-028	PYA	74.95	80.32	5.37	71.02	83.58	12.56	0	0	0	nb！这个操作太秀了	This move is really cool!	牛逼！这个操作太秀了	Awesome! That move was really cool!	Sick move! Absolute W
B-PYA-029	PYA	79.47	70.99	-8.49	61.50	65.62	4.13	0	100	100	50亿离婚案的瓜我吃了，dbq我不站队	I've heard about the 5 billion yuan divorce case, dbq I won't take sides.	50亿离婚案的瓜我吃了，对不起我不站队	I've already eaten my share of the 5 billion divorce cases, sorry I can't take sides.	I’ve followed the 5-billion divorce drama, sorry, I’m not taking sides.
B-PYA-030	PYA	94.50	94.67	0.16	65.79	69.74	3.95	100	100	0	这就是尊贵的b站用户🤣🤣🤣	This is the prestigious Bilibili user 😂😂😂	这就是尊贵的B站用户🤣🤣🤣	This is the esteemed Bilibili user 😂😂😂	this is what being a distinguished Bilibili user looks like 🤣🤣🤣
B-PYA-031	PYA	80.32	88.54	8.22	62.18	75.63	13.45	0	0	0	王虹从垫底到菲尔兹奖，这波直接nb	Wang Hong went from the bottom to the Fields Medal, and this move was directly impressive	王虹从垫底到菲尔兹奖，这波直接牛逼	Wang Hong from the bottom of the class to the Fields Medal, this move is absolutely impressive.	Wang Hong from bottom to Fields Medal, this move is just insane
B-PYA-032	PYA	88.00	99.08	11.08	66.77	78.49	11.72	0	0	0	xjj们推荐一下好用的手机呗	Please recommend a good phone for us xjj.	小姐姐们推荐一下好用的手机呗	Hey, guys, recommend some good phones!	girls recommend some good phones pls
B-PYA-033	PYA	86.87	82.40	-4.46	74.57	67.97	-6.60	0	0	0	bl粉丝太能控评了	bl fans are too good at controlling comments	白鹿粉丝太能控评了	White Deer's fans are too good at controlling comments.	Bai Lu fans are too good at controlling the comments
B-PYA-034	PYA	83.55	78.96	-4.59	75.60	78.63	3.03	0	0	0	会聊天的男生真的yyds	Boys who can chat are really amazing	会聊天的男生真的永远的神	A boy who can chat is really a god forever.	guys who can flirt are truly the GOAT
B-PYA-035	PYA	76.50	83.31	6.81	72.22	82.38	10.16	0	0	0	哈哈哈哈哈哈哈笑死，我们00真的老kpop人了	We 00s are really old-school K-pop fans	哈哈哈哈哈哈哈笑死，我们2000年后出生的人真的老kpop人了	Hahahahahaha, I'm dying of laughter. People born after 2000 are really old K-pop fans.	lmaooo us Gen Z are such veteran kpop fans
B-PYA-036	PYA	81.52	74.08	-7.44	65.02	68.60	3.58	0	0	0	减脂党狂喜！番茄鸡蛋燕麦粥yyds	Dieting enthusiasts are thrilled! Tomato egg oatmeal porridge is the best	减脂党狂喜！番茄鸡蛋燕麦粥永远的神	Fat-loss enthusiasts rejoice! Tomato and egg oatmeal porridge is the ultimate god!	diet crew rejoice! tomato egg oatmeal is the GOAT
B-PYA-037	PYA	79.10	94.74	15.64	69.58	67.66	-1.92	0	0	0	jrs帮我看看这鱼竿行不行	Check if this fishing rod is good, jrs.	家人们帮我看看这鱼竿行不行	Please help me check if this fishing rod is good.	fam help me check if this fishing rod is any good
B-PYA-038	PYA	85.19	83.82	-1.37	65.30	73.53	8.23	0	0	0	一个会调情的男生真的YYDS	A guy who knows how to flirt is really YYDS	一个会调情的男生真的永远的神	A flirtatious guy is really a god forever.	a guy who knows how to flirt is truly the GOAT
B-PYA-039	PYA	89.11	99.81	10.70	72.00	79.05	7.05	0	0	0	bdjw这个怎么用	How do I use bdjw	不懂就问这个怎么用	Don't be afraid to ask how to use this.	asking cuz idk how do I use this
B-PYA-040	PYA	62.67	86.45	23.77	66.42	76.25	9.83	0	0	0	蓝盈莹第一场戏好像就是撞棺紫砂	Blue Yingying's first scene seems to be about colliding with a coffin and purple sand	蓝盈莹第一场戏好像就是撞棺自杀	Lan Yingying's first scene seems to be self-murder by crashing into a coffin.	Lan Yingying's first scene was literally suicide by coffin smash
B-PYA-041	PYA	83.80	65.35	-18.45	78.64	73.36	-5.28	0	0	0	泰奶+Gelato yyds！！！	Thai milk + Gelato yyds!!!	泰奶+Gelato 永远的神！！！	Tainai + Gelato, the eternal god!!!	Thai milk tea + Gelato is the GOAT!!!
B-PYA-042	PYA	84.15	95.60	11.45	55.55	66.63	11.08	0	0	0	yygq什么呢，有话直说不行吗	What's yygq, can't you just say what you want directly?	阴阳怪气什么呢，有话直说不行吗	Why are you being sarcastic? Can't you just say it straightforwardly?	what are you being passive-aggressive about just say it straight
B-PYA-043	PYA	34.76	94.25	59.49	52.86	67.16	14.30	0	100	100	zqsg追星好累	"zqsg is a pinyin initialism for ""zhuixing"" which means ""stalking stars"" and the sentence translates to ""Stalking stars is very tiring."""	真情实感追星好累	It's really tiring to idolize someone with genuine feelings.	chasing idols with genuine feelings is exhausting
B-PYA-044	PYA	77.23	77.98	0.75	82.59	81.51	-1.08	0	0	0	u1s1，这个视频做得真好	u1s1, this video is really well made	有一说一，这个视频做得真好	To be honest, this video is really well made.	Fr, this video slaps
B-PYA-045	PYA	55.06	54.39	-0.66	60.31	68.20	7.89	0	0	0	别再吃麻辣烫！干拌麻辣拌才是yyds	Don't keep eating spicy hot pot! Dry mixed spicy noodles are the best.	别再吃麻辣烫！干拌麻辣拌才是永远的神	Don't eat hot pot anymore! Dry-fried spicy noodles are the eternal god!	stop eating malatang! dry-mixed mala ban is the GOAT
B-PYA-046	PYA	90.10	94.35	4.25	60.79	75.84	15.06	0	0	0	这吧里xfxy的，天天吵架	This place is so xfxy, always fighting	这吧里血风血雨的，天天吵架	This place is full of bloodshed and turmoil, with arguments every day.	this forum is so chaotic fighting every day smh
B-PYA-047	PYA	64.55	76.45	11.91	79.70	76.90	-2.80	0	100	100	srds他还是很有实力的	srds he is still very capable	虽然但是他还是很有实力的	Although he is still very strong.	sthough he still got bars
B-PYA-048	PYA	82.62	84.86	2.24	24.89	76.41	51.51	0	0	0	xswl 这都能洗？	You're joking, right?	笑死我了 这都能洗？	That's hilarious, can this even be washed?	lmao you can defend even this?
B-PYA-049	PYA	87.22	100.00	12.78	72.11	84.49	12.39	0	0	0	rwkk这到底是什么鱼	What kind of fish is rwkk?	让我看看这到底是什么鱼	Let me see what kind of fish this is.	lemme see what fish is this
B-PYA-050	PYA	83.48	91.83	8.35	36.56	58.72	22.15	0	0	0	dd我一下	dd me一下	滴滴我一下	Tap me once.	hit me up
B-PYA-051	PYA	96.32	93.86	-2.45	62.38	49.98	-12.41	0	0	0	tcl，我真的太菜了	I'm really too bad at this.	太菜了，我真的太菜了	That's too bad, I'm really not good enough.	I'm way too noob
B-PYA-052	PYA	67.12	63.77	-3.35	50.52	48.79	-1.73	0	0	0	夏天就好这一口！！天妇罗冰锅yyds！！	Summer just loves this taste!! Tempura ice pot yyds!!	夏天就好这一口！！天妇罗冰锅永远的神！！	Summer loves this taste!! Tofu ice pot is the eternal god!!	summer vibes!! tempura ice pot is the GOAT!!
B-PYA-053	PYA	79.63	87.43	7.80	62.82	67.26	4.43	0	0	0	xswl这弱智吧的帖子太搞笑了	This post by xswl is so funny.	笑死我了这弱智吧的帖子太搞笑了	That post is so stupid, it's hilarious.	lmao the posts in this dumbass forum are too funny
B-PYA-054	PYA	78.90	74.11	-4.80	49.42	48.18	-1.24	0	0	0	马到成功yyds	Success achieved instantly, yyds	马到成功永远的神	God of eternal success, may you be victorious at once.	May you succeed effortlessly, it’s top tier!
B-PYA-055	PYA	74.23	77.13	2.90	45.05	72.50	27.45	0	0	0	这操作nb啊，大佬带带我	This move is so cool, big shot, please guide me	这操作牛逼啊，大佬带带我	This operation is awesome, big brother, please guide me.	this play is sick bro carry me
B-PYA-056	PYA	68.90	75.12	6.23	34.26	64.34	30.09	100	0	-100	这个cp太好磕了	This couple is too adorable to ship	这个配对太好磕了	This pairing is too adorable to resist.	this ship is too good fr fr
B-PYA-057	PYA	77.59	71.31	-6.28	55.93	57.20	1.27	100	0	-100	这俩离不开浓妆美颜强凹ABC	These two can't do without heavy makeup, beauty filters, and strong self-promotion ABC	这俩离不开浓妆美颜强凹American Born Chinese	These two can't do without heavy makeup, beauty filters, and strong self-promotion typical of American Born Chinese.	these two can't go without heavy makeup + filters trying to act all ABC
B-PYA-058	PYA	80.69	68.20	-12.49	82.58	53.02	-29.56	0	0	0	kdl，这对CP太甜了	kdl, this couple is so sweet	磕到了，这对CP太甜了	Bumped into each other, this couple is so sweet.	I'm shipping it this CP is too sweet
B-PYA-059	PYA	74.89	63.66	-11.24	49.59	67.41	17.83	0	0	0	山航yyds	Shanhang is the best	山航永远的神	Shanhang's eternal god	Shandong Airlines is the GOAT
B-PYA-060	PYA	53.13	67.81	14.68	42.99	37.09	-5.90	0	0	0	cpf又在磕了	The person named cpf is again being awkward.	CP粉又在磕了	CP粉又在磕了	shippers shipping again
B-PYA-061	PYA	75.92	67.41	-8.52	71.87	43.92	-27.95	0	0	0	dddd，支持UP主！	dddd, support the content creator!	顶顶顶顶，支持UP主！	Top top top top, support the UP主!	bump bump bump bump support the creator!
B-PYA-062	PYA	85.87	83.49	-2.39	76.88	81.56	4.68	0	0	0	xswl打印机都沦没墨了	xswl printer ran out of ink	笑死我了打印机都沦没墨了	I laughed so hard that the printer ran out of ink.	lmao even the printer ran out of ink
B-PYA-063	PYA	78.14	88.73	10.59	56.96	68.56	11.61	0	100	100	fs们太能打了	"fs们太能打了  
fs are too skilled in combat"	粉丝们太能打了	The fans are too strong.	fans are too cracked
B-PYA-064	PYA	94.00	92.41	-1.59	85.13	75.96	-9.17	0	0	0	ssfd，这个太恐怖了	ssfd, this is too scary	瑟瑟发抖，这个太恐怖了	Shivering, this is too scary.	shook this is too scary
B-PYA-065	PYA	65.72	89.69	23.97	64.53	74.31	9.77	0	100	100	bt，时常因为不够bt而觉得跟这个世界格格不入	bt often feels out of place in this world because it's not enough bt	变态，时常因为不够变态而觉得跟这个世界格格不入	Pervert, often feeling out of place in this world because they are not perverted enough.	pervert always feeling out of place cuz I'm not weird enough lol
B-PYA-066	PYA	92.63	97.55	4.93	79.16	80.05	0.90	0	0	0	这图谁发明的，xswl	Who came up with this picture, xswl	这图谁发明的，笑死我了	Who invented this picture, it's so funny!	who invented this image lmao
B-PYA-067	PYA	61.88	62.98	1.10	45.67	65.27	19.61	0	0	0	tcl这游戏技术，菜到抠脚	This game's skills are so bad they could be used to scratch one's feet	太菜了这游戏技术，菜到抠脚	This game's tech is too bad, so bad it's making me want to scratch my feet.	too noob this game skill noob to the extreme
B-PYA-068	PYA	76.74	89.11	12.36	76.22	62.33	-13.89	0	100	100	zqsg追了这么多年，终于更新了	zqsg has been followed for years, finally updated	真情实感追了这么多年，终于更新了	After chasing true feelings for so many years, it's finally updated.	been following with real feelings for years finally an update
B-PYA-069	PYA	65.71	86.52	20.81	65.75	75.04	9.29	0	0	0	Xswl就说有没有美味大餐吧哈哈哈哈哈哈哈	"Xswl said, ""Let's see if there's a delicious meal,"" laughing loudly"	笑死我了就说有没有美味大餐吧哈哈哈哈哈哈哈	I'm dying of laughter, just say if there's a delicious meal or not, hahaha hahaha hahaha.	lmao just tell me if there's a feast hahahahaha
B-PYA-070	PYA	98.19	77.24	-20.95	85.27	77.60	-7.67	100	100	0	nsdd，你说得对	You're right, nsdd	你说得对，你说得对	You're right, you're right.	nsdd you're right
B-PYA-071	PYA	68.25	42.49	-25.77	54.10	76.88	22.78	0	0	0	xswl一人血书求这个短剧拍真人版	I cried while watching this short drama and begged for a live-action version	笑死我了一人血书求这个短剧拍真人版	I laughed myself silly; someone wrote a blood oath to get this short play made into a live-action version.	lmao starting a one-person petition for a live-action version
B-PYA-072	PYA	93.09	100.00	6.91	84.44	86.02	1.58	0	100	100	szd，这个是真的	szd, this is real	是真的，这个是真的	Yes, this is true.	it's legit this is the real deal
B-PYA-073	PYA	91.22	84.13	-7.09	49.59	54.38	4.79	100	100	0	pyq，朋友圈见	See you on WeChat Moments.	朋友圈，朋友圈见	WeChat Moments, see you on WeChat Moments.	see you in Moments
B-PYA-074	PYA	72.63	91.55	18.92	56.74	82.03	25.29	0	0	0	这个耳朵前后的颜色变化xswl	The color change before and after the ear is xswl	这个耳朵前后的颜色变化笑死我了	The color change before and after this ear is so funny, I almost died laughing.	the color change before and after this ear lmao
B-PYA-075	PYA	99.48	79.91	-19.57	73.61	86.71	13.10	100	100	0	dbq，对不起我错了	I'm sorry, I was wrong	对不起，对不起我错了	I'm sorry, I'm sorry, I was wrong.	sry sorry I was wrong
B-PYA-076	PYA	86.87	79.24	-7.64	78.31	66.83	-11.48	0	0	0	xswl皇帝的新衣	xswl Emperor's New Clothes	笑死我了皇帝的新衣	I'm dead laughing, The Emperor's New Clothes.	lmao emperor's new clothes
B-PYA-077	PYA	85.18	95.31	10.13	71.19	84.92	13.74	0	0	0	哈哈哈哈哈xswl	Haha xswl	哈哈哈哈哈笑死我了	Hahaha, I'm dying of laughter.	hahahahaha lmao
B-PYA-078	PYA	54.84	87.69	32.85	39.92	77.45	37.53	0	0	0	真的栓Q了家人们	Really cool guys, family!	真的受够了家人们	I'm really fed up with my family.	I've really had enough, guys.
B-PYA-079	PYA	86.36	81.14	-5.22	71.22	47.45	-23.76	0	0	0	8u🚪什么意思	"What does ""8u 🚪"" mean?"	吧友们什么意思	"What does ""bāyǒu"" mean?"	tieba bros what does this mean
B-PYA-080	PYA	74.31	73.76	-0.55	64.24	61.67	-2.57	0	0	0	什么成分？xdm锐评。	What ingredients? xdm sharp review.	什么成分？兄弟们锐评。	What ingredients? Brothers' sharp comments.	what's their deal? bros rate.
B-PYA-081	PYA	83.73	93.45	9.73	50.03	70.32	20.29	0	100	100	氪金也能让各家fs满意	Spending money can satisfy all the fs	氪金也能让各家粉丝满意	In-game currency can also satisfy fans of each faction.	spending money can also satisfy every camp's fans
B-PYA-082	PYA	75.48	74.32	-1.16	60.46	66.29	5.83	0	0	0	咱姐硬生生从良子嘴里抠出3w多粉丝	We managed to extract over 30,000 followers from Liangzi's mouth forcefully	咱姐硬生生从良子嘴里抠出3万多粉丝	She forcibly extracted over 30,000 followers from Liangzi's mouth.	Our sis somehow pulled more than thirty thousand followers out of Liangzi.
B-PYA-083	PYA	70.79	72.38	1.59	43.01	72.77	29.76	0	0	0	她俩要是有cpf这都能当谈过的证据了	She and the other one could have had a relationship if they had cpf.	她俩要是有CP粉这都能当谈过的证据了	If they had CP fans, this could be evidence of them having talked about it.	if they had shippers this could count as dating proof
B-PYA-084	PYA	95.80	98.98	3.17	62.13	86.70	24.57	0	0	0	塔图姆NB	Tatum is awesome	塔图姆牛逼	Tatum is awesome.	Tatum is insane.
B-PYA-085	PYA	79.64	78.53	-1.11	71.96	68.01	-3.95	0	0	0	想吃肉质Q弹的就买散养老公鸡	If you want to eat meat that's chewy and springy, buy a loose old rooster	想吃肉质紧实弹牙的就买散养老公鸡	Buy a loose old rooster if you want meat that's firm and chewy.	if you want bouncy meat buy free-range rooster
B-PYA-086	PYA	74.13	87.58	13.44	60.25	64.80	4.55	0	100	100	yysy，两边都看完了	"yysy means both sides have been read, so the translation is:  
both sides have been read"	有一说一，两边都看完了	To be honest, both sides have been read.	To be honest, I watched both sides
B-MIX-001	MIX	94.63	73.38	-21.24	76.84	69.72	-7.12	100	0	-100	这首歌的hook太洗脑了，循环一天	This song's hook is too catchy, looping all day	这首歌的记忆点太洗脑了，循环一天	The catchiness of this song is too brainwashing, looping all day.	this song's hook is so catchy, been looping all day
B-MIX-002	MIX	92.90	91.66	-1.24	73.78	78.29	4.51	100	0	-100	短视频前3秒就是hook，抓不住人就划走了	The first three seconds of a short video is the hook, and if it can't grab attention, people will swipe away.	短视频前3秒就是吸引人的部分，抓不住人就划走了	The first three seconds of a short video are the part that needs to grab attention; if it doesn't hold people's interest, they will swipe away.	the first 3 seconds of a short video is the hook, lose them and they scroll away
B-MIX-003	MIX	99.20	99.65	0.45	75.85	84.54	8.70	100	100	0	新专辑终于drop了，等了好久	The new album finally dropped, after a long wait	新专辑终于发布了，等了好久	The new album has finally been released after a long wait.	the new album finally dropped, been waiting forever
B-MIX-004	MIX	96.37	89.09	-7.28	78.48	73.93	-4.54	0	100	100	这个品牌下周drop新款，必须抢	This brand will release a new model next week, must grab it	这个品牌下周推出新款，必须抢	This brand will launch a new model next week, must grab.	this brand is dropping new styles next week, gotta grab them
B-MIX-005	MIX	90.28	93.06	2.78	70.76	79.36	8.60	100	0	-100	这波clutch操作直接翻盘，太牛了	This clutch move directly reversed the situation, too impressive	这波关键时刻的操作直接翻盘，太牛了	This crucial move turned the game around directly; that's amazing!	this clutch play turned the game around, insane
B-MIX-006	MIX	68.07	83.80	15.73	52.63	77.92	25.28	100	0	-100	决赛最后一分钟clutch绝杀	Final minute clutch kill	决赛最后一分钟关键时刻绝杀	Game-winning shot in the final minute of the championship.	clutch buzzer-beater in the final minute of the finals
B-MIX-007	MIX	98.98	100.00	1.02	83.36	85.13	1.76	100	100	0	这游戏画质也就mid水平，玩法也一般	The game's graphics are only mid-level, and the gameplay is also average.	这游戏画质也就一般水平，玩法也一般	The game's graphics are just average, and the gameplay is also average.	this game's graphics are just mid, gameplay is average too
B-MIX-008	MIX	91.28	80.63	-10.65	60.90	76.11	15.20	100	0	-100	这套穿搭直接slay全场	This outfit slays the room	这套穿搭直接秒杀全场	This outfit instantly outshines the entire crowd.	this outfit slays the whole room
B-MIX-009	MIX	83.77	84.64	0.87	49.47	79.70	30.23	100	0	-100	王虹这波演讲直接slay	Wang Hong's speech directly slayed	王虹这波演讲直接秒杀全场	Wang Hong's speech directly stunned the entire audience.	Wang Hong's speech just slayed
B-MIX-010	MIX	96.92	96.64	-0.28	85.57	83.11	-2.46	100	100	0	上班就是当NPC，每天重复同样的台词	Working is like being an NPC, repeating the same dialogue every day	上班就是当非玩家角色，每天重复同样的台词	Going to work is like being a non-player character, repeating the same lines every day.	going to work is being an NPC, repeating the same lines every day
B-MIX-011	MIX	97.99	92.60	-5.38	85.36	79.93	-5.44	100	0	-100	别当NPC了，做自己生活的主角	Don't be an NPC anymore, be the main character of your own life	别当非玩家角色了，做自己生活的主角	Don't be a non-player character; be the protagonist of your own life.	stop being an NPC, be the main character of your own life
B-MIX-012	MIX	67.67	94.24	26.58	69.56	78.54	8.98	0	100	100	i人沦为e人玩具，太真实了	I person becomes E person's toy, too realistic.	内向者沦为外向者玩具，太真实了	Introverts become the toys of extroverts, it's too real.	introverts becoming playthings for extroverts, too real
B-MIX-013	MIX	86.08	89.22	3.14	55.94	78.51	22.57	0	0	0	e人累了一周还要爬起来继续嗨	A person who is a social butterfly is exhausted after a week of work but still has to get up and keep having fun	外向的人累了一周还要爬起来继续嗨	Outgoing people still get up to keep having fun even after a week of exhaustion.	extroverts have been tired all week and still have to get up and keep partying
B-MIX-014	MIX	81.52	73.92	-7.61	63.34	58.78	-4.56	100	0	-100	刻在骨子里的秀粉DNA瞬间苏醒	The innate show-off DNA embedded in the bones suddenly awakens	刻在骨子里的秀粉基因瞬间苏醒	The fan gene of a beauty enthusiast is instantly awakened deep in the bones.	the idol fan DNA embedded in my bones instantly awakened
B-MIX-015	MIX	90.22	94.90	4.68	76.87	83.99	7.12	0	0	0	POV：你是最后一个知道消息的人	You're the last person to know the news from this perspective.	视角：你是最后一个知道消息的人	Perspective: You are the last one to know the news.	POV: you're the last person to find out
B-MIX-016	MIX	99.42	98.73	-0.69	73.71	84.21	10.50	100	100	0	当地人真的好chill，十一点上班六点下班	The locals are really chill, working from 11 am to 6 pm	当地人真的好悠闲放松，十一点上班六点下班	The locals are really laid-back and relaxed, working from 11 am to 6 pm.	the locals are so chill, starting work at 11 and off at 6
B-MIX-017	MIX	100.00	93.25	-6.75	78.63	85.09	6.46	100	0	-100	这个视频太cringe了，看不下去	This video is too cringe, I can't watch it anymore	这个视频太尴尬了，看不下去	This video is too awkward to watch.	this video is too cringe, can't even watch
B-MIX-018	MIX	88.47	97.18	8.71	73.81	84.75	10.94	0	100	100	这个行为好sus，不对劲	This behavior feels off, something's wrong	这个行为好可疑，不对劲	This behavior is suspicious and something's not right.	this behavior is so sus, something's off
B-MIX-019	MIX	83.04	92.91	9.87	66.94	84.36	17.42	100	0	-100	别flex了，谁不知道你有钱	Don't flex anymore, who doesn't know you're rich	别炫耀了，谁不知道你有钱	Stop showing off; who doesn't know you're rich?	stop flexing, everyone knows you're rich
B-MIX-020	MIX	99.44	98.90	-0.54	82.70	83.06	0.36	100	100	0	这首歌被hype过头了，其实一般	This song has been over-hyped, it's actually just average	这首歌被炒作过头了，其实一般	This song has been over-hyped; it's actually just average.	this song got way too much hype, it's actually just average
B-MIX-021	MIX	96.56	93.96	-2.60	81.81	78.79	-3.02	100	100	0	今天又偶遇crush了，太巧了	Today I accidentally ran into my crush again, what a coincidence	今天又偶遇暗恋对象了，太巧了	I ran into my secret crush again today—it's really coincidental.	ran into my crush again today, what a coincidence
B-MIX-022	MIX	86.03	95.18	9.15	62.07	83.49	21.42	100	100	0	我ship的CP终于官宣了	My ship's CP has finally officially announced.	我支持的情侣组合终于官宣了	The couple I support has finally officially announced their relationship.	the ship I've been rooting for finally went official
B-MIX-023	MIX	97.48	97.90	0.42	77.14	84.62	7.49	100	100	0	作为stan我必须说偶像这次回归太棒了	As a stan, I must say the idol's comeback was amazing	作为狂热粉我必须说偶像这次回归太棒了	As a die-hard fan, I must say the idol's comeback is amazing.	as a stan I gotta say the idol's comeback is amazing
B-MIX-024	MIX	96.74	96.78	0.04	80.97	80.59	-0.38	100	100	0	期待偶像的comeback，新专辑什么时候发	Looking forward to the idol's comeback, when is the new album coming out?	期待偶像的回归，新专辑什么时候发	Looking forward to the idol's return, when is the new album coming out?	looking forward to the idol's comeback, when's the new album dropping
B-MIX-025	MIX	92.73	83.05	-9.69	75.79	70.85	-4.95	100	0	-100	这也太离谱了吧我直接emo	This is too absurd, I'm directly emo	这也太离谱了吧我直接抑郁	That's too absurd, I'm going to be depressed directly.	this is so outrageous I'm literally emo rn
B-MIX-026	MIX	92.94	75.86	-17.08	80.43	76.06	-4.37	0	0	0	看到317万年终奖我直接emo了	Seeing a 3.17 million yuan annual bonus, I got emo right away	看到317万年终奖我直接情绪低落了	Seeing my 3.17 million yuan annual bonus, I felt immediately down.	Seeing the 3.17 million year-end bonus, I got all emo
B-MIX-027	MIX	79.72	83.16	3.44	51.54	73.40	21.85	0	0	0	掉san了，这个太恐怖了	"Dropped the ""san,"" this is too scary."	掉san值了，这个太恐怖了	Lost some SAN value, this is too scary.	lost my sanity this is too scary bruh
B-MIX-028	MIX	84.39	87.79	3.39	65.68	74.07	8.39	100	100	0	王虹这波citywalk直接从北大走到菲尔兹奖	Wang Hong's recent citywalk directly walked from Peking University to the Fields Medal	王虹这波城市漫步直接从北大走到菲尔兹奖	Wang Hong's city walk directly went from Peking University to the Fields Medal.	Wang Hong's citywalk took her all the way from Peking University to the Fields Medal
B-MIX-029	MIX	97.56	95.58	-1.98	75.40	80.32	4.92	100	100	0	在上海街头随性citywalk	A casual citywalk on the streets of Shanghai	在上海街头随性城市漫步	Casual city walk on the streets of Shanghai	casual city walk on Shanghai streets
B-MIX-030	MIX	91.95	93.61	1.66	78.97	79.72	0.75	100	100	0	中国女排这vibe太强了，3比2逆转太燃	The Chinese women's volleyball team's vibe was too strong, the 3-2 comeback was incredibly exciting	中国女排这氛围太强了，3比2逆转太燃	The atmosphere of the Chinese women's volleyball team is so strong, the 3-2 comeback is absolutely thrilling!	China women's volleyball's vibe is so strong, the 3-2 comeback is so inspiring
B-MIX-031	MIX	94.65	86.28	-8.37	74.46	74.95	0.50	100	0	-100	这番属于ACGN圈的经典之作了	This is a classic work in the ACGN circle	这番属于动漫游文圈的经典之作了	This is a classic work belonging to the anime, manga, game, and light novel circle.	this anime is a classic in the ACGN circle
B-MIX-032	MIX	94.25	86.24	-8.01	77.50	81.07	3.57	100	0	-100	50亿离婚案这drama程度堪比韩剧	This divorce case involving 5 billion yuan has a drama level comparable to a Korean drama	50亿离婚案这戏剧性程度堪比韩剧	This divorce case involving 500 million yuan is as dramatic as a Korean drama.	The drama level of the 5 billion divorce case rivals a Korean drama
B-MIX-033	MIX	96.55	95.88	-0.67	68.80	77.20	8.40	100	0	-100	今日OOTD分享	Today's OOTD share	今日穿搭分享	Today's outfit sharing	today's OOTD drop
B-MIX-034	MIX	73.23	66.54	-6.68	63.83	70.89	7.06	100	100	0	赛里木湖这波操作太low了，景区管理丢人	Lake Seimul's move was too low, the scenic area management is embarrassing	赛里木湖这波操作太低级了，景区管理丢人	The operation at Sea Lake is too low-level; it's a disgrace to the scenic area management.	Sarim Lake's move this time is too low-class, scenic area management is embarrassing
B-MIX-035	MIX	98.80	99.64	0.84	74.00	81.94	7.95	100	0	-100	OMG这也太好看了	OMG this is too good to look at	我的天这也太好看了	My goodness, this is absolutely stunning!	OMG this looks so good
B-MIX-036	MIX	87.90	92.46	4.55	52.70	63.40	10.70	0	0	0	腾讯这波泄密事件直接social death了	Tencent's leak incident directly caused a social death	腾讯这波泄密事件直接社会性死亡了	This leak incident from Tencent has caused a social death.	Tencent's leak incident this time resulted in total social suicide
B-MIX-037	MIX	96.50	95.25	-1.24	82.63	82.07	-0.57	100	0	-100	这游戏全DLC都买了，花了好几百	I bought all the DLCs for this game, which cost hundreds of yuan	这游戏全可下载内容都买了，花了好几百	I bought all the downloadable content for this game, which cost hundreds of dollars.	bought all the DLC spent several hundred
B-MIX-038	MIX	93.39	98.08	4.69	69.19	79.81	10.62	0	0	0	显卡涨价涨成这样，简直是price离谱	Graphics cards have gone up in price so much that it's price crazy	显卡涨价涨成这样，简直是价格离谱	The graphics card prices have gone up so much that it's simply absurd.	GPU prices going up this much, the price is just outrageous
B-MIX-039	MIX	99.80	77.84	-21.96	75.27	83.34	8.07	100	0	-100	这个GMV变高了	The GMV increased.	这个商品交易总额变高了	The total value of this commodity transaction has increased.	this GMV went up
B-MIX-040	MIX	89.31	97.70	8.38	72.38	82.01	9.63	0	100	100	过度分享这件事真的太trigger了，边界感很重要	Over-sharing is really too trigger, boundaries matter a lot	过度分享这件事真的太触发了，边界感很重要	Over-sharing is really triggering, and it's important to have boundaries.	Oversharing is really triggering. Boundaries matter.
B-MIX-041	MIX	94.35	96.75	2.40	81.07	83.82	2.76	100	100	0	这个meme太火了	This meme is too popular	这个梗太火了	This meme is going viral.	this meme is too fire lol
B-MIX-042	MIX	85.34	90.42	5.08	73.11	73.08	-0.04	100	100	0	陈哲远在密逃里的reaction太搞笑了	Chen Zhe Yuan's reaction in the secret escape was too funny	陈哲远在密逃里的反应太搞笑了	"Chen Zhe Yuan's reaction in ""Secret Escape"" was too funny."	Chen Zheyuan's reaction in the escape room show is too funny
B-MIX-043	MIX	95.84	86.61	-9.23	71.37	77.82	6.44	100	0	-100	用来换做成AGI的概率	The probability of being converted into AGI	用来换做成通用人工智能的概率	The probability of being converted into general artificial intelligence	probability of achieving AGI
B-MIX-044	MIX	91.55	95.10	3.55	80.45	79.41	-1.04	100	100	0	50亿离婚案这个level太高了，普通人理解不了	This divorce case involving 5 billion yuan is at such a high level that ordinary people can't understand it.	50亿离婚案这个级别太高了，普通人理解不了	This level of 5 billion divorce case is too high for ordinary people to understand.	The level of the 5 billion divorce case is too high, ordinary people can't understand
B-MIX-045	MIX	87.71	95.11	7.40	70.39	80.75	10.36	100	0	-100	cosplay得很好，很像	cosplay did a great job, looks very realistic	角色扮演得很好，很像	The role was played very well, like a real one.	cosplay done right looks so similar
B-MIX-046	MIX	97.60	96.79	-0.82	82.77	83.50	0.73	100	100	0	这个app一到发售就崩	This app crashes as soon as it is released	这个应用一到发售就崩	This app crashes as soon as it is released.	this app crashes every launch
B-MIX-047	MIX	98.81	98.84	0.03	67.26	85.42	18.16	100	0	-100	这个角色太OP了	This character is too overpowered.	这个角色太强了	This character is too strong.	this character is way too overpowered
B-MIX-048	MIX	80.79	78.43	-2.36	74.64	68.86	-5.77	100	100	0	lpl历史上有像清算48同样力度的清算吗？	Has there ever been a purge in LPL with the same intensity as the 48 clearance?	LPL历史上有像清算48同样力度的清算吗？	Has there been a clearance as strong as the 48-hour clearance in LPL history?	has there ever been a reckoning as hard as '48' in LPL history?
B-MIX-049	MIX	85.73	84.42	-1.32	83.85	72.59	-11.26	0	0	0	加个buff，变得更强	Add a buff to become stronger	加个增益，变得更强	Add a gain, become stronger.	add a power-up get stronger ez
B-MIX-050	MIX	98.24	99.12	0.88	83.99	84.83	0.84	100	100	0	这个logo设计得好	This logo design is good	这个品牌标识设计得好	This brand logo is designed well.	this logo is well designed
B-MIX-051	MIX	84.07	61.34	-22.73	60.38	71.81	11.43	100	0	-100	被nerf了，变弱了	Is nerfed, became weaker	被削弱了，变弱了	Weakened, weakened.	got nerfed got weaker smh
B-MIX-052	MIX	93.61	97.37	3.75	81.08	83.69	2.61	0	0	0	我刚才去打apex了	I just went to play apex.	我刚才去打Apex了	I just went to play Apex.	just went to play Apex
B-MIX-053	MIX	100.00	99.96	-0.04	84.13	84.01	-0.12	100	100	0	GDP十强省份变了	The top ten GDP provinces have changed	国内生产总值十强省份变了	The top ten provinces by GDP have changed.	GDP top 10 provinces changed
B-MIX-054	MIX	90.09	85.84	-4.25	56.27	81.18	24.91	0	0	0	GG了，完了	GGed, it's over	完了，完了	Over, over.	It's game over, we're done for.
B-MIX-055	MIX	81.30	78.03	-3.27	59.93	49.92	-10.01	0	0	0	就是在cp里吃瓜	Just eating popcorn in the CP	就是在搭档组合里吃瓜	That's just watching from the sidelines in a partner duo.	just watching the drama in the ship
B-MIX-056	MIX	77.29	97.93	20.64	73.69	65.75	-7.94	0	100	100	图样森破，你太天真了	The pattern is messed up, you're too naive	Too young too simple，你太天真了	Too young, too simple; you're too naive.	too young too simple you're too naive
B-MIX-057	MIX	99.29	98.87	-0.42	85.16	83.37	-1.79	100	0	-100	这个AI太厉害了	This AI is too powerful	这个人工智能太厉害了	This artificial intelligence is too powerful.	this AI is way too OP fr
B-MIX-058	MIX	74.76	40.73	-34.03	44.86	44.71	-0.15	100	0	-100	carry全场，带飞	carry the whole game, lead the way	带飞全场，带飞	Take the lead throughout the game, take the lead	carrying the whole squad what a carry
B-MIX-059	MIX	98.78	96.32	-2.46	83.72	83.64	-0.08	100	0	-100	她学的是泰语又不是IT	She studied Thai, not IT	她学的是泰语又不是信息技术	She studied Thai, not information technology.	she studies Thai not IT
B-MIX-060	MIX	97.80	99.16	1.36	81.05	77.06	-3.99	100	100	0	VIP通道真快	VIP lane is really fast	贵宾通道真快	VIP lane is really fast.	VIP lane is so fast
B-MIX-061	MIX	80.58	77.11	-3.47	74.60	53.35	-21.26	100	0	-100	solo一下，单挑	Take a solo, challenge someone	单挑一下，单挑	Fight one-on-one, challenge one-on-one.	solo it 1v1 me bro
B-MIX-062	MIX	98.58	99.09	0.51	80.95	84.29	3.34	0	0	0	这个PK谁赢了	Who won the PK?	这个对决谁赢了	Who won the showdown?	who won this duel
B-MIX-063	MIX	66.44	81.87	15.43	67.69	75.98	8.29	100	100	0	因凡蒂诺和FIFA演都不演了，这是纯把梅西世界杯金球奖给抢劫了	Because Infantino and FIFA no longer act, this is purely robbing Messi of the World Cup Golden Ball award	因凡蒂诺和国际足联演都不演了，这是纯把梅西世界杯金球奖给抢劫了	Infantino and FIFA no longer pretend, this is pure robbery of Messi's World Cup Ballon d'Or.	Infantino and FIFA aren't even hiding it anymore straight up robbed Messi of the World Cup Golden Ball
B-MIX-064	MIX	97.93	98.09	0.16	83.51	83.81	0.30	100	100	0	做个SPA放松一下	Get a spa treatment to relax	做个水疗放松一下	Get a spa treatment to relax.	getting a spa to relax
B-MIX-065	MIX	89.61	88.45	-1.16	75.95	55.14	-20.81	100	100	0	这个DJ太嗨了	This DJ is too energetic	这个唱片骑师太嗨了	This DJ is too hyped.	this DJ is too lit
B-MIX-066	MIX	84.18	77.33	-6.85	79.29	64.88	-14.41	0	0	0	Rush E 朗朗PK街头钢琴家	Rush E Longlang competes with a street pianist	Rush E 朗朗对决街头钢琴家	Rush E: A Clash of Pianists on the Street	Rush E Lang Lang versus street pianist
B-MIX-067	MIX	66.32	66.35	0.03	79.04	71.06	-7.98	0	100	100	这动漫OP太好听了，循环播放	This anime OP is too good to listen to, loop play	这动漫片头曲太好听了，循环播放	This anime's opening theme is too good, I'm looping it.	this anime opening slaps on loop
B-MIX-068	MIX	96.78	96.79	0.02	84.06	84.34	0.28	100	0	-100	买个iPad记笔记	Buy an iPad to take notes	买个平板电脑记笔记	Buy a tablet to take notes.	getting an iPad for notes
B-MIX-069	MIX	53.87	84.89	31.03	68.45	62.97	-5.48	0	100	100	抖音的bgm怎么突然变得那么难听了到处都是想问问你敢不敢还有那天我经过一片花园	TikTok's BGM suddenly became so unpleasant, everywhere is asking if you dare, and that day when I passed by a garden	抖音的背景音乐怎么突然变得那么难听了到处都是想问问你敢不敢还有那天我经过一片花园	"The background music on Douyin suddenly became so annoying, everywhere is ""Want to ask you if you dare"" and ""That day when I passed by a garden."""	why has Douyin's background music gotten so bad everywhere it's either 'I Want to Ask If You Dare' or 'That Day I Passed a Garden'
B-MIX-070	MIX	98.01	98.97	0.95	80.95	81.39	0.44	0	0	0	这个PPT做得好	This PPT is well-made	这个演示文稿做得好	This presentation is well done.	this PowerPoint is well made
B-MIX-071	MIX	77.73	74.07	-3.66	40.39	66.30	25.91	100	0	-100	法法这期ooc了吧	This episode of Fa Fa is out of character.	法法这期脱离扮演角色了吧	This time, Fafa has stepped out of the role of playing.	Fafa was so out of character this episode bruh
B-MIX-072	MIX	94.02	90.87	-3.15	80.73	72.56	-8.17	100	0	-100	3.5h通关	3.5 hours to pass the exam	3.5小时通关	3.5-hour clearance	beat the game in 3.5 hours
B-MIX-073	MIX	93.41	83.63	-9.78	74.72	52.69	-22.02	100	0	-100	这个ins风好看	This Instagram style looks good	这个网红风好看	This look is trendy and stylish.	this Instagram aesthetic looks good
B-MIX-074	MIX	76.90	92.01	15.11	51.18	81.80	30.62	0	0	0	我的文化水平belike	My cultural level, hold on	我的文化水平就像这样	My cultural level is like this.	my education level be like lmao
B-MIX-075	MIX	96.11	96.34	0.23	77.87	83.41	5.54	100	100	0	来杯matcha	Have a cup of matcha	来杯抹茶	Have a cup of matcha.	a cup of matcha
B-MIX-076	MIX	99.25	99.61	0.36	82.09	84.01	1.93	0	0	0	店员花一秒钟get到你的意思了	The store clerk understood your meaning in one second.	店员花一秒钟理解到你的意思了	The clerk understood your meaning in a second.	the clerk took one second to get your meaning
B-MIX-077	MIX	99.97	93.87	-6.10	83.52	76.14	-7.38	100	0	-100	这个vlog拍得好	This vlog is well shot	这个视频博客拍得好	This video blog is well-made.	this vlog is well shot
B-MIX-078	MIX	92.12	86.47	-5.65	71.64	76.14	4.50	100	0	-100	学习上problem不能发作	Learning issues cannot be allowed to arise.	学习上问题不能发作	Academic problems cannot occur.	can't let the issue flare up during studying
B-MIX-079	MIX	86.15	94.01	7.86	73.93	80.34	6.41	0	0	0	好久没有笑的这么开心了，必须收藏起来emo了再看	I haven't laughed this happily in a long time, I must save it to look at later when I'm feeling emo.	好久没有笑的这么开心了，必须收藏起来抑郁了再看	It's been a long time since I've laughed so happily; I must save this to look at again when I'm feeling depressed.	haven't laughed this hard in ages saving it to watch when I'm feeling down fr
B-MIX-080	MIX	89.28	86.98	-2.30	78.35	75.05	-3.30	100	100	0	cult导演后悔道剧组没有你	The cult director regretted that the crew didn't have you	邪典导演后悔道剧组没有你	The cult director regretted that the crew didn't have you.	cult director regrets not having you on set
B-MIX-081	MIX	61.71	63.89	2.19	59.36	59.55	0.19	0	0	0	从技术舞美上讲是挺牛，但从意识上讲buff快叠满了	From a technical perspective, it's quite impressive, but in terms of awareness, the buff is already stacking up quickly	从技术舞美上讲是挺牛，但从意识上讲增益快叠满了	Technically, it's quite impressive, but in terms of awareness, the gains are fast and the stack is full.	technically the stage design is pretty sick but ideologically the power-ups are almost fully stacked
B-MIX-082	MIX	84.06	76.88	-7.19	75.09	79.81	4.72	100	100	0	上了初中就开始恶化了，甚至游戏也会拖一会儿再启动，作业拖到ddl就算是期末周也学不进去	The situation started to worsen in junior high, even games would take a while to start, and homework was always postponed until the deadline, making it impossible to study even during exam week	上了初中就开始恶化了，甚至游戏也会拖一会儿再启动，作业拖到截止日期就算是期末周也学不进去	It started to get worse in junior high, even games would take a while to start, and I couldn't study at all even during exam week, even if I postponed my homework until the deadline.	middle school hit different even games I delay homework till deadline even in finals week can't focus smh
B-MIX-083	MIX	88.83	95.04	6.21	70.72	76.79	6.07	100	100	0	ddl就在眼前了还在摆烂	The deadline is right around the corner and yet you're still slacking off	截止日期就在眼前了还在摆烂	The deadline is right around the corner, yet you're still slacking off.	deadline is right there and you're still slacking
B-MIX-084	MIX	97.82	93.79	-4.03	80.69	80.63	-0.06	100	0	-100	asmr助眠真的有用吗	Does asmr help with sleep?	自发性知觉经络反应助眠真的有用吗	Is the spontaneous perception meridian response for sleep really effective?	does ASMR for sleep actually work
B-MIX-085	MIX	94.26	91.85	-2.41	70.34	77.12	6.78	100	100	0	超mean老奶一般是英语老师	Super mean old lady is usually an English teacher	超刻薄老奶一般是英语老师	A super harsh old lady is usually an English teacher.	Super mean old ladies are usually English teachers
B-MIX-086	MIX	85.52	95.46	9.94	64.52	79.26	14.74	100	0	-100	绝对音感的正确用法belike	The correct usage of perfect pitch belike	绝对音感的正确用法是这样	The correct way to use absolute pitch is like this.	The correct usage of absolute pitch be like
B-HOM-096	HOM	92.14	93.64	1.50	66.04	76.55	10.52	100	100	0	孩好像真的很困了，但是一直被麻麻薅过来薅过去配合拍视频	The child seems really tired, but keeps being pulled back and forth by mom to cooperate with the video shoot.	孩好像真的很困了，但是一直被妈妈薅过来薅过去配合拍视频	The kid seems really sleepy, but keeps being pulled back and forth by the mom to cooperate with the video shoot.	the kid really seems sleepy, but keeps getting dragged back and forth by mom to pose for the video
B-HOM-097	HOM	94.67	93.71	-0.95	62.14	73.06	10.92	0	0	0	哈哈哈哈哈，不好意思哈哈哈哈哈没崩住	Haha, I'm sorry, I couldn't hold it in.	哈哈哈哈哈，不好意思哈哈哈哈哈没绷住	Hahaha, sorry hahaha, I couldn't hold it anymore.	hahaha, sorry hahaha I couldn't hold it together
B-HOM-098	HOM	87.90	78.01	-9.88	75.08	61.63	-13.45	0	0	0	淦，忘记原版了，有谁能补一下？	Oops, I forgot the original version, can anyone补一下?	干，忘记原版了，有谁能补一下？	Dry, forgot the original, who can supplement it?	damn, I forgot the original, can anyone fill it in?
B-HOM-099	HOM	69.58	64.23	-5.36	51.99	62.25	10.26	0	0	0	你们要是给我炮儿玩似了我看什么啊	You guys if you play with me like that, what would I even look at?	你们要是给我炮儿玩死了我看什么啊	What would I look at if you kill me with the cannon?	if you guys play my Pao'er to death, what am I supposed to watch?
B-PYA-087	PYA	92.77	92.78	0.01	76.48	79.65	3.17	0	0	0	快别TM说了，抓紧睡半个钟头，不然去早餐店要迟到了	Hurry up and stop talking, grab a half hour of sleep, or you'll be late for breakfast.	快别他妈说了，抓紧睡半个钟头，不然去早餐店要迟到了	Stop talking nonsense, hurry up and sleep for half an hour, or you'll be late for breakfast.	stop freaking talking and grab half an hour of sleep, or you'll be late for the breakfast shop
B-NEO-087	NEO	97.41	96.06	-1.35	74.52	84.14	9.62	0	0	0	某种意义上来看他也是个神人	In a certain sense, he is also a great person.	某种意义上来看他也是个行为离谱的人	In a certain sense, he is also a person with bizarre behavior.	in a certain sense he's also an absolute character
B-NEO-088	NEO	76.35	85.94	9.59	65.41	57.77	-7.64	0	100	100	我都不知道出新图了，作业自己跑我脸上了	I didn't even know new pictures were released, my homework ran onto my face on its own	我都不知道出新图了，攻略自己跑我脸上了	I didn't even know there were new images released; the guide is now on my face.	I didn't even know a new stage was out, and the guide just ran right into my face
B-NEO-089	NEO	95.33	99.64	4.31	80.28	78.53	-1.75	0	0	0	无论从哪个层面来看，都是吊炸了	No matter from which perspective you look at it, it's amazing.	无论从哪个层面来看，都是厉害极了	It's amazing from any perspective.	no matter how you look at it, it's insanely awesome
B-NEO-090	NEO	76.16	95.49	19.33	52.38	80.98	28.59	0	0	0	应该是的，不然怎么会气到把国粹给说出来了	It should be, otherwise how could he get so angry as to say something so precious out loud	应该是的，不然怎么会气到把脏话给说出来了	That's right, otherwise how could he get so angry as to say such rude words.	must be, otherwise how would he get so angry that the swear words came out
B-NEO-091	NEO	77.27	82.11	4.84	62.01	73.20	11.19	0	0	0	说个冷知识，来俊臣的父亲名叫来操，是个挺生草的名字	Say a cold piece of knowledge, Lai Junchen's father was named Lai Cao, which is a pretty cool name	说个冷知识，来俊臣的父亲名叫来操，是个挺搞笑的名字	Here's a cold piece of knowledge: Li Juanchen's father was named Li Cao, which is a pretty funny name.	fun fact: Lai Junchen's father was named Lai Cao, which is a pretty hilarious name
B-NEO-092	NEO	70.55	73.82	3.27	63.98	82.12	18.14	0	0	0	他不是好了，而是知道自己要凉了	He isn't just better; he knows he's going to be in trouble.	他不是好了，而是知道自己要完蛋了	He isn't getting better; instead, he knows he's going to be in trouble.	he's not better, he just knows he's done for
B-NEO-093	NEO	71.66	83.69	12.02	68.35	71.89	3.54	0	0	0	置顶评论官方链接是淘宝就知道成分了	The top comment's official link is Taobao, so you'll know the ingredients.	置顶评论官方链接是淘宝就知道背景了	The top comment's official link is Taobao, so you know the background.	the pinned official link is Taobao, that alone tells you what they're really about
B-NEO-094	NEO	82.71	95.33	12.61	71.65	79.40	7.75	0	0	0	逆天。。我现在开车老走错路	It's so amazing. I keep taking the wrong turns while driving now.	离谱。。我现在开车老走错路	Crazy. I keep taking the wrong turns while driving now.	wild… I keep taking wrong turns when driving now
B-MIX-087	MIX	70.87	64.93	-5.94	48.15	51.56	3.41	100	0	-100	发现没火的作者belike	Found an author without fire, belike	发现没火的作者就是这样	The author who has no fire is like this.	discovering an underrated creator be like
B-MIX-088	MIX	75.50	90.43	14.93	69.66	72.17	2.51	0	100	100	第一次尝试做这么长的动画 感觉k帧速度有所提升绝宝二周年快乐!	First attempt at making such a long animation, felt the k frame rate has improved, absolutely amazing, two-year anniversary happy!	第一次尝试做这么长的动画 感觉打关键帧速度有所提升绝宝二周年快乐!	First attempt at making such a long animation, feeling that the keyframe speed has improved a lot! Happy 2nd anniversary, Juebao!	first time making such a long animation, my keyframing speed has improved — happy 2nd anniversary Juebao!
B-MIX-089	MIX	92.69	92.00	-0.69	72.66	77.49	4.83	100	100	0	或许它真的是福利最好的fps	Perhaps it is really the best fps in terms of benefits.	或许它真的是福利最好的第一人称射击游戏	Perhaps it is truly the first-person shooter with the best benefits.	maybe it really is the FPS with the best freebies
B-MIX-090	MIX	87.02	93.12	6.10	73.56	71.51	-2.05	0	100	100	杨博文四代唯一C位队长	Yang Bowen is the only C position captain in the fourth generation.	杨博文四代唯一中心位队长	Yang Bowen, the only central position captain in four generations.	Yang Bowen, Gen 4's only center-position captain
B-HOM-100	NEO	61.23	73.31	12.08	68.12	71.01	2.89	0	100	100	明显，队友大概率寄了，和上司有关，但扳机似乎记忆出现问题，咬死队友还活着，变相保护了上司，所以被上司放了	It's obvious that the teammate probably sent a message, which is related to the superior, but the trigger seems to have a memory issue, insisting the teammate is still alive, thereby indirectly protecting the superior, so the superior let them go	明显，队友大概率死了，和上司有关，但扳机似乎记忆出现问题，咬死队友还活着，变相保护了上司，所以被上司放了	Obviously, the teammate is likely dead, and it's related to the superior. However, the trigger seems to have memory issues, insisting that the teammate is still alive, thereby indirectly protecting the superior, so the superior let him go.	clearly the teammate is most likely dead and the boss is involved, but Trigger's memory seems broken — she insists the teammate is alive, which indirectly shielded the boss, so the boss let her go
B-HOM-101	HOM	71.97	70.33	-1.64	78.02	78.20	0.18	0	100	100	怪兽：我已经破坏掉了你所有能获取光的办法，看你还怎么变身 迪迦：你钱包的钱还有多少？ 怪兽：全花光了 迪迦：恰！	Monster: I've already destroyed all the ways you can obtain light, see how you can transform now. Digga: How much money do you have left in your wallet? Monster: I've spent it all. Digga: Exactly!	怪兽：我已经破坏掉了你所有能获取光的办法，看你还怎么变身 迪迦：你钱包的钱还有多少？ 怪兽：全花光了 迪迦：吃！	Monster: I've destroyed all the ways you can obtain light, see how you can transform now, Digua. Digua: How much money do you have left in your wallet? Monster: I've spent it all. Digua: Eat it!	Monster: I've destroyed every way you could gather light, let's see you transform now. Tiga: How much money is left in your wallet? Monster: All spent. Tiga: Nom!
B-HOM-102	HOM	58.91	85.97	27.06	70.01	78.17	8.17	0	100	100	人定不了天，一切的一切还是按照历史轨迹走，我记得是三段历史走向，猪脚心累了	People can't control the heavens, everything still follows the historical course, I remember it's three stages of historical development, pig's foot soles are tired	人定不了天，一切的一切还是按照历史轨迹走，我记得是三段历史走向，主角心累了	People can't change the heavens; everything still follows the historical course. I remember it's three stages of historical development, and the protagonist is tired of it all.	man can't defy heaven, everything still follows the track of history — I remember there were three historical branches, and the protagonist is exhausted
B-HOM-103	HOM	74.35	67.63	-6.71	67.63	68.40	0.77	0	100	100	笑成猪头最好笑是因为！！！我本来就觉得很好笑哈哈哈，看到这个蚌不住了！！！	Laughing so hard I feel like a pig's head, it's the funniest thing ever!! I've always thought it was really funny, haha, seeing this makes me unable to hold it in anymore!!	笑成猪头最好笑是因为！！！我本来就觉得很好笑哈哈哈，看到这个绷不住了！！！	Laughing so hard I feel like a pig! It's the funniest thing ever!!! I already thought it was hilarious, haha, but seeing this made me lose it!!!	the pig-head laugh is the funniest because!!! I already found it hilarious hahaha, and seeing this I just lost it!!!
B-HOM-104	HOM	70.89	84.45	13.56	70.28	77.89	7.60	100	100	0	真旅行青蛙！  去哪了 会给麻麻带明信片回来  真好	Real travel frog! Where did you go, will you bring a postcard back for mom, it's really nice	真旅行青蛙！  去哪了 会给妈妈带明信片回来  真好	Real traveling frog! Where did you go? You'll bring a postcard back for Mom. That's great.	a real Travel Frog! wherever it goes, it brings postcards back for mom — so sweet
B-HOM-105	HOM	89.19	90.65	1.46	76.22	74.89	-1.33	100	100	0	兄dei，这么好的猪 你舍得一次性吃完吗（于谦声）	Bro, this is such a good pig, are you willing to eat it all at once? (Yu Qian voice)	兄弟，这么好的猪 你舍得一次性吃完吗（于谦声）	Brother, such a good pig, are you willing to eat it all at once? (Yu Qian's voice)	bro, such a fine pig — could you really bear to eat it all in one go? (in Yu Qian's voice)
B-HOM-106	NEO	51.33	62.57	11.24	67.65	57.89	-9.75	0	100	100	这高达味怎么这么重啊，真的是百合拯救了萝卜？	"This ""Gao Da Wei"" taste is so strong, really, the lily saved the radish?"	这高达味怎么这么重啊，真的是百合拯救了机器人？	How heavy this Gundam is! Could it really be that the lily saved the robot?	why does this feel so much like Gundam — did yuri really save the mecha genre?
B-HOM-107	HOM	94.50	83.68	-10.82	79.72	64.44	-15.28	0	0	0	淦，为什么要让我凌晨刷到，睡不着觉了()	I'm so annoyed, why did you make me scroll through this at midnight, I can't sleep anymore.	干，为什么要让我凌晨刷到，睡不着觉了()	Dry, why did you let me see this at midnight? I can't sleep anymore.	damn, why did I have to scroll onto this in the middle of the night, now I can't sleep ()
B-HOM-108	HOM	98.36	92.91	-5.45	83.09	83.52	0.42	100	0	-100	免责声明，此为系统自动播放，与我无瓜	Disclaimer, this is automatically played by the system, and has nothing to do with me	免责声明，此为系统自动播放，与我无关	Disclaimer: This is system auto-play, unrelated to me.	disclaimer: this was autoplayed by the system, nothing to do with me
B-HOM-109	HOM	84.24	85.49	1.25	66.11	69.12	3.01	100	100	0	又第一了 带领兄弟萌再冲一次～～～～	Once again first place! Lead the brothers and sisters to charge again～～～～	又第一了 带领兄弟们再冲一次～～～～	First place again, leading the brothers to charge once more～～～～	number one again — leading the bros for one more charge~~~~
B-HOM-110	HOM	38.38	63.81	25.42	42.23	52.76	10.53	0	100	100	预计会火，火钳刘明	Expected to go viral, clamp [the] Liu Ming	预计会火，火前留名	Expected to go viral, make a name before it goes viral.	this is going to blow up, leaving my name here before it does
B-HOM-111	HOM	73.39	77.85	4.46	54.01	60.94	6.92	0	0	0	扳机歪了，前来还怨	The trigger is off, come to complain	扳机歪了，前来还愿	The trigger is crooked, come to fulfill the vow.	my pull for Trigger went off-banner — here to repay my vow
B-HOM-112	HOM	97.39	94.87	-2.52	74.37	82.13	7.76	0	0	0	梅森：这我可太熟辣！	Mason: I'm really familiar with this!	梅森：这我可太熟啦！	Mason: I know that too well!	Mason: now this I know all too well!
B-HOM-114	HOM	94.91	97.51	2.60	80.32	81.79	1.47	100	100	0	我不行了我笑得要噶了	I can't take it anymore; I'm laughing so hard I'm about to die.	我不行了我笑得要挂了	I can't take it anymore, I'm laughing so hard I'm going to die.	I can't take it, I'm about to die laughing
B-HOM-115	HOM	78.21	86.60	8.39	54.78	69.55	14.77	0	0	0	活到老学到老,似了也要学习	Live to learn, learn to live; even when it seems done, keep learning.	活到老学到老,死了也要学习	Live to learn, learn to live; even after death, one must continue to learn.	live and learn — keep studying even when you're dead
B-HOM-116	HOM	76.34	79.63	3.29	50.54	64.29	13.75	0	0	0	太好辣，是拐杖星人，我们没救了	Too good, I'm a walking stick person, we're doomed	太好啦，是拐杖星人，我们没救了	Great, we're all walking stick people, we're doomed.	oh great, it's the crutch alien, we're doomed
B-HOM-117	HOM	75.49	72.49	-3.00	74.51	71.96	-2.55	0	0	0	老八胃大，无需多盐	Old Eight has a big stomach, so no need for extra salt	老八胃大，无需多言	Old Eight has a big stomach, no need to say more.	Laoba has a big stomach — no more words needed
B-HOM-118	HOM	96.37	99.93	3.56	56.01	85.56	29.54	0	0	0	雾草这幕太美了	This scene is too beautiful	卧槽这幕太美了	Oh my god, this scene is so beautiful!	holy crap this scene is gorgeous
B-HOM-119	NEO	93.61	100.00	6.39	60.01	85.67	25.66	0	100	100	欧内该，我什么都愿意做	I'd do anything for you	拜托了，我什么都愿意做	Please, I'm willing to do anything.	please, I'll do anything
B-HOM-120	HOM	98.49	88.45	-10.04	68.12	43.28	-24.85	100	100	0	果然混元是个妹纸	Indeed, Hunyuan is a girl	果然混元是个妹子	Indeed, Hunei is a girl.	so Hunyuan really is a girl after all
B-HOM-121	HOM	45.52	85.15	39.63	60.00	68.45	8.45	0	0	0	年轻人不讲武德！耗子尾汁	Young people don't follow the code of conduct! Here's the juice at the end of the rat's tail.	年轻人不讲武德！好自为之	Young people don't have a sense of morality! Take care.	young people have no martial virtue! you'd better behave yourselves
B-HOM-122	HOM	74.30	80.52	6.22	54.59	67.70	13.11	0	0	0	官方踏马自黑，这下别人黑不了了	The official self-mockery, now no one can mock them anymore	官方他妈自黑，这下别人黑不了了	The officials are self-mocking, so now no one else can mock them.	the officials are freaking roasting themselves, now nobody else can roast them
B-HOM-123	HOM	94.25	97.95	3.70	63.94	77.83	13.89	100	0	-100	这俩老男人的沙雕人生	This pair of old men's ridiculous lives	这俩老男人的傻屌人生	The stupid lives of these two old men	the goofball life of these two old guys
B-HOM-124	HOM	87.42	96.39	8.97	70.11	82.51	12.39	100	100	0	被天使蚊过的嗓子	A voice that has been kissed by an angel mosquito	被天使吻过的嗓子	A voice kissed by an angel	a voice kissed by an angel
B-HOM-125	HOM	93.83	98.65	4.82	62.30	80.52	18.23	100	100	0	上一个视频就是不讲内个	The previous video was not about that stuff	上一个视频就是不讲那个	The previous video didn't talk about that.	the last video just wouldn't talk about that
B-HOM-127	HOM	96.57	93.94	-2.63	72.15	61.29	-10.87	0	100	100	可以四了这游戏	It's time to end this game	可以死了这游戏	You can die in this game.	this game can just die already
B-HOM-128	HOM	92.60	82.97	-9.63	58.73	74.75	16.02	100	100	0	全体欣赏阴乐	All appreciate the music	全体欣赏音乐	Appreciate the music as a whole.	everyone, enjoy the music
B-HOM-129	HOM	43.54	35.59	-7.95	26.10	45.50	19.40	0	0	0	锁呐区甲亢哥	Lock and load, bro	唢呐区甲亢哥	Soprano saxophone area hyperthyroidism brother	suona-section Speed
B-HOM-130	HOM	89.09	98.67	9.58	73.44	83.97	10.53	0	0	0	哎你怎么似了	Oh, how come you look like that?	哎你怎么死了	Oh, how did you die?	hey, how come you died
B-HOM-131	HOM	84.37	96.48	12.11	60.90	72.99	12.09	0	100	100	密码的，很久没笑得这么无语了	The password, I haven't laughed like that in a long time.	妈的，很久没笑得这么无语了	Damn, I haven't laughed like that in a long time.	damn, it's been ages since I laughed this speechlessly
B-PYA-088	PYA	92.59	93.89	1.30	76.66	79.18	2.52	0	0	0	不是，我TM哪来的教材，你在逗我呢	Not really, how could I possibly have the textbook, are you kidding me?	不是，我他妈哪来的教材，你在逗我呢	No, I don't have any textbooks, you're kidding me.	wait, where the hell would I get a textbook, are you kidding me
B-PYA-089	PYA	97.00	97.99	0.99	80.26	83.19	2.93	0	0	0	md，这军方也这么乱，难怪市民们这么乐观，哈哈	md, the military is also this chaotic, so it's no wonder the citizens are so optimistic, haha	妈的，这军方也这么乱，难怪市民们这么乐观，哈哈	Oh my god, the military is just as chaotic too. That's why the citizens are so optimistic. Haha.	damn, even the military is this chaotic, no wonder the citizens are so optimistic, haha
B-PYA-090	PYA	91.67	92.24	0.57	76.11	76.70	0.59	0	0	0	wc我想要高斯裤子的链接，真的好帅	I want the link for the Gaussian pants, they are really cool	卧槽我想要高斯裤子的链接，真的好帅	Oh my god, I want the link for the Gaussian pants, they're really cool.	whoa I want the link to Gauss's pants, they look so cool
B-PYA-091	PYA	92.55	92.58	0.03	64.89	77.51	12.62	0	0	0	WC，这都能被发现啊	WC, how could this even be discovered?	卧槽，这都能被发现啊	Oh my, that could even be discovered!	whoa, even this got noticed
B-PYA-092	PYA	99.79	99.88	0.09	78.97	84.93	5.96	0	0	0	woc太萌了	Wow, that's so cute	卧槽太萌了	Oh my, that's so cute!	omg so cute
B-PYA-093	PYA	77.92	86.68	8.76	61.80	78.09	16.29	0	100	100	dbq小啵有点像触电了	dbq little啵 seems to be shocked	对不起小啵有点像触电了	Sorry, Xiao Bo, it's a bit like getting an electric shock.	sorry but Xiaobo kind of looks electrocuted
B-PYA-094	PYA	89.30	96.90	7.59	80.13	83.40	3.27	0	0	0	无线能源是基于无线水的原理吗？(bushi)	Is wireless energy based on the principle of wireless water? (bushi)	无线能源是基于无线水的原理吗？(不是)	Is wireless energy based on the principle of wireless water? (No)	is wireless energy based on the principle of wireless water? (jk)
B-PYA-095	PYA	92.80	92.83	0.03	80.13	73.11	-7.01	0	0	0	光明，赐予我力量（bushi）	Light, grant me strength (bushi)	光明，赐予我力量（不是）	Light, grant me strength (not)	light, grant me power (jk)
B-PYA-096	PYA	98.79	99.80	1.00	80.18	80.88	0.71	100	0	-100	这么说我才发现字幕不是视频自带的hhhh	So I just realized the subtitles aren't part of the video hahaha	这么说我才发现字幕不是视频自带的哈哈哈哈	So I just realized the subtitles aren't part of the video itself, haha!	now that you mention it, I just realized the subtitles aren't part of the video hahaha
B-PYA-097	PYA	89.55	90.45	0.90	74.82	78.60	3.79	0	100	100	完了疑似吉米被吓疯了hh	It seems Jimmy was scared out of his mind hh	完了疑似吉米被吓疯了哈哈	Looks like Jimmy got scared out of his mind, haha.	uh oh, Jimmy seems scared out of his mind haha
B-PYA-098	PYA	91.55	93.06	1.52	80.18	79.09	-1.09	0	100	100	看清楚材质吧，pdd很多都是聚酯纤维，你问客服没几个敢说是纯棉的	Look carefully at the material, as PDD items are often polyester, and few customer service representatives dare to admit they are 100% cotton.	看清楚材质吧，拼多多很多都是聚酯纤维，你问客服没几个敢说是纯棉的	Look at the material carefully; many on Pinduoduo are polyester, and few customer service representatives dare to say they are 100% cotton.	check the fabric carefully — a lot of stuff on Pinduoduo is polyester, and few customer-service reps dare claim it's pure cotton
B-PYA-099	PYA	59.06	73.36	14.30	63.94	68.42	4.48	0	0	0	27W收藏4W点赞服了不提醒还不知道........	27W collected 4W likes, I'm impressed but not reminded, still didn't know...	27万收藏4万点赞服了不提醒还不知道........	270,000 favorites, 40,000 likes, amazing, no notification, didn't even know...	270k saves and 40k likes, unbelievable — I wouldn't even have known without the reminder……
B-PYA-100	PYA	91.73	95.44	3.71	55.84	80.06	24.22	0	0	0	20w收藏3w点赞	200,000 likes and 30,000 favorites	20万收藏3万点赞	200,000 favorites, 30,000 likes	200k saves, 30k likes
B-PYA-101	PYA	86.03	83.34	-2.69	78.68	75.80	-2.88	0	0	0	啊？60w围攻45w的城，对方还以骑兵为主？？！	Ah? 60,000 attacked a city defended by 45,000, and the defenders mainly used cavalry?!!	啊？60万围攻45万的城，对方还以骑兵为主？？！	Ah? Attacking a city with 600,000 troops against 450,000 defenders, and the enemy is mainly cavalry??!	what? 600k besieging a city of 450k, and the enemy is mostly cavalry??!
B-PYA-102	PYA	68.79	74.54	5.75	54.96	63.30	8.34	100	0	-100	“义人，就是ta，欺负我。”	The righteous person, who is ta, bullies me.	“义人，就是他，欺负我。”	"""The righteous one, he, oppresses me."""	Righteous one, it was them — they bullied me.
B-PYA-103	PYA	63.35	34.75	-28.60	49.82	27.01	-22.81	0	0	0	好装好假好ex	Good acting, good pretending, good ex	好装好假好恶心	Fake it till you make it.	so pretentious, so fake, so gross
B-PYA-104	PYA	53.48	78.45	24.97	49.45	44.93	-4.53	0	100	100	死yxh滚远点	Die, you pretty girl, get far away.	死营销号滚远点	Die marketing account, go far away.	damn clickbait accounts, get lost
B-PYA-106	PYA	69.94	66.22	-3.72	71.57	74.30	2.72	0	0	0	牛啊，我怎么幻听出歌词了(bushi)	Wow, how did I hear the lyrics in my head (bushi)	牛啊，我怎么幻听出歌词了(不是)	Oh, cow, how did I hear the lyrics in my head? (Not really)	impressive — why am I hallucinating lyrics out of this (jk)
B-PYA-107	PYA	71.59	94.54	22.95	57.01	74.51	17.50	0	0	0	心灵感应原版就是致敬火花hhh	Mind reading original is paying tribute to Spark hhh	心灵感应原版就是致敬火花哈哈哈	The original version of telepathy is a tribute to Spark, haha!	the original Telepathy really is a homage to Spark hahaha
B-PYA-108	PYA	87.36	85.28	-2.08	65.35	60.33	-5.02	0	0	0	woc瞬间高清修补版	Wow, instant high-definition repair version	卧槽瞬间高清修补版	Wow, instant high-definition repair version	whoa, instantly the HD restored version
B-NEO-096	NEO	88.21	86.29	-1.92	81.82	81.65	-0.17	100	0	-100	泪目，我一直不知道自己想做什么，感觉选择的大都错了，已经索性不想选择了...糟糕啊...	I'm tearing up, I've never known what I want to do, feel like all my choices were wrong, and now I just don't care anymore... terrible.	眼泛泪光，我一直不知道自己想做什么，感觉选择的大都错了，已经索性不想选择了...糟糕啊...	My eyes are glistening with tears; I've never known what I want to do, feeling that most of my choices were wrong, and now I've given up on choosing altogether... Oh no...	tearing up — I've never known what I want to do, feels like most of my choices were wrong, and now I've simply stopped choosing… this is bad…
B-NEO-097	NEO	80.72	83.37	2.64	73.25	82.29	9.04	0	0	0	10后，上一次看是三年前了，但是也泪目了	The 10th generation, I last saw it three years ago, but I also got teary-eyed.	10后，上一次看是三年前了，但是也落泪了	Ten years later, the last time I saw it was three years ago, but I also cried.	born after 2010 — last watched this three years ago, but it still made me tear up
B-NEO-098	NEO	87.18	83.88	-3.30	74.85	77.00	2.15	0	0	0	虽然整个乐队前期像拼好队一样，但是结局随着独角兽的回归写的还是不错的	Although the band seemed to be put together like a team in the early stages, the ending, which was written with the return of the unicorn, was still quite good.	虽然整个乐队前期像拼凑起来的队伍一样，但是结局随着独角兽的回归写的还是不错的	Although the band seemed like a haphazard group in the early stages, the ending, with the return of the unicorn, was still well-written.	even though the band felt like a thrown-together group-buy squad early on, the ending with the unicorn's return was written pretty well
B-NEO-099	NEO	87.25	76.55	-10.70	75.49	76.03	0.55	0	0	0	“苏新皓你好的太突出”这句话的含金量还在上升	"The value of this statement ""Su Xin Hao, you are too outstanding"" is still increasing"	“苏新皓你好的太突出”这句话的价值还在提升	"The value of the sentence ""Su Xin Hao, your good performance is too outstanding"" is still increasing."	"the line ""Su Xinhao, your hello is too striking"" keeps proving truer and truer"
B-NEO-100	NEO	80.01	92.34	12.32	74.42	73.00	-1.42	0	0	0	扎格列斯之手的含金量还在上升！	The gold content of Zagales' hand is still rising!	扎格列斯之手的价值还在提升！	The value of Zagreus's hand is still rising!	the Hand of Zagreus keeps proving its worth!
B-NEO-101	NEO	56.70	71.57	14.87	60.21	71.12	10.91	0	0	0	红温了，把打野怪爆的装备给炸了，你好歹拿一些吧	The red temperature has risen, blast the equipment you looted from the jungle monsters, and at least take some of it.	气急了，把打野怪爆的装备给炸了，你好歹拿一些吧	You're so angry that you blew up the equipment you looted from the jungle monsters; at least take some of it.	he's fuming — blew up the gear dropped from jungle monsters, at least take some of it, man
B-NEO-102	NEO	77.43	80.99	3.56	67.90	73.78	5.88	0	0	0	反派看到了硬控他的回忆……	The villain saw the memory of hard controlling him...	反派看到了完全控制住他的回忆……	The villain saw his memories completely controlled...	the villain saw the memories that completely transfixed him……
B-NEO-103	NEO	91.18	86.46	-4.73	71.04	68.92	-2.12	100	0	-100	我还以为是9.9元拼好饭呢	I thought it was a 9.9 yuan group meal deal	我还以为是9.9元拼单买的饭呢	I thought I bought the meal by group buying for 9.9 yuan.	I thought it was a 9.9-yuan group-buy meal deal
B-NEO-104	NEO	78.44	36.12	-42.33	64.14	51.17	-12.97	100	0	-100	向佐药水哥梦幻联动！	Xiang Zuo and the water brother have a dreamy collaboration!	向佐药水哥跨界合作！	Collaborate with the herbal medicine water guy across industries!	Xiang Zuo and Yaoshui-ge, a dream crossover!
B-NEO-105	NEO	72.53	72.34	-0.20	48.32	41.41	-6.91	0	0	0	电子榨菜配跳跳糖	Electronic staple food pairs with popping candy	下饭视频配跳跳糖	Video to eat with popcorn and candy corn	comfort-viewing video paired with popping candy
B-NEO-106	NEO	95.63	98.06	2.42	69.88	83.81	13.92	0	0	0	这声音绝绝子	This voice is amazing	这声音好极了	This sound is great!	this voice is simply divine
B-NEO-107	NEO	71.22	86.14	14.92	63.98	71.41	7.43	0	0	0	假师傅让拜，真师傅反而不让拜，难绷了	It's hard to hold on when a fake master allows worship but a real master forbids it.	假师傅让拜，真师傅反而不让拜，让人无语了	Fake masters let you worship them, but real masters don't allow worship, which is really frustrating.	the fake master lets you bow to him, but the real master won't — I can't even
B-NEO-108	NEO	93.61	99.22	5.62	68.60	82.22	13.62	0	0	0	一想到一睁眼就有倒计时就难绷	The thought of waking up to a countdown makes it hard to stay composed.	一想到一睁眼就有倒计时就受不了	The thought of waking up to a countdown is unbearable.	the thought of waking up to a countdown every day just breaks me
B-MIX-092	MIX	92.79	88.38	-4.41	77.71	63.98	-13.73	100	100	0	完全不给队友上buff的机会	Completely not giving teammates a chance to apply buffs	完全不给队友上增益的机会	No opportunity to give teammates buffs.	gives teammates zero chance to apply buffs
B-MIX-093	MIX	66.32	49.65	-16.67	49.31	40.65	-8.66	100	100	0	不会侵蚀后全是boss吧	Won't it all be boss after erosion?	不会侵蚀后全是头目吧	Won't it all end up being bosses eventually?	don't tell me everything after the corruption is a boss
B-MIX-094	MIX	96.92	91.80	-5.13	75.61	66.31	-9.30	100	0	-100	顾客：心平气和.jpg	Customer: Calm and composed.jpg	顾客：心平气和的表情包	Customer: Calm and composed emoticon	customer: calm-and-composed.jpg
B-MIX-095	MIX	96.42	96.11	-0.32	80.01	78.83	-1.18	100	100	0	海皇cpu高速运转中……	The sea emperor's CPU is running at high speed...	海皇大脑高速运转中……	The Sea King's brain is working at high speed...	the Sea Emperor's CPU is running at full speed……
B-MIX-096	MIX	88.09	70.67	-17.42	64.13	63.57	-0.56	100	100	0	可以无限卡bug，站起来再躺下去，站起来再躺下去。	You can keep exploiting the bug, stand up and lie down again, stand up and lie down again.	可以无限卡漏洞，站起来再躺下去，站起来再躺下去。	Can exploit the infinite loop bug, stand up and lie down again, stand up and lie down again.	you can exploit the bug endlessly — stand up, lie back down, stand up, lie back down.
B-MIX-097	MIX	54.03	59.94	5.91	45.64	60.01	14.36	0	0	0	在扳机的视频里刷什么悠真真的很ky好吧	What's the point of scrolling through the trigger video, being so slow and really ky, okay?	在扳机的视频里刷什么悠真真的很不会看气氛好吧	What's going on in the trigger video? She really doesn't know how to read the atmosphere, does she?	spamming Harumasa comments on a Trigger video is honestly so tone-deaf, okay
B-MIX-098	MIX	72.33	85.47	13.14	52.93	76.60	23.66	0	0	0	别什么过场都搞qte，破坏连贯	Don't go through the motions of everything just to show off, disrupting the flow	别什么过场都搞快速反应事件，破坏连贯	Don't turn everything into a quick reaction incident, disrupting the continuity.	stop putting QTEs in every cutscene, it ruins the flow
B-MIX-099	MIX	78.57	86.51	7.94	54.53	58.23	3.71	100	0	-100	不是哥们，怎么pv就删了。	Not a bro, why did you delete it just because of pv?	不是哥们，怎么宣传片就删了。	Not bro, why did they cut the promotional video?	wait bro, why did the PV get deleted.
B-MIX-100	MIX	91.79	96.39	4.60	80.27	77.93	-2.34	100	100	0	要是做出这样的mod，那就有意思了	If you make such a mod, it would be interesting.	要是做出这样的模组，那就有意思了	That would be interesting if you made such a mod.	if someone made a mod like this, that would be fun
B-MIX-101	MIX	97.18	89.27	-7.91	77.08	76.27	-0.81	100	0	-100	omg！这是谁家的小孩这么有出息啊啊啊啊啊	Oh my god! Who is this kid who has achieved so much?	我的天！这是谁家的小孩这么有出息啊啊啊啊啊	My goodness! Whose child is so accomplished! Ah ah ah ah ah!	omg! whose kid is this, so talented ahhhh
B-MIX-102	MIX	96.37	94.92	-1.46	72.96	74.97	2.00	100	100	0	很多老外不知道田一鸣叫什么，就叫他super idol	Many foreigners don't know what Tian Yiming is called, so they call him super idol	很多老外不知道田一鸣叫什么，就叫他超级偶像	Many foreigners don't know what Tian Yiming is called, so they just call him Super Idol.	many foreigners don't know Tian Yiming's name, so they just call him super idol
B-MIX-103	MIX	92.52	78.15	-14.37	68.25	75.97	7.72	100	0	-100	知名up主老番茄视频内容不慎跌回五年前的水平	A well-known content creator's video content accidentally regressed to its level from five years ago	知名视频作者老番茄视频内容不慎跌回五年前的水平	Well-known video creator Laotomato's video content accidentally regressed to the level of five years ago.	famous uploader LaoFanQie's video content has accidentally slipped back to its level five years ago
B-MIX-104	MIX	97.83	93.71	-4.12	80.08	61.16	-18.92	100	100	0	我打个csgo心跳都能160	My heart rate can reach 160 just from playing csgo	我打个反恐精英心跳都能160	My heart rate can reach 160 just from playing Counter-Strike.	my heart rate hits 160 just playing CS:GO
B-MIX-105	MIX	99.66	99.68	0.02	56.00	88.20	32.19	100	0	-100	回答我，鸟为什么会飞？ Look at my eye, tell me why!	Answer me, why do birds fly? Look at my eye, tell me why!	回答我，鸟为什么会飞？ 看着我的眼睛，告诉我为什么！	Answer me, why do birds fly? Look into my eyes and tell me why!	answer me, why can birds fly? Look at my eye, tell me why!
B-MIX-106	MIX	90.90	86.23	-4.67	82.54	69.91	-12.63	100	0	-100	这里应该说的是welcome to shaolin 吧	This is probably referring to welcome to shaolin	这里应该说的是欢迎来到少林 吧	This should be welcoming you to Shaolin.	what he should have said here is welcome to Shaolin, right
B-MIX-107	MIX	87.16	85.29	-1.87	61.99	64.63	2.64	100	100	0	这BGM给我干天津去了	This BGM is taking me to Tianjin	这背景音乐给我干天津去了	This background music takes me to Tianjin.	this BGM just teleported me straight to Tianjin
B-MIX-108	MIX	58.14	70.76	12.62	68.52	71.21	2.70	100	100	0	小八和啵哝就像是妈妈带了个teenager出来我服了。	Little Eight and Bo Nong are like Mom bringing out a teenager; I'm really impressed.	小八和啵哝就像是妈妈带了个青少年出来我服了。	Xiaoba and Bonong are like Mom bringing out a teenager; I'm really impressed.	Xiaoba and Bonong are just like a mom taking a teenager out, I can't with them.
B-MIX-109	MIX	89.93	90.89	0.96	82.46	80.91	-1.55	100	100	0	其实我不仅是rapper，我还是DJ，香蜜湖你听见了吗	I am not just a rapper, I am also a DJ, have you heard of Xiangmi Lake?	其实我不仅是说唱歌手，我还是打碟师，香蜜湖你听见了吗	In fact, I'm not just a rapper; I'm also a DJ. Have you heard of Xiangmi Lake?	actually I'm not just a rapper, I'm also a DJ — Xiangmi Lake, can you hear me
B-MIX-110	MIX	64.93	70.00	5.07	65.83	58.75	-7.08	100	0	-100	我家小逻怎么成敌方boss单位了？还有精英干员长颈鹿	My little Luo has become an enemy boss unit? There's also the elite operator, the giraffe.	我家小逻怎么成敌方头目单位了？还有精英干员长颈鹿	How did my little Log become an enemy leader unit? There's also the elite operator, the giraffe.	how did my Xiaoluo become an enemy boss unit? and there's an elite operator giraffe too
B-MIX-111	MIX	89.65	65.46	-24.19	71.79	55.94	-15.84	100	0	-100	看得ptsd犯了	Looked at it and got PTSD	看得创伤后应激障碍犯了	The person with post-traumatic stress disorder has a breakdown.	watching this triggered my PTSD
B-MIX-112	MIX	95.45	93.93	-1.51	72.70	60.03	-12.67	100	0	-100	我独自拯救一切Pro max	I alone save everything Pro max	我独自拯救一切加强版	I alone save everything in the enhanced version	I Alone Save Everything, Pro Max edition
B-MIX-113	MIX	93.62	93.52	-0.10	63.03	72.43	9.39	100	100	0	那是债主催债了bro	That's the debt collector trying to collect the debt, bro	那是债主催债了兄弟	That's the creditor demanding payment, brother.	that's the creditor coming to collect, bro
B-MIX-114	MIX	65.84	83.77	17.93	71.41	76.90	5.49	0	0	0	姐！邀请宋雨琦上节目！E人很适合！章昊也是！	Sis! Invite Song Yuxi to the show! E-person is very suitable! Zhang Hao is also!	姐！邀请宋雨琦上节目！外向的人很适合！章昊也是！	Hey! Invite Song Yiqi to the show! She's very outgoing and would be a great fit! Zhang Hao as well!	sis! invite Song Yuqi onto the show! extroverts are perfect for it! Zhang Hao too!
B-MIX-115	MIX	75.29	82.52	7.23	74.22	75.72	1.51	0	100	100	好阳光啊，这一定是相互救赎的少女乐队故事吧www	What a nice day, this must be the story of a girl band that saves each other www	好阳光啊，这一定是相互救赎的少女乐队故事吧哈哈哈	What great sunlight! This must be the story of a girl band that saves each other. Hahaha!	so wholesome — this must be a girls-band story of mutual redemption lol
B-MIX-116	MIX	83.06	84.25	1.19	78.15	82.84	4.69	0	0	0	小时候我没有cp这个概念，一直认为这俩只是朋友	"When I was young, I didn't have the concept of a ""cp,"" always thinking they were just friends"	小时候我没有情侣配对这个概念，一直认为这俩只是朋友	I didn't have the concept of couple matching when I was a child; I always thought they were just friends.	as a kid I had no concept of shipping — I always thought these two were just friends
B-MIX-117	MIX	88.13	94.53	6.40	73.00	80.88	7.87	100	0	-100	妹妹在cos商鞅吗	The sister is cosplaying as Shang Yang.	妹妹在扮演商鞅吗	Is the sister playing the role of Shang Yang?	is the girl cosplaying Shang Yang
B-MIX-118	MIX	96.33	94.15	-2.18	77.99	80.04	2.05	100	100	0	哎呀，蚊子得了MVP！	Oh no, the mosquito got MVP!	哎呀，蚊子得了全场最佳！	Oh my, the mosquito got the MVP of the game!	oops, the mosquito got the MVP!
B-MIX-119	MIX	93.42	93.65	0.23	82.96	82.36	-0.61	100	100	0	这都ai配音了，字幕当然也是ai啊	This has all been AI voice acting, so the subtitles are obviously AI too.	这都人工智能配音了，字幕当然也是人工智能啊	All of this is AI voiceover, so the subtitles are obviously also AI.	the voiceover is already AI, so of course the subtitles are AI too
B-MIX-120	MIX	80.12	20.19	-59.93	81.90	38.22	-43.69	100	100	0	谁还没看我都会伤心的OK？	Who hasn't seen me will feel sad, OK?	谁还没看我都会伤心的好吗？	"Okay, let's tackle this translation. The sentence is: ""谁还没看我都会伤心的好吗？"" 

First, I need to understand the structure. The phrase starts with ""谁还没看我"" which translates to ""Who hasn't watched me"" or ""Who hasn't seen me."" Then ""都会伤心"" means ""will be sad"" or ""will feel heartbroken."" The last part is ""好吗？"" which is a polite way to ask ""okay?"" or ""is that right?""

Putting it together, the sentence is a bit of a rhetorical question, expressing that if someone hasn't watched the speaker, they'll be sad. The tone seems a bit dramatic or emotional. 

Now, translating it into English. The direct translation might be ""Who hasn't watched me will be sad, okay?"" But that feels a bit awkward. Maybe rephrasing for naturalness. 

""Who hasn't watched me will be sad, right?"" or ""If you haven't watched me, you'll be sad, okay?"" 

But the original uses ""谁还没看我"" which is more like ""Who hasn't watched me,"" so maybe ""Who hasn't watched me will be sad, okay?"" 

Alternatively, considering the context, maybe the speaker is referring to a video or content they posted, and they're saying that if someone hasn't watched it, they'll feel sad. So perhaps ""If you haven't watched me, you'll be sad, okay?"" 

But the original uses ""谁"" (who) which is more general. So maybe ""Who hasn't watched me will be sad, okay?"" 

Wait, the structure is a bit different. The original is a bit of a command or a statement. Maybe ""Please, whoever hasn't watched me will be sad."" 

But the ""好吗？"" at the end is a bit like ""is that okay?"" or ""right?"" So maybe ""Who hasn't watched me will be sad, okay?"" 

Alternatively, ""If you haven't watched me, you'll be sad, okay?"" 

Hmm. The key is to capture the emotional tone. The speaker is expressing that not watching them will cause sadness. So maybe ""If you haven't watched me, you'll be sad, okay?"" 

But the original uses ""谁"" which is more like ""whoever,"" so ""Whoever hasn't watched me will be sad, okay?"" 

But in English, ""Whoever hasn't watched me will be sad, okay?"" sounds a bit"	if anyone hasn't watched this yet I'll be sad, OK?
B-MIX-121	MIX	79.30	90.82	11.53	50.08	50.30	0.22	100	100	0	少看一天b站都剪不出来	Watch less than a day on Bilibili and it can't be edited out	少看一天哔哩哔哩都剪不出来	You can't edit a day's worth of Bilibili content in one day.	skip even one day of Bilibili and you couldn't edit this
B-MIX-122	MIX	97.68	99.04	1.36	83.61	84.12	0.51	100	100	0	只是一个道歉，but这个道歉的代价实在太高	It was just an apology, but the cost of this apology was too high	只是一个道歉，但是这个道歉的代价实在太高	Just an apology, but the cost of this apology is too high.	it's just an apology, but the price of this apology is way too high
B-MIX-123	MIX	93.60	90.27	-3.33	68.21	81.49	13.28	100	0	-100	记者会？不，个人show time	Journalist meeting? No, personal show time	记者会？不，个人表演时间	Press conference? No, personal performance time.	a press conference? no, it's personal show time
B-MIX-124	MIX	93.18	82.11	-11.07	72.10	72.00	-0.10	100	0	-100	这一场演得不好，应该喊cut重来	This performance was bad, and they should have called cut and started over	这一场演得不好，应该喊停重来	This performance was bad, and they should stop and restart.	this scene was badly acted, someone should call cut and redo it
B-MIX-125	MIX	96.26	96.90	0.64	79.18	84.35	5.17	100	100	0	喝水这part我真的笑了	I really laughed at this part of drinking water	喝水这部分我真的笑了	I really laughed at the part about drinking water.	the water-drinking part genuinely made me laugh
B-MIX-126	MIX	95.74	95.56	-0.18	76.85	75.00	-1.85	100	100	0	中式恐怖，真的next level	Chinese horror, really next level	中式恐怖，真的更上一层楼	Chinese horror, really takes it to the next level.	Chinese-style horror, truly next level
B-MIX-127	MIX	95.21	95.73	0.52	78.20	83.12	4.92	100	0	-100	他们都在好奇那个npc是谁扮的	They are all curious who is playing the NPC	他们都在好奇那个非玩家角色是谁扮的	They are all curious about who is playing that non-player character.	they're all wondering who played that NPC
B-MIX-128	MIX	93.30	94.43	1.13	81.07	67.48	-13.59	0	0	0	os好想看张桂源也来一期	I really want to see Zhang Guiyuan come on an episode too.	内心独白好想看张桂源也来一期	I really want to see Zhang Guiyuan in an episode too.	inner monologue: I really want to see Zhang Guiyuan do an episode too
B-MIX-129	MIX	96.65	89.77	-6.89	73.27	69.74	-3.52	100	0	-100	我已经走在了country road 上了	I have already walked on the country road	我已经走在了乡间小路 上了	I have already been walking on the country path.	I'm already walking on the country road
B-MIX-130	MIX	85.25	93.89	8.64	56.08	77.06	20.98	0	0	0	从来没有get到他颜值	Never got his looks	从来没有领略到他颜值	Never appreciated his looks.	I've never gotten the appeal of his looks
B-MIX-131	MIX	89.01	87.50	-1.51	51.28	65.39	14.11	100	100	0	看哪一只eye啊sir	Look at which one, eye, sir	看哪一只眼啊长官	Look at which eye, officer.	looking at which eye, sir
B-MIX-132	MIX	98.09	97.59	-0.50	30.42	82.71	52.29	100	100	0	天磊：what can I say	What can I say	天磊：我能说什么	Tian Lei: What can I say?	Tianlei: what can I say
B-MIX-133	MIX	65.24	76.21	10.97	62.15	75.92	13.77	100	100	0	唉，我去，真的有比利诶。该不会是暗示sp比利吧	Ah, I went, really there is Billy. Could it be implying sp Billy?	唉，我去，真的有比利诶。该不会是暗示特殊版比利吧	Ah, I went, there's really a Billy. Could it be implying a special edition Billy?	whoa, there really is a Billy — could this be hinting at an SP Billy
B-MIX-134	MIX	83.49	87.64	4.15	62.66	74.56	11.90	100	100	0	摊主，我也是你们play中的一环吗	The vendor, am I also part of your play?	摊主，我也是你们角色扮演中的一环吗	Vendor, am I also part of your role-playing?	stall owner, am I also part of your roleplay
B-MIX-135	MIX	93.78	83.56	-10.22	60.29	77.77	17.48	100	100	0	抽me,please抽me	Draw me, please draw me	抽我,请抽我	Pick me, please pick me	draw me, please draw me
B-MIX-136	MIX	97.82	95.65	-2.17	75.38	81.65	6.27	100	0	-100	boss已进入二阶段	The boss has entered the second stage	头目已进入二阶段	The leader has entered the second stage.	the boss has entered phase two
B-MIX-137	MIX	76.60	75.92	-0.68	61.24	73.15	11.91	100	0	-100	这里是以为他要长期练，mcn没沟通好	Here is thinking he needs to practice long-term, mcn didn't communicate well	这里是以为他要长期练，传媒公司没沟通好	Here is because he was thought to be training long-term, and the media company didn't communicate well.	here they thought he'd be training long-term — the MCN agency didn't communicate properly
B-MIX-138	MIX	64.76	61.70	-3.06	71.40	80.68	9.28	0	0	0	加拉赫上线一年了还在c	Galahad has been online for a year and is still in c	加拉赫上线一年了还在当主力	Galahad has been on the team for a year and is still a key player.	Gallagher has been out for a year and is still carrying
B-MIX-139	MIX	86.90	78.91	-7.99	67.46	75.71	8.26	100	0	-100	直伤+超击破+dot伤害	Direct damage plus critical hit plus dot damage	直伤+超击破+持续伤害	Straight Damage + Critical Break + Continuous Damage	direct damage + super break + DoT damage
B-HOM-133	PYA	69.71	93.02	23.31	52.61	67.28	14.67	100	100	0	兄dei  成佛吧   修仙太难了	Brother, attain enlightenment, it's too hard to become a cultivator	兄弟  成佛吧   修仙太难了	Brother, attain Buddhahood! Cultivating immortality is too difficult.	bro, just become a buddha — cultivating immortality is too hard
B-HOM-134	HOM	63.85	82.33	18.48	61.86	77.36	15.50	0	100	100	我真怕药水一拳给向左打晕过去	I'm really afraid that the potion punch would knock me out by knocking me to the left	我真怕药水一拳给向佐打晕过去	I'm really scared that the potion will knock Xiang Zuo out with one punch.	I'm really afraid Yaoshui will knock Xiang Zuo out with one punch
B-HOM-135	HOM	73.81	78.61	4.81	74.80	72.41	-2.39	0	100	100	甲亢哥：我还能再看亿遍	Brother with hyperthyroidism: I can still watch it a billion more times	甲亢哥：我还能再看一亿遍	Hyperthyroidism Brother: I can watch this one billion more times.	Jiakang Bro: I could watch this a hundred million more times
B-NEO-109	NEO	90.12	88.73	-1.39	67.73	68.14	0.40	0	0	0	逆天，吴国给日本朝贡都来了	Unbelievable, Wu State even sent tribute to Japan	离谱，吴国给日本朝贡都来了	Absurd, the Wu state even sent tribute to Japan.	outrageous — now we've even got the Wu kingdom paying tribute to Japan
B-NEO-110	NEO	91.05	83.08	-7.97	73.93	68.24	-5.69	0	100	100	泪目了，米哈游你坏事做尽	I'm tearing up, MiHoYo, you've done terrible things	感动落泪了，米哈游你坏事做尽	Moved to tears, MiHoYo, you've done all sorts of bad things.	I teared up — miHoYo, you've done every evil deed there is
B-NEO-111	NEO	76.00	86.86	10.85	65.25	82.29	17.05	0	0	0	双非大学生，还没进厂。光看这个社会环境已经感觉自己燃尽了	A non-985/211 university student who hasn't even started working yet. Just looking at this social environment already makes me feel drained.	非重点大学的大学生，还没进厂。光看这个社会环境已经感觉自己精疲力竭了	Students from non-key universities haven't even entered the factory yet. Just looking at this social environment already makes me feel exhausted.	a non-elite-university student who hasn't even started working yet — just looking at this social environment I already feel burned out
B-NEO-112	NEO	79.64	79.12	-0.51	75.78	74.39	-1.39	0	0	0	看勇哥直播，各种神人	Watch Yongge's live stream, there are all kinds of amazing people	看勇哥直播，各种行为离谱的人	Watching Yongge's live stream, there are all kinds of people with bizarre behavior.	watching Brother Yong's streams, you see all kinds of absolute characters
B-NEO-113	NEO	60.81	45.75	-15.07	70.84	77.78	6.94	100	0	-100	太真实了，想到的那句话发现他可能听不懂于是在后面加点补丁	Too real, the phrase that came to mind realized he might not understand, so added some patches at the end	太真实了，想到的那句话发现他可能听不懂于是在后面加点补充说明	It was too realistic; the phrase that came to mind realized he might not understand, so I added some supplementary explanations afterwards.	so true — you think of a comeback, realize he might not get it, and then tack some patches onto it
B-NEO-114	NEO	88.69	88.95	0.26	67.38	81.79	14.41	0	0	0	为什么能匹到这么多神人	Why can you match so many amazing people	为什么能匹配到这么多行为离谱的人	Why can so many people with bizarre behaviors be matched?	how do I keep getting matched with so many absolute characters
B-NEO-115	NEO	74.29	90.97	16.68	52.96	81.08	28.13	0	0	0	所以男主在嘎掉的威胁下领悟了？	"So the male lead realized under the threat of being ""嘎掉""?"	所以男主在死掉的威胁下领悟了？	So the male lead realized it under the threat of death?	so the male lead had his awakening under the threat of getting offed?
B-MIX-140	MIX	79.71	84.63	4.92	67.05	63.27	-3.78	100	0	-100	这个zzz不会要给他出个动画吧？	Is this zzz going to make an animated series for him?	这个绝区零不会要给他出个动画吧？	Will they make an anime for this Absolute Zero?	don't tell me ZZZ is going to make an anime for him?
B-MIX-141	MIX	94.79	96.26	1.47	54.94	80.60	25.66	0	100	100	怎么说呢 很怀疑up主的精神状态	How can I put this? I'm very suspicious of the streamer's mental state	怎么说呢 很怀疑视频作者的精神状态	I don't know how to put it, but I'm really doubtful about the mental state of the video creator.	how do I put it — I seriously question this uploader's state of mind
B-MIX-143	MIX	87.06	95.29	8.23	67.91	77.72	9.81	0	100	100	他和背后的 n pc 格格不入	He and the n pc behind him don't fit in.	他和背后的 非玩家角色 格格不入	He doesn't fit in with the non-player characters behind him.	he's completely out of place next to the NPC behind him
B-MIX-145	NEO	91.17	79.53	-11.64	53.12	73.21	20.09	100	0	-100	甲亢哥：我DNA动了	My DNA moved	甲亢哥：我本能被唤醒了	Hyperthyroidism Brother: My instincts have been awakened	Jiakang Bro: my DNA just moved
B-MIX-146	MIX	93.56	81.05	-12.50	60.13	45.62	-14.50	100	0	-100	bro以为自己在演致命ID	Bro thinks he's acting in the movie ID	这哥们以为自己在演致命ID	This guy thinks he's acting in Memento.	bro thinks he's starring in Identity
B-MIX-147	MIX	88.15	93.18	5.03	46.64	78.18	31.54	0	100	100	干嘛突然cos班主任	Why suddenly cos the homeroom teacher	干嘛突然扮演班主任	Why suddenly act like the head teacher?	why are you suddenly cosplaying as the homeroom teacher
B-MIX-148	MIX	93.30	67.08	-26.22	62.37	60.70	-1.68	100	0	-100	神作，没见过的mad种类呢	A masterwork, I've never seen this type of mad before	神作，没见过的混剪视频种类呢	A type of mixed video that hasn't been seen before, created by God.	a masterpiece — a kind of MAD I've never seen before
B-PYA-109	PYA	89.74	84.65	-5.09	54.40	61.96	7.56	100	0	-100	拍了拍博士的石棺盖子hhhhh	Patted the doctor's stone coffin lid hahaha	拍了拍博士的石棺盖子哈哈哈哈哈	Tapped the stone lid of the doctor's coffin, ha ha ha ha ha	gave the Doctor's stone coffin lid a little pat hahaha
B-PYA-110	PYA	76.63	97.27	20.64	50.30	83.75	33.45	0	100	100	万恶的zi ben jia	Ten thousand evils of zi ben jia	万恶的资本家	Wicked capitalist	the evil capitalists
B-PYA-111	PYA	73.56	65.08	-8.49	63.35	66.24	2.88	0	0	0	就说问啥听不到，nnd只带了一个耳机	Just asking what's wrong, but you can't hear anything, nnd only brought one earphone	就说问啥听不到，奶奶的只带了一个耳机	It's like asking what you can't hear, Grandma only brought one earphone.	no wonder he said he couldn't hear anything — damn it, he only brought one earbud
